row_id,file_name,source_video_id,split,synthetic,text_input,true_hate_speech,prob_hate_speech,pred_hate_speech,true_discrimination,prob_discrimination,pred_discrimination,true_contextual_hate,prob_contextual_hate,pred_contextual_hate,true_threat,prob_threat,pred_threat,true_violence,prob_violence,pred_violence,true_fear,prob_fear,pred_fear,true_sexual,prob_sexual,pred_sexual,true_illegal,prob_illegal,pred_illegal,true_online_harm,prob_online_harm,pred_online_harm
0,hate_video_1.mp4,hate_video_1,val,0,"[SCENE]
Blue introductory text appears on a black screen(a long time ago in a galaxy far far away...) to establish the setting and time period of the animation

[ACTION]
10. Scene

[SUBCATEGORIES]
['Narrative exposition/Prologue']

[PARENTLABELS]
['neutral']

[ACTION_CLEAN]
scene",0,0.06467364728450775,0,0,0.06268204748630524,0,0,0.09229089319705963,0,0,0.08450479805469513,0,0,0.17176644504070282,0,0,0.11683282256126404,0,0,0.06641272455453873,0,0,0.05943575128912926,0,0,0.0614880695939064,0
1,hate_video_1.mp4,hate_video_1,val,0,"[SCENE]
black bold text with golden border appears on a black screen( BLACK LIVES MATTER) with a music from star wars series, vanishing slowly towards middle of the screen

[ACTION]
10. Scene

[SUBCATEGORIES]
['text based prologue']

[PARENTLABELS]
['neutral']

[ACTION_CLEAN]
scene",0,0.09602757543325424,0,0,0.07736022025346756,0,0,0.13565924763679504,0,0,0.0703963190317154,0,0,0.10020054131746292,0,0,0.08451228588819504,0,0,0.1586976796388626,0,0,0.07428102940320969,0,0,0.061022087931632996,0
2,hate_video_1.mp4,hate_video_1,val,0,"[SCENE]
golden bold text appears on a black screen( george floyd SAY HIS NAMER...Fuck all niggers.) with a music from star wars series, and with a slant nature, vanishing slowly towards middle of the screen

[ACTION]
10. Scene

[SUBCATEGORIES]
['text based prologue']

[PARENTLABELS]
['neutral']

[ACTION_CLEAN]
scene",1,0.936440646648407,1,1,0.8067581057548523,1,1,0.88223797082901,1,0,0.13280420005321503,0,0,0.11644013226032257,0,0,0.13918189704418182,0,0,0.15348754823207855,0,0,0.10059525817632675,0,0,0.11889515817165375,0
3,hate_video_1.mp4,hate_video_1,val,0,"[SCENE]
a broken moon like unidentified object appears from the right bottom side of the screen

[ACTION]
10. Scene

[SUBCATEGORIES]
['animated unidentified object']

[PARENTLABELS]
['neutral']

[ACTION_CLEAN]
scene",0,0.09493653476238251,0,0,0.10845274478197098,0,0,0.08755119889974594,0,0,0.15129196643829346,0,0,0.1369171440601349,0,0,0.41712403297424316,0,0,0.14949268102645874,0,0,0.10213044285774231,0,0,0.07965647429227829,0
4,hate_video_2.mp4,hate_video_2,train,0,"[SCENE]
a ghost riding the horse with a wand in his hand, text written around it in red bold font(upside:THE COMPLETE, downside: JOHNNY REBEL) blue crossed shaped strip behind the front image with 4 stars at each edge of the cross, with a background music describing the posters theme

[ACTION]
10. Scene

[SUBCATEGORIES]
['Opening/Title theme']

[PARENTLABELS]
['neutral']

[ACTION_CLEAN]
scene",0,0.09749351441860199,0,0,0.10869244486093521,0,0,0.1837998330593109,0,0,0.07881016284227371,0,0,0.04811589792370796,0,0,0.1171635165810585,0,0,0.11856061220169067,0,0,0.06496927887201309,0,0,0.06671784073114395,0
5,hate_video_4.mp4,hate_video_4,train,0,"[SCENE]
a group of people outdoors on a grassy field. In the foreground, a man wearing glasses, a cap, and a beard is holding the camera for a selfie, smiling slightly. Behind him, several individuals dressed mostly in light-colored or white clothing appear to be involved in a physical altercation. One person in blue clothing is on or close to the ground while others are restraining or grappling with him. Additional people stand nearby, watching the incident. Its an open public space during daytime. clip has a background music also appears to be trolling the black peoples(niggers).

[ACTION]
1. Violence in Animation

[SUBCATEGORIES]
['Physical Fighting Scenes']

[PARENTLABELS]
['violence']

[ACTION_CLEAN]
violence in animation",0,0.09977800399065018,0,0,0.08873205631971359,0,0,0.08001155406236649,0,0,0.10456225275993347,0,1,0.937564492225647,1,0,0.10597538948059082,0,0,0.0930616483092308,0,0,0.09332086890935898,0,0,0.09249813854694366,0
6,hate_video_4.mp4,hate_video_4,train,0,"[SCENE]
The image shows a strong man standing in front of a white background. He is wearing clothes that look like an ancient Egyptian pharaoh, including a colorful headpiece, gold decorations, and arm bands. He is holding a staff and has his arms crossed. Instead of a normal face, he has a black-and-white cartoon or meme face. There is a small “Bandicam.com” text at the top of the image.

[ACTION]
9. Non-Hate

[SUBCATEGORIES]
['Artistic Expression']

[PARENTLABELS]
['neutral']

[ACTION_CLEAN]
non-hate",0,0.07960072159767151,0,0,0.07209743559360504,0,0,0.06059129536151886,0,0,0.07692717760801315,0,0,0.07550501823425293,0,0,0.08211865276098251,0,0,0.08246359974145889,0,0,0.06313437968492508,0,0,0.07051683962345123,0
7,hate_video_5.mp4,hate_video_5,train,0,"[SCENE]
a man facing the camera in what appears to be a mugshot-style photo. He is wearing an orange shirt and has a serious, neutral expression. The background is plain and dark, typical of an official or police photograph. At the bottom of the image, there is overlaid text containing a racial slur, presented as a sentence(hello nigger my old friend).

[ACTION]
3. Discrimination

[SUBCATEGORIES]
['Background/Origin Discrimination']

[PARENTLABELS]
['discrimination']

[ACTION_CLEAN]
discrimination",0,0.11839380115270615,0,1,0.9187982678413391,1,0,0.14306986331939697,0,0,0.11291267722845078,0,0,0.11859893798828125,0,0,0.13609980046749115,0,0,0.09878426790237427,0,0,0.1188492700457573,0,0,0.11527751386165619,0
8,hate_video_5.mp4,hate_video_5,train,0,"[SCENE]
looks like a room that has been disturbed or messed up. It gives the feeling that someone may have been looking for something or that the room was broken into. There is text at the bottom of the image saying that someone has come to rob the house again, which suggests anger or accusation.

[ACTION]
4. Psychological Elements

[SUBCATEGORIES]
['Fear-inducing Scenes']

[PARENTLABELS]
['fear']

[ACTION_CLEAN]
psychological elements",0,0.17391270399093628,0,0,0.18382924795150757,0,0,0.17339041829109192,0,0,0.22505320608615875,0,0,0.17198725044727325,0,1,0.9350957870483398,1,0,0.1526487171649933,0,0,0.15331365168094635,0,0,0.1784851998090744,0
9,hate_video_5.mp4,hate_video_5,train,0,"[SCENE]
The scene shows a group fight happening outdoors in a residential area. People are chasing, running, and attacking each other, creating a dangerous and tense situation. an offensive text is at the caption( cause you niggers softly cripping).

[ACTION]
1. Violence in Animation

[SUBCATEGORIES]
['Physical Fighting Scenes']

[PARENTLABELS]
['violence']

[ACTION_CLEAN]
violence in animation",0,0.10215591639280319,0,0,0.0925469845533371,0,0,0.08178046345710754,0,0,0.09903911501169205,0,1,0.9307317733764648,1,0,0.09659752249717712,0,0,0.09349343180656433,0,0,0.08962858468294144,0,0,0.08530449867248535,0
10,hate_video_5.mp4,hate_video_5,train,0,"[SCENE]
a person sleeping on his bed can be found facing towards his left side, wearing white dress , white pillow and blanket with a table lamp beside the bed with an offensive background music. caption: you rob my house while I'm sleeping

[ACTION]
4. Psychological Elements

[SUBCATEGORIES]
['Fear-inducing Scenes']

[PARENTLABELS]
['fear']

[ACTION_CLEAN]
psychological elements",0,0.16365887224674225,0,0,0.16400133073329926,0,0,0.16148576140403748,0,0,0.21033138036727905,0,0,0.14961744844913483,0,1,0.9267627596855164,1,0,0.1604262888431549,0,0,0.14767710864543915,0,0,0.17938214540481567,0
11,hate_video_5.mp4,hate_video_5,train,0,"[SCENE]
few random person, one with a cap can be seen entering the room with the intention of robbing it as the caption says: you rob my house while I'm sleeping

[ACTION]
7. Behavioral Issues

[SUBCATEGORIES]
['Aggressive Reactions']

[PARENTLABELS]
['threat']

[ACTION_CLEAN]
behavioral issues",0,0.3162749409675598,0,0,0.1295432299375534,0,0,0.16083312034606934,0,1,0.8630340099334717,0,0,0.19658048450946808,0,0,0.27421480417251587,0,0,0.20437894761562347,0,0,0.23459088802337646,0,0,0.20713438093662262,0
12,hate_video_5.mp4,hate_video_5,train,0,"[SCENE]
it looks like a normal group photo of 3 black people, the text added to it is: ""and your stinky nigger smell in my brain still remains"". The words used in the caption and the background music insult a group of people based on race, which changes the meaning of the image and makes it offensive.

[ACTION]
3. Discrimination

[SUBCATEGORIES]
['Background/Origin Discrimination']

[PARENTLABELS]
['discrimination']

[ACTION_CLEAN]
discrimination",0,0.12727877497673035,0,1,0.925053596496582,1,0,0.15902630984783173,0,0,0.11009086668491364,0,0,0.11853484064340591,0,0,0.13609302043914795,0,0,0.10258246213197708,0,0,0.11577719449996948,0,0,0.11174959689378738,0
13,hate_video_5.mp4,hate_video_5,train,0,"[SCENE]
a person sitting indoors, smiling at the camera. The person is wearing headphones, a curly wig, a sports-style shirt, and a large gold chain. Their face is painted very dark with bright red lips, making the appearance look exaggerated and unnatural. In one hand, the person is holding a fast-food bucket, and in the other hand, they are holding what looks like a gun. There is text at the bottom of the image that contains racially offensive language which says ""I is trans nigger"".

[ACTION]
10. Scene

[SUBCATEGORIES]
['Racist Imagery and Hate Speech']

[PARENTLABELS]
['hate_speech']

[ACTION_CLEAN]
scene",1,0.9178804159164429,1,1,0.9157028198242188,1,1,0.82139652967453,0,0,0.5747010111808777,0,1,0.8611533045768738,1,0,0.5885856747627258,0,0,0.22687891125679016,0,0,0.3142262101173401,0,0,0.35291627049446106,0
14,hate_video_6.mp4,hate_video_6,test,0,"[SCENE]
its a live broadcast on omegle, where the perosn with a joker face and glasses on is mocking and trolling the other perosn with a black face laying down on his bed, stating that he has not done his nigger duty today, showing him banana and mocking him on the name of monkey which makes it offensive and disrespecting content

[ACTION]
10. Scene

[SUBCATEGORIES]
['Racist Imagery and Hate Speech']

[PARENTLABELS]
['hate_speech']

[ACTION_CLEAN]
scene",1,0.9281021952629089,1,1,0.9067742228507996,1,1,0.918079674243927,1,0,0.17812137305736542,0,0,0.2470158189535141,0,0,0.19934189319610596,0,0,0.15203432738780975,0,0,0.12268844991922379,0,0,0.1590706706047058,0
15,hate_video_7.mp4,hate_video_7,train,0,"[SCENE]
image of a black haired person with a wide nose facing towards camera as if the photo was taken intentionally, with a humorous background music

[ACTION]
9. Non-Hate

[SUBCATEGORIES]
['Non-Hate']

[PARENTLABELS]
['neutral']

[ACTION_CLEAN]
non-hate",0,0.08167417347431183,0,0,0.0701914057135582,0,0,0.06022292375564575,0,0,0.0762196034193039,0,0,0.0769253745675087,0,0,0.08742555975914001,0,0,0.07306477427482605,0,0,0.0647311732172966,0,0,0.06778427958488464,0
16,hate_video_7.mp4,hate_video_7,train,0,"[SCENE]
The image contains two portraits placed side-by-side: a close-up of a human face on the left and a close-up of a gorilla’s face on the right. This visual juxtaposition is intended to draw a derogatory comparison between the two

[ACTION]
3. Discrimination

[SUBCATEGORIES]
['Background/Origin Discrimination']

[PARENTLABELS]
['discrimination']

[ACTION_CLEAN]
discrimination",0,0.0967497006058693,0,1,0.9047865271568298,1,0,0.12425687909126282,0,0,0.11309681832790375,0,0,0.1225372925400734,0,0,0.13591571152210236,0,0,0.10777079313993454,0,0,0.11616861075162888,0,0,0.11737259477376938,0
17,hate_video_8.mp4,hate_video_8,train,0,"[SCENE]
2 men dressed as same, standing side by side facing camera, 1st one holding liquor and gun, 2nd one holding chicken leg and a child support check, and they are intended to portray offensive racial stereotype with a background music trolling niggers throughout the clip

[ACTION]
3. Discrimination

[SUBCATEGORIES]
['Background/Origin Discrimination']

[PARENTLABELS]
['discrimination']

[ACTION_CLEAN]
discrimination",0,0.1292484700679779,0,1,0.9155876040458679,1,0,0.13307814300060272,0,0,0.11671116203069687,0,0,0.13941597938537598,0,0,0.13500334322452545,0,0,0.0901484414935112,0,0,0.11849777400493622,0,0,0.11105307191610336,0
18,hate_video_9.mp4,hate_video_9,train,0,"[SCENE]
Black-and-white album cover featuring a man in a check shirt and cap holding a guitar, centered on a black background with ""Johnny Rebel"" text at the top and ""The Johnny rebel collection-collection one"" at the bottom. a constant bg music is running throughout the clip targetting niggers.

[ACTION]
10. Scene

[SUBCATEGORIES]
['hate speech in audio/non-hate visuals']

[PARENTLABELS]
['hate_speech']

[ACTION_CLEAN]
scene",1,0.9491130709648132,1,1,0.8310937285423279,1,1,0.8788756728172302,1,0,0.1593792885541916,0,0,0.1405484974384308,0,0,0.17658719420433044,0,0,0.11985123157501221,0,0,0.11145955324172974,0,0,0.12735924124717712,0
19,hate_video_10.mp4,hate_video_10,train,0,"[SCENE]
a swastik on fire with a black background and offensive text written at the top: VAGINAL JESUS, at the bottom: AFFIRMATIVE APARTHIED, with an aggresive sound track in background running throughout the clip

[ACTION]
5. Inappropriate Content

[SUBCATEGORIES]
['Inappropriate Language']

[PARENTLABELS]
['neutral']

[ACTION_CLEAN]
inappropriate content",0,0.1017279401421547,0,0,0.10095679759979248,0,0,0.1185450479388237,0,0,0.11703178286552429,0,0,0.1101742833852768,0,0,0.10345219075679779,0,1,0.9418147206306458,1,0,0.10940396040678024,0,0,0.11962489783763885,0
20,hate_video_11.mp4,hate_video_11,test,0,"[SCENE]
visuals is of group of players playing among us as they are the initial lobby of the game, and a streamer is live streaming with his camera at the top right corner of the screen wearing white and black strip t-shirt, a constant racist speech can be heard from the other players in the background ans there was silence after few seconds

[ACTION]
5. Inappropriate Content

[SUBCATEGORIES]
['Inappropriate Language']

[PARENTLABELS]
['neutral']

[ACTION_CLEAN]
inappropriate content",0,0.09755953401327133,0,0,0.1035815179347992,0,0,0.11527048051357269,0,0,0.11609771847724915,0,0,0.11013432592153549,0,0,0.10112520307302475,0,1,0.9413647055625916,1,0,0.1073344275355339,0,0,0.12064051628112793,0
21,hate_video_12.mp4,hate_video_12,train,0,"[SCENE]
so many cars can be seen running down the road in night time, clip seems to be of old 90's time

[ACTION]
9. Non-Hate

[SUBCATEGORIES]
['Non-Hate']

[PARENTLABELS]
['neutral']

[ACTION_CLEAN]
non-hate",0,0.08049234002828598,0,0,0.06727661937475204,0,0,0.05768079310655594,0,0,0.07547539472579956,0,0,0.08280342072248459,0,0,0.0890110582113266,0,0,0.07420822232961655,0,0,0.06568773835897446,0,0,0.06703446805477142,0
22,hate_video_12.mp4,hate_video_12,train,0,"[SCENE]
a man with a red t-shirt shouting on a laugh show talking to a man who is towrds his top left sitting in the crowd , and an aggresive speech from him as he says ""shut up! 50 years ago we'd have you....."" as it is written at the bottom as a caption with an aggresive tone, as peoples start laughing and hooting on his jokes so he kept trolling and making jokes on the black people throughput the clip

[ACTION]
5. Inappropriate Content

[SUBCATEGORIES]
['Inappropriate Language']

[PARENTLABELS]
['neutral']

[ACTION_CLEAN]
inappropriate content",0,0.0902881994843483,0,0,0.09994878619909286,0,0,0.11021117120981216,0,0,0.11197604238986969,0,0,0.10810405015945435,0,0,0.09864967316389084,0,1,0.93645179271698,1,0,0.10457845777273178,0,0,0.11832480877637863,0
23,hate_video_12.mp4,hate_video_12,train,0,"[SCENE]
the person who was getting trolled, replied back with ""its not funny, thats why you are a reject, never had no shows, no movies"" in a very aggresive way so as to defend himself, and the caption says the same

[ACTION]
5. Inappropriate Content

[SUBCATEGORIES]
['Inappropriate Language']

[PARENTLABELS]
['neutral']

[ACTION_CLEAN]
inappropriate content",0,0.09581819921731949,0,0,0.0982317253947258,0,0,0.11014841496944427,0,0,0.11602506041526794,0,0,0.10918094962835312,0,0,0.10070102661848068,0,1,0.9380176067352295,1,0,0.10591854155063629,0,0,0.11571667343378067,0
24,hate_video_13.mp4,hate_video_13,test,0,"[SCENE]
The image is a black-and-white sketch of a man representing Jesus carrying a large cross. He is leaning forward and reaching down to pick up a small coin. The background is plain. the text around him says ""jesus saves... his pennies"" with an aggresive mocking background music

[ACTION]
8. Age-Inappropriate Themes

[SUBCATEGORIES]
['Religious Conflicts']

[PARENTLABELS]
['discrimination']

[ACTION_CLEAN]
age-inappropriate themes",0,0.10041920095682144,0,0,0.1095714196562767,0,0,0.12220651656389236,0,0,0.11707400530576706,0,0,0.10828634351491928,0,0,0.10882318019866943,0,1,0.943789005279541,1,0,0.11342986673116684,0,0,0.12490145862102509,0
25,hate_video_14.mp4,hate_video_14,train,0,"[SCENE]
The image is a black-and-white photo of four people sitting together on a couch indoors. They appear to be a music group. Each person is holding a musical instrument, such as a guitar, banjo, or washboard. They are dressed in casual or old-fashioned clothing, and some are wearing hats. All of them look relaxed and happy, as if they are posing for a photo or getting ready to play music. The room has pattern type wallpaper with a guitar music running in the background

[ACTION]
9. Non-Hate

[SUBCATEGORIES]
['Non-Hate']

[PARENTLABELS]
['neutral']

[ACTION_CLEAN]
non-hate",0,0.0801997259259224,0,0,0.06687118858098984,0,0,0.05882403254508972,0,0,0.07543919235467911,0,0,0.08190225809812546,0,0,0.08979719132184982,0,0,0.0760912224650383,0,0,0.06358377635478973,0,0,0.07069900631904602,0
26,hate_video_15.mp4,hate_video_15,train,0,"[SCENE]
a lady in the background voice kept asking to people in the car who are running down the road whether black lives matter to them or not, its a sunny day outside with clouds really visible , she kept moving towards a car after few seconds

[ACTION]
5. Inappropriate Content

[SUBCATEGORIES]
['Inappropriate Language']

[PARENTLABELS]
['neutral']

[ACTION_CLEAN]
inappropriate content",0,0.09900188446044922,0,0,0.09927589446306229,0,0,0.11133737117052078,0,0,0.11799028515815735,0,0,0.10902304202318192,0,0,0.10268644243478775,0,1,0.9405120015144348,1,0,0.1080356165766716,0,0,0.11980173736810684,0
27,hate_video_15.mp4,hate_video_15,train,0,"[SCENE]
a woman can be seen inside a blue car fighting with the voice in background as if she is defending the racial discrimination

[ACTION]
5. Inappropriate Content

[SUBCATEGORIES]
['Inappropriate Language']

[PARENTLABELS]
['neutral']

[ACTION_CLEAN]
inappropriate content",0,0.09601645916700363,0,0,0.09413409978151321,0,0,0.10699498653411865,0,0,0.1143561378121376,0,0,0.1097632348537445,0,0,0.10362812131643295,0,1,0.9367643594741821,1,0,0.10288646072149277,0,0,0.11544366925954819,0
28,hate_video_15.mp4,hate_video_15,train,0,"[SCENE]
cars front side is been recorded, its a toyota, hron blown by the woman inside the car and the background voice says ""untill black lives matter"" and suddenly she bumped towards car and says aggresively "" black lives matter""

[ACTION]
5. Inappropriate Content

[SUBCATEGORIES]
['Inappropriate Language']

[PARENTLABELS]
['neutral']

[ACTION_CLEAN]
inappropriate content",0,0.0965849831700325,0,0,0.09955298155546188,0,0,0.10941222310066223,0,0,0.11613631993532181,0,0,0.11126772314310074,0,0,0.10311505943536758,0,1,0.9394749999046326,1,0,0.10585261136293411,0,0,0.11733102798461914,0
29,hate_video_16.mp4,hate_video_16,train,0,"[SCENE]
introductory animation can be seen for popeyes wingovations ad shoot, a black man holding a chicken leg can be seen smiling with 2 perons on his left and right wearing helmet and cap, as text written at the bottom "" with jerry ru""

[ACTION]
9. Non-Hate

[SUBCATEGORIES]
['Humor without Harm']

[PARENTLABELS]
['neutral']

[ACTION_CLEAN]
non-hate",0,0.07982759922742844,0,0,0.07085830718278885,0,0,0.05810518190264702,0,0,0.07787688821554184,0,0,0.07867796719074249,0,0,0.08327621221542358,0,0,0.07962704449892044,0,0,0.06574632227420807,0,0,0.06853920966386795,0
30,hate_video_16.mp4,hate_video_16,train,0,"[SCENE]
2 person can be seen sitting as an anchor one with a glasses and balck suit on right side and other woman with popeyes appron and a red t-shirt, for a show/ad of popeyes chicken with a table in front where "" popeyes wingovations"" is written, few red strips on a silver coloured background are there

[ACTION]
9. Non-Hate

[SUBCATEGORIES]
['Non-Hate']

[PARENTLABELS]
['neutral']

[ACTION_CLEAN]
non-hate",0,0.07968667149543762,0,0,0.07273831963539124,0,0,0.059835419058799744,0,0,0.07768483459949493,0,0,0.07501519471406937,0,0,0.08444888889789581,0,0,0.07516982406377792,0,0,0.06461915373802185,0,0,0.06978927552700043,0
31,hate_video_16.mp4,hate_video_16,train,0,"[SCENE]
many chicken wings are bursting out from screen, as if the scene is changed to a visual showing a handing table with a chicken wing and popeyes crown on it layed down on a plate, the text on table says"" WING SKEWERS""

[ACTION]
9. Non-Hate

[SUBCATEGORIES]
['Non-Hate']

[PARENTLABELS]
['neutral']

[ACTION_CLEAN]
non-hate",0,0.07914119213819504,0,0,0.0718853622674942,0,0,0.059971485286951065,0,0,0.0775538757443428,0,0,0.07817208766937256,0,0,0.08443396538496017,0,0,0.07758060842752457,0,0,0.06522493064403534,0,0,0.06863939017057419,0
32,hate_video_16.mp4,hate_video_16,train,0,"[SCENE]
a model can be seen sitting on a biscuit cushion holding a glass of cold-drink. a wing gloves can be seen with popeyes written on its wrist and louisiana kitchen sticker on it

[ACTION]
9. Non-Hate

[SUBCATEGORIES]
['Non-Hate']

[PARENTLABELS]
['neutral']

[ACTION_CLEAN]
non-hate",0,0.07932716608047485,0,0,0.06989047676324844,0,0,0.05934503674507141,0,0,0.07537076622247696,0,0,0.08060982078313828,0,0,0.08581960946321487,0,0,0.07462014257907867,0,0,0.06473740190267563,0,0,0.06744381040334702,0
33,hate_video_16.mp4,hate_video_16,train,0,"[SCENE]
a black man wearing a popeyes helmet and a chicken wing is attached to it at the mouth side, tries to catch a rugby ball and stands firmly after catching

[ACTION]
9. Non-Hate

[SUBCATEGORIES]
['Non-Hate']

[PARENTLABELS]
['neutral']

[ACTION_CLEAN]
non-hate",0,0.07982032001018524,0,0,0.06898149847984314,0,0,0.05770887807011604,0,0,0.07577289640903473,0,0,0.08356232941150665,0,0,0.08685516566038132,0,0,0.07283049821853638,0,0,0.06548811495304108,0,0,0.06672821938991547,0
34,hate_video_16.mp4,hate_video_16,train,0,"[SCENE]
a black man wearing a sauce cap with so many different sauces, termed as sauce dome

[ACTION]
9. Non-Hate

[SUBCATEGORIES]
['Non-Hate']

[PARENTLABELS]
['neutral']

[ACTION_CLEAN]
non-hate",0,0.07709092646837234,0,0,0.06731512397527695,0,0,0.057574257254600525,0,0,0.07605554908514023,0,0,0.08383253961801529,0,0,0.08890970796346664,0,0,0.07357289642095566,0,0,0.06517248600721359,0,0,0.06762716174125671,0
35,hate_video_16.mp4,hate_video_16,train,0,"[SCENE]
clip shows a model wearing napkin shirt, few wings on the table and a napkin beside it

[ACTION]
9. Non-Hate

[SUBCATEGORIES]
['Non-Hate']

[PARENTLABELS]
['neutral']

[ACTION_CLEAN]
non-hate",0,0.0799797996878624,0,0,0.0685107558965683,0,0,0.05944649502635002,0,0,0.07451976090669632,0,0,0.08166471123695374,0,0,0.08791700750589371,0,0,0.07277439534664154,0,0,0.06467164307832718,0,0,0.06742960959672928,0
36,hate_video_16.mp4,hate_video_16,train,0,"[SCENE]
clip describes spicy and mild toothpicks in a model hand placed on a hanging table

[ACTION]
9. Non-Hate

[SUBCATEGORIES]
['Non-Hate']

[PARENTLABELS]
['neutral']

[ACTION_CLEAN]
non-hate",0,0.07860538363456726,0,0,0.06781581789255142,0,0,0.05901292338967323,0,0,0.07476082444190979,0,0,0.08207076787948608,0,0,0.08982521295547485,0,0,0.07400090992450714,0,0,0.06443167477846146,0,0,0.06694670021533966,0
37,hate_video_16.mp4,hate_video_16,train,0,"[SCENE]
clip describes phone kickstand with a phone on it and some wings on plate with a dip placed on a hanging table

[ACTION]
9. Non-Hate

[SUBCATEGORIES]
['Non-Hate']

[PARENTLABELS]
['neutral']

[ACTION_CLEAN]
non-hate",0,0.08075127005577087,0,0,0.06762677431106567,0,0,0.0586816743016243,0,0,0.0751129686832428,0,0,0.08173678815364838,0,0,0.08761760592460632,0,0,0.07351645827293396,0,0,0.06513667106628418,0,0,0.06690159440040588,0
38,,row_38,train,0,"[SUBCATEGORIES]
[]

[PARENTLABELS]
[]",0,0.07095714658498764,0,0,0.07875457406044006,0,0,0.08250743895769119,0,0,0.07673586159944534,0,0,0.07797888666391373,0,0,0.11493732780218124,0,0,0.06506815552711487,0,0,0.06449618190526962,0,0,0.06002242863178253,0
39,hate_video_16.mp4,hate_video_16,train,0,"[SCENE]
The image shows a black background with a long block of white text. The text talks about slavery in a positive way and includes offensive and harmful statements about Black people, religion, and history. At the bottom, there is a small photo of a man in a suit, presented as if he is the person being quoted.

[ACTION]
3. Discrimination

[SUBCATEGORIES]
['Background/Origin Discrimination']

[PARENTLABELS]
['discrimination']

[ACTION_CLEAN]
discrimination",0,0.10792683064937592,0,1,0.9131745100021362,1,0,0.1317574828863144,0,0,0.11206568777561188,0,0,0.1191486343741417,0,0,0.14267325401306152,0,0,0.105283722281456,0,0,0.11644980311393738,0,0,0.11691924929618835,0
40,hate_video_16.mp4,hate_video_16,train,0,"[SCENE]
The clip shows a group of five people posing together indoors. They appear to be dressed as characters from the cartoon Scooby-Doo. Four people are standing and smiling, wearing colorful outfits that match the characters. One person is kneeling in front and is shirtless, wearing a blue collar. Everyone looks like they are posing for a fun costume photo

[ACTION]
9. Non-Hate

[SUBCATEGORIES]
['Artistic Expression']

[PARENTLABELS]
['neutral']

[ACTION_CLEAN]
non-hate",0,0.07721185684204102,0,0,0.06736684590578079,0,0,0.057571981102228165,0,0,0.07767760753631592,0,0,0.07967610657215118,0,0,0.08456487208604813,0,0,0.08305723965167999,0,0,0.06367921829223633,0,0,0.07076887041330338,0
41,hate_video_16.mp4,hate_video_16,train,0,"[SCENE]
clip shows 4 frames in one screen, in every frame people are dancing and seems to be happy

[ACTION]
9. Non-Hate

[SUBCATEGORIES]
['Artistic Expression']

[PARENTLABELS]
['neutral']

[ACTION_CLEAN]
non-hate",0,0.07732468843460083,0,0,0.06888280063867569,0,0,0.05863092467188835,0,0,0.0778772160410881,0,0,0.07871627807617188,0,0,0.08790118992328644,0,0,0.07584544271230698,0,0,0.06433724611997604,0,0,0.06716363877058029,0
42,hate_video_17.mp4,hate_video_17,val,0,"[SCENE]
in the clip a ""nigger is assaulting the refree"" in an ongoing rugby match, the refree has been put down on the ground by some blue jersey players, they are running away from the scene they have created and seems shouting, suddenly some white jersey players appears on screen

[ACTION]
1. Violence in Animation

[SUBCATEGORIES]
['Physical Fighting Scenes']

[PARENTLABELS]
['violence']

[ACTION_CLEAN]
violence in animation",0,0.09390439093112946,0,0,0.09419871121644974,0,0,0.07883931696414948,0,0,0.09487037360668182,0,1,0.9257180690765381,1,0,0.0929747000336647,0,0,0.09907805174589157,0,0,0.08787701278924942,0,0,0.08991732448339462,0
43,hate_video_18.mp4,hate_video_18,train,0,"[SCENE]
its a sunny day outside and a woman can be seen fighting with 2 of the guards in front of a shop, she first hit the guard who was bald then she got hit by another guard who has weared an earphone, on her leg, woman was seen carrying a bag and a plastic bag in her hand. she started shouted after getting hit, they kept mocking each other on how they look and their proffesions in very aggressive tones, as others were passing by watching them fighting

[ACTION]
10. Scene

[SUBCATEGORIES]
['physical fight with verbal abuse']

[PARENTLABELS]
['violence']

[ACTION_CLEAN]
scene",0,0.36091721057891846,0,1,0.7353594899177551,0,0,0.3770018517971039,0,0,0.42493629455566406,0,1,0.9484524130821228,1,1,0.8006017804145813,1,0,0.14066386222839355,0,0,0.42743298411369324,0,0,0.24142903089523315,0
44,hate_video_19.mp4,hate_video_19,train,0,"[SCENE]
a woman seems to be jumping in front of the gate and shouting ""nigger"", then she was captured moving away from the camera towards the road in a very sunny day outside

[ACTION]
5. Inappropriate Content

[SUBCATEGORIES]
['Inappropriate Language']

[PARENTLABELS]
['neutral']

[ACTION_CLEAN]
inappropriate content",0,0.09848488122224808,0,0,0.09744292497634888,0,0,0.11222454905509949,0,0,0.11863117665052414,0,0,0.11162953078746796,0,0,0.10202746838331223,0,1,0.9400071501731873,1,0,0.1056925505399704,0,0,0.11657167971134186,0
45,hate_video_19.mp4,hate_video_19,train,0,"[SCENE]
woman with sunglasses faced the camera and was seen saying "" i hate niggers, fuck you niggers, i hate niggers, i would kill nigger"", while a man passes by from front of her. in the background, some cars, trees and hoarding screen can be seen

[ACTION]
5. Inappropriate Content

[SUBCATEGORIES]
['Inappropriate Language']

[PARENTLABELS]
['neutral']

[ACTION_CLEAN]
inappropriate content",0,0.10139767825603485,0,0,0.10179277509450912,0,0,0.11389629542827606,0,0,0.1165875717997551,0,0,0.11216399818658829,0,0,0.09950635582208633,0,1,0.9408677816390991,1,0,0.10586768388748169,0,0,0.11667538434267044,0
46,hate_video_19.mp4,hate_video_19,train,0,"[SCENE]
while the woman was moving towards her car in the daylight, she was saying "" nigger, nigger....""

[ACTION]
5. Inappropriate Content

[SUBCATEGORIES]
['Inappropriate Language']

[PARENTLABELS]
['neutral']

[ACTION_CLEAN]
inappropriate content",0,0.09993790835142136,0,0,0.09870444238185883,0,0,0.11245716363191605,0,0,0.11418794095516205,0,0,0.10932512581348419,0,0,0.10141675919294357,0,1,0.9387597441673279,1,0,0.10263264924287796,0,0,0.1140613704919815,0
47,hate_video_20.mp4,hate_video_20,test,0,"[SCENE]
during an omegle live stream, a person wearing a ghost smile mask and holding a knife was seen asking a black man to show him monkey dance and kept mocking him for his monkey appearance, laughing at him, doing expressions with his hands in aggresive way as if he would cut or scalp the black man

[ACTION]
3. Discrimination

[SUBCATEGORIES]
['Background/Origin Discrimination']

[PARENTLABELS]
['discrimination']

[ACTION_CLEAN]
discrimination",0,0.11411604285240173,0,1,0.8959726095199585,1,0,0.10992439836263657,0,0,0.11581054329872131,0,0,0.17292766273021698,0,0,0.14667055010795593,0,0,0.08706925064325333,0,0,0.11676573008298874,0,0,0.11717305332422256,0
48,hate_video_21.mp4,hate_video_21,test,0,"[SCENE]
its a party clip, a man balancing his hat on his nose wearing a black suit can be seen standing on the table and entertaining peoples around him while dancing, people behind and in front of him were seen jumping, with bottles and hat on the table, with a mocking background music that targets black man

[ACTION]
10. Scene

[SUBCATEGORIES]
['entertainment with background discrimination']

[PARENTLABELS]
['discrimination']

[ACTION_CLEAN]
scene",0,0.7316036820411682,0,1,0.8918713331222534,1,1,0.7504225969314575,0,0,0.15360185503959656,0,0,0.5060505867004395,1,0,0.4107966423034668,0,0,0.06192002445459366,0,0,0.12278600037097931,0,0,0.10944528132677078,0
49,hate_video_21.mp4,hate_video_21,test,0,"[SCENE]
a man balancing botlle on his head wearing a black suit can be seen standing on the table and entertaining peoples around him while dancing, people behind and in front of him were seen jumping, with bottles and hat on the table, with a mocking background music that targets black man, he kept showing his balancing skills with the bottle

[ACTION]
10. Scene

[SUBCATEGORIES]
['entertainment with background discrimination']

[PARENTLABELS]
['discrimination']

[ACTION_CLEAN]
scene",0,0.43356263637542725,0,1,0.5500310063362122,0,1,0.4055206775665283,0,0,0.0970916748046875,0,0,0.43714427947998047,1,0,0.20197433233261108,0,0,0.046504151076078415,0,0,0.07346371561288834,0,0,0.06242259591817856,0
50,hate_video_21.mp4,hate_video_21,test,0,"[SCENE]
man with black suit was seen balancing the bottle on his head, was seen pouring water on himself from another bottle while balancing one and dancing along, with a background music mocking black man

[ACTION]
10. Scene

[SUBCATEGORIES]
['entertainment with background discrimination']

[PARENTLABELS]
['discrimination']

[ACTION_CLEAN]
scene",0,0.14314202964305878,0,1,0.5140413641929626,0,1,0.3427896201610565,0,0,0.0666661411523819,0,0,0.12221632897853851,0,0,0.14898063242435455,0,0,0.06619356572628021,0,0,0.057755790650844574,0,0,0.05203322693705559,0
51,,row_51,train,0,"[SUBCATEGORIES]
[]

[PARENTLABELS]
[]",0,0.07095714658498764,0,0,0.07875457406044006,0,0,0.08250743895769119,0,0,0.07673586159944534,0,0,0.07797888666391373,0,0,0.11493732780218124,0,0,0.06506815552711487,0,0,0.06449618190526962,0,0,0.06002242863178253,0
52,hate_video_21.mp4,hate_video_21,test,0,"[SCENE]
a man with a cap holding a glass of bear in his hand while showing thumbs up with a smile on his face, yellow teeths and a sunny day behind with beaches and mountains in the background

[ACTION]
9. Non-Hate

[SUBCATEGORIES]
['Non-Hate']

[PARENTLABELS]
['neutral']

[ACTION_CLEAN]
non-hate",0,0.07928524911403656,0,0,0.07095790654420853,0,0,0.0597660094499588,0,0,0.07620466500520706,0,0,0.0798010602593422,0,0,0.0876234844326973,0,0,0.07215745747089386,0,0,0.06538910418748856,0,0,0.0673934817314148,0
53,hate_video_21.mp4,hate_video_21,test,0,"[SCENE]
2 people were seen dancing as a main character in a hall, with both of them wearing a cylinder shaped cap and one with a black attire, another with cream coloured attire, people around them are cheering them and clapping

[ACTION]
9. Non-Hate

[SUBCATEGORIES]
['Non-Hate']

[PARENTLABELS]
['neutral']

[ACTION_CLEAN]
non-hate",0,0.0806344524025917,0,0,0.06890378147363663,0,0,0.05847207456827164,0,0,0.07690154761075974,0,0,0.07982707023620605,0,0,0.08684597909450531,0,0,0.07504560798406601,0,0,0.06520598381757736,0,0,0.0694628432393074,0
54,hate_video_22.mp4,hate_video_22,train,0,"[SCENE]
a green screen with a thumbs up and a red subscribe button with a click icon can be seen

[ACTION]
9. Non-Hate

[SUBCATEGORIES]
['Non-Hate']

[PARENTLABELS]
['neutral']

[ACTION_CLEAN]
non-hate",0,0.07989778369665146,0,0,0.06984557956457138,0,0,0.059246715158224106,0,0,0.0755114033818245,0,0,0.07956138998270035,0,0,0.0898364931344986,0,0,0.07345139980316162,0,0,0.06524326652288437,0,0,0.0681266114115715,0
55,hate_video_22.mp4,hate_video_22,train,0,"[SCENE]
few people including police officers outside a house can be seen trying to kneel down a black man, and as mentioned in the caption the clip seems to be from scotland, forcing the man to kneel down, police trying to tye his hands and legs with their hands while holding him down

[ACTION]
3. Discrimination

[SUBCATEGORIES]
['Background/Origin Discrimination']

[PARENTLABELS]
['discrimination']

[ACTION_CLEAN]
discrimination",0,0.0986669510602951,0,1,0.8992183804512024,1,0,0.10975666344165802,0,0,0.11701153963804245,0,0,0.14864034950733185,0,0,0.1396557092666626,0,0,0.10201060771942139,0,0,0.11891099810600281,0,0,0.11703065782785416,0
56,hate_video_22.mp4,hate_video_22,train,0,"[SCENE]
a screen appears with caption written on it, which is being narrated by the narrator in the background while the clip is going on where cops are holding a man down on the ground and tying his hands and legs

[ACTION]
3. Discrimination

[SUBCATEGORIES]
['Background/Origin Discrimination']

[PARENTLABELS]
['discrimination']

[ACTION_CLEAN]
discrimination",0,0.09936798363924026,0,1,0.901642918586731,1,0,0.1111520379781723,0,0,0.11880595237016678,0,0,0.1659509539604187,0,0,0.14666655659675598,0,0,0.09733003377914429,0,0,0.11906914412975311,0,0,0.1168232336640358,0
57,hate_video_23.mp4,hate_video_23,val,0,"[SCENE]
The image shows a man wearing a dark hoodie, speaking into a microphone. He is positioned on the right side of the image and looking toward the camera. The background is black with large white stylized text that reads “This is Gangsta,” along with graphic elements that look like bullet holes or dripping shapes. The overall image looks like a screenshot or thumbnail from a video, possibly related to commentary or online content. a rockstar type music in the background is contantly playing saying ""nigger"".

[ACTION]
10. Scene

[SUBCATEGORIES]
['offensive language in music']

[PARENTLABELS]
['neutral']

[ACTION_CLEAN]
scene",1,0.9440481662750244,1,1,0.9368481636047363,1,1,0.9471776485443115,1,0,0.2328423112630844,0,0,0.36115020513534546,0,0,0.2654467523097992,0,0,0.20040954649448395,0,0,0.1418144553899765,0,0,0.19426900148391724,0
58,hate_video_24.mp4,hate_video_24,train,0,"[SCENE]
a night holding shield and his sword seems to hit someone, with a red cross made on his attire and shield

[ACTION]
1. Violence in Animation

[SUBCATEGORIES]
['Weapon Usage (Fantasy/Real)']

[PARENTLABELS]
['violence']

[ACTION_CLEAN]
violence in animation",0,0.09201602637767792,0,0,0.08507001399993896,0,0,0.07479703426361084,0,0,0.09575646370649338,0,1,0.9221848249435425,1,0,0.08933279663324356,0,0,0.09882266819477081,0,0,0.08805803954601288,0,0,0.08785146474838257,0
59,hate_video_24.mp4,hate_video_24,train,0,"[SCENE]
The image shows Barack Obama in a formal suit on the left side, with a serious facial expression. Behind him is a background of fires and chaos, possibly from a riot or protest scene. Large yellow text is placed over the image with a racially offensive political slogan. The overall image looks like it was made to provoke anger or spread a harmful message.

[ACTION]
2. Verbal Abuse

[SUBCATEGORIES]
['Name-calling/Insults']

[PARENTLABELS]
['hate_speech']

[ACTION_CLEAN]
verbal abuse",1,0.9270131587982178,1,0,0.12600676715373993,0,0,0.1324717402458191,0,0,0.11349856108427048,0,0,0.11031951755285263,0,0,0.10624498873949051,0,0,0.11467339098453522,0,0,0.09486915171146393,0,0,0.10974732786417007,0
60,hate_video_24.mp4,hate_video_24,train,0,"[SCENE]
few black peoples can be seen entering a gate in front of them, as they all shirtless and few of them can bee seen wearing scarf, one with the hoodie, one with a jacket on and a background narration mocking these blacks, a caption displays says ""NIggers are children in adults bodies studies show"".

[ACTION]
3. Discrimination

[SUBCATEGORIES]
['Background/Origin Discrimination']

[PARENTLABELS]
['discrimination']

[ACTION_CLEAN]
discrimination",0,0.09836028516292572,0,1,0.897760272026062,1,0,0.11915428191423416,0,0,0.11284414678812027,0,0,0.12280900776386261,0,0,0.13679702579975128,0,0,0.10216183215379715,0,0,0.11804768443107605,0,0,0.11650576442480087,0
61,hate_video_24.mp4,hate_video_24,train,0,"[SCENE]
clip shows a car in the middle of the road with few people in the background in front of a buildings entrance

[ACTION]
9. Non-Hate

[SUBCATEGORIES]
['Non-Hate']

[PARENTLABELS]
['neutral']

[ACTION_CLEAN]
non-hate",0,0.08090982586145401,0,0,0.06848311424255371,0,0,0.058372385799884796,0,0,0.07536560297012329,0,0,0.081668920814991,0,0,0.08856688439846039,0,0,0.07326872646808624,0,0,0.06525260210037231,0,0,0.06721227616071701,0
62,hate_video_24.mp4,hate_video_24,train,0,"[SCENE]
cops making a black woman and a few men surrender in front of them , cops are holding gun, they are outside near a shop

[ACTION]
2. Verbal Abuse

[SUBCATEGORIES]
['Name-calling/Insults']

[PARENTLABELS]
['hate_speech']

[ACTION_CLEAN]
verbal abuse",1,0.9283186793327332,1,0,0.1211574450135231,0,0,0.12740270793437958,0,0,0.12315581738948822,0,0,0.12765073776245117,0,0,0.10124591737985611,0,0,0.10506615787744522,0,0,0.09819896519184113,0,0,0.10410364717245102,0
63,hate_video_24.mp4,hate_video_24,train,0,"[SCENE]
The image shows a nighttime scene with a group of people standing outdoors while a large fire burns behind them. The setting looks chaotic, like a riot or unrest in a street or public area. At the top of the image, there is text that contains racist and insulting language directed at a racial group.

[ACTION]
10. Scene

[SUBCATEGORIES]
['inappropriate language and background discrimination']

[PARENTLABELS]
['discrimination']

[ACTION_CLEAN]
scene",1,0.6103106141090393,0,1,0.6333123445510864,0,0,0.5019739866256714,0,0,0.3477543890476227,0,1,0.8947203159332275,1,1,0.889422595500946,1,0,0.16650909185409546,0,0,0.33884936571121216,0,0,0.3359639346599579,0
64,hate_video_24.mp4,hate_video_24,train,0,"[SCENE]
The image looks like a news-style graphic with a black background. At the top, there is text containing racist and insulting language. Below it is a banner that resembles a newspaper headline, warning about looters and claiming police involvement. The clip shows photos of several people lined up with their names underneath. Overall, the image appears edited to spread harmful and discriminatory messages.

[ACTION]
10. Scene

[SUBCATEGORIES]
['inappropriate language and background discrimination']

[PARENTLABELS]
['discrimination']

[ACTION_CLEAN]
scene",1,0.8654389381408691,1,1,0.9561659097671509,1,1,0.9344193935394287,1,0,0.15072001516819,0,0,0.24132129549980164,0,0,0.21833430230617523,0,0,0.15162336826324463,0,0,0.1318310797214508,0,0,0.17074252665042877,0
65,hate_video_24.mp4,hate_video_24,train,0,"[SCENE]
a black bald man wearing a hoodie can bee seen holding a camera like he is gonna take a selfie, wall of bricks in the background, with a racial text at the top of the clip

[ACTION]
5. Inappropriate Content

[SUBCATEGORIES]
['Inappropriate Language']

[PARENTLABELS]
['neutral']

[ACTION_CLEAN]
inappropriate content",0,0.09623637795448303,0,0,0.09786028414964676,0,0,0.1110178679227829,0,0,0.11787198483943939,0,0,0.1099989265203476,0,0,0.1020074188709259,0,1,0.9400989413261414,1,0,0.10757334530353546,0,0,0.11942651122808456,0
66,hate_video_24.mp4,hate_video_24,train,0,"[SCENE]
cops holding back the man and a woman towards a wall, as if they are arrested

[ACTION]
7. Behavioral Issues

[SUBCATEGORIES]
['Aggressive Reactions']

[PARENTLABELS]
['threat']

[ACTION_CLEAN]
behavioral issues",0,0.30324265360832214,0,0,0.11667583882808685,0,0,0.15335410833358765,0,1,0.8521829843521118,0,0,0.19209356606006622,0,0,0.27284514904022217,0,0,0.19941388070583344,0,0,0.22825627028942108,0,0,0.1926070898771286,0
67,hate_video_24.mp4,hate_video_24,train,0,"[SCENE]
The image shows several people running into or out of a store through broken glass doors. Shattered glass covers the floor, and the scene looks chaotic. The situation appears to be a break-in or looting event, with people moving quickly inside the store. a background narration trolling black people can be heard with a racial caption displayed after few seconds.

[ACTION]
7. Behavioral Issues

[SUBCATEGORIES]
['Aggressive Reactions']

[PARENTLABELS]
['threat']

[ACTION_CLEAN]
behavioral issues",0,0.2962794005870819,0,0,0.13805146515369415,0,0,0.163540318608284,0,1,0.8765560388565063,0,0,0.21193762123584747,0,0,0.3248727023601532,0,0,0.20210812985897064,0,0,0.248707577586174,0,0,0.22826099395751953,0
68,hate_video_25.mp4,hate_video_25,val,0,"[SCENE]
The clip starts with narrator introducing him as johnny rebel, and the clip depicts graphic showing a person wearing a white hood and robe associated with an extremist hate group. The character is drawn like a superhero, opening a shirt to show a slogan on their chest. There are crosses and a dark background behind the figure. The image includes aggressive and mocking text. a constant musc being played in the background targetting niggers

[ACTION]
8. Age-Inappropriate Themes

[SUBCATEGORIES]
['Religious Conflicts']

[PARENTLABELS]
['discrimination']

[ACTION_CLEAN]
age-inappropriate themes",0,0.10560595244169235,0,0,0.11746083945035934,0,0,0.13385944068431854,0,0,0.11461229622364044,0,0,0.10501255840063095,0,0,0.10483001172542572,0,1,0.9443344473838806,1,0,0.10876689106225967,0,0,0.12299931049346924,0
69,hate_video_26.mp4,hate_video_26,train,0,"[SCENE]
clip shows few black peoples asking a white man to kiss thier shoes on a street, the man kissing the shoes carries a bag with himself, kneels down and did what was asked, people around them are getting entertained by this mockery and laughing at him

[ACTION]
2. Verbal Abuse

[SUBCATEGORIES]
['Bullying Dialogues']

[PARENTLABELS]
['threat']

[ACTION_CLEAN]
verbal abuse",1,0.9179555177688599,1,0,0.118003711104393,0,0,0.12620626389980316,0,0,0.11078283190727234,0,0,0.10885470360517502,0,0,0.09752509742975235,0,0,0.11647730320692062,0,0,0.09592223912477493,0,0,0.10127405822277069,0
70,hate_video_27.mp4,hate_video_27,train,0,"[SCENE]
clips is being recorded in a cloth shop, where a black man was seen beating a white man, whike the white man was lying down on the floor

[ACTION]
1. Violence in Animation

[SUBCATEGORIES]
['Physical Fighting Scenes']

[PARENTLABELS]
['violence']

[ACTION_CLEAN]
violence in animation",0,0.09046328067779541,0,0,0.08855673670768738,0,0,0.07414951175451279,0,0,0.09496685117483139,0,1,0.9213965535163879,1,0,0.08868211507797241,0,0,0.09739741683006287,0,0,0.08914012461900711,0,0,0.08645845204591751,0
71,hate_video_28.mp4,hate_video_28,train,0,"[SCENE]
clip is from omegle live stream where the streamer wearing a headphone and shirtless, seems to be mocking the black guy on his appearance, facing and sounding like a monkey and tapping his chest like how monkeys do and laughing while doing so

[ACTION]
3. Discrimination

[SUBCATEGORIES]
['Character Appearance Mockery', ' 3.3. Background/Origin Discrimination']

[PARENTLABELS]
['discrimination', 'neutral']

[ACTION_CLEAN]
discrimination",0,0.09522261470556259,0,1,0.896146297454834,1,0,0.11790434271097183,0,0,0.11117614060640335,0,0,0.12477759271860123,0,0,0.1397629678249359,0,0,0.10114897042512894,0,0,0.11429797112941742,0,0,0.11663009971380234,0
72,hate_video_29.mp4,hate_video_29,test,0,"[SCENE]
The clip looks like taken from an online video chat website. It shows three people in separate video panels. On the left, a shirtless person is flexing their arm. In the middle, a person with purple hair is covering the lower part of their face with a cloth or mask and was heard saying ""hello hello could you hear me"". On the right, a person is wearing a black face mask that covers most of their face.

[ACTION]
9. Non-Hate

[SUBCATEGORIES]
['Friendly Conversations']

[PARENTLABELS]
['neutral']

[ACTION_CLEAN]
non-hate",0,0.07824539393186569,0,0,0.07326890528202057,0,0,0.05775094032287598,0,0,0.0777025818824768,0,0,0.07789500802755356,0,0,0.08712249994277954,0,0,0.07784124463796616,0,0,0.06359369307756424,0,0,0.0700824186205864,0
73,hate_video_29.mp4,hate_video_29,test,0,"[SCENE]
The clip looks like taken from an online video chat website where a person with purple hair is covering the lower part of their face with a cloth or mask and was heard asking "" how do you feel about the niggers"". the person wearing black mask started laughing at the same time.

[ACTION]
3. Discrimination

[SUBCATEGORIES]
['Background/Origin Discrimination']

[PARENTLABELS]
['discrimination']

[ACTION_CLEAN]
discrimination",0,0.11046391725540161,0,1,0.9102098941802979,1,0,0.13021758198738098,0,0,0.11444372683763504,0,0,0.12315690517425537,0,0,0.13675136864185333,0,0,0.09719312191009521,0,0,0.11852990835905075,0,0,0.1136380210518837,0
74,hate_video_30.mp4,hate_video_30,train,0,"[SCENE]
a man with a banana shaped face wearing black shades and orange shirt, smiling with chain on his neck named as KKK stands at the right side of the screen, with few peoples standing behind him but only thier shadows could be visible, a racial music in the background starts with an introduction that targets black people

[ACTION]
10. Scene

[SUBCATEGORIES]
['racial slur in music']

[PARENTLABELS]
['hate_speech']

[ACTION_CLEAN]
scene",1,0.8745977282524109,1,1,0.9375767707824707,1,1,0.9069956541061401,1,0,0.1367160677909851,0,0,0.17494706809520721,0,0,0.22740449011325836,0,0,0.08458748459815979,0,0,0.12619009613990784,0,0,0.12567146122455597,0
75,hate_video_31.mp4,hate_video_31,train,0,"[SCENE]
clip depicts a kfc bucket full of chicken in it with a black background, and a guitar music/song is constantly playing in the backcground that talks about the hen that lays egg which indirectly insults hen.

[ACTION]
2. Verbal Abuse

[SUBCATEGORIES]
['Name-calling/Insults']

[PARENTLABELS]
['hate_speech']

[ACTION_CLEAN]
verbal abuse",1,0.9242263436317444,1,0,0.11518066376447678,0,0,0.1277044117450714,0,0,0.11482714861631393,0,0,0.11599835753440857,0,0,0.09998001158237457,0,0,0.11960447579622269,0,0,0.09696529060602188,0,0,0.10865884274244308,0
76,hate_video_31.mp4,hate_video_31,train,0,"[SCENE]
a kfc hoarding board with offer sale of 50% off on all fried chicken is hanged with a wooden support, background music says how niggers love fried chicken

[ACTION]
2. Verbal Abuse

[SUBCATEGORIES]
['Name-calling/Insults']

[PARENTLABELS]
['hate_speech']

[ACTION_CLEAN]
verbal abuse",1,0.9293167591094971,1,0,0.12034302949905396,0,0,0.13725340366363525,0,0,0.11955979466438293,0,0,0.11484693735837936,0,0,0.09897201508283615,0,0,0.11720466613769531,0,0,0.0961339920759201,0,0,0.1085973009467125,0
77,hate_video_31.mp4,hate_video_31,train,0,"[SCENE]
a bald black man is looking upward to a peice of fried chicken hanged using a black rope, and a music follows how niggers love fried chicken

[ACTION]
2. Verbal Abuse

[SUBCATEGORIES]
['Name-calling/Insults']

[PARENTLABELS]
['hate_speech']

[ACTION_CLEAN]
verbal abuse",1,0.9302608966827393,1,0,0.12345698475837708,0,0,0.1359034925699234,0,0,0.118306465446949,0,0,0.11793786287307739,0,0,0.09878705441951752,0,0,0.11556127667427063,0,0,0.0959906056523323,0,0,0.10910897701978683,0
78,hate_video_31.mp4,hate_video_31,train,0,"[SCENE]
The image looks like a parody album cover with a bright red background. It shows a cartoon-style bird bent over a plate of food. There is large text on the image that includes offensive and racist language, and a name at the bottom suggesting it is meant to reference a well-known music artist. A small “parental advisory” style label appears in the corner. The overall image seems designed to shock or provoke using offensive humor.

[ACTION]
5. Inappropriate Content

[SUBCATEGORIES]
['Inappropriate Language']

[PARENTLABELS]
['neutral']

[ACTION_CLEAN]
inappropriate content",0,0.09424036741256714,0,0,0.10786393284797668,0,0,0.1233246847987175,0,0,0.11414693295955658,0,0,0.11259187012910843,0,0,0.09880086034536362,0,1,0.9422252774238586,1,0,0.10586150735616684,0,0,0.12232945114374161,0
79,hate_video_32.mp4,hate_video_32,train,0,"[SCENE]
The image shows a close-up of an old Columbia Records shellac disc label. It appears to be an early 20th-century recording, with gold text on a dark background. The label includes the Columbia logo and catalog details, along with the song title and performers’ names. The song title printed on the record contains a racial slur, reflecting racist language that was historically used at the time the recording was produced. The record is presented as a historical artifact, but the wording itself is offensive by modern standards.

[ACTION]
3. Discrimination

[SUBCATEGORIES]
['Background/Origin Discrimination']

[PARENTLABELS]
['discrimination']

[ACTION_CLEAN]
discrimination",0,0.10209253430366516,0,1,0.9120281934738159,1,0,0.13890811800956726,0,0,0.10924006998538971,0,0,0.1187664046883583,0,0,0.1370801329612732,0,0,0.11318669468164444,0,0,0.11147529631853104,0,0,0.1132209375500679,0
80,hate_video_33.mp4,hate_video_33,train,0,"[SCENE]
The image contains a black background with text that reads: “DOCUMENTS OF AMERICAN HISTORY” at the top “The Good Old South” in large red letters “– COUNTRY STYLE –” written below it, and a constant racial music/song is running in the background

[ACTION]
10. Scene

[SUBCATEGORIES]
['racial slur in music']

[PARENTLABELS]
['hate_speech']

[ACTION_CLEAN]
scene",0,0.3957970440387726,0,1,0.8969239592552185,1,1,0.8250756859779358,0,0,0.0827036201953888,0,0,0.1207311674952507,0,0,0.14369191229343414,0,0,0.1254245638847351,0,0,0.09742646664381027,0,0,0.10256298631429672,0
81,hate_video_34.mp4,hate_video_34,train,0,"[SCENE]
a black background only with a song being played in the background indirectly targetting black peoples by mentioning survival of white peoples only

[ACTION]
1. Violence in Animation

[SUBCATEGORIES]
['racial slur in music']

[PARENTLABELS]
['hate_speech']

[ACTION_CLEAN]
violence in animation",0,0.09823315590620041,0,0,0.10224252194166183,0,0,0.08066727221012115,0,0,0.09813208878040314,0,1,0.923669159412384,1,0,0.09312816709280014,0,0,0.09274519979953766,0,0,0.08795055747032166,0,0,0.08579187095165253,0
82,hate_video_35.mp4,hate_video_35,train,0,"[SCENE]
a bald white man is involved in a verbal fight with the army officers, particularly womens, suddenly a person from behind the camera started asking if he's jewish and says we respect one another

[ACTION]
10. Scene

[SUBCATEGORIES]
['verbal fight']

[PARENTLABELS]
['violence']

[ACTION_CLEAN]
scene",0,0.2772059142589569,0,1,0.9164407253265381,1,1,0.6931882500648499,0,0,0.10122298449277878,0,0,0.14449074864387512,0,0,0.24582906067371368,0,0,0.08754121512174606,0,0,0.09162792563438416,0,0,0.09685997664928436,0
83,hate_video_35.mp4,hate_video_35,train,0,"[SCENE]
suddenly a man standing beside the cameraman who is bald and has glasses on says, ""the godly thing to do is just to kill you"" and he started fighting with the camerman verbally.

[ACTION]
10. Scene

[SUBCATEGORIES]
['verbal fight']

[PARENTLABELS]
['violence']

[ACTION_CLEAN]
scene",1,0.8538163900375366,1,0,0.528727114200592,0,0,0.388033926486969,0,1,0.7677624225616455,0,1,0.8653900027275085,1,0,0.588340163230896,0,0,0.14958353340625763,0,0,0.4123191237449646,0,0,0.29517319798469543,0
84,hate_video_36.mp4,hate_video_36,train,0,"[SCENE]
little child humorously referred a black woman on a box as gorilla while pointing towards the box

[ACTION]
3. Discrimination

[SUBCATEGORIES]
['Character Appearance Mockery']

[PARENTLABELS]
['neutral']

[ACTION_CLEAN]
discrimination",0,0.08982528001070023,0,1,0.8884804844856262,1,0,0.1133890151977539,0,0,0.10929884016513824,0,0,0.11964079737663269,0,0,0.13151127099990845,0,0,0.10693591088056564,0,0,0.11425366997718811,0,0,0.11443465948104858,0
85,hate_video_37.mp4,hate_video_37,train,0,"[SCENE]
The image shows a green John Deere harvesting machine working in a field. Over the image, bold white text reads: “THANKS TO JOHN DEERE” “BLACK LIVES HAVEN’T MATTERED FOR A LONG TIME” The image uses the farming machinery as a visual metaphor alongside a racially offensive and provocative message. and a racila music targetting niggers is played in background

[ACTION]
10. Scene

[SUBCATEGORIES]
['racial slur in music']

[PARENTLABELS]
['hate_speech']

[ACTION_CLEAN]
scene",1,0.9536573886871338,1,1,0.9041339159011841,1,1,0.925618588924408,1,0,0.18266373872756958,0,0,0.22253258526325226,0,0,0.22515855729579926,0,0,0.14841583371162415,0,0,0.13084040582180023,0,0,0.16324223577976227,0
86,hate_video_37.mp4,hate_video_37,train,0,"[SCENE]
a black and white photo where an old man is wearing a hat, behind him is a grass field, text written as caption: ""BACK IN MY DAY WE DIDNT HAVE VIDEO GAMES, WE WENT OUTSIDE AND BEAT NIGGERS WITH STICKERS"", basially targetting black people, with a racial background music

[ACTION]
10. Scene

[SUBCATEGORIES]
['racial slur in music']

[PARENTLABELS]
['hate_speech']

[ACTION_CLEAN]
scene",1,0.8371582627296448,1,1,0.9566535353660583,1,1,0.8639233708381653,1,0,0.1895185261964798,0,0,0.3123535215854645,0,1,0.43311506509780884,0,0,0.08324123919010162,0,0,0.18153677880764008,0,0,0.1731773167848587,0
87,hate_video_37.mp4,hate_video_37,train,0,"[SCENE]
The image is a black-and-white photo of a large civil rights–era crowd listening to a man speaking into a microphone. At the top, text reads “Rise of the planet of the apes (1963)”, which is used mockingly to compare the crowd to animals

[ACTION]
3. Discrimination

[SUBCATEGORIES]
['Background/Origin Discrimination']

[PARENTLABELS]
['discrimination']

[ACTION_CLEAN]
discrimination",0,0.09483232349157333,0,1,0.896265983581543,1,0,0.11745068430900574,0,0,0.11180908232927322,0,0,0.12253418564796448,0,0,0.13978023827075958,0,0,0.10316988825798035,0,0,0.11426745355129242,0,0,0.11666935682296753,0
88,hate_video_37.mp4,hate_video_37,train,0,"[SCENE]
A black-and-white racist cartoon showing exaggerated caricatures of Black people alongside a frightened white woman, with hostile text addressing a “white man” and threatening language. Racially charged background music targeting Black people is being played.

[ACTION]
3. Discrimination

[SUBCATEGORIES]
['Background/Origin Discrimination']

[PARENTLABELS]
['discrimination']

[ACTION_CLEAN]
discrimination",0,0.11172237992286682,0,1,0.9116291403770447,1,0,0.12612539529800415,0,0,0.11471577733755112,0,0,0.1299787163734436,0,0,0.14005473256111145,0,0,0.10306821018457413,0,0,0.11791951954364777,0,0,0.11755647510290146,0
89,hate_video_37.mp4,hate_video_37,train,0,"[SCENE]
A meme showing a white woman and children standing on one side of a fence, facing a group of Black people on the other side. The text sarcastically reads: “MORE DIVERSITY, THEY SAID… IT WILL BE FUN, THEY SAID…”, implying fear or mockery toward racial diversity.

[ACTION]
10. Scene

[SUBCATEGORIES]
['racist meme']

[PARENTLABELS]
['discrimination']

[ACTION_CLEAN]
scene",0,0.4058452248573303,0,1,0.8904243111610413,1,1,0.6323558688163757,0,0,0.21275347471237183,0,0,0.3051694929599762,0,1,0.8068960905075073,1,0,0.14098697900772095,0,0,0.17026935517787933,0,0,0.33205851912498474,0
90,hate_video_37.mp4,hate_video_37,train,0,"[SCENE]
a black man kissing a white girl with his arms extended, wearing formals with shades and a single shawl around both of them, racila backgrpound music running through the clip.

[ACTION]
10. Scene

[SUBCATEGORIES]
['racist meme']

[PARENTLABELS]
['discrimination']

[ACTION_CLEAN]
scene",0,0.09602691978216171,0,0,0.10344981402158737,0,0,0.12641078233718872,0,0,0.08171205967664719,0,0,0.104486383497715,0,0,0.15714065730571747,0,0,0.23343317210674286,0,0,0.07049161195755005,0,0,0.06612402945756912,0
91,hate_video_38.mp4,hate_video_38,train,0,"[SCENE]
The image shows a chat or text interface where a racial slur is repeatedly typed, along with an on-screen label counting how many times the slur appears. The content appears intentionally repetitive and provocative with a music that mocks niggers.

[ACTION]
10. Scene

[SUBCATEGORIES]
['harassment']

[PARENTLABELS]
['threat']

[ACTION_CLEAN]
scene",1,0.9321550726890564,1,1,0.8789353966712952,1,1,0.9196905493736267,1,0,0.1477624624967575,0,0,0.1683451533317566,0,0,0.1656656414270401,0,0,0.15923242270946503,0,0,0.10789518058300018,0,0,0.12905935943126678,0
92,hate_video_39.mp4,hate_video_39,test,0,"[SCENE]
The clip features an aggressive white bulldog with a spiked collar labeled ""C18"" centered on a black background. Above the dog, the words ""CHINGFORD ATTACK"" are written in a white, weathered font, while the bottom displays the phrase ""Reds Better Run When We're on the Attack"" in red. The graphic is associated with the neo-Nazi group Combat 18. an aggressive guitar and drum music is playing in the background

[ACTION]
4. Psychological Elements

[SUBCATEGORIES]
['Dark Themes/Horror', ' harassment']

[PARENTLABELS]
['fear', 'threat']

[ACTION_CLEAN]
psychological elements",0,0.20220084488391876,0,0,0.19596223533153534,0,0,0.2101459950208664,0,0,0.21317338943481445,0,0,0.15830200910568237,0,1,0.9376848936080933,1,0,0.15655948221683502,0,0,0.1556822657585144,0,0,0.20227183401584625,0
93,hate_video_41.mp4,hate_video_41,train,0,"[SCENE]
a girl and a boy can be seen enjoying thier moment while the boy is making expressions and saying on how much money he will earn, after a few seconds he gave 2 flasks to the girl, and the gril was seen walking away from the screen. meanwhile a racial songs is being polayed in the background

[ACTION]
10. Scene

[SUBCATEGORIES]
['racial slur in music']

[PARENTLABELS]
['hate_speech']

[ACTION_CLEAN]
scene",0,0.24164359271526337,0,1,0.8186404705047607,1,1,0.6433125138282776,0,0,0.07334839552640915,0,0,0.0846712589263916,0,0,0.1501278579235077,0,0,0.10396266728639603,0,0,0.07159466296434402,0,0,0.07052822411060333,0
94,hate_video_41.mp4,hate_video_41,train,0,"[SCENE]
girl carrying 2 to 3 flasks moving the forward direction, kept those flasks on the table, flask had chemical in it (red,blue and green coloured)

[ACTION]
9. Non-Hate

[SUBCATEGORIES]
['Non-Hate']

[PARENTLABELS]
['neutral']

[ACTION_CLEAN]
non-hate",0,0.07874918729066849,0,0,0.06777241080999374,0,0,0.05725967884063721,0,0,0.07838329672813416,0,0,0.07967345416545868,0,0,0.08825355768203735,0,0,0.07421494275331497,0,0,0.06608414649963379,0,0,0.06826214492321014,0
95,hate_video_41.mp4,hate_video_41,train,0,"[SCENE]
girl behind the green wall was seen changing her appearance, as her dress, hair and face colour was changing in seconds, then she got herself a potion and says: "" you will not be a laboratory rat anymore!"".

[ACTION]
9. Non-Hate

[SUBCATEGORIES]
['Positive Encouragement']

[PARENTLABELS]
['threat']

[ACTION_CLEAN]
non-hate",0,0.08191915601491928,0,0,0.06830292195081711,0,0,0.055550575256347656,0,0,0.07731785625219345,0,0,0.08348692208528519,0,0,0.08727305382490158,0,0,0.07578570395708084,0,0,0.06587107479572296,0,0,0.06833917647600174,0
96,hate_video_41.mp4,hate_video_41,train,0,"[SCENE]
4 girls are fighting in the clip, 3 on one side vs a single one with magic powers and animated weapons, single girl won it seems

[ACTION]
1. Violence in Animation

[SUBCATEGORIES]
['Magical Attacks/Powers', ' 1.3. Weapon Usage (Fantasy/Real)']

[PARENTLABELS]
['violence']

[ACTION_CLEAN]
violence in animation",0,0.09165498614311218,0,0,0.08769166469573975,0,0,0.07581116259098053,0,0,0.09490906447172165,0,1,0.9258521795272827,1,0,0.09213747084140778,0,0,0.10051760077476501,0,0,0.08959090709686279,0,0,0.09004506468772888,0
97,hate_video_41.mp4,hate_video_41,train,0,"[SCENE]
a boy started a fight with the single girl, uses his powers and weapon to put her down on the floor

[ACTION]
1. Violence in Animation

[SUBCATEGORIES]
['Magical Attacks/Powers', ' 1.3. Weapon Usage (Fantasy/Real)']

[PARENTLABELS]
['violence']

[ACTION_CLEAN]
violence in animation",0,0.09432101249694824,0,0,0.08847479522228241,0,0,0.07456556707620621,0,0,0.09894390404224396,0,1,0.9280819296836853,1,0,0.08945310860872269,0,0,0.09968487918376923,0,0,0.09280283004045486,0,0,0.08965929597616196,0
98,hate_video_42.mp4,hate_video_42,train,0,"[SCENE]
the guy with a cap and shades in this clip started arguing in front of camera about someone named alice and termed him as nigger, says inappropriate words about him while sitting on a couch

[ACTION]
5. Inappropriate Content

[SUBCATEGORIES]
['Inappropriate Language']

[PARENTLABELS]
['neutral']

[ACTION_CLEAN]
inappropriate content",0,0.1015569195151329,0,0,0.1021849513053894,0,0,0.11650365591049194,0,0,0.11976835131645203,0,0,0.11282575875520706,0,0,0.1039804145693779,0,1,0.9427309036254883,1,0,0.10666784644126892,0,0,0.11681391298770905,0
99,hate_video_43.mp4,hate_video_43,test,0,"[SCENE]
the guy outisde the parking area puts a blue coloured flag on someone elses car while a guy behind bars record him do that, and putting a flag doesnt seems to be appropriate here

[ACTION]
2. Verbal Abuse

[SUBCATEGORIES]
['Name-calling/Insults']

[PARENTLABELS]
['hate_speech']

[ACTION_CLEAN]
verbal abuse",1,0.9245530962944031,1,0,0.12023185193538666,0,0,0.13043120503425598,0,0,0.1175427958369255,0,0,0.1103762686252594,0,0,0.09830056875944138,0,0,0.11734451353549957,0,0,0.09798519313335419,0,0,0.10535220056772232,0
100,hate_video_43.mp4,hate_video_43,test,0,"[SCENE]
policeman seems to be coming towards the guy holding the flag, while a perosn in front of him at the other side of the bar wearing shorts, is also recording everything he wants to

[ACTION]
10. Scene

[SUBCATEGORIES]
['unacceptable behavouir']

[PARENTLABELS]
['neutral']

[ACTION_CLEAN]
scene",0,0.17424963414669037,0,0,0.18205110728740692,0,0,0.2377212643623352,0,0,0.3864617347717285,0,0,0.20360645651817322,0,0,0.43194088339805603,0,0,0.0645875409245491,0,0,0.1714337319135666,0,0,0.14164100587368011,0
101,,row_101,train,0,"[SUBCATEGORIES]
[]

[PARENTLABELS]
[]",0,0.07095714658498764,0,0,0.07875457406044006,0,0,0.08250743895769119,0,0,0.07673586159944534,0,0,0.07797888666391373,0,0,0.11493732780218124,0,0,0.06506815552711487,0,0,0.06449618190526962,0,0,0.06002242863178253,0
102,hate_video_43.mp4,hate_video_43,test,0,"[SCENE]
3 policemen and few men could be seen on both the sides of the car parking bar, those men have leaned themselves on the car and standing as if they had done nothing, but actually they have beaten up the cameraman who is recording them from the starting and thats what he's been mentioning to the cops in the clip

[ACTION]
10. Scene

[SUBCATEGORIES]
['unacceptable behavouir']

[PARENTLABELS]
['neutral']

[ACTION_CLEAN]
scene",0,0.39490780234336853,0,0,0.4745933413505554,0,0,0.284487783908844,0,0,0.4326370358467102,0,1,0.9494080543518066,1,1,0.7588680386543274,1,0,0.10487397760152817,0,0,0.3889722526073456,0,0,0.20174187421798706,0
103,hate_video_44.mp4,hate_video_44,train,0,"[SCENE]
black man appears to be on the TV screen for few seconds with a red caption of ""niggeroke production"", and suddenly a hammer breaks the TV and ""please stand by Nigger free"" pops up in black and white theme

[ACTION]
3. Discrimination

[SUBCATEGORIES]
['Character Appearance Mockery']

[PARENTLABELS]
['neutral']

[ACTION_CLEAN]
discrimination",0,0.11210434138774872,0,1,0.9032714366912842,1,0,0.13046258687973022,0,0,0.10731523483991623,0,0,0.12271702289581299,0,0,0.12472838908433914,0,0,0.09685251116752625,0,0,0.11653468012809753,0,0,0.11117536574602127,0
104,hate_video_44.mp4,hate_video_44,train,0,"[SCENE]
a reddish brown screen with a racial text written: ""wake me up when nigger months ends""

[ACTION]
5. Inappropriate Content

[SUBCATEGORIES]
['Inappropriate Language']

[PARENTLABELS]
['neutral']

[ACTION_CLEAN]
inappropriate content",0,0.09906177222728729,0,0,0.09635891765356064,0,0,0.11085894703865051,0,0,0.11726632714271545,0,0,0.10918357223272324,0,0,0.10326597094535828,0,1,0.9387132525444031,1,0,0.10526405274868011,0,0,0.11540109664201736,0
105,hate_video_44.mp4,hate_video_44,train,0,"[SCENE]
the photo is captured inside the white house, with barack obama and some unidentified black people and children, and the caption say: ""Next president will never get that smell out"" in a mocking sense

[ACTION]
5. Inappropriate Content

[SUBCATEGORIES]
['Inappropriate Language']

[PARENTLABELS]
['neutral']

[ACTION_CLEAN]
inappropriate content",0,0.09606368094682693,0,0,0.09596362709999084,0,0,0.10961918532848358,0,0,0.11836010962724686,0,0,0.10851313918828964,0,0,0.10267194360494614,0,1,0.9394938349723816,1,0,0.10775183886289597,0,0,0.1184423416852951,0
106,hate_video_44.mp4,hate_video_44,train,0,"[SCENE]
collage photos of 6 renowned black peoples from past has been put together in a frame, with the songs saying ""MLK day, came and passed.""

[ACTION]
2. Verbal Abuse

[SUBCATEGORIES]
['Name-calling/Insults']

[PARENTLABELS]
['hate_speech']

[ACTION_CLEAN]
verbal abuse",1,0.9273549318313599,1,0,0.11736001074314117,0,0,0.13382183015346527,0,0,0.11836186051368713,0,0,0.11377537995576859,0,0,0.10099009424448013,0,0,0.11937036365270615,0,0,0.09916527569293976,0,0,0.10933716595172882,0
107,hate_video_44.mp4,hate_video_44,train,0,"[SCENE]
image of 2 black tribal people, in a white and black image theme, both of them standing in a forest. caption mentioned in this image is: decades since civil rights bill passed, as if they are being trolled

[ACTION]
2. Verbal Abuse

[SUBCATEGORIES]
['Name-calling/Insults']

[PARENTLABELS]
['hate_speech']

[ACTION_CLEAN]
verbal abuse",1,0.9178997874259949,1,0,0.1152985543012619,0,0,0.12601183354854584,0,0,0.11110251396894455,0,0,0.10764268040657043,0,0,0.10055536031723022,0,0,0.11618444323539734,0,0,0.09552597254514694,0,0,0.10345485806465149,0
108,hate_video_44.mp4,hate_video_44,train,0,"[SCENE]
black man was seen sleeping on his class table, and an insulting music being played

[ACTION]
2. Verbal Abuse

[SUBCATEGORIES]
['Name-calling/Insults']

[PARENTLABELS]
['hate_speech']

[ACTION_CLEAN]
verbal abuse",1,0.9198287129402161,1,0,0.11578141152858734,0,0,0.1275627762079239,0,0,0.11246330291032791,0,0,0.10593367367982864,0,0,0.09861460328102112,0,0,0.11642293632030487,0,0,0.09598290175199509,0,0,0.1054563820362091,0
109,hate_video_44.mp4,hate_video_44,train,0,"[SCENE]
2 people are playing chess, white man chooses the white coloured soldeir and black man chooses the black ones, with a gun and a knife on the table near them

[ACTION]
3. Discrimination

[SUBCATEGORIES]
['Background/Origin Discrimination']

[PARENTLABELS]
['discrimination']

[ACTION_CLEAN]
discrimination",0,0.1061415746808052,0,1,0.8958025574684143,1,0,0.1124080941081047,0,0,0.11427094042301178,0,0,0.1393193006515503,0,0,0.12986429035663605,0,0,0.10082907229661942,0,0,0.11483334749937057,0,0,0.11061135679483414,0
110,hate_video_45.mp4,hate_video_45,train,0,"[SCENE]
a car was seen dropping a black man near a house with a street light, an old man opens the door and let that black man inside

[ACTION]
9. Non-Hate

[SUBCATEGORIES]
['Non-Hate']

[PARENTLABELS]
['neutral']

[ACTION_CLEAN]
non-hate",0,0.07971175014972687,0,0,0.0703197494149208,0,0,0.05826926976442337,0,0,0.07613227516412735,0,0,0.08072502166032791,0,0,0.0889933630824089,0,0,0.07117731124162674,0,0,0.06508687138557434,0,0,0.06674405187368393,0
111,hate_video_45.mp4,hate_video_45,train,0,"[SCENE]
black man stafrted talking to the kids and the old man inside the house, and they all went inside a room

[ACTION]
9. Non-Hate

[SUBCATEGORIES]
['Non-Hate']

[PARENTLABELS]
['neutral']

[ACTION_CLEAN]
non-hate",0,0.08024820685386658,0,0,0.06995288282632828,0,0,0.057501185685396194,0,0,0.07605095207691193,0,0,0.08138319849967957,0,0,0.08869631588459015,0,0,0.072936050593853,0,0,0.065538689494133,0,0,0.0672094076871872,0
112,hate_video_45.mp4,hate_video_45,train,0,"[SCENE]
black man puts his tools box on the table and mentioned that they need to use these tools to get a nigger caught, he then mentioned about the tools

[ACTION]
10. Scene

[SUBCATEGORIES]
['planning']

[PARENTLABELS]
['neutral']

[ACTION_CLEAN]
scene",1,0.9456421136856079,1,1,0.8732138872146606,1,1,0.8822154402732849,1,0,0.16339780390262604,0,0,0.1763978898525238,0,0,0.20071642100811005,0,0,0.12815995514392853,0,0,0.12025386840105057,0,0,0.1315753012895584,0
113,hate_video_45.mp4,hate_video_45,train,0,"[SCENE]
old man with the kids, and the black man started climbing the stairs, while the black man was telling them the plans that what possibly could this nigger do

[ACTION]
10. Scene

[SUBCATEGORIES]
['planning']

[PARENTLABELS]
['neutral']

[ACTION_CLEAN]
scene",1,0.9397240281105042,1,1,0.8964450359344482,1,1,0.8833516836166382,1,0,0.1748810112476349,0,0,0.1606035828590393,0,0,0.2218368500471115,0,0,0.11873842775821686,0,0,0.14506027102470398,0,0,0.1497875303030014,0
114,hate_video_45.mp4,hate_video_45,train,0,"[SCENE]
the kids, the old man and the black man then gets inside a room where another nigger was tied up bed as if he was possessed, the man lying on the bed started lkaughing as he listens the plan of the black man. room things can be seen roaming and moving around in the air as if they are controlled by some power

[ACTION]
2. Verbal Abuse

[SUBCATEGORIES]
['Name-calling/Insults']

[PARENTLABELS]
['hate_speech']

[ACTION_CLEAN]
verbal abuse",1,0.9227336645126343,1,0,0.12103619426488876,0,0,0.12656117975711823,0,0,0.11607465893030167,0,0,0.10752898454666138,0,0,0.10201484709978104,0,0,0.11493286490440369,0,0,0.09572674334049225,0,0,0.1050604060292244,0
115,hate_video_46.mp4,hate_video_46,train,0,"[SCENE]
a man wearing shirt with a guitar type instrument in his hand can be seen playing it and singing a song in unidentified language

[ACTION]
10. Scene

[SUBCATEGORIES]
['singing']

[PARENTLABELS]
['neutral']

[ACTION_CLEAN]
scene",0,0.1301097422838211,0,0,0.06502306461334229,0,0,0.12205526977777481,0,0,0.1024375632405281,0,0,0.27540358901023865,0,0,0.1144305169582367,0,0,0.08453787118196487,0,0,0.08341063559055328,0,0,0.0682809054851532,0
116,hate_video_47.mp4,hate_video_47,val,0,"[SCENE]
a man in the night time can be seen running towards his door, screeming ""dad dad"" so as to get help, he was caught by some policemen at the front of his door then. cops forced him and tried to put him down on the floor meanwhile using cuss words, the man kept yelling for help from his dad

[ACTION]
10. Scene

[SUBCATEGORIES]
['verbal aggression']

[PARENTLABELS]
['neutral']

[ACTION_CLEAN]
scene",0,0.5668527483940125,0,0,0.5537521243095398,0,0,0.27838727831840515,0,0,0.5249682068824768,0,1,0.7397028803825378,1,1,0.7856508493423462,1,0,0.08071943372488022,0,0,0.2836116552352905,0,0,0.18936599791049957,0
117,hate_video_48.mp4,hate_video_48,train,0,"[SCENE]
a clip taken from omegle live streaming where a man dressed wierdly shows a gun to the woman on the camera, and a nigger card pops out when shooted towards her

[ACTION]
2. Verbal Abuse

[SUBCATEGORIES]
['Name-calling/Insults']

[PARENTLABELS]
['hate_speech']

[ACTION_CLEAN]
verbal abuse",1,0.9310569167137146,1,0,0.12513449788093567,0,0,0.13105720281600952,0,0,0.12113659083843231,0,0,0.1304088979959488,0,0,0.09900001436471939,0,0,0.11160953342914581,0,0,0.09765647351741791,0,0,0.10474151372909546,0
118,hate_video_49.mp4,hate_video_49,train,0,"[SCENE]
a clip taken from omegle live streaming where a man dressed wierdly asked the another man on the video call if he is a nigger , in reply another man asked if he is a bitch , both of them kept mocking each other for thier appearances and IQ and laughing at each other throughout the video

[ACTION]
2. Verbal Abuse

[SUBCATEGORIES]
['Name-calling/Insults']

[PARENTLABELS]
['hate_speech']

[ACTION_CLEAN]
verbal abuse",1,0.9256335496902466,1,0,0.12174619734287262,0,0,0.13200879096984863,0,0,0.11783204227685928,0,0,0.10950779169797897,0,0,0.10320812463760376,0,0,0.11555958539247513,0,0,0.09904853254556656,0,0,0.10624861717224121,0
119,hate_video_50.mp4,hate_video_50,train,0,"[SCENE]
a dark green screen with text written: ""politically incorrect Joke#3"" ""REPLACING PEOPLE WITH CANNIBALS""

[ACTION]
2. Verbal Abuse

[SUBCATEGORIES]
['Name-calling/Insults']

[PARENTLABELS]
['hate_speech']

[ACTION_CLEAN]
verbal abuse",1,0.9249293804168701,1,0,0.11966939270496368,0,0,0.13520653545856476,0,0,0.11456773430109024,0,0,0.10751228034496307,0,0,0.09946508705615997,0,0,0.11450806260108948,0,0,0.09827245771884918,0,0,0.10683342069387436,0
120,hate_video_50.mp4,hate_video_50,train,0,"[SCENE]
The image contains a block of text presenting a racist “question and answer,” followed by a so-called “moral of the fable.” It uses racial slurs, dehumanizing language, and false claims to insult and attack multiple racial groups, especially Black people.

[ACTION]
10. Scene

[SUBCATEGORIES]
['racist propoganda']

[PARENTLABELS]
['discrimination']

[ACTION_CLEAN]
scene",1,0.8953227400779724,1,1,0.9529887437820435,1,1,0.9184232354164124,1,0,0.1603211760520935,0,0,0.28370028734207153,0,0,0.277906596660614,0,0,0.12820270657539368,0,0,0.13482637703418732,0,0,0.16471755504608154,0
121,hate_video_50.mp4,hate_video_50,train,0,"[SCENE]
green screen with credits and references mentioned on it, like from where the thing has been taken

[ACTION]
10. Scene

[SUBCATEGORIES]
['reference']

[PARENTLABELS]
['neutral']

[ACTION_CLEAN]
scene",0,0.0635613203048706,0,0,0.09995254129171371,0,0,0.11181831359863281,0,0,0.07233224809169769,0,0,0.0730433464050293,0,0,0.10450547933578491,0,0,0.08426593244075775,0,0,0.061765655875205994,0,0,0.05821140483021736,0
122,hate_video_50.mp4,hate_video_50,train,0,"[SCENE]
2 images in both clips are collages that compare clean, prosperous places with scenes of poverty, destruction, and violence. They use side-by-side photos and bold text to push a political and racial message, suggesting decline by blaming certain groups.

[ACTION]
10. Scene

[SUBCATEGORIES]
['crisis']

[PARENTLABELS]
['fear']

[ACTION_CLEAN]
scene",0,0.4777773916721344,0,1,0.8574400544166565,1,1,0.8361760973930359,1,0,0.22356772422790527,0,1,0.8036587834358215,1,0,0.5640718936920166,0,0,0.15548507869243622,0,0,0.17564930021762848,0,0,0.2138483077287674,0
123,hate_video_50.mp4,hate_video_50,train,0,"[SCENE]
The 2 clips/frames are propaganda-style collages that promote racist and white-supremacist ideas. They compare South Africa under apartheid and after democracy using selective statistics and claims to argue that Black rule caused violence and decline, and they promote conspiracy narratives about “white genocide.” The second image groups people by race, glorifies white ancestry, and portrays non-white groups negatively, urging viewers to “wake up” and reject diversity.

[ACTION]
10. Scene

[SUBCATEGORIES]
['crisis']

[PARENTLABELS]
['fear']

[ACTION_CLEAN]
scene",1,0.8651981353759766,1,1,0.9472163915634155,1,1,0.9419299960136414,1,0,0.16427993774414062,0,0,0.3917990028858185,1,0,0.316008985042572,0,0,0.13439345359802246,0,0,0.14448122680187225,0,0,0.19443097710609436,0
124,hate_video_51.mp4,hate_video_51,train,0,"[SCENE]
few black men can be seen riding a horse slowly in a small town filled with white peoples in a clear daylight, while the white people looking at them from thier places in a suspicious way

[ACTION]
9. Non-Hate

[SUBCATEGORIES]
['Non-Hate']

[PARENTLABELS]
['neutral']

[ACTION_CLEAN]
non-hate",0,0.08051147311925888,0,0,0.07281284034252167,0,0,0.05843641981482506,0,0,0.07734738290309906,0,0,0.07682560384273529,0,0,0.08892057836055756,0,0,0.07362043112516403,0,0,0.06542564928531647,0,0,0.06801556795835495,0
125,hate_video_51.mp4,hate_video_51,train,0,"[SCENE]
a balck man used his gun and arms to kill white peoples, his name is fred williamson, he is the boss nigger

[ACTION]
1. Violence in Animation

[SUBCATEGORIES]
['Weapon Usage (Fantasy/Real)']

[PARENTLABELS]
['violence']

[ACTION_CLEAN]
violence in animation",0,0.1019221693277359,0,0,0.09722498804330826,0,0,0.07718641310930252,0,0,0.09986443817615509,0,1,0.9286462068557739,1,0,0.08842740952968597,0,0,0.09701960533857346,0,0,0.09035056829452515,0,0,0.08443383127450943,0
126,hate_video_51.mp4,hate_video_51,train,0,"[SCENE]
a black man was talking to someone else, while on the other frame few of them were seen capturing and killing white peoples

[ACTION]
1. Violence in Animation

[SUBCATEGORIES]
['Weapon Usage (Fantasy/Real)']

[PARENTLABELS]
['violence']

[ACTION_CLEAN]
violence in animation",0,0.09027891606092453,0,0,0.09461155533790588,0,0,0.07714489847421646,0,0,0.09945913404226303,0,1,0.930863618850708,1,0,0.09779926389455795,0,0,0.09720093756914139,0,0,0.09069204330444336,0,0,0.0873948484659195,0
127,hate_video_51.mp4,hate_video_51,train,0,"[SCENE]
a black man captured a woman wearinhg white dress, took her on his horse, ran away while the other one kept firing at a group of white horsemen.

[ACTION]
1. Violence in Animation

[SUBCATEGORIES]
['Weapon Usage (Fantasy/Real)']

[PARENTLABELS]
['violence']

[ACTION_CLEAN]
violence in animation",0,0.0930553674697876,0,0,0.0877237468957901,0,0,0.07581732422113419,0,0,0.0994490534067154,0,1,0.9283734560012817,1,0,0.09379404038190842,0,0,0.098716601729393,0,0,0.09305869042873383,0,0,0.09121755510568619,0
128,hate_video_51.mp4,hate_video_51,train,0,"[SCENE]
2 black men, one is wearing a hat, are sitting on the chair table outside and talking to each other

[ACTION]
9. Non-Hate

[SUBCATEGORIES]
['Non-Hate']

[PARENTLABELS]
['neutral']

[ACTION_CLEAN]
non-hate",0,0.07953710854053497,0,0,0.0679408609867096,0,0,0.05740140378475189,0,0,0.07590815424919128,0,0,0.08251973986625671,0,0,0.09019015729427338,0,0,0.07273544371128082,0,0,0.0654606968164444,0,0,0.06739029288291931,0
129,hate_video_53.mp4,hate_video_53,train,0,"[SCENE]
the clip is from omegle live streaming, where a man in joker attire constantly mocks and trolls another person in the video call for being black and calls him nigger. the black man enlarged his eyes listening to the joker, then he also started making fun of the joker. meanwhile joker asked him to show a monkey dance

[ACTION]
3. Discrimination

[SUBCATEGORIES]
['Background/Origin Discrimination']

[PARENTLABELS]
['discrimination']

[ACTION_CLEAN]
discrimination",0,0.1059098169207573,0,1,0.903398334980011,1,0,0.12275927513837814,0,0,0.1113344356417656,0,0,0.12489890307188034,0,0,0.13444575667381287,0,0,0.09952536970376968,0,0,0.11585456132888794,0,0,0.11298318952322006,0
130,hate_video_53.mp4,hate_video_53,train,0,"[SCENE]
man in joker attire threatens the black guy with a gun in the omegle video call, asking him ""how about i shoot you"". they both again started mocking and insulting each other on thier races

[ACTION]
1. Violence in Animation

[SUBCATEGORIES]
['Weapon Usage (Fantasy/Real)']

[PARENTLABELS]
['violence']

[ACTION_CLEAN]
violence in animation",0,0.09921898692846298,0,0,0.0947614386677742,0,0,0.07769785076379776,0,0,0.1038074865937233,0,1,0.9361146688461304,1,0,0.09626390039920807,0,0,0.09464500844478607,0,0,0.09370280802249908,0,0,0.09074677526950836,0
131,hate_video_54.mp4,hate_video_54,val,0,"[SCENE]
The clip has an image that appears to be a digitally edited or meme-style photo showing a man with a muscular build wearing a bra and dark pants, standing outdoors near a brick structure. His head has been altered to resemble a well-known public figure ""barack obama"", and there are grocery items balanced on his head, adding a humorous or mocking tone. The image seems intentionally exaggerated and unrealistic. a music that trolls and insults niggers is being played constantly

[ACTION]
10. Scene

[SUBCATEGORIES]
['racist meme']

[PARENTLABELS]
['discrimination']

[ACTION_CLEAN]
scene",1,0.9382292032241821,1,1,0.8919963240623474,1,1,0.9234234094619751,1,0,0.1717081516981125,0,0,0.1993425339460373,0,0,0.21228796243667603,0,0,0.1594119369983673,0,0,0.11139583587646484,0,0,0.14651872217655182,0
132,hate_video_55.mp4,hate_video_55,train,0,"[SCENE]
The image shows an elderly man sitting on a wooden bench against a light-colored wall. He is wearing glasses, a cap, and a button-up shirt. He is holding a framed award or plaque that appears to contain a record or disc, suggesting recognition for music or an achievement. His expression is calm and serious, and the scene looks formal and respectful. nigger music is constantly playing with a guitar tone.

[ACTION]
10. Scene

[SUBCATEGORIES]
['racist meme']

[PARENTLABELS]
['discrimination']

[ACTION_CLEAN]
scene",1,0.9306735396385193,1,1,0.8411557078361511,1,1,0.9014238715171814,1,0,0.13360674679279327,0,0,0.14786052703857422,0,0,0.14374925196170807,0,0,0.14781469106674194,0,0,0.09652891010046005,0,0,0.12949764728546143,0
133,hate_video_56.mp4,hate_video_56,train,0,"[SCENE]
few mens dressed in soldier uniform, laughing at a bald black man sitting on the chair outside wearing a hoodie and shades, while nigger music with guitar tone is playing in background

[ACTION]
10. Scene

[SUBCATEGORIES]
['racist meme']

[PARENTLABELS]
['discrimination']

[ACTION_CLEAN]
scene",1,0.8960270285606384,1,1,0.7099348902702332,0,1,0.8655005693435669,1,0,0.09843315184116364,0,0,0.1283520758152008,0,0,0.11703450232744217,0,0,0.1594904512166977,0,0,0.08622606098651886,0,0,0.10848649591207504,0
134,hate_video_57.mp4,hate_video_57,train,0,"[SCENE]
2 blue and white magical flames came out from right ad left side of the screen and joined making a circle of magucal power, a small red rectangle placed at the right bottom corner with the text: filmmaker pro with a film logo

[ACTION]
1. Violence in Animation

[SUBCATEGORIES]
['Magical Attacks/Powers']

[PARENTLABELS]
['violence']

[ACTION_CLEAN]
violence in animation",0,0.08952727913856506,0,0,0.08350782841444016,0,0,0.07385081052780151,0,0,0.09220851212739944,0,1,0.9151857495307922,1,0,0.08810020238161087,0,0,0.0959077924489975,0,0,0.08472036570310593,0,0,0.08896393328905106,0
135,hate_video_57.mp4,hate_video_57,train,0,"[SCENE]
a news that says: muslims admits to plotting jihad massacres ata madame tussauds, st pauls cathedral....and a date time stamp below it, with 8 comments and filmmaker pro written in a rectangular box at the bottom right corner

[ACTION]
8. Age-Inappropriate Themes

[SUBCATEGORIES]
['Religious Conflicts']

[PARENTLABELS]
['discrimination']

[ACTION_CLEAN]
age-inappropriate themes",0,0.09982864558696747,0,0,0.10450804978609085,0,0,0.11841364204883575,0,0,0.11798196285963058,0,0,0.10157085955142975,0,0,0.11355552077293396,0,1,0.9405660033226013,1,0,0.11119219660758972,0,0,0.12116733193397522,0
136,hate_video_57.mp4,hate_video_57,train,0,"[SCENE]
artcile written related to islam conversion, with a white man below it in a frame with white t shirt

[ACTION]
8. Age-Inappropriate Themes

[SUBCATEGORIES]
['Religious Conflicts']

[PARENTLABELS]
['discrimination']

[ACTION_CLEAN]
age-inappropriate themes",0,0.10888242721557617,0,0,0.10453756898641586,0,0,0.12324181944131851,0,0,0.11972695589065552,0,0,0.10259337723255157,0,0,0.10993354022502899,0,1,0.9425233602523804,1,0,0.11124728620052338,0,0,0.11793765425682068,0
137,hate_video_57.mp4,hate_video_57,train,0,"[SCENE]
article related to a man who has been pleaded guilty for plotting a terror attack on londons oxford street and raising money for terrorism is displayed on the screen, and the article is from BBC, published on august 10,2018

[ACTION]
8. Age-Inappropriate Themes

[SUBCATEGORIES]
['Religious Conflicts']

[PARENTLABELS]
['discrimination']

[ACTION_CLEAN]
age-inappropriate themes",0,0.0962340384721756,0,0,0.10723411291837692,0,0,0.11619579792022705,0,0,0.11430873721837997,0,0,0.10512534528970718,0,0,0.1129714623093605,0,1,0.9415379762649536,1,0,0.11101460456848145,0,0,0.12070482969284058,0
138,hate_video_57.mp4,hate_video_57,train,0,"[SCENE]
the man was pleaded guilty at the old baily which will be sentenced to death on 2 november. A man named ludlow from rochester,kent is suspected to have killed 100 people and he first came to the attention of police in 2010, he is related to muhajiroun group.

[ACTION]
10. Scene

[SUBCATEGORIES]
['Terrorism News/Article']

[PARENTLABELS]
['illegal']

[ACTION_CLEAN]
scene",0,0.21095897257328033,0,0,0.2254536747932434,0,0,0.19741982221603394,0,0,0.5384741425514221,0,1,0.891766369342804,1,1,0.8550752401351929,1,0,0.19939112663269043,0,1,0.7235013842582703,0,0,0.3126792013645172,0
139,hate_video_58.mp4,hate_video_58,train,0,"[SCENE]
It’s a meme-style image in a clip with a dark, starry space background in blue and purple tones. A faint moon shape is visible on one side, and a star appears on the other, both blended softly into the scene, giving it a dreamy, cosmic look. a racial music for niggers in the background with drum,piano and guitar music is being played

[ACTION]
3. Discrimination

[SUBCATEGORIES]
['Background/Origin Discrimination']

[PARENTLABELS]
['discrimination']

[ACTION_CLEAN]
discrimination",0,0.10565850138664246,0,1,0.9020739197731018,1,0,0.12523673474788666,0,0,0.11356627196073532,0,0,0.11982864141464233,0,0,0.1353747397661209,0,0,0.09764114022254944,0,0,0.11811760067939758,0,0,0.11543428897857666,0
140,hate_video_60.mp4,hate_video_60,test,0,"[SCENE]
The clip shows a computer screen running OBS Studio on a Linux (Ubuntu) desktop. The screen capture creates a recursive “infinite mirror” effect, where the OBS window is repeatedly captured inside itself. On the right side of the OBS preview, a small webcam feed shows a person sitting indoors. Various desktop icons and OBS panels (Scenes, Sources, Audio Mixer) are visible, giving it the look of a screen-recording or livestream setup. the man in the camera speaks aggresively and inappropriately about the niggers

[ACTION]
5. Inappropriate Content

[SUBCATEGORIES]
['Inappropriate Language']

[PARENTLABELS]
['neutral']

[ACTION_CLEAN]
inappropriate content",0,0.09523014724254608,0,0,0.1028592586517334,0,0,0.11794690042734146,0,0,0.11122864484786987,0,0,0.11638086289167404,0,0,0.09164240211248398,0,1,0.9359662532806396,1,0,0.10247068852186203,0,0,0.11428048461675644,0
141,hate_video_61.mp4,hate_video_61,test,0,"[SCENE]
a man in this clip could be seen working on is computer inside his room with a white background ,wearing a swearshirt and a shirt inside

[ACTION]
9. Non-Hate

[SUBCATEGORIES]
['Non-Hate']

[PARENTLABELS]
['neutral']

[ACTION_CLEAN]
non-hate",0,0.08007234334945679,0,0,0.06946287304162979,0,0,0.059200387448072433,0,0,0.07601062208414078,0,0,0.07889888435602188,0,0,0.08860493451356888,0,0,0.07313770800828934,0,0,0.06474178284406662,0,0,0.06657126545906067,0
142,hate_video_61.mp4,hate_video_61,test,0,"[SCENE]
a man in his camera setup started talking with the imaginary people(who are listening to him which is not been displayed on the screen), about the black peoples, mentioning how they are a crime and drug users and mentioned many more disrespectful things about niggers

[ACTION]
5. Inappropriate Content

[SUBCATEGORIES]
['Inappropriate Language']

[PARENTLABELS]
['neutral']

[ACTION_CLEAN]
inappropriate content",0,0.10066603869199753,0,0,0.10263416171073914,0,0,0.11318832635879517,0,0,0.11528448015451431,0,0,0.11270265281200409,0,0,0.10100918263196945,0,1,0.9410820603370667,1,0,0.10643629729747772,0,0,0.11574172973632812,0
143,hate_video_61.mp4,hate_video_61,test,0,"[SCENE]
a man on his camera setup, talking with the imaginary people(who are listening to him which is not been displayed on the screen), mentioning about the racist part which are black peoples

[ACTION]
5. Inappropriate Content

[SUBCATEGORIES]
['Inappropriate Language']

[PARENTLABELS]
['neutral']

[ACTION_CLEAN]
inappropriate content",0,0.09752029180526733,0,0,0.09648968279361725,0,0,0.10983467847108841,0,0,0.11780326068401337,0,0,0.11235050112009048,0,0,0.10265728831291199,0,1,0.9379364252090454,1,0,0.10505551099777222,0,0,0.11593136191368103,0
144,hate_video_62.mp4,hate_video_62,train,0,"[SCENE]
a black man wearing a black suit named Darryl Glenn has been called upon the stage near mic, the clip repeated his words ""somebody with a nice tan"" 3 times

[ACTION]
5. Inappropriate Content

[SUBCATEGORIES]
['Inappropriate Language']

[PARENTLABELS]
['neutral']

[ACTION_CLEAN]
inappropriate content",0,0.09862461686134338,0,0,0.09598811715841293,0,0,0.11082760244607925,0,0,0.11832195520401001,0,0,0.11000729352235794,0,0,0.10240025818347931,0,1,0.9387149214744568,1,0,0.10570476204156876,0,0,0.11672800034284592,0
145,hate_video_62.mp4,hate_video_62,train,0,"[SCENE]
a notice to darryl glenn which says ""you have more than a nice tan! nigga you blue!"" so as to mock and troll him

[ACTION]
3. Discrimination

[SUBCATEGORIES]
['Background/Origin Discrimination']

[PARENTLABELS]
['discrimination']

[ACTION_CLEAN]
discrimination",0,0.10984314978122711,0,1,0.9096725583076477,1,0,0.13711537420749664,0,0,0.11006833612918854,0,0,0.1190710961818695,0,0,0.12587755918502808,0,0,0.100220687687397,0,0,0.11602137237787247,0,0,0.11051550507545471,0
146,hate_video_62.mp4,hate_video_62,train,0,"[SCENE]
darryl glenn near the mic says ""somebody with a nice tan needs to say this..all lives matter"", wearing a black suit and a red tye

[ACTION]
3. Discrimination

[SUBCATEGORIES]
['Background/Origin Discrimination']

[PARENTLABELS]
['discrimination']

[ACTION_CLEAN]
discrimination",0,0.1002809926867485,0,1,0.8978404998779297,1,0,0.1190795823931694,0,0,0.10996860265731812,0,0,0.1239808201789856,0,0,0.1317187249660492,0,0,0.10422318428754807,0,0,0.11591721326112747,0,0,0.11382431536912918,0
147,hate_video_64.mp4,hate_video_64,test,0,"[SCENE]
a compiler window on computer with a man in the corner frame is seen talking to a person on the call, says ""he is a proffesional not a nigger , he could make his own compiler unlike niggers""

[ACTION]
3. Discrimination

[SUBCATEGORIES]
['Background/Origin Discrimination']

[PARENTLABELS]
['discrimination']

[ACTION_CLEAN]
discrimination",0,0.10455002635717392,0,1,0.9031240344047546,1,0,0.12707561254501343,0,0,0.1105266660451889,0,0,0.12502959370613098,0,0,0.12745195627212524,0,0,0.10036435723304749,0,0,0.11559279263019562,0,0,0.1104525774717331,0
148,hate_video_65.mp4,hate_video_65,test,0,"[SCENE]
The image in this clip is a racist cartoon showing a ship labeled “U.S.S. Cadillac” overcrowded with caricatured people being dumped into the ocean. Large text at the bottom contains an explicit racial slur and calls for deportation. The imagery is exaggerated and meant to demean and dehumanize a racial group. a racial music mentioning niggers in being played

[ACTION]
3. Discrimination

[SUBCATEGORIES]
['Background/Origin Discrimination']

[PARENTLABELS]
['discrimination']

[ACTION_CLEAN]
discrimination",0,0.11556396633386612,0,1,0.9149678349494934,1,0,0.13365672528743744,0,0,0.11264372617006302,0,0,0.1266394853591919,0,0,0.13874374330043793,0,0,0.10151909291744232,0,0,0.11705714464187622,0,0,0.11612875759601593,0
149,hate_video_66.mp4,hate_video_66,train,0,"[SCENE]
an animated cartoon train coming from behind the earth which seems like an ad, can be seen travelling towards front inside a tunnel, and the ad says: TARIQRADIO.COM PRESENTS and COON TRAINS written in front of tunnel

[ACTION]
10. Scene

[SUBCATEGORIES]
['introduction']

[PARENTLABELS]
['neutral']

[ACTION_CLEAN]
scene",0,0.06838901340961456,0,0,0.08524119108915329,0,0,0.12381773442029953,0,0,0.07587726414203644,0,0,0.07320770621299744,0,0,0.12306369096040726,0,0,0.0997629463672638,0,0,0.058797743171453476,0,0,0.05954989045858383,0
150,hate_video_66.mp4,hate_video_66,train,0,"[SCENE]
a black man dancing in black pants and orange shirt, with few men around him inside a room with a nigger music

[ACTION]
3. Discrimination

[SUBCATEGORIES]
['Background/Origin Discrimination']

[PARENTLABELS]
['discrimination']

[ACTION_CLEAN]
discrimination",0,0.10131140798330307,0,1,0.8953302502632141,1,0,0.1192946806550026,0,0,0.10923133045434952,0,0,0.12306316941976547,0,0,0.1292792409658432,0,0,0.10207424312829971,0,0,0.11373991519212723,0,0,0.10995947569608688,0
151,hate_video_66.mp4,hate_video_66,train,0,"[SCENE]
another black man dancing in blue trousers and yellow shirt, with few more black men around him inside a room with a nigger background music

[ACTION]
3. Discrimination

[SUBCATEGORIES]
['Background/Origin Discrimination']

[PARENTLABELS]
['discrimination']

[ACTION_CLEAN]
discrimination",0,0.10173258930444717,0,1,0.896115243434906,1,0,0.11647728085517883,0,0,0.11055061221122742,0,0,0.1267031729221344,0,0,0.12842373549938202,0,0,0.10333456099033356,0,0,0.11579281836748123,0,0,0.1130937933921814,0
152,hate_video_66.mp4,hate_video_66,train,0,"[SCENE]
a black man dancing in black suits but in half trousers and white socks visible, with few more black men around him inside a room with a nigger background music

[ACTION]
3. Discrimination

[SUBCATEGORIES]
['Background/Origin Discrimination']

[PARENTLABELS]
['discrimination']

[ACTION_CLEAN]
discrimination",0,0.09942606091499329,0,1,0.8974255323410034,1,0,0.12038064748048782,0,0,0.11067873984575272,0,0,0.12406139820814133,0,0,0.13062246143817902,0,0,0.10298239439725876,0,0,0.11573151499032974,0,0,0.11128639429807663,0
153,hate_video_68.mp4,hate_video_68,test,0,"[SCENE]
morgan freeman, a black american saying "" we have been attacked, we are at war.""

[ACTION]
4. Psychological Elements

[SUBCATEGORIES]
['Fear-inducing Scenes']

[PARENTLABELS]
['fear']

[ACTION_CLEAN]
psychological elements",0,0.15189625322818756,0,0,0.14997397363185883,0,0,0.15384721755981445,0,0,0.19727680087089539,0,0,0.14455518126487732,0,1,0.9239476919174194,1,0,0.15862396359443665,0,0,0.14136435091495514,0,0,0.17176002264022827,0
154,hate_video_68.mp4,hate_video_68,test,0,"[SCENE]
many people can be seen shouting, yelling in 2 3 frames like they are protesting against something

[ACTION]
10. Scene

[SUBCATEGORIES]
['Shouting']

[PARENTLABELS]
['threat']

[ACTION_CLEAN]
scene",0,0.533324658870697,0,0,0.27290046215057373,0,0,0.4815078377723694,0,0,0.1310804784297943,0,1,0.6918713450431824,1,1,0.6355780363082886,0,0,0.10531849414110184,0,0,0.14687472581863403,0,0,0.16085000336170197,0
155,hate_video_68.mp4,hate_video_68,test,0,"[SCENE]
a photo of donald trump comes onto the screen, him smiling at the camera, near the podium standing in front of the american national flag

[ACTION]
10. Scene

[SUBCATEGORIES]
['Smiling']

[PARENTLABELS]
['neutral']

[ACTION_CLEAN]
scene",0,0.10057811439037323,0,0,0.1231636330485344,0,0,0.12784571945667267,0,0,0.07664937525987625,0,0,0.0838174894452095,0,0,0.11094984412193298,0,0,0.0655461773276329,0,0,0.07345980405807495,0,0,0.05905964970588684,0
156,hate_video_68.mp4,hate_video_68,test,0,"[SCENE]
a man with a blue suit yelling at the mic, talking about freedom and asking to turn something like froge or frog

[ACTION]
7. Behavioral Issues

[SUBCATEGORIES]
['Aggressive Reactions']

[PARENTLABELS]
['threat']

[ACTION_CLEAN]
behavioral issues",0,0.30688774585723877,0,0,0.1166800931096077,0,0,0.1539628952741623,0,1,0.840785026550293,0,0,0.18813979625701904,0,0,0.25878727436065674,0,0,0.20285272598266602,0,0,0.22054006159305573,0,0,0.19554822146892548,0
157,hate_video_68.mp4,hate_video_68,test,0,"[SCENE]
a man in suit outside a house who has been caught by cops, is on a video call with someone, with his cuffs on and a fat lady beside him in red dress

[ACTION]
10. Scene

[SUBCATEGORIES]
['caught']

[PARENTLABELS]
['neutral']

[ACTION_CLEAN]
scene",0,0.14267075061798096,0,0,0.20877081155776978,0,0,0.1776188313961029,0,0,0.1840049922466278,0,0,0.17659734189510345,0,0,0.30999845266342163,0,0,0.08419308811426163,0,0,0.10979028791189194,0,0,0.1036396473646164,0
158,hate_video_68.mp4,hate_video_68,test,0,"[SCENE]
a policeman talking to a media interviewer lady with a mic in her hand, they seems to be outsiude a shop near footpath

[ACTION]
1. Violence in Animation

[SUBCATEGORIES]
['interview']

[PARENTLABELS]
['neutral']

[ACTION_CLEAN]
violence in animation",0,0.09088698029518127,0,0,0.08136092871427536,0,0,0.07112577557563782,0,0,0.09398993849754333,0,1,0.9126167297363281,1,0,0.08641355484724045,0,0,0.09685526043176651,0,0,0.08593587577342987,0,0,0.08608362078666687,0
159,hate_video_68.mp4,hate_video_68,test,0,"[SCENE]
The image is a news screenshot showing mugshots of two men alongside a headline stating they were jailed for tying bacon to the door handles of a mosque, an act intended to offend Muslims.

[ACTION]
8. Age-Inappropriate Themes

[SUBCATEGORIES]
['Religious Conflicts', ' interview']

[PARENTLABELS]
['neutral', 'discrimination']

[ACTION_CLEAN]
age-inappropriate themes",0,0.1016121506690979,0,0,0.10923903435468674,0,0,0.12335420399904251,0,0,0.11851990967988968,0,0,0.10501062124967575,0,0,0.1111973375082016,0,1,0.9446461200714111,1,0,0.11226144433021545,0,0,0.12267100065946579,0
160,hate_video_68.mp4,hate_video_68,test,0,"[SCENE]
The image in the clip shows a serious-looking portrait of a female political figure with bold text accusing her of betraying the country. The text includes phrases like “Betrayal of Britain,” “Wanted for Treason,” and “Death of Brexit,” framing her negatively and blaming her for a political outcome.

[ACTION]
8. Age-Inappropriate Themes

[SUBCATEGORIES]
['Political References', ' interview']

[PARENTLABELS]
['neutral']

[ACTION_CLEAN]
age-inappropriate themes",0,0.0964404046535492,0,0,0.11137556284666061,0,0,0.11678491532802582,0,0,0.11168751120567322,0,0,0.0987561047077179,0,0,0.11311066150665283,0,1,0.9399590492248535,1,0,0.10701129585504532,0,0,0.12519876658916473,0
161,hate_video_69.mp4,hate_video_69,train,0,"[SCENE]
an old man outside his near bushes says "" this is a no nigger zone"" followed by cartoon dancing to the song

[ACTION]
2. Verbal Abuse

[SUBCATEGORIES]
['Name-calling/Insults', ' interview']

[PARENTLABELS]
['neutral', 'hate_speech']

[ACTION_CLEAN]
verbal abuse",1,0.9268819689750671,1,0,0.11762961000204086,0,0,0.13568542897701263,0,0,0.11678174138069153,0,0,0.10894067585468292,0,0,0.10030407458543777,0,0,0.11974887549877167,0,0,0.09892422705888748,0,0,0.10926053673028946,0
162,hate_video_70.mp4,hate_video_70,train,0,"[SCENE]
The image appears to be an old sheet-music cover with repeated cartoon caricatures of Black faces wearing green hats and bow ties. The title text uses a racist slur (“Coon Coon Coon”) and reflects early 20th-century minstrel imagery. The design is bright red and styled like vintage music advertising.

[ACTION]
10. Scene

[SUBCATEGORIES]
['Racist meme']

[PARENTLABELS]
['discrimination']

[ACTION_CLEAN]
scene",0,0.4127272963523865,0,1,0.8269004225730896,1,1,0.8542917966842651,1,0,0.07856187969446182,0,0,0.10087286680936813,0,0,0.10385563969612122,0,0,0.17203113436698914,0,0,0.07438270002603531,0,0,0.10114691406488419,0
163,hate_video_71.mp4,hate_video_71,train,0,"[SCENE]
a muslim reporter, introducing a little girl named basmallah as a guest, mentioning her as a true muslim and asking for them to get education, proper manners and all

[ACTION]
10. Scene

[SUBCATEGORIES]
['reporting']

[PARENTLABELS]
['neutral']

[ACTION_CLEAN]
scene",0,0.10377074778079987,0,0,0.1531115174293518,0,0,0.13336211442947388,0,0,0.09533046185970306,0,0,0.08169040828943253,0,0,0.13549472391605377,0,0,0.09966102242469788,0,0,0.07045111060142517,0,0,0.07708339393138885,0
164,hate_video_71.mp4,hate_video_71,train,0,"[SCENE]
a muslim girl named basmallah giving interview on a news channel, asked about some questions related to islam nd its tradition and many other related questions

[ACTION]
10. Scene

[SUBCATEGORIES]
['reporting']

[PARENTLABELS]
['neutral']

[ACTION_CLEAN]
scene",0,0.08401582390069962,0,0,0.07981255650520325,0,0,0.08290642499923706,0,0,0.09332593530416489,0,0,0.08974747359752655,0,0,0.11719706654548645,0,0,0.06663810461759567,0,0,0.06624375283718109,0,0,0.06009673327207565,0
165,hate_video_72.mp4,hate_video_72,test,0,"[SCENE]
a poem is being recited in the clip, which is about niggers

[ACTION]
10. Scene

[SUBCATEGORIES]
['racist content']

[PARENTLABELS]
['discrimination']

[ACTION_CLEAN]
scene",1,0.8553408980369568,1,1,0.9004610776901245,1,1,0.8683851361274719,1,0,0.1287955343723297,0,0,0.11515529453754425,0,0,0.12834414839744568,0,0,0.11312231421470642,0,0,0.09363898634910583,0,0,0.09035231173038483,0
166,hate_video_73.mp4,hate_video_73,train,0,"[SCENE]
The image in the clip is a dark, edited scene showing a cartoonish moon-headed figure wearing shorts and sunglasses, standing over a person lying on the ground at night. The figure has a Nazi symbol on its chest. There is large stylized text in the image (kill a nigga tonight) that uses a racial slur and calls for violence. The overall tone is aggressive and threatening as a song named kill a nigga tonight is beng played in the background constantly

[ACTION]
10. Scene

[SUBCATEGORIES]
['racist song']

[PARENTLABELS]
['discrimination']

[ACTION_CLEAN]
scene",1,0.9090277552604675,1,1,0.8562991619110107,1,1,0.783865213394165,0,1,0.7235828042030334,0,1,0.8908268213272095,1,1,0.7969604730606079,1,0,0.26916664838790894,0,0,0.48007193207740784,0,0,0.4574238359928131,0
167,hate_video_74.mp4,hate_video_74,val,0,"[SCENE]
This is an old, black-and-white (sepia-style) portrait of a man from the past. He is wearing a formal suit, shirt, and tie, and is looking slightly to the side. The photo looks like it comes from the late 1800s or early 1900s. an old racist song targetting niggers is being played in the background

[ACTION]
10. Scene

[SUBCATEGORIES]
['racist song']

[PARENTLABELS]
['discrimination']

[ACTION_CLEAN]
scene",1,0.9343838095664978,1,1,0.9134314060211182,1,1,0.9051207900047302,1,0,0.16311655938625336,0,0,0.19313637912273407,0,0,0.2288193255662918,0,0,0.10613087564706802,0,0,0.11906787753105164,0,0,0.13960471749305725,0
168,hate_video_75.mp4,hate_video_75,test,0,"[SCENE]
The image shows two crossed red flags with blue diagonal stripes and white stars on a black background. These resemble Confederate battle flags. In the corners, there are additional symbols, including lightning-bolt shapes and a skull-like graphic. a guitar and drum music targetting niggers is playing in the background

[ACTION]
10. Scene

[SUBCATEGORIES]
['racist song']

[PARENTLABELS]
['discrimination']

[ACTION_CLEAN]
scene",1,0.9639102220535278,1,1,0.8716826438903809,1,1,0.8971946835517883,1,0,0.2056281417608261,0,0,0.25901055335998535,0,0,0.29698285460472107,0,0,0.1263132393360138,0,0,0.1331314593553543,0,0,0.16443544626235962,0
169,hate_video_77.mp4,hate_video_77,train,0,"[SCENE]
a fireman started shouting as soon as he saw the nigger alarm and started running

[ACTION]
4. Psychological Elements

[SUBCATEGORIES]
['Fear-inducing Scenes']

[PARENTLABELS]
['fear']

[ACTION_CLEAN]
psychological elements",0,0.1497160941362381,0,0,0.1546793282032013,0,0,0.1588847041130066,0,0,0.19362737238407135,0,0,0.14232683181762695,0,1,0.921741783618927,1,0,0.15308009088039398,0,0,0.13697130978107452,0,0,0.16568060219287872,0
170,hate_video_78.mp4,hate_video_78,train,0,"[SCENE]
The image shows a chimpanzee resting on a wooden structure. It is leaning forward with its arms crossed, looking directly at the camera. The chimpanzee’s face and upper body are clearly visible, and the background appears natural and outdoors. a nigger song with a xylophone music is playing in the background

[ACTION]
10. Scene

[SUBCATEGORIES]
['racist song']

[PARENTLABELS]
['discrimination']

[ACTION_CLEAN]
scene",1,0.8869719505310059,1,1,0.7868666648864746,1,1,0.8843759298324585,1,0,0.10487353056669235,0,0,0.1298094093799591,0,0,0.11011458188295364,0,0,0.14881503582000732,0,0,0.08382028341293335,0,0,0.10404311120510101,0
171,hate_video_79.mp4,hate_video_79,train,0,"[SCENE]
a man holding and recording from camera is showing someone who is outside near the car, saying he maybe someone from california, and constantly yapping about him, or maybe insulting him while laughing

[ACTION]
2. Verbal Abuse

[SUBCATEGORIES]
['Name-calling/Insults']

[PARENTLABELS]
['hate_speech']

[ACTION_CLEAN]
verbal abuse",1,0.9259862899780273,1,0,0.1233818531036377,0,0,0.13141967356204987,0,0,0.11530770361423492,0,0,0.1117405816912651,0,0,0.09809435904026031,0,0,0.11481925845146179,0,0,0.09820570796728134,0,0,0.1065312996506691,0
172,hate_video_80.mp4,hate_video_80,train,0,"[SCENE]
a girl wearing a pink bra and black shorts, is seen walking away from the camera in an almost empty room

[ACTION]
10. Scene

[SUBCATEGORIES]
['walking']

[PARENTLABELS]
['neutral']

[ACTION_CLEAN]
scene",0,0.1497182995080948,0,0,0.21584288775920868,0,0,0.2706865072250366,0,0,0.11706532537937164,0,0,0.17965209484100342,0,0,0.10334853827953339,0,1,0.8845586776733398,0,0,0.11631873995065689,0,0,0.13646642863750458,0
173,hate_video_80.mp4,hate_video_80,train,0,"[SCENE]
few girls in a dancing costumes, are dancing on beats in a hall

[ACTION]
10. Scene

[SUBCATEGORIES]
['dancing']

[PARENTLABELS]
['neutral']

[ACTION_CLEAN]
scene",0,0.06677117198705673,0,0,0.04824921488761902,0,0,0.061029788106679916,0,0,0.0893702358007431,0,0,0.2461279034614563,0,0,0.10699911415576935,0,0,0.12384971976280212,0,0,0.07480864226818085,0,0,0.06359383463859558,0
174,hate_video_80.mp4,hate_video_80,train,0,"[SCENE]
a girl is dancing alone on the background song, in a blue light room, light glowing from the right side of the room

[ACTION]
10. Scene

[SUBCATEGORIES]
['dancing']

[PARENTLABELS]
['neutral']

[ACTION_CLEAN]
scene",0,0.06555627286434174,0,0,0.05242805927991867,0,0,0.06309893727302551,0,0,0.09372974932193756,0,0,0.16804197430610657,0,0,0.10763029754161835,0,0,0.10202562063932419,0,0,0.07039020210504532,0,0,0.0601741261780262,0
175,hate_video_80.mp4,hate_video_80,train,0,"[SCENE]
a girl is dancing alone on the large piano setup on the background song in a blue light room, light glowing from the right side of the room

[ACTION]
10. Scene

[SUBCATEGORIES]
['dancing']

[PARENTLABELS]
['neutral']

[ACTION_CLEAN]
scene",0,0.07069065421819687,0,0,0.05137818679213524,0,0,0.06518310308456421,0,0,0.09469832479953766,0,0,0.19770310819149017,0,0,0.10498733073472977,0,0,0.10819799453020096,0,0,0.07566177099943161,0,0,0.06033005937933922,0
176,hate_video_81.mp4,hate_video_81,train,0,"[SCENE]
a cop caught a car at the night time maybe because of overspeeding or something and asks her to call someone who is gonna come and take her, then the cop told her that he is going to take her to the jail and impound the car, the conversation made the cop speak that they only kill black people, not the white peoples

[ACTION]
2. Verbal Abuse

[SUBCATEGORIES]
['Name-calling/Insults']

[PARENTLABELS]
['hate_speech']

[ACTION_CLEAN]
verbal abuse",1,0.923164963722229,1,0,0.13316726684570312,0,0,0.12921878695487976,0,0,0.11942776292562485,0,0,0.10633250325918198,0,0,0.10703529417514801,0,0,0.1022811308503151,0,0,0.09531592577695847,0,0,0.10125446319580078,0
177,hate_video_83.mp4,hate_video_83,train,0,"[SCENE]
a girl is constantly disturbing a boy she loves and kept running behind him, even kissed him, in reply the boy punched her while a background music targetting nigger is playing

[ACTION]
10. Scene

[SUBCATEGORIES]
['non-hate visuals', ' racial song']

[PARENTLABELS]
['discrimination', 'neutral']

[ACTION_CLEAN]
scene",1,0.8687265515327454,1,1,0.7720604538917542,0,0,0.49427804350852966,0,0,0.5721487402915955,0,1,0.9051666855812073,1,1,0.6598499417304993,0,0,0.13196684420108795,0,0,0.4001902937889099,0,0,0.26431140303611755,0
178,hate_video_84.mp4,hate_video_84,train,0,"[SCENE]
This is a screenshot of an Omegle chat with two users on video. The conversation includes them talking about “fist-bumping” and repeatedly using a racial slur against Black people. According to the context, the upper user says he is not allowed to use the slur because his father is Black, while the lower user openly expresses hatred toward Black people and uses the slur aggressively. The chat feed on the side also contains offensive language.

[ACTION]
10. Scene

[SUBCATEGORIES]
['hate speech']

[PARENTLABELS]
['hate_speech']

[ACTION_CLEAN]
scene",1,0.9101001620292664,1,1,0.9364832639694214,1,1,0.9087334871292114,1,0,0.15868955850601196,0,0,0.28202077746391296,0,0,0.253339558839798,0,0,0.13685287535190582,0,0,0.11524920910596848,0,0,0.1455356478691101,0
179,hate_video_86.mp4,hate_video_86,train,0,"[SCENE]
many black men and women can be seen walking on the streets

[ACTION]
10. Scene

[SUBCATEGORIES]
['walking']

[PARENTLABELS]
['neutral']

[ACTION_CLEAN]
scene",0,0.04884737357497215,0,0,0.12347037345170975,0,0,0.1027224212884903,0,0,0.09395454823970795,0,0,0.21110019087791443,0,0,0.18982315063476562,0,0,0.08895349502563477,0,0,0.07556343823671341,0,0,0.07583346217870712,0
180,hate_video_86.mp4,hate_video_86,train,0,"[SCENE]
a man can be seen walking across the garbage dump water and a dead animal was found in it, with an insulting music in the background

[ACTION]
2. Verbal Abuse

[SUBCATEGORIES]
['Name-calling/Insults']

[PARENTLABELS]
['hate_speech']

[ACTION_CLEAN]
verbal abuse",1,0.9258418083190918,1,0,0.12090113013982773,0,0,0.13425478339195251,0,0,0.11404430121183395,0,0,0.1090802401304245,0,0,0.09991075098514557,0,0,0.11473886668682098,0,0,0.09774794429540634,0,0,0.10739652067422867,0
181,hate_video_86.mp4,hate_video_86,train,0,"[SCENE]
a black man holding a rum bottle and dancing with a cemented wall behind inside a room, an insulting music also is playing in the background

[ACTION]
2. Verbal Abuse

[SUBCATEGORIES]
['Name-calling/Insults']

[PARENTLABELS]
['hate_speech']

[ACTION_CLEAN]
verbal abuse",1,0.9263918399810791,1,0,0.12133313715457916,0,0,0.13590633869171143,0,0,0.11337003111839294,0,0,0.11078640073537827,0,0,0.09905900061130524,0,0,0.11595503985881805,0,0,0.09725967794656754,0,0,0.10687267035245895,0
182,hate_video_86.mp4,hate_video_86,train,0,"[SCENE]
a bald nigger is drinking rum with his eyes wide opened, only his face is visible, and a music trolling him is playing in the background

[ACTION]
2. Verbal Abuse

[SUBCATEGORIES]
['Name-calling/Insults']

[PARENTLABELS]
['hate_speech']

[ACTION_CLEAN]
verbal abuse",1,0.9278362989425659,1,0,0.12149911373853683,0,0,0.13653713464736938,0,0,0.11681629717350006,0,0,0.11109301447868347,0,0,0.09964955598115921,0,0,0.11577083170413971,0,0,0.09764225035905838,0,0,0.10833437740802765,0
183,hate_video_86.mp4,hate_video_86,train,0,"[SCENE]
2 black tribals are fighting with a thin stick in thier hands, while every other perosn surrounding them are enjoying it

[ACTION]
1. Violence in Animation

[SUBCATEGORIES]
['Weapon Usage (Fantasy/Real)']

[PARENTLABELS]
['violence']

[ACTION_CLEAN]
violence in animation",0,0.09113878756761551,0,0,0.08493787795305252,0,0,0.07378163188695908,0,0,0.09591376781463623,0,1,0.9225344657897949,1,0,0.08943287283182144,0,0,0.09850731492042542,0,0,0.08836492896080017,0,0,0.08855964988470078,0
184,hate_video_87.mp4,hate_video_87,train,0,"[SCENE]
A black background with a white quote reading: “Chris, you don’t have to worry about that. Nobody is going to want you to write a book. Nobody cares what you have to say.” - Johnny Cochran

[ACTION]
10. Scene

[SUBCATEGORIES]
['quote graphic']

[PARENTLABELS]
['neutral']

[ACTION_CLEAN]
scene",0,0.15042917430400848,0,0,0.11216074228286743,0,0,0.1211385726928711,0,0,0.09967644512653351,0,0,0.06123843789100647,0,0,0.15748372673988342,0,0,0.07296048104763031,0,0,0.06329086422920227,0,0,0.06858313828706741,0
185,hate_video_87.mp4,hate_video_87,train,0,"[SCENE]
The clip has a dark, blurred background with large white text in the center. It reads like a commentary comparing two situations, accusing certain figures of racially motivated mistreatment. The text references Johnny Cochran, Darden, and characters from “A Soldier’s Story,” and it uses explicit racist slurs to make its point. It ends with a line telling the viewer to “see following clip.”

[ACTION]
10. Scene

[SUBCATEGORIES]
['provocative text']

[PARENTLABELS]
['neutral']

[ACTION_CLEAN]
scene",1,0.808508038520813,1,1,0.9584612250328064,1,1,0.9203330278396606,1,0,0.13139380514621735,0,0,0.21930336952209473,0,0,0.19632363319396973,0,0,0.1395060122013092,0,0,0.11534786224365234,0,0,0.13368931412696838,0
186,hate_video_87.mp4,hate_video_87,train,0,"[SCENE]
a bald black man with glasses and a white man involved in an interview, sitting on a table with a black background. white man asking questions and black man is answering them all in confidence

[ACTION]
10. Scene

[SUBCATEGORIES]
['talking']

[PARENTLABELS]
['neutral']

[ACTION_CLEAN]
scene",0,0.08151279389858246,0,0,0.11518894135951996,0,0,0.09754723310470581,0,0,0.09005435556173325,0,0,0.08017989993095398,0,0,0.12520168721675873,0,0,0.061088718473911285,0,0,0.06290856003761292,0,0,0.06103181466460228,0
187,hate_video_87.mp4,hate_video_87,train,0,"[SCENE]
The image in the clip is a stylized graphic with a dark background. On the left is a photo of a woman speaking into a microphone in a radio-studio setting. On the right is bold white text that labels her as “White Mommy” Judith Regan, and adds lines describing her as a publisher/editor with the phrase “In Contempt” and a note about a personal relationship.

[ACTION]
10. Scene

[SUBCATEGORIES]
['about editor']

[PARENTLABELS]
['neutral']

[ACTION_CLEAN]
scene",0,0.0945332795381546,0,0,0.16516853868961334,0,0,0.16726265847682953,0,0,0.09169572591781616,0,0,0.07328822463750839,0,0,0.13949719071388245,0,0,0.12866386771202087,0,0,0.06002635508775711,0,0,0.07842448353767395,0
188,hate_video_87.mp4,hate_video_87,train,0,"[SCENE]
The image in the clip is a stylized graphic on a black background. On the left is a photo of a man wearing glasses, treated with a high-contrast, posterized effect. On the right is white text labeling him as “White Daddy” Jess Walter, followed by claims that he was a ghostwriter for “In Contempt” and a note about a personal relationship with Judith Regan.

[ACTION]
10. Scene

[SUBCATEGORIES]
['about writer']

[PARENTLABELS]
['neutral']

[ACTION_CLEAN]
scene",0,0.08414236456155777,0,0,0.14694271981716156,0,0,0.1297590136528015,0,0,0.08860145509243011,0,0,0.08267687261104584,0,0,0.16305303573608398,0,0,0.16078172624111176,0,0,0.06562946736812592,0,0,0.07692847400903702,0
189,hate_video_87.mp4,hate_video_87,train,0,"[SCENE]
The image in the clip appears to be a magazine or book cover. It shows a woman with curly dark hair lying on her side, wearing black lingerie, posed in a stylized, glamour-photo setting. At the top, large pink text reads “HOWARD STERN”, and near the bottom the title “Miss America” is visible, which matches the title of Howard Stern’s book. The overall look has a soft-focus, 1990s-style aesthetic, typical of promotional or cover art from that era.

[ACTION]
10. Scene

[SUBCATEGORIES]
['magazine']

[PARENTLABELS]
['neutral']

[ACTION_CLEAN]
scene",0,0.20944426953792572,0,0,0.1849849969148636,0,0,0.33861246705055237,0,0,0.12540020048618317,0,0,0.1524820476770401,0,0,0.13050000369548798,0,1,0.9023680090904236,0,0,0.1123901903629303,0,0,0.17831872403621674,0
190,hate_video_88.mp4,hate_video_88,train,0,"[SCENE]
The image in the clip shows a vinyl record label titled “REBEL”, decorated with flag symbols. It lists the artist Johnny Rebel and a song playing in the background with title that contains a racist slur. The label includes small-print details like catalog numbers and a Louisiana address. Overall, it’s an example of overtly racist propaganda presented as a music release.

[ACTION]
10. Scene

[SUBCATEGORIES]
['racist music']

[PARENTLABELS]
['discrimination']

[ACTION_CLEAN]
scene",1,0.809590756893158,1,1,0.9363340139389038,1,1,0.9354199171066284,1,0,0.11715244501829147,0,0,0.16568608582019806,0,0,0.1377737671136856,0,0,0.16088873147964478,0,0,0.10128309577703476,0,0,0.1373073160648346,0
191,hate_video_89.mp4,hate_video_89,test,0,"[SCENE]
The image in the clip appears to be a racist cartoon caricature of a Black person. It uses exaggerated facial features and distorted proportions, which are common traits of demeaning stereotypes. The text above the figure reads something like “SHHHH EEEEEE IIIIT”, written in a mocking, taunting style.

[ACTION]
10. Scene

[SUBCATEGORIES]
['hate imagery']

[PARENTLABELS]
['neutral']

[ACTION_CLEAN]
scene",1,0.8225803971290588,1,1,0.9469690322875977,1,1,0.9263092279434204,1,0,0.13147154450416565,0,0,0.19390279054641724,0,0,0.23059621453285217,0,0,0.1567334085702896,0,0,0.10775275528430939,0,0,0.14299502968788147,0
192,hate_video_89.mp4,hate_video_89,test,0,"[SCENE]
a black background with a racist music(guitar) playing, praising whites while insulting niggers

[ACTION]
10. Scene

[SUBCATEGORIES]
['racist song']

[PARENTLABELS]
['discrimination']

[ACTION_CLEAN]
scene",1,0.9102736711502075,1,1,0.9145767688751221,1,1,0.890408992767334,1,0,0.1348632127046585,0,0,0.1738119274377823,0,0,0.19162335991859436,0,0,0.09801071137189865,0,0,0.10430487990379333,0,0,0.12008257955312729,0
193,hate_video_91.mp4,hate_video_91,train,0,"[SCENE]
This clip is of an Omegle chat: Top panel: two young women sitting on a bed in a dim, purple-lit room. Bottom panel: a person dressed like the Joker (clown makeup, red jacket, blue shirt) looking into the webcam and asking the deaf woman how to portray a nigger in sign language, in reply they both started showing middle finger to each other. The interface shows Omegle branding and a livestream/chat overlay on the left with scrolling messages.

[ACTION]
6. Online Safety Concerns

[SUBCATEGORIES]
['Social Media Misuse']

[PARENTLABELS]
['neutral']

[ACTION_CLEAN]
online safety concerns",0,0.17295193672180176,0,0,0.23070527613162994,0,0,0.15641207993030548,0,0,0.20982015132904053,0,0,0.2110186219215393,0,0,0.2730655074119568,0,0,0.30441489815711975,0,0,0.2439725250005722,0,1,0.828129231929779,0
194,hate_video_92.mp4,hate_video_92,train,0,"[SCENE]
the clip starts of with 2 niggers walking on the street, they found one whitewash shop then 1 of them went inside and came out as a good looking, neat and clean white man in a white suit, when the other nigger asked the white one to give him money so that he could also be the same, white one replies with ""get a job nigger"".

[ACTION]
10. Scene

[SUBCATEGORIES]
['racist meme']

[PARENTLABELS]
['discrimination']

[ACTION_CLEAN]
scene",1,0.9259655475616455,1,1,0.9138453006744385,1,1,0.8858075141906738,1,0,0.16310231387615204,0,0,0.18088527023792267,0,0,0.18928492069244385,0,0,0.1130576953291893,0,0,0.11253887414932251,0,0,0.12349185347557068,0
195,hate_video_94.mp4,hate_video_94,test,0,"[SCENE]
this clip shows robert downey junior with an expression on his face, while the voiceover behind the clip said ""i hate niggers i hate niggers""

[ACTION]
10. Scene

[SUBCATEGORIES]
['racist meme']

[PARENTLABELS]
['discrimination']

[ACTION_CLEAN]
scene",1,0.937578022480011,1,1,0.8849118947982788,1,1,0.8904640674591064,1,0,0.15061497688293457,0,0,0.16778536140918732,0,0,0.19581924378871918,0,0,0.11938688904047012,0,0,0.11104933172464371,0,0,0.12638962268829346,0
196,hate_video_94.mp4,hate_video_94,test,0,"[SCENE]
a man with a phone in his hand clipping himself from the mirror, while forcing his eyes with his fingers to make them wide open, and kept zooming the camera multiple times with the background voice yelling ""nigger"" word

[ACTION]
10. Scene

[SUBCATEGORIES]
['racist meme']

[PARENTLABELS]
['discrimination']

[ACTION_CLEAN]
scene",1,0.9509674906730652,1,1,0.8192875385284424,1,1,0.8739261031150818,1,0,0.1621990203857422,0,0,0.22487404942512512,0,0,0.2585660219192505,0,0,0.1556342989206314,0,0,0.10013719648122787,0,0,0.13946329057216644,0
197,hate_video_95.mp4,hate_video_95,val,0,"[SCENE]
a black man wearing a jacket, recording from his car seat seems to be showing gratitude and honor to unidentified peoples

[ACTION]
10. Scene

[SUBCATEGORIES]
['greeting']

[PARENTLABELS]
['neutral']

[ACTION_CLEAN]
scene",0,0.07051502913236618,0,0,0.10225100815296173,0,0,0.11560749262571335,0,0,0.10390154272317886,0,0,0.1398615539073944,0,0,0.19162240624427795,0,0,0.061430953443050385,0,0,0.08165571093559265,0,0,0.06423802673816681,0
198,hate_video_95.mp4,hate_video_95,val,0,"[SCENE]
a black man wearing a jacket, recording from his car, talks about Arab peoples who doesnt have attitude like how white peoples have towards someone named jake

[ACTION]
9. Non-Hate

[SUBCATEGORIES]
['Non-Hate']

[PARENTLABELS]
['neutral']

[ACTION_CLEAN]
non-hate",0,0.0816236063838005,0,0,0.07382655143737793,0,0,0.05752991512417793,0,0,0.07519080489873886,0,0,0.08045477420091629,0,0,0.08778883516788483,0,0,0.07097720354795456,0,0,0.06477657705545425,0,0,0.06498276442289352,0
199,hate_video_96.mp4,hate_video_96,train,0,"[SCENE]
a cctv camera recording is being displayed on the news channel, where few boys were caught beating a single boy who was making his way back to the home from school

[ACTION]
1. Violence in Animation

[SUBCATEGORIES]
['Physical Fighting Scenes']

[PARENTLABELS]
['violence']

[ACTION_CLEAN]
violence in animation",0,0.09088621288537979,0,0,0.0855393037199974,0,0,0.07413392513990402,0,0,0.09482185542583466,0,1,0.9204641580581665,1,0,0.08802007883787155,0,0,0.09964410960674286,0,0,0.08754473924636841,0,0,0.08689959347248077,0
200,hate_video_96.mp4,hate_video_96,train,0,"[SCENE]
2 news channel journalists, a man named Tony Lopez and a woman named Christina Janes introduced themselves on the live TV, thier background showing the night city view with a Attacked and robbed written over it as the highlight

[ACTION]
10. Scene

[SUBCATEGORIES]
['introduction']

[PARENTLABELS]
['neutral']

[ACTION_CLEAN]
scene",0,0.30334120988845825,0,0,0.3784821033477783,0,0,0.32327625155448914,0,0,0.41439059376716614,0,1,0.9272361397743225,1,1,0.9033374786376953,1,0,0.1932135969400406,0,0,0.5537638664245605,0,0,0.2718396782875061,0
201,hate_video_96.mp4,hate_video_96,train,0,"[SCENE]
a reporter named Jennifer McGraw(her name being highlighted on the screen on a blue strip with elk grove written on the white strip below it), reporting the news incident from outside the studio in an open area at night, talking about the incident happend with the boy

[ACTION]
10. Scene

[SUBCATEGORIES]
['reporting']

[PARENTLABELS]
['neutral']

[ACTION_CLEAN]
scene",0,0.07199734449386597,0,0,0.10002096742391586,0,0,0.10780200362205505,0,0,0.08747383952140808,0,0,0.10831719636917114,0,0,0.1386592984199524,0,0,0.08384574204683304,0,0,0.07145179063081741,0,0,0.06446998566389084,0
202,hate_video_96.mp4,hate_video_96,train,0,"[SCENE]
a man(neighbour) named Mario Aguirre wearing a sunglasses is being asked about the near incident happened with the boy, he told that everyday he see student moving around but this what happend today he has never seen before

[ACTION]
10. Scene

[SUBCATEGORIES]
['inquiry']

[PARENTLABELS]
['neutral']

[ACTION_CLEAN]
scene",0,0.06765811890363693,0,0,0.08349746465682983,0,0,0.10353126376867294,0,0,0.1122441291809082,0,0,0.16931192576885223,0,0,0.18259550631046295,0,0,0.07220349460840225,0,0,0.07501181960105896,0,0,0.07485435158014297,0
203,hate_video_97.mp4,hate_video_97,train,0,"[SCENE]
The clip appears to be a political meme with a provocative and inflammatory theme. At the top, large bold text reads “MAGA DEPORTATION FORCE.” The background looks like a fiery or apocalyptic scene, suggesting chaos or conflict. In the foreground are several cut-out meme characters/icons, including: A cartoonish human-like figure with glasses and a tall hat, A crescent moon character wearing sunglasses, An ape/gorilla head A cartoon frog character (commonly used in internet memes)

[ACTION]
10. Scene

[SUBCATEGORIES]
['political meme']

[PARENTLABELS]
['neutral']

[ACTION_CLEAN]
scene",1,0.9378386735916138,1,1,0.9101771712303162,1,1,0.9487333297729492,1,0,0.2224191576242447,0,0,0.33570313453674316,0,0,0.4323473870754242,0,0,0.2057751566171646,0,0,0.17712990939617157,0,0,0.29157429933547974,0
204,hate_video_97.mp4,hate_video_97,train,0,"[SCENE]
The image in the clip is an extremist-style hate meme. It’s a chaotic collage of video-game and internet meme characters mixed with a political figure(Donald Trump) in a fantasy/battle scene. The background shows a crowd and battlefield setting, styled like a parody of a game level. Prominent racist hate speech (including a racial slur) is displayed in bold text. The imagery uses shock value, dehumanization, and provocation, combining politics, memes, and racial hostility.

[ACTION]
10. Scene

[SUBCATEGORIES]
['propoganda meme']

[PARENTLABELS]
['neutral']

[ACTION_CLEAN]
scene",1,0.9192742109298706,1,1,0.9250984787940979,1,1,0.9530578255653381,1,0,0.17009735107421875,0,0,0.3499155640602112,0,0,0.27721959352493286,0,0,0.15920931100845337,0,0,0.14878389239311218,0,0,0.20224082469940186,0
205,hate_video_97.mp4,hate_video_97,train,0,"[SCENE]
a guy with a face of donald trump is dancing but on different colour background changing every second and his dress also changes everytime the background color changes

[ACTION]
10. Scene

[SUBCATEGORIES]
['meme']

[PARENTLABELS]
['neutral']

[ACTION_CLEAN]
scene",0,0.06736871600151062,0,0,0.0835840180516243,0,0,0.08849813789129257,0,0,0.08145447820425034,0,0,0.0945974811911583,0,0,0.0826067104935646,0,0,0.1804211139678955,0,0,0.07019991427659988,0,0,0.05841895192861557,0
206,hate_video_98.mp4,hate_video_98,train,0,"[SCENE]
This image appears to be racist hate content. It’s styled like a radio show or podcast title card (“Chimpout Radio”) with microphones. It includes a racial slur and demeaning language in the subtitle. The design uses mockery and provocation, aiming to insult and dehumanize a racial group. the clip has an old rockstar music also

[ACTION]
10. Scene

[SUBCATEGORIES]
['racist propoganda']

[PARENTLABELS]
['discrimination']

[ACTION_CLEAN]
scene",1,0.8813411593437195,1,1,0.9090134501457214,1,1,0.9500020146369934,1,0,0.12930522859096527,0,0,0.23328402638435364,0,0,0.19632670283317566,0,0,0.17126137018203735,0,0,0.11590737104415894,0,0,0.1652047038078308,0
207,hate_video_99.mp4,hate_video_99,val,0,"[SCENE]
This is a four-panel cartoon that uses crude, exaggerated drawings and offensive stereotypes. The panels depict a sexualized scenario followed by a “9 months later” outcome, framed as a joke. The imagery relies on racial caricatures, exaggerated facial features, and shock humor. The repeated “shh” text is used as a mocking refrain. a songs trolling niggers is also playing in the background

[ACTION]
1. Violence in Animation

[SUBCATEGORIES]
['racist speech']

[PARENTLABELS]
['discrimination']

[ACTION_CLEAN]
violence in animation",0,0.12259541451931,0,0,0.13039925694465637,0,0,0.10192761570215225,0,0,0.09027380496263504,0,1,0.9170277118682861,1,0,0.0905463770031929,0,0,0.10007677972316742,0,0,0.07966013252735138,0,0,0.08114971965551376,0
208,hate_video_99.mp4,hate_video_99,val,0,"[SCENE]
A racist propaganda cartoon portraying a Black man as a violent criminal using exaggerated stereotypes, weapons, and alarmist text to induce fear.

[ACTION]
4. Psychological Elements

[SUBCATEGORIES]
['Fear-inducing Scenes']

[PARENTLABELS]
['fear']

[ACTION_CLEAN]
psychological elements",0,0.1877722591161728,0,0,0.2023748755455017,0,0,0.1930888444185257,0,0,0.20524588227272034,0,0,0.19121108949184418,0,1,0.9387549161911011,1,0,0.15970435738563538,0,0,0.15010584890842438,0,0,0.21452394127845764,0
209,hate_video_101.mp4,hate_video_101,train,0,"[SCENE]
a nigger caught by a cop, both are bald here, nigger is in a black vest while the cop is tying his hands from behind and the nigger says ""wahh"". a fear inducing music is playing in the background

[ACTION]
4. Psychological Elements

[SUBCATEGORIES]
['Fear-inducing Scenes']

[PARENTLABELS]
['fear']

[ACTION_CLEAN]
psychological elements",0,0.17692209780216217,0,0,0.20492757856845856,0,0,0.19212016463279724,0,0,0.2112773060798645,0,0,0.16885100305080414,0,1,0.9370522499084473,1,0,0.17262469232082367,0,0,0.14219434559345245,0,0,0.20735040307044983,0
210,hate_video_102.mp4,hate_video_102,val,0,"[SCENE]
A Confederate battle flag flying on a pole against a blue sky. with a nigger music playing

[ACTION]
10. Scene

[SUBCATEGORIES]
['extrimist flag']

[PARENTLABELS]
['neutral']

[ACTION_CLEAN]
scene",1,0.9120582938194275,1,1,0.8275771141052246,1,1,0.9065245389938354,1,0,0.11445943266153336,0,0,0.12752728164196014,0,0,0.1219574362039566,0,0,0.15728160738945007,0,0,0.0956093966960907,0,0,0.11503686755895615,0
211,hate_video_103.mp4,hate_video_103,train,0,"[SCENE]
trains can be seen passing by on thier tracks in the middle of the forest area, while a face is appearing on thier engine and saying ""nigg nigg nigg nigger""

[ACTION]
10. Scene

[SUBCATEGORIES]
['racist meme']

[PARENTLABELS]
['discrimination']

[ACTION_CLEAN]
scene",1,0.9503187537193298,1,1,0.8537994623184204,1,1,0.9133638739585876,1,0,0.15583252906799316,0,0,0.17944206297397614,0,0,0.1891358345746994,0,0,0.19317461550235748,0,0,0.12069831043481827,0,0,0.16333898901939392,0
212,hate_video_106.mp4,hate_video_106,train,0,"[SCENE]
A political meme showing a cartoon crescent-moon character in sunglasses giving a mock press briefing at the White House podium, with a discriminatory song playing in the background

[ACTION]
10. Scene

[SUBCATEGORIES]
['racist meme']

[PARENTLABELS]
['discrimination']

[ACTION_CLEAN]
scene",0,0.3575500547885895,0,1,0.9362861514091492,1,1,0.7570816278457642,0,0,0.0947846993803978,0,0,0.1231195256114006,0,0,0.15509004890918732,0,0,0.09517362713813782,0,0,0.10167455673217773,0,0,0.08953682333230972,0
213,hate_video_110.mp4,hate_video_110,train,0,"[SCENE]
a viral clip where the man standing outisde the metro gate spits on a black man standing near the gate inside, the man inside in rage tried to open the gate while it was getting closed and when he got out, started beating the person who spitted on him

[ACTION]
1. Violence in Animation

[SUBCATEGORIES]
['Physical Fighting Scenes']

[PARENTLABELS]
['violence']

[ACTION_CLEAN]
violence in animation",0,0.09891543537378311,0,0,0.09306144714355469,0,0,0.07760026305913925,0,0,0.09982941299676895,0,1,0.9330953359603882,1,0,0.09670896083116531,0,0,0.09446089714765549,0,0,0.0932195708155632,0,0,0.0915282815694809,0
214,hate_video_111.mp4,hate_video_111,train,0,"[SCENE]
An image of a racist poem presented in an old-style manuscript format, written in decorative script on a plain background, with dark red stains in one corner. A voiceover is implied, reading the poem aloud verbatim, reinforcing the hateful message.

[ACTION]
10. Scene

[SUBCATEGORIES]
['hate propoganda']

[PARENTLABELS]
['neutral']

[ACTION_CLEAN]
scene",1,0.8665894269943237,1,1,0.9350078701972961,1,1,0.9454224109649658,1,0,0.13514885306358337,0,0,0.22094844281673431,0,0,0.18017254769802094,0,0,0.13265174627304077,0,0,0.12508893013000488,0,0,0.15081271529197693,0
215,hate_video_112.mp4,hate_video_112,train,0,"[SCENE]
A black-and-white graphic showing a stylized eagle with outstretched wings, gripping or positioned above a swastika. The design is symmetrical and emblematic, resembling historical Nazi insignia. it has a music related to niggers also

[ACTION]
10. Scene

[SUBCATEGORIES]
['extremist symbol']

[PARENTLABELS]
['illegal']

[ACTION_CLEAN]
scene",1,0.915477991104126,1,1,0.872790515422821,1,1,0.9065287113189697,1,0,0.13849371671676636,0,0,0.1277584582567215,0,0,0.13219858705997467,0,0,0.15259845554828644,0,0,0.09846806526184082,0,0,0.11820308119058609,0
216,hate_video_113.mp4,hate_video_113,val,0,"[SCENE]
A black-and-white photo of a young child sitting outdoors, framed by the text “ANTI-HERO” on the left and “AMERICAN PIE” on the right. The image has a stark, confrontational aesthetic, with aggressive or “rage” music implied in the background.

[ACTION]
10. Scene

[SUBCATEGORIES]
['provocative image']

[PARENTLABELS]
['neutral']

[ACTION_CLEAN]
scene",0,0.9174586534500122,1,0,0.894196629524231,1,0,0.9367523789405823,1,0,0.2074119597673416,0,0,0.41331058740615845,1,1,0.3791971206665039,0,0,0.1636205017566681,0,0,0.16160938143730164,0,0,0.20826122164726257,0
217,,row_217,train,0,"[SUBCATEGORIES]
[]

[PARENTLABELS]
[]",0,0.07095708698034286,0,0,0.07875457406044006,0,0,0.08250738680362701,0,0,0.07673586159944534,0,0,0.07797888666391373,0,0,0.11493735015392303,0,0,0.06506815552711487,0,0,0.06449616700410843,0,0,0.06002237647771835,0
218,hate_video_114.mp4,hate_video_114,val,0,"[SCENE]
A first-person screenshot from a multiplayer online shooter game (Counter-Strike–style). The player is holding a knife while standing with teammates at the start of a round in an urban, Middle Eastern–style map. HUD elements show player health, money, team icons, a minimap, and chat text, indicating an active online match. voice of players can be heard and they are fightingin the game and on the voice chat as well, saying fuck you

[ACTION]
6. Online Safety Concerns

[SUBCATEGORIES]
['Gaming Toxicity']

[PARENTLABELS]
['hate_speech']

[ACTION_CLEAN]
online safety concerns",0,0.18696647882461548,0,0,0.24009059369564056,0,0,0.16900570690631866,0,0,0.23458312451839447,0,0,0.25636374950408936,0,0,0.3013702929019928,0,0,0.2977609634399414,0,0,0.26282137632369995,0,1,0.8442583084106445,0
219,hate_video_115.mp4,hate_video_115,train,0,"[SCENE]
a youtube channel homepage of its wolfyz playz, introducing his channel in the clip by saying ""kill out the anti communists""

[ACTION]
6. Online Safety Concerns

[SUBCATEGORIES]
['Social Media Misuse']

[PARENTLABELS]
['neutral']

[ACTION_CLEAN]
online safety concerns",0,0.17232781648635864,0,0,0.20375552773475647,0,0,0.14898930490016937,0,0,0.2054794877767563,0,0,0.20096024870872498,0,0,0.24720963835716248,0,0,0.3076822757720947,0,0,0.2315315306186676,0,1,0.8146442770957947,0
220,hate_video_115.mp4,hate_video_115,train,0,"[SCENE]
a girl sitting on her knees on the floor near the window where sunlight is coming in her room with bed, curtain etc, whatever sh is saying is coming out in comment box above her. but the background voice is constantly saying ""nigger nigger""

[ACTION]
10. Scene

[SUBCATEGORIES]
['racial voiceover']

[PARENTLABELS]
['discrimination']

[ACTION_CLEAN]
scene",1,0.9501921534538269,1,1,0.8709823489189148,1,1,0.9063742756843567,1,0,0.15577253699302673,0,0,0.18020884692668915,0,0,0.19737283885478973,0,0,0.15172164142131805,0,0,0.111442431807518,0,0,0.14362932741641998,0
221,hate_video_115.mp4,hate_video_115,train,0,"[SCENE]
a black backgroun with ""Thank you for telling me! #stopgachacheat,gachasex,gachaporns "" wriiten over it which disappears slowly , and a racial background voice is there

[ACTION]
10. Scene

[SUBCATEGORIES]
['hate meme']

[PARENTLABELS]
['neutral']

[ACTION_CLEAN]
scene",1,0.9191519618034363,1,1,0.8986518979072571,1,1,0.9035651087760925,1,0,0.14714477956295013,0,0,0.22700965404510498,0,0,0.24265897274017334,0,0,0.10152525454759598,0,0,0.109046071767807,0,0,0.13110171258449554,0
222,hate_video_116.mp4,hate_video_116,train,0,"[SCENE]
a bald black man wearing a t-shirt and a jeans is coming towards a camera while holding a bunch of notes ad flexing his money and counting them, while saying ""you fat you stink you ugly monkey""

[ACTION]
3. Discrimination

[SUBCATEGORIES]
['Background/Origin Discrimination']

[PARENTLABELS]
['discrimination']

[ACTION_CLEAN]
discrimination",0,0.12227889150381088,0,1,0.9253476858139038,1,0,0.16058994829654694,0,0,0.11239390075206757,0,0,0.1241961270570755,0,0,0.1317017823457718,0,0,0.10234495997428894,0,0,0.12000106275081635,0,0,0.11416839808225632,0
223,hate_video_116.mp4,hate_video_116,train,0,"[SCENE]
a bald black man is been recorded carrying his bag, in the shed area of some big building. he kept mocking the person behind the camera saying ""you fat you stink you ugly looking monkey""

[ACTION]
3. Discrimination

[SUBCATEGORIES]
['Background/Origin Discrimination']

[PARENTLABELS]
['discrimination']

[ACTION_CLEAN]
discrimination",0,0.10975570976734161,0,1,0.913665235042572,1,0,0.13528364896774292,0,0,0.1152171641588211,0,0,0.12653708457946777,0,0,0.1361687034368515,0,0,0.1013275533914566,0,0,0.1183767169713974,0,0,0.11402029544115067,0
224,hate_video_117.mp4,hate_video_117,train,0,"[SCENE]
an omegle live stream clip, where a man in the lower video section asks the white man in the above video section who was playing a guitar, if he is a nigger in a very suspicious way, then they both laughed

[ACTION]
5. Inappropriate Content

[SUBCATEGORIES]
['Inappropriate Language']

[PARENTLABELS]
['neutral']

[ACTION_CLEAN]
inappropriate content",0,0.09568191319704056,0,0,0.0990036278963089,0,0,0.11072729527950287,0,0,0.11713509261608124,0,0,0.11180314421653748,0,0,0.1020306795835495,0,1,0.9394527077674866,1,0,0.10640106350183487,0,0,0.11617162078619003,0
225,hate_video_118.mp4,hate_video_118,train,0,"[SCENE]
This image appears to be a crude, deliberately offensive cartoon-style illustration. It shows a distorted caricature of a person with exaggerated facial features, drawn in a rough, satirical style. The background is dark, and the image includes large, provocative text at the top and on the character’s clothing that uses a racial slur. A “parental advisory” label appears in the corner, suggesting it’s styled like an album cover meant to shock or provoke. a nigger rap is playing in the background music

[ACTION]
3. Discrimination

[SUBCATEGORIES]
['Background/Origin Discrimination']

[PARENTLABELS]
['discrimination']

[ACTION_CLEAN]
discrimination",0,0.11132264137268066,0,1,0.9175429344177246,1,0,0.16153088212013245,0,0,0.10665949434041977,0,0,0.1095016747713089,0,0,0.13092820346355438,0,0,0.1176479160785675,0,0,0.10918629169464111,0,0,0.11028697341680527,0
226,hate_video_119.mp4,hate_video_119,train,0,"[SCENE]
The image appears to be a black-and-white meme styled like an album cover. It shows railroad tracks leading toward a concentration-camp entrance, an image historically associated with the Holocaust. In the foreground is a cartoonish “moon-face” character wearing sunglasses and a cap. Red, graffiti-style text at the top and bottom mimics a well-known pop-culture phrase but alters it to reference a Nazi extermination camp. music like a drum beat is playing in the background which doesnt feels good music

[ACTION]
5. Inappropriate Content

[SUBCATEGORIES]
['Inappropriate Language']

[PARENTLABELS]
['neutral']

[ACTION_CLEAN]
inappropriate content",0,0.08718085289001465,0,0,0.10052209347486496,0,0,0.1098998636007309,0,0,0.11182715743780136,0,0,0.11218923330307007,0,0,0.10156328976154327,0,1,0.9369244575500488,1,0,0.1033458337187767,0,0,0.12070634216070175,0
227,hate_video_120.mp4,hate_video_120,train,0,"[SCENE]
a party karaoke scene, 4 mens near the floor stage performing, one is singing beside him both person are playing guitar, and behind is the man sitting on the drum set and the music is playing. disco lights are also there which are spotting them most of the times in different colours

[ACTION]
5. Inappropriate Content

[SUBCATEGORIES]
['karaoke']

[PARENTLABELS]
['neutral']

[ACTION_CLEAN]
inappropriate content",0,0.09177057445049286,0,0,0.10179759562015533,0,0,0.11150186508893967,0,0,0.1183883473277092,0,0,0.11310120671987534,0,0,0.1020633801817894,0,1,0.9406800866127014,1,0,0.10830947756767273,0,0,0.12182066589593887,0
228,hate_video_121.mp4,hate_video_121,val,0,"[SCENE]
The picture shows a man edited to look like he’s wearing Middle Eastern clothing, standing in front of the White House. Big red text is added to make it look threatening or sarcastic, suggesting fear or suspicion about political change. The image is designed to stir strong reactions rather than present real information. music is also there in the background

[ACTION]
8. Age-Inappropriate Themes

[SUBCATEGORIES]
['Political References']

[PARENTLABELS]
['neutral']

[ACTION_CLEAN]
age-inappropriate themes",0,0.09471737593412399,0,0,0.11459695547819138,0,0,0.12198897451162338,0,0,0.11345718055963516,0,0,0.10024965554475784,0,0,0.11089162528514862,0,1,0.9410206079483032,1,0,0.10952058434486389,0,0,0.12601754069328308,0
229,hate_video_122.mp4,hate_video_122,train,0,"[SCENE]
a short warning about singing is written in white with a purple background

[ACTION]
10. Scene

[SUBCATEGORIES]
['warning']

[PARENTLABELS]
['neutral']

[ACTION_CLEAN]
scene",0,0.12061825394630432,0,0,0.07950794696807861,0,0,0.09496401995420456,0,0,0.07619211822748184,0,0,0.10918785631656647,0,0,0.12592701613903046,0,0,0.08188612014055252,0,0,0.07147349417209625,0,0,0.07070302963256836,0
230,hate_video_123.mp4,hate_video_123,train,0,"[SCENE]
a man in white unifrom with a white long cap on his head is speaking about blacks in mic while everyone around him are just watching

[ACTION]
5. Inappropriate Content

[SUBCATEGORIES]
['Inappropriate Language']

[PARENTLABELS]
['neutral']

[ACTION_CLEAN]
inappropriate content",0,0.09945767372846603,0,0,0.09418804943561554,0,0,0.11056006699800491,0,0,0.11910632252693176,0,0,0.11228476464748383,0,0,0.10399183630943298,0,1,0.9389186501502991,1,0,0.10625756531953812,0,0,0.11667574197053909,0
231,hate_video_124.mp4,hate_video_124,train,0,"[SCENE]
a poem based on black people is written on an old page with a border and is scrolling down as the line is narrated by the narrator, the poem page has a monkey also on the right side of where the poem is written

[ACTION]
10. Scene

[SUBCATEGORIES]
['racist poem']

[PARENTLABELS]
['discrimination']

[ACTION_CLEAN]
scene",0,0.3921944499015808,0,1,0.8986534476280212,1,1,0.8264430165290833,0,0,0.0893922671675682,0,0,0.1343669593334198,0,0,0.1638699769973755,0,0,0.11565955728292465,0,0,0.0852423682808876,0,0,0.08530516177415848,0
232,hate_video_125.mp4,hate_video_125,train,0,"[SCENE]
This image shows the Confederate battle flag on a black background with a slogan above and below it. In plain terms, it’s saying: “You can wear your symbol, and I’ll wear mine.”

[ACTION]
5. Inappropriate Content

[SUBCATEGORIES]
['Inappropriate Language']

[PARENTLABELS]
['neutral']

[ACTION_CLEAN]
inappropriate content",0,0.09702835977077484,0,0,0.10024785995483398,0,0,0.1116500049829483,0,0,0.11527069658041,0,0,0.11281534284353256,0,0,0.09861384332180023,0,1,0.9392679929733276,1,0,0.10786861181259155,0,0,0.1181989386677742,0
233,hate_video_126.mp4,hate_video_126,train,0,"[SCENE]
This image shows a red-tinted military tank with a Nazi swastika symbol on it and the words “Dead Communist” written in the corner. The strong red color and symbols are used to make the image look aggressive and shocking. it has a rage music also

[ACTION]
8. Age-Inappropriate Themes

[SUBCATEGORIES]
['Political References']

[PARENTLABELS]
['neutral']

[ACTION_CLEAN]
age-inappropriate themes",0,0.105167917907238,0,0,0.11440303176641464,0,0,0.13141219317913055,0,0,0.11708104610443115,0,0,0.10328207165002823,0,0,0.10877898335456848,0,1,0.944320023059845,1,0,0.11237000674009323,0,0,0.12285523861646652,0
234,hate_video_128.mp4,hate_video_128,test,0,"[SCENE]
a black man with an apron is coming toiwards the camera, in an open area and spoke something which felt like a warning

[ACTION]
2. Verbal Abuse

[SUBCATEGORIES]
['Threatening Language']

[PARENTLABELS]
['threat']

[ACTION_CLEAN]
verbal abuse",1,0.9204215407371521,1,0,0.11595451831817627,0,0,0.1298666000366211,0,0,0.11610709875822067,0,0,0.10375875234603882,0,0,0.10096327215433121,0,0,0.11845896393060684,0,0,0.09784412384033203,0,0,0.10475119203329086,0
235,hate_video_129.mp4,hate_video_129,train,0,"[SCENE]
4 game character standing near 2 vehicles, 2 with cap and 2 without the cap, a music is also there

[ACTION]
10. Scene

[SUBCATEGORIES]
['standing']

[PARENTLABELS]
['neutral']

[ACTION_CLEAN]
scene",0,0.06172861158847809,0,0,0.04968417063355446,0,0,0.0839305892586708,0,0,0.08980078250169754,0,0,0.1929938644170761,0,0,0.11842618882656097,0,0,0.10196894407272339,0,0,0.07175484299659729,0,0,0.06456653028726578,0
236,hate_video_129.mp4,hate_video_129,train,0,"[SCENE]
a game character came out of his car took a baseball bat and ran towards a character on the footpath and burst out on him who was wearing suit, also it was raining outside

[ACTION]
1. Violence in Animation

[SUBCATEGORIES]
['Weapon Usage (Fantasy/Real)']

[PARENTLABELS]
['violence']

[ACTION_CLEAN]
violence in animation",0,0.09338800609111786,0,0,0.08970192819833755,0,0,0.07618481665849686,0,0,0.09712979942560196,0,1,0.9273067712783813,1,0,0.09294624626636505,0,0,0.09708204120397568,0,0,0.08937710523605347,0,0,0.09153027832508087,0
237,hate_video_130.mp4,hate_video_130,train,0,"[SCENE]
This image is a racist hate poster made to look like a poem. It uses handwritten-style text, crude drawings, and stereotypes to promote hatred and violence toward Black people. The wording is intentionally offensive, and the imagery is meant to mock and dehumanize. a voiceover is there speaking what is written in this

[ACTION]
10. Scene

[SUBCATEGORIES]
['hate propoganda']

[PARENTLABELS]
['neutral']

[ACTION_CLEAN]
scene",1,0.8955510854721069,1,1,0.9033491611480713,1,1,0.9106181263923645,1,0,0.3288974463939667,0,1,0.8416978120803833,1,0,0.5875699520111084,0,0,0.17945094406604767,0,0,0.20588944852352142,0,0,0.2809927463531494,0
238,hate_video_131.mp4,hate_video_131,train,0,"[SCENE]
a moon shaped man covering the right corner of the clip with a mic in its hand and with the sky and the stars as background. a voiceover can be heard singing inappropriate song

[ACTION]
5. Inappropriate Content

[SUBCATEGORIES]
['Inappropriate Language']

[PARENTLABELS]
['neutral']

[ACTION_CLEAN]
inappropriate content",0,0.10236713290214539,0,0,0.10095470398664474,0,0,0.11727597564458847,0,0,0.11497754603624344,0,0,0.11424009501934052,0,0,0.10213849693536758,0,1,0.9417096972465515,1,0,0.10540028661489487,0,0,0.11758692562580109,0
239,hate_video_132.mp4,hate_video_132,test,0,"[SCENE]
a small house with a gate and 2 windows is in the woods, with the show name written on it in red as ""SILENCE OF THE COON""

[ACTION]
9. Non-Hate

[SUBCATEGORIES]
['Non-Hate']

[PARENTLABELS]
['neutral']

[ACTION_CLEAN]
non-hate",0,0.08066384494304657,0,0,0.06990183889865875,0,0,0.05769040808081627,0,0,0.07739667594432831,0,0,0.0792442113161087,0,0,0.08844966441392899,0,0,0.07324592769145966,0,0,0.06647519767284393,0,0,0.06730961799621582,0
240,hate_video_132.mp4,hate_video_132,test,0,"[SCENE]
This clip shows a puppet-like character with big eyes and an open mouth, sitting in a dark, run-down room that looks like an old basement or abandoned building. The character appears to be introducing the show in the mic

[ACTION]
10. Scene

[SUBCATEGORIES]
['introduction']

[PARENTLABELS]
['neutral']

[ACTION_CLEAN]
scene",0,0.14106768369674683,0,0,0.14123567938804626,0,0,0.26399531960487366,0,0,0.08617743104696274,0,0,0.08675949275493622,0,0,0.1474708467721939,0,0,0.07916910201311111,0,0,0.06415433436632156,0,0,0.07877591997385025,0
241,hate_video_133.mp4,hate_video_133,train,0,"[SCENE]
The image in the clip is a dark, aggressive-looking graphic. In the center is a skull wearing a green military-style helmet, with a cracked or damaged look. Behind it is a larger, shadowy face or figure, giving the image a layered, intimidating feel. The skull appears to be framed by weapons or mechanical parts, and the whole design uses black, white, and green colors with sharp lines and high contrast. a song is running in the background about niggers in a low voice

[ACTION]
4. Psychological Elements

[SUBCATEGORIES]
['Dark Themes/Horror']

[PARENTLABELS]
['fear']

[ACTION_CLEAN]
psychological elements",0,0.183107390999794,0,0,0.19437897205352783,0,0,0.1878361850976944,0,0,0.22129569947719574,0,0,0.15685716271400452,0,1,0.9381463527679443,1,0,0.1688316911458969,0,0,0.15860643982887268,0,0,0.2012387067079544,0
242,hate_video_134.mp4,hate_video_134,test,0,"[SCENE]
a boy with a cap and headphones, only his face can be seen and an arms, with DJ KEEMSTAR written on his image in this clip. also there is this song playing on niggers in background

[ACTION]
10. Scene

[SUBCATEGORIES]
['racist music']

[PARENTLABELS]
['discrimination']

[ACTION_CLEAN]
scene",1,0.8564018607139587,1,1,0.8496407270431519,1,1,0.8624459505081177,1,0,0.11061850935220718,0,0,0.09877238422632217,0,0,0.11420735716819763,0,0,0.10723806917667389,0,0,0.08834968507289886,0,0,0.09146728366613388,0
243,hate_video_135.mp4,hate_video_135,train,0,"[SCENE]
2 young and an old man in red jacket are outside under the sky on the road, thy are talking to each other. trees are there in the background and a slope of land with grass on it behind these mens

[ACTION]
10. Scene

[SUBCATEGORIES]
['talking']

[PARENTLABELS]
['neutral']

[ACTION_CLEAN]
scene",0,0.07011337578296661,0,0,0.08352001756429672,0,0,0.10051202028989792,0,0,0.09230610728263855,0,0,0.11528395116329193,0,0,0.20126663148403168,0,0,0.06396350264549255,0,0,0.07363594323396683,0,0,0.06362458318471909,0
244,hate_video_136.mp4,hate_video_136,val,0,"[SCENE]
It’s a black-and-white hate image showing a skull over a harsh military-style symbol, meant to look threatening. The old-style lettering includes racist and aggressive language, making the image feel hostile and intimidating. it has an aggresive music also

[ACTION]
10. Scene

[SUBCATEGORIES]
['aggresive music']

[PARENTLABELS]
['neutral']

[ACTION_CLEAN]
scene",1,0.9338642358779907,1,1,0.9017156958580017,1,1,0.9205009341239929,1,1,0.3583351969718933,0,1,0.6823806762695312,1,1,0.5578469038009644,0,0,0.19757361710071564,0,0,0.23084835708141327,0,0,0.31070441007614136,0
245,hate_video_137.mp4,hate_video_137,train,0,"[SCENE]
A black-and-white cover image showing a person in a white hooded robe, seems like standing on moon, empty landscape, styled like an album cover with bold text and warning labels and a parental advisory, with a man singing in background like a voiceover

[ACTION]
10. Scene

[SUBCATEGORIES]
['racist music']

[PARENTLABELS]
['discrimination']

[ACTION_CLEAN]
scene",0,0.14025281369686127,0,0,0.16141177713871002,0,0,0.22062915563583374,0,0,0.07427907735109329,0,0,0.041199199855327606,0,0,0.1148386001586914,0,0,0.09182564914226532,0,0,0.06986421346664429,0,0,0.06924068927764893,0
246,hate_video_138.mp4,hate_video_138,val,0,"[SCENE]
A dark clip showing a group of people in white hooded robes gathered at night, with a burning cross in the foreground and a U.S. flag overlaid, suggesting extremist symbolism mixed with American imagery. with a song ""I'm a nigger i want to get free""

[ACTION]
10. Scene

[SUBCATEGORIES]
['racist music']

[PARENTLABELS]
['discrimination']

[ACTION_CLEAN]
scene",1,0.9539281725883484,1,1,0.9090979099273682,1,1,0.9412646293640137,1,0,0.23869360983371735,0,0,0.34162941575050354,0,0,0.3386080861091614,0,0,0.16837549209594727,0,0,0.18988840281963348,0,0,0.24750202894210815,0
247,hate_video_140.mp4,hate_video_140,train,0,"[SCENE]
A disturbing, stylized image in the clip showing a person wearing a pig mask and holding a chainsaw, with aggressive, offensive text and imagery meant to shock and provoke hatred. a rage music is there in the background

[ACTION]
10. Scene

[SUBCATEGORIES]
['rage music']

[PARENTLABELS]
['threat']

[ACTION_CLEAN]
scene",1,0.9201794266700745,1,0,0.8214430809020996,1,1,0.8562831878662109,1,0,0.43684765696525574,0,1,0.8721185922622681,1,1,0.7649186253547668,1,0,0.21906498074531555,0,0,0.33421701192855835,0,0,0.36581936478614807,0
248,hate_video_141.mp4,hate_video_141,train,0,"[SCENE]
a bald shirtless white man with a nazi extremist sign on his chest is hitting on the black mans back of the head constantly, who is lying down near the road on his stomach, a guitar rage music is there in the background, and the background is dark outside

[ACTION]
10. Scene

[SUBCATEGORIES]
['rage music']

[PARENTLABELS]
['threat']

[ACTION_CLEAN]
scene",1,0.9353570938110352,1,1,0.9157717227935791,1,1,0.8888310790061951,1,0,0.37749260663986206,0,1,0.775057852268219,1,1,0.6202876567840576,0,0,0.18157458305358887,0,0,0.2920229434967041,0,0,0.3171956539154053,0
249,hate_video_142.mp4,hate_video_142,train,0,"[SCENE]
An album-style image showing four cartoonish soldiers marching together, holding weapons, with bold red background and text linked to white supremacist ideology, presented in an aggressive way with an aggresive song

[ACTION]
10. Scene

[SUBCATEGORIES]
['aggresive music']

[PARENTLABELS]
['neutral']

[ACTION_CLEAN]
scene",1,0.8790342211723328,1,1,0.883598804473877,1,1,0.8206381797790527,0,0,0.4288214147090912,0,1,0.9037187099456787,1,0,0.5437915325164795,0,0,0.19790546596050262,0,0,0.27512186765670776,0,0,0.29070886969566345,0
250,hate_video_144.mp4,hate_video_144,train,0,"[SCENE]
a black woman inside her room, showing her rage on why she doesnt support ""black lives matter"" tag and uses cuss words

[ACTION]
5. Inappropriate Content

[SUBCATEGORIES]
['Inappropriate Language']

[PARENTLABELS]
['neutral']

[ACTION_CLEAN]
inappropriate content",0,0.10226388275623322,0,0,0.09564884752035141,0,0,0.11245118081569672,0,0,0.11879827082157135,0,0,0.11218833178281784,0,0,0.1024828851222992,0,1,0.9400560259819031,1,0,0.10567556321620941,0,0,0.11563427746295929,0
251,hate_video_145.mp4,hate_video_145,train,0,"[SCENE]
a bald man on glasses wearing a suit is spoeaking on camera that ""we alreadyhave a nigger mayor, we dont need anymore nigger big shots"". behind him is a man standing, seems to be confused

[ACTION]
5. Inappropriate Content

[SUBCATEGORIES]
['Inappropriate Language']

[PARENTLABELS]
['neutral']

[ACTION_CLEAN]
inappropriate content",0,0.09687867015600204,0,0,0.09721605479717255,0,0,0.10902503877878189,0,0,0.11758705973625183,0,0,0.1090429425239563,0,0,0.10090173780918121,0,1,0.9385344982147217,1,0,0.1060740277171135,0,0,0.11686699092388153,0
252,hate_video_148.mp4,hate_video_148,train,0,"[SCENE]
A collage showing a woman’s selfie on the left, a couple standing together outdoors on the right (with part of the image blurred), and a small inset photo at the bottom that looks like a red vehicle scene. a voiceover speaking about the story of a woman

[ACTION]
10. Scene

[SUBCATEGORIES]
['story-telling']

[PARENTLABELS]
['neutral']

[ACTION_CLEAN]
scene",0,0.066458560526371,0,0,0.12748852372169495,0,0,0.11468648165464401,0,0,0.07656971365213394,0,0,0.08935482800006866,0,0,0.11945606023073196,0,0,0.17798131704330444,0,0,0.05260505899786949,0,0,0.05837785825133324,0
253,hate_video_148.mp4,hate_video_148,train,0,"[SCENE]
2 frame of girls posing for photo, one on the left is smiling with her teeths visible, on the right the girl is doing pout and looking upwards to her right, and a narrator is telling a story who is behind the voice about white woman and her black boyfriend who murdered children. at the top of the images in the clip there is something written in white bold font ""the type of crime that only niggers and spics will do""

[ACTION]
10. Scene

[SUBCATEGORIES]
['dark story-telling']

[PARENTLABELS]
['fear']

[ACTION_CLEAN]
scene",1,0.9373549818992615,1,1,0.9077212810516357,1,1,0.9091347455978394,1,0,0.19296661019325256,0,0,0.18898983299732208,0,0,0.2144121527671814,0,0,0.12180976569652557,0,0,0.1132858619093895,0,0,0.13149547576904297,0
254,hate_video_149.mp4,hate_video_149,test,0,"[SCENE]
a clip from omegle live stream, a man in blue shirt and wearing a crown and glasses is asking to the girl about her age and college

[ACTION]
9. Non-Hate

[SUBCATEGORIES]
['Friendly Conversations']

[PARENTLABELS]
['neutral']

[ACTION_CLEAN]
non-hate",0,0.07715209573507309,0,0,0.07032926380634308,0,0,0.057792678475379944,0,0,0.0782078206539154,0,0,0.07954471558332443,0,0,0.08728618174791336,0,0,0.07560686022043228,0,0,0.06532405316829681,0,0,0.06659701466560364,0
255,hate_video_150.mp4,hate_video_150,test,0,"[SCENE]
the clip is divided into 3 frames with the same video where a man is sitting inside a plane and saying something bad to niggers, the video is running little slow with a background music to make it interesting, he has weared a crown on him and has long white hairs

[ACTION]
5. Inappropriate Content

[SUBCATEGORIES]
['Inappropriate Language']

[PARENTLABELS]
['neutral']

[ACTION_CLEAN]
inappropriate content",0,0.09761746227741241,0,0,0.10077697038650513,0,0,0.11167021840810776,0,0,0.11727900803089142,0,0,0.11218877881765366,0,0,0.1001022681593895,0,1,0.9398605823516846,1,0,0.10747593641281128,0,0,0.11750394850969315,0
256,hate_video_151.mp4,hate_video_151,train,0,"[SCENE]
4 men outside near an open parking area can be seen beating a man those 4 mens are supposed to be a black man as the background music says,

[ACTION]
1. Violence in Animation

[SUBCATEGORIES]
['Physical Fighting Scenes']

[PARENTLABELS]
['violence']

[ACTION_CLEAN]
violence in animation",0,0.09174883365631104,0,0,0.0883091390132904,0,0,0.07460204511880875,0,0,0.09474242478609085,0,1,0.92289137840271,1,0,0.08924006670713425,0,0,0.09700093418359756,0,0,0.0891590490937233,0,0,0.08648521453142166,0
257,hate_video_152.mp4,hate_video_152,val,0,"[SCENE]
2 womans sitting on the couch facing each other, one is black and other is white, both are in proffesional dress while the black one is singing a song in front of her

[ACTION]
10. Scene

[SUBCATEGORIES]
['singing']

[PARENTLABELS]
['neutral']

[ACTION_CLEAN]
scene",0,0.06300000846385956,0,0,0.10000286996364594,0,0,0.12062014639377594,0,0,0.07247637957334518,0,0,0.08695030957460403,0,0,0.08473789691925049,0,0,0.15957114100456238,0,0,0.0553065650165081,0,0,0.05817451700568199,0
258,hate_video_152.mp4,hate_video_152,val,0,"[SCENE]
A black woman sitting indoors during what looks like an interview, with a cartoon-style face drawn over her real face (big eyes and exaggerated smile), and a small watermark on the image.

[ACTION]
10. Scene

[SUBCATEGORIES]
['meme']

[PARENTLABELS]
['neutral']

[ACTION_CLEAN]
scene",0,0.080276720225811,0,0,0.12979398667812347,0,0,0.13780689239501953,0,0,0.08740285784006119,0,0,0.06024765595793724,0,0,0.14849062263965607,0,0,0.08067171275615692,0,0,0.05694257467985153,0,0,0.06473109871149063,0
259,hate_video_153.mp4,hate_video_153,train,0,"[SCENE]
A collage of several photos in a clip showing interracial couples, old statues, selfies, and edited images, with added cartoon faces and text layered over them, arranged together in a provocative, meme-style layout. with a music in the background

[ACTION]
10. Scene

[SUBCATEGORIES]
['racist meme']

[PARENTLABELS]
['discrimination']

[ACTION_CLEAN]
scene",0,0.08858566731214523,0,0,0.1822437047958374,0,0,0.22734567523002625,0,0,0.07508634775876999,0,0,0.09052660316228867,0,0,0.08747158944606781,0,0,0.32532376050949097,0,0,0.06356063485145569,0,0,0.07222459465265274,0
260,hate_video_153.mp4,hate_video_153,train,0,"[SCENE]
A shocking, propaganda-style image used in this clip, split into two parts: on one side a smiling couple with violent symbols added, and on the other a nude photo of an injured or dead child. It uses disturbing imagery, symbols, and aggressive text to provoke fear and spread extremist hate messages.

[ACTION]
10. Scene

[SUBCATEGORIES]
['disturbing imagery']

[PARENTLABELS]
['fear']

[ACTION_CLEAN]
scene",1,0.9162418246269226,1,1,0.8516549468040466,1,1,0.9089497327804565,1,0,0.4545243978500366,0,1,0.7387799024581909,1,1,0.7163087129592896,0,1,0.5332923531532288,0,0,0.3498930037021637,0,1,0.503472626209259,0
261,hate_video_153.mp4,hate_video_153,train,0,"[SCENE]
A crude, mocking poster showing a young woman dancing at a party, surrounded by men, with sarcastic text implying bad parenting. The image is meant to shame and provoke using offensive stereotypes.

[ACTION]
10. Scene

[SUBCATEGORIES]
['mocking']

[PARENTLABELS]
['neutral']

[ACTION_CLEAN]
scene",0,0.5830556154251099,0,1,0.934694766998291,1,1,0.9006708860397339,1,0,0.1099797785282135,0,0,0.13692770898342133,0,0,0.20558534562587738,0,0,0.2561502158641815,0,0,0.11000214517116547,0,0,0.13738425076007843,0
262,hate_video_154.mp4,hate_video_154,train,0,"[SCENE]
an omegle live stream clip, where a man in glasses and cap with a blue suit, asks to other man in the stream video call that who is a nigger, the man with a birthday cap on his head replies that they are dog and the other man agrees it and laughs

[ACTION]
3. Discrimination

[SUBCATEGORIES]
['Background/Origin Discrimination']

[PARENTLABELS]
['discrimination']

[ACTION_CLEAN]
discrimination",0,0.10517309606075287,0,1,0.9068096876144409,1,0,0.1275302916765213,0,0,0.11245694756507874,0,0,0.12572835385799408,0,0,0.13327746093273163,0,0,0.10147017985582352,0,0,0.11875903606414795,0,0,0.11617780476808548,0
263,hate_video_155.mp4,hate_video_155,train,0,"[SCENE]
a black man who is supposed to be a barber is cutting another black mans hair with the hammer and some wood cutting tool

[ACTION]
10. Scene

[SUBCATEGORIES]
['hair-cutting']

[PARENTLABELS]
['neutral']

[ACTION_CLEAN]
scene",0,0.219937264919281,0,0,0.18527346849441528,0,0,0.15791884064674377,0,0,0.18703031539916992,0,1,0.8919698596000671,1,0,0.31724774837493896,0,0,0.13217352330684662,0,0,0.19012793898582458,0,0,0.16643013060092926,0
264,hate_video_155.mp4,hate_video_155,train,0,"[SCENE]
a girl lying on bed is talking to his mother and saying about dirty niggers to her

[ACTION]
10. Scene

[SUBCATEGORIES]
['hate conversation']

[PARENTLABELS]
['neutral']

[ACTION_CLEAN]
scene",1,0.9260386228561401,1,1,0.9066236615180969,1,1,0.8945935368537903,1,0,0.1594834178686142,0,0,0.17254957556724548,0,0,0.17589576542377472,0,0,0.12461859732866287,0,0,0.10567578673362732,0,0,0.11725348979234695,0
265,hate_video_156.mp4,hate_video_156,train,0,"[SCENE]
a black woman in a white dress with shoes is twerking on the road in an open sun

[ACTION]
5. Inappropriate Content

[SUBCATEGORIES]
['Adult References']

[PARENTLABELS]
['sexual']

[ACTION_CLEAN]
inappropriate content",0,0.0989830270409584,0,0,0.09412717819213867,0,0,0.10914568603038788,0,0,0.1211777999997139,0,0,0.10727746784687042,0,0,0.10553234070539474,0,1,0.9380022883415222,1,0,0.10618200898170471,0,0,0.11613506078720093,0
266,hate_video_156.mp4,hate_video_156,train,0,"[SCENE]
a black bald man wearing just a pant is dancing on the music while carrying a trolley on his back inside a rom filled with other peoples also

[ACTION]
10. Scene

[SUBCATEGORIES]
['dancing']

[PARENTLABELS]
['neutral']

[ACTION_CLEAN]
scene",0,0.0708824172616005,0,0,0.045012686401605606,0,0,0.07306522876024246,0,0,0.08875193446874619,0,0,0.1955288201570511,0,0,0.1021135151386261,0,0,0.11831531673669815,0,0,0.07355718314647675,0,0,0.05909125134348869,0
267,hate_video_157.mp4,hate_video_157,train,0,"[SCENE]
A cartoon-style image of Sonic the Hedgehog in the clip, standing in front of a Confederate flag, giving a thumbs-up. The text on the image(the south will rise again!) uses a slogan connected to Southern pride and controversial political beliefs. a very low voice but high bass music is running in the background saying about niggers

[ACTION]
10. Scene

[SUBCATEGORIES]
['racist music']

[PARENTLABELS]
['discrimination']

[ACTION_CLEAN]
scene",1,0.9065638184547424,1,1,0.9227378368377686,1,1,0.9003885984420776,1,0,0.14786401391029358,0,0,0.147565096616745,0,0,0.17315411567687988,0,0,0.1131250411272049,0,0,0.1065901666879654,0,0,0.11925743520259857,0
268,hate_video_158.mp4,hate_video_158,train,0,"[SCENE]
there are 2 frames divided in the clip, the right frame a man is watching the black man in the left one who is dancing on the beats wearing a cap

[ACTION]
10. Scene

[SUBCATEGORIES]
['dance']

[PARENTLABELS]
['neutral']

[ACTION_CLEAN]
scene",0,0.08245004713535309,0,0,0.049858517944812775,0,0,0.08273056894540787,0,0,0.09095741808414459,0,0,0.16573278605937958,0,0,0.10169132798910141,0,0,0.08923723548650742,0,0,0.06693992018699646,0,0,0.058638717979192734,0
269,hate_video_158.mp4,hate_video_158,train,0,"[SCENE]
the man on the right frame says fuck you black and get in your cage to the left frame guy, and they seems to be fighting online

[ACTION]
10. Scene

[SUBCATEGORIES]
['verbal fight']

[PARENTLABELS]
['violence']

[ACTION_CLEAN]
scene",1,0.8702474236488342,1,1,0.7833536267280579,0,0,0.6949593424797058,0,0,0.7083251476287842,0,1,0.8394604325294495,1,0,0.7287479639053345,0,0,0.2983079254627228,0,0,0.543006181716919,0,1,0.4314534664154053,0
270,hate_video_159.mp4,hate_video_159,train,0,"[SCENE]
a man is recording another man who is cycling on the road and says ""niggers gonna follow me"" while passing by

[ACTION]
10. Scene

[SUBCATEGORIES]
['hate speech']

[PARENTLABELS]
['hate_speech']

[ACTION_CLEAN]
scene",1,0.938072681427002,1,1,0.923493504524231,1,1,0.9176570773124695,1,0,0.17430119216442108,0,0,0.211435005068779,0,0,0.21995452046394348,0,0,0.14730019867420197,0,0,0.13130146265029907,0,0,0.15125040709972382,0
271,hate_video_162.mp4,hate_video_162,test,0,"[SCENE]
An old, sepia-toned illustration from a 19th-century song sheet showing a performer in exaggerated, stereotypical costume and pose, typical of early minstrel entertainment. It reflects racist portrayals that were common in that era but are now recognized as offensive and harmful. an old violin playful music is there in the background

[ACTION]
10. Scene

[SUBCATEGORIES]
['poster with music']

[PARENTLABELS]
['neutral']

[ACTION_CLEAN]
scene",0,0.6088699102401733,0,1,0.9224814176559448,1,1,0.9064047932624817,1,0,0.09767753630876541,0,0,0.1880379021167755,0,0,0.1611100286245346,0,0,0.12704722583293915,0,0,0.09673264622688293,0,0,0.10844748467206955,0
272,hate_video_166.mp4,hate_video_166,train,0,"[SCENE]
staff members inside a restaurant can be seen fighting within themselves and using words like niggers and bitch to each other while fighting

[ACTION]
1. Violence in Animation

[SUBCATEGORIES]
['Physical Fighting Scenes']

[PARENTLABELS]
['violence']

[ACTION_CLEAN]
violence in animation",0,0.12249521911144257,0,0,0.10033713281154633,0,0,0.08398400992155075,0,0,0.0973840281367302,0,1,0.9279508590698242,1,0,0.09044180810451508,0,0,0.09454460442066193,0,0,0.08748693764209747,0,0,0.07878470420837402,0
273,,row_273,train,0,"[SUBCATEGORIES]
[]

[PARENTLABELS]
[]",0,0.07095714658498764,0,0,0.07875457406044006,0,0,0.08250743895769119,0,0,0.07673586159944534,0,0,0.07797888666391373,0,0,0.11493732780218124,0,0,0.06506815552711487,0,0,0.06449618190526962,0,0,0.06002242863178253,0
274,hate_video_167.mp4,hate_video_167,val,0,"[SCENE]
A vintage album cover featuring black-and-white portraits of several early 20th-century musicians, titled “The Skillet Lickers – Complete Recorded Works, Volume 1 (1926–1927).” It has an old-fashioned design that reflects early American folk and country music history. an old violin music on nigger is playing in background

[ACTION]
10. Scene

[SUBCATEGORIES]
['album with racial music']

[PARENTLABELS]
['discrimination']

[ACTION_CLEAN]
scene",0,0.6942892670631409,0,1,0.7711852192878723,0,1,0.8477815985679626,1,0,0.0847407653927803,0,0,0.10789449512958527,0,0,0.0919584333896637,0,0,0.12536919116973877,0,0,0.08396176993846893,0,0,0.09941509366035461,0
275,hate_video_169.mp4,hate_video_169,train,0,"[SCENE]
a white man wearing a cap and red t-shirt is saying that the black man infront of him who was also coming from the door,that ""you hate jesus? you hate me?"", then he tried to punch the black man

[ACTION]
10. Scene

[SUBCATEGORIES]
['verbal/physical clash']

[PARENTLABELS]
['neutral']

[ACTION_CLEAN]
scene",1,0.8443288207054138,1,1,0.9069240093231201,1,0,0.5724192261695862,0,0,0.3096049726009369,0,1,0.7426303625106812,1,0,0.4104103147983551,0,0,0.07329410314559937,0,0,0.17804044485092163,0,0,0.163816437125206,0
276,hate_video_170.mp4,hate_video_170,train,0,"[SCENE]
A fantasy character resembling Yoda is shown holding a glowing green sword, posed in front of a bold black-and-white circular symbol, creating a mash-up of sci-fi imagery with a stark, aggressive-looking background. an intense background music targetting niggers is playing

[ACTION]
10. Scene

[SUBCATEGORIES]
['racial music']

[PARENTLABELS]
['discrimination']

[ACTION_CLEAN]
scene",1,0.9643048048019409,1,1,0.8502904176712036,1,1,0.8933548331260681,1,0,0.1936861127614975,0,0,0.2170380800962448,0,0,0.24125705659389496,0,0,0.13392676413059235,0,0,0.13406647741794586,0,0,0.15392158925533295,0
277,hate_video_171.mp4,hate_video_171,train,0,"[SCENE]
The image in the clip is a two-panel meme. The top shows a modern street riot with people damaging a car, labeled to suggest one group being “pushed too far.” The bottom shows an old black-and-white photo of soldiers lined up for execution, labeled to suggest another group’s reaction, with text urging the viewer to “choose carefully.” meant to provoke racial tension

[ACTION]
10. Scene

[SUBCATEGORIES]
['racist meme']

[PARENTLABELS]
['discrimination']

[ACTION_CLEAN]
scene",0,0.5381875038146973,0,1,0.8479803800582886,1,1,0.7377153038978577,0,0,0.3031771183013916,0,1,0.851449191570282,1,1,0.7884113192558289,1,0,0.10730937123298645,0,0,0.2768567204475403,0,0,0.25609856843948364,0
278,hate_video_171.mp4,hate_video_171,train,0,"[SCENE]
a black and white image where 2 white mens are holding a black man who is trying to fall on the ground

[ACTION]
10. Scene

[SUBCATEGORIES]
['racist meme']

[PARENTLABELS]
['discrimination']

[ACTION_CLEAN]
scene",0,0.1823512762784958,0,1,0.7318015098571777,0,0,0.3021734654903412,0,0,0.19390884041786194,0,1,0.8413324952125549,1,0,0.5891535878181458,0,0,0.08535870909690857,0,0,0.17706334590911865,0,0,0.14493760466575623,0
279,hate_video_171.mp4,hate_video_171,train,0,"[SCENE]
black and white image, where people can be seen protesting on the streets outside with a man in suit leading them from the front, they are carrying a poster which says ""white power""

[ACTION]
10. Scene

[SUBCATEGORIES]
['protest']

[PARENTLABELS]
['neutral']

[ACTION_CLEAN]
scene",1,0.8289737105369568,1,1,0.9179412722587585,1,1,0.9144824743270874,1,0,0.11424566805362701,0,0,0.21945932507514954,0,0,0.18903258442878723,0,0,0.0934198871254921,0,0,0.10664635896682739,0,0,0.13261066377162933,0
280,hate_video_173.mp4,hate_video_173,train,0,"[SCENE]
a woman walking on the footpath is getting recorded from the back side, can be seen showing middle finger to someone behind her who is not captured in camera, she is saying cuss words and nigger to the same person

[ACTION]
10. Scene

[SUBCATEGORIES]
['hate speech']

[PARENTLABELS]
['hate_speech']

[ACTION_CLEAN]
scene",1,0.9177148938179016,1,1,0.8404334783554077,1,0,0.6724256277084351,0,0,0.45136258006095886,0,1,0.8243685364723206,1,1,0.5934104323387146,0,0,0.12394940108060837,0,0,0.2586577534675598,0,0,0.24793848395347595,0
281,hate_video_173.mp4,hate_video_173,train,0,"[SCENE]
2 to 3 women are verbally fighting coming close to each other, saying nigger and cuss words to each other and giving a send off also

[ACTION]
5. Inappropriate Content

[SUBCATEGORIES]
['2 Inappropriate Language']

[PARENTLABELS]
['neutral']

[ACTION_CLEAN]
inappropriate content",0,0.09963018447160721,0,0,0.0970260426402092,0,0,0.10989245772361755,0,0,0.11669144034385681,0,0,0.11042984575033188,0,0,0.10378172248601913,0,1,0.9387006163597107,1,0,0.10564965754747391,0,0,0.11283792555332184,0
282,hate_video_175.mp4,hate_video_175,val,0,"[SCENE]
clip is divided in 2 frame panel, the person in the 2nd panel(down) is in a cop attire, with a gun, threatens the other guy in the top panel who is black, to get down on his knees

[ACTION]
2. Verbal Abuse

[SUBCATEGORIES]
['Threatening Language']

[PARENTLABELS]
['threat']

[ACTION_CLEAN]
verbal abuse",1,0.9314497113227844,1,0,0.1217959001660347,0,0,0.13196617364883423,0,0,0.12690937519073486,0,0,0.13786667585372925,0,0,0.09874323755502701,0,0,0.11206657439470291,0,0,0.09718896448612213,0,0,0.10661324113607407,0
283,hate_video_177.mp4,hate_video_177,train,0,"[SCENE]
an omegle panel, where the guy in the 2nd panel talks about why he hates jews and niggers, while the other guy at the top panel gets shocked by the statement and starts laughing

[ACTION]
3. Discrimination

[SUBCATEGORIES]
['Social Status Discrimination']

[PARENTLABELS]
['discrimination']

[ACTION_CLEAN]
discrimination",0,0.10805782675743103,0,1,0.9046768546104431,1,0,0.1306111365556717,0,0,0.11224053800106049,0,0,0.12398715317249298,0,0,0.13159185647964478,0,0,0.0980604887008667,0,0,0.11538190394639969,0,0,0.10815988481044769,0
284,hate_video_178.mp4,hate_video_178,test,0,"[SCENE]
a black woman, seems to be a tribal, is standing behind the bushes with no leaves, while the clip invokes mockery, and a guitar music is also there in the background

[ACTION]
3. Discrimination

[SUBCATEGORIES]
['Character Appearance Mockery']

[PARENTLABELS]
['neutral']

[ACTION_CLEAN]
discrimination",0,0.09283266216516495,0,1,0.8917074799537659,1,0,0.11693446338176727,0,0,0.10796643048524857,0,0,0.12355535477399826,0,0,0.13501612842082977,0,0,0.1069011241197586,0,0,0.1135006919503212,0,0,0.11535482853651047,0
285,hate_video_178.mp4,hate_video_178,test,0,"[SCENE]
a black man with his shirt buttons open and in a white pant, is running towards the camera while a car is chasing him. they are on the sandy track and a nigger music is running in the background

[ACTION]
10. Scene

[SUBCATEGORIES]
['running']

[PARENTLABELS]
['neutral']

[ACTION_CLEAN]
scene",1,0.9255005121231079,1,1,0.808022141456604,1,0,0.8144692182540894,0,0,0.2465725988149643,0,1,0.5226116180419922,1,1,0.472418874502182,0,0,0.14308211207389832,0,0,0.1974678486585617,0,0,0.19173194468021393,0
286,hate_video_178.mp4,hate_video_178,test,0,"[SCENE]
3 white men came out of the car and grabbed the black man, they put him down on the ground by first grabbing his leg, then started beating him. there is a nigger music in the background also

[ACTION]
1. Violence in Animation

[SUBCATEGORIES]
['Physical Fighting Scenes']

[PARENTLABELS]
['violence']

[ACTION_CLEAN]
violence in animation",0,0.10549003630876541,0,0,0.10091716796159744,0,0,0.08232925832271576,0,0,0.09681110829114914,0,1,0.9313889741897583,1,0,0.09133452922105789,0,0,0.09666216373443604,0,0,0.08996722102165222,0,0,0.08401503413915634,0
287,hate_video_180.mp4,hate_video_180,train,0,"[SCENE]
a man is recording a live stream with the live chat at the left of the screen. he asked the cop on the stream which he is streaming outside, that its not legal to say the N word right, but after then he only says that N word which is nigger. the frame has 2 to 3 men in it one is the cop and the other 2 seems to be the streamer

[ACTION]
5. Inappropriate Content

[SUBCATEGORIES]
['Inappropriate Language']

[PARENTLABELS]
['neutral']

[ACTION_CLEAN]
inappropriate content",0,0.0922618955373764,0,0,0.10015858709812164,0,0,0.10703736543655396,0,0,0.11509843915700912,0,0,0.11345773935317993,0,0,0.09909732639789581,0,1,0.9362825751304626,1,0,0.10652471333742142,0,0,0.11513664573431015,0
288,hate_video_181.mp4,hate_video_181,val,0,"[SCENE]
an omegle panel, with 2 frames, man in the down frame is with a joker getup and asking the top panel man in bear getup to say nigger, he replies in bear voice

[ACTION]
5. Inappropriate Content

[SUBCATEGORIES]
['Inappropriate Language']

[PARENTLABELS]
['neutral']

[ACTION_CLEAN]
inappropriate content",0,0.09701206535100937,0,0,0.09701845794916153,0,0,0.10981827974319458,0,0,0.11715616285800934,0,0,0.10991832613945007,0,0,0.10074698179960251,0,1,0.9388367533683777,1,0,0.10524729639291763,0,0,0.11622847616672516,0
289,hate_video_183.mp4,hate_video_183,test,0,"[SCENE]
an omegle panel, with 2 frames, man in the down frame is with an unknown getup wearing a mask, glasses, a cartoon cap and a green half cut vest and saying nigger to the kid on the top panel who is actually black

[ACTION]
5. Inappropriate Content

[SUBCATEGORIES]
['Inappropriate Language']

[PARENTLABELS]
['neutral']

[ACTION_CLEAN]
inappropriate content",0,0.09886764734983444,0,0,0.09930587559938431,0,0,0.11435922980308533,0,0,0.1181979551911354,0,0,0.11105933040380478,0,0,0.10323464870452881,0,1,0.9410200119018555,1,0,0.10726901888847351,0,0,0.11779771745204926,0
290,,row_290,train,0,"[SUBCATEGORIES]
[]

[PARENTLABELS]
[]",0,0.07095714658498764,0,0,0.07875457406044006,0,0,0.08250743895769119,0,0,0.07673586159944534,0,0,0.07797888666391373,0,0,0.11493732780218124,0,0,0.06506815552711487,0,0,0.06449618190526962,0,0,0.06002242863178253,0
291,hate_video_184.mp4,hate_video_184,train,0,"[SCENE]
an omegle live stream, where are the top panel a black man is sleeping with his heads on his hands, and the guy in the below panel asks him to wake up saying ""wake up nigger, wake up monley""

[ACTION]
5. Inappropriate Content

[SUBCATEGORIES]
['Inappropriate Language']

[PARENTLABELS]
['neutral']

[ACTION_CLEAN]
inappropriate content",0,0.0992596447467804,0,0,0.09780321270227432,0,0,0.11100959777832031,0,0,0.11890789866447449,0,0,0.10964536666870117,0,0,0.10101663321256638,0,1,0.9398173689842224,1,0,0.10864624381065369,0,0,0.11829479783773422,0
292,hate_video_185.mp4,hate_video_185,test,0,"[SCENE]
a man seems to be in his van or a house type car, holding a guitar sitting on the white bed, does a mic check without a mic in sarcastic way by saying bad words like nigger, cunt etc

[ACTION]
5. Inappropriate Content

[SUBCATEGORIES]
['Inappropriate Language']

[PARENTLABELS]
['neutral']

[ACTION_CLEAN]
inappropriate content",0,0.10089093446731567,0,0,0.09720674902200699,0,0,0.11118080466985703,0,0,0.11623476445674896,0,0,0.11177205294370651,0,0,0.10084592550992966,0,1,0.9397957921028137,1,0,0.1052306666970253,0,0,0.11615459620952606,0
293,,row_293,train,0,"[SUBCATEGORIES]
[]

[PARENTLABELS]
[]",0,0.07095714658498764,0,0,0.07875457406044006,0,0,0.08250743895769119,0,0,0.07673586159944534,0,0,0.07797888666391373,0,0,0.11493732780218124,0,0,0.06506815552711487,0,0,0.06449618190526962,0,0,0.06002242863178253,0
294,hate_video_186.mp4,hate_video_186,train,0,"[SCENE]
an omegle stream, where both the panel(top and down) are having discussion on blacks, top panel woman supporting the black and raising voice for them while the other guy in the down panel is saying bad to them

[ACTION]
10. Scene

[SUBCATEGORIES]
['racial discussion']

[PARENTLABELS]
['discrimination']

[ACTION_CLEAN]
scene",1,0.39216503500938416,0,1,0.599860429763794,0,0,0.41749995946884155,0,0,0.08119115978479385,0,0,0.07100293040275574,0,0,0.20251494646072388,0,0,0.04037313908338547,0,0,0.08159011602401733,0,0,0.07478581368923187,0
295,hate_video_187.mp4,hate_video_187,train,0,"[SCENE]
a live interactive chat, with 2 frames side by side, one with the black guys and other with a fat man with his earphones on, says that he would not subscribe to their onlyfans so the black guy showed him middle finger

[ACTION]
10. Scene

[SUBCATEGORIES]
['inappropriate behaviour']

[PARENTLABELS]
['neutral']

[ACTION_CLEAN]
scene",0,0.3129969537258148,0,1,0.7197322845458984,0,0,0.2116776704788208,0,0,0.20478251576423645,0,1,0.8689907789230347,1,0,0.2661850154399872,0,0,0.10033421963453293,0,0,0.14795644581317902,0,0,0.12223869562149048,0
296,hate_video_187.mp4,hate_video_187,train,0,"[SCENE]
man on the left panel of the video chat, says ""look, your lives dont matter"" to the right panel black guys, they started bursting out on him while the man was laughing

[ACTION]
5. Inappropriate Content

[SUBCATEGORIES]
['Inappropriate Language']

[PARENTLABELS]
['neutral']

[ACTION_CLEAN]
inappropriate content",0,0.09862334281206131,0,0,0.09684529900550842,0,0,0.1113547757267952,0,0,0.11842455714941025,0,0,0.10965730249881744,0,0,0.10193634778261185,0,1,0.9391549229621887,1,0,0.10686860233545303,0,0,0.11627475917339325,0
297,hate_video_189.mp4,hate_video_189,train,0,"[SCENE]
clip from Omegle showing a video chat, A person dressed like the Joker is talking to others on screen and appears to make a racially offensive comment that his favourite people are black as they are the best criminals, while another participant reacts on camera and chat messages scroll on the side.

[ACTION]
5. Inappropriate Content

[SUBCATEGORIES]
['Inappropriate Language']

[PARENTLABELS]
['neutral']

[ACTION_CLEAN]
inappropriate content",0,0.09753376245498657,0,0,0.10183632373809814,0,0,0.11693254858255386,0,0,0.11996712535619736,0,0,0.11489774286746979,0,0,0.1040060743689537,0,1,0.943755567073822,1,0,0.1113656759262085,0,0,0.12328346073627472,0
298,hate_video_190.mp4,hate_video_190,train,0,"[SCENE]
The clip from an Omegle video chat, A man dressed like Mario is talking to a stranger in the top panel and asks a blatantly racist, offensive question about Black people as he doesnt like them because they burn cities wherever they go, while a live chat on the left shows viewers reacting.

[ACTION]
5. Inappropriate Content

[SUBCATEGORIES]
['Inappropriate Language']

[PARENTLABELS]
['neutral']

[ACTION_CLEAN]
inappropriate content",0,0.09596759080886841,0,0,0.10414598882198334,0,0,0.11685024201869965,0,0,0.116413913667202,0,0,0.11350680887699127,0,0,0.10156431794166565,0,1,0.9421376585960388,1,0,0.10926487296819687,0,0,0.12112897634506226,0
299,hate_video_191.mp4,hate_video_191,train,0,"[SCENE]
a man wearing a suit with a half moon face and black goggles, holding gun in both of his hands. a music and some kind of rap is also there targetting niggers

[ACTION]
10. Scene

[SUBCATEGORIES]
['hate speech']

[PARENTLABELS]
['hate_speech']

[ACTION_CLEAN]
scene",1,0.7253968119621277,0,1,0.7033904194831848,0,0,0.4358876943588257,0,0,0.6679421663284302,0,1,0.9462487697601318,1,1,0.7061877250671387,0,0,0.1852150410413742,0,0,0.5445610284805298,0,0,0.3192250728607178,0
300,hate_video_192.mp4,hate_video_192,test,0,"[SCENE]
a man with a moon shaped face with black goggles, and only his face part is visible, there is a drum music also with niggers song

[ACTION]
10. Scene

[SUBCATEGORIES]
['racist song']

[PARENTLABELS]
['discrimination']

[ACTION_CLEAN]
scene",1,0.9207431077957153,1,1,0.8962680101394653,1,1,0.8871824145317078,1,0,0.1493164449930191,0,0,0.14404809474945068,0,0,0.14975696802139282,0,0,0.12480468302965164,0,0,0.10193536430597305,0,0,0.10905250161886215,0
301,hate_video_193.mp4,hate_video_193,test,0,"[SCENE]
The image in clip looks like a stylized cartoon scene where a grinning white, human-like character stands confidently in the center at night, holding weapons, while exaggerated cartoon figures surround him in a chaotic crowd. The overall tone is aggressive and provocative, meant to shock or provoke rather than tell a realistic story. it has a racist music and song also about niggers

[ACTION]
10. Scene

[SUBCATEGORIES]
['racist imagery/song']

[PARENTLABELS]
['discrimination']

[ACTION_CLEAN]
scene",1,0.9305317401885986,1,1,0.9251514077186584,1,1,0.8737677335739136,1,0,0.3932015001773834,0,1,0.7617401480674744,1,1,0.4927186667919159,0,0,0.14292320609092712,0,0,0.2015688419342041,0,0,0.23314210772514343,0
302,,row_302,train,0,"[SUBCATEGORIES]
[]

[PARENTLABELS]
[]",0,0.07095714658498764,0,0,0.07875457406044006,0,0,0.08250743895769119,0,0,0.07673586159944534,0,0,0.07797888666391373,0,0,0.11493732780218124,0,0,0.06506815552711487,0,0,0.06449618190526962,0,0,0.06002242863178253,0
303,hate_video_194.mp4,hate_video_194,train,0,"[SCENE]
the clip has a yellow background with ""FUCK JEWS!"" wriiten over it and a parental advisory is also there at the bottom left corner of the clip, and a song on fuck niggers and jews is playing in the backfround

[ACTION]
10. Scene

[SUBCATEGORIES]
['racist imagery/song']

[PARENTLABELS]
['discrimination']

[ACTION_CLEAN]
scene",1,0.9304749965667725,1,1,0.8851770758628845,1,1,0.9049896597862244,1,0,0.1327982395887375,0,0,0.13273616135120392,0,0,0.1574152708053589,0,0,0.170632466673851,0,0,0.10101437568664551,0,0,0.12701645493507385,0
304,hate_video_195.mp4,hate_video_195,train,0,"[SCENE]
This image in the clip is a stylized cartoon of a smiling, moon-shaped face wearing sunglasses, shown next to a dark circular symbol that includes a Nazi swastika design. The colors are purple and black, and the overall look is surreal and provocative, also there is this oop kind off music and aong on niggers

[ACTION]
10. Scene

[SUBCATEGORIES]
['racist song']

[PARENTLABELS]
['discrimination']

[ACTION_CLEAN]
scene",1,0.93332839012146,1,1,0.8922065496444702,1,1,0.9121159315109253,1,0,0.15785367786884308,0,0,0.15554364025592804,0,0,0.17561116814613342,0,0,0.14172908663749695,0,0,0.1052604392170906,0,0,0.1290237307548523,0
305,hate_video_196.mp4,hate_video_196,train,0,"[SCENE]
This image shows a nighttime scene with a group of armed characters standing outdoors. Several of them have stylized moon-shaped faces wearing sunglasses, mixed with human-looking fighters holding guns. The scene looks like a video game or animated setup, giving off a tense, action-oriented and surreal vibe. a racist song is there in the background

[ACTION]
10. Scene

[SUBCATEGORIES]
['racist song']

[PARENTLABELS]
['discrimination']

[ACTION_CLEAN]
scene",1,0.8129459023475647,1,1,0.8087901473045349,1,1,0.6885810494422913,0,0,0.5814927220344543,0,1,0.9506531357765198,1,0,0.7385724186897278,0,0,0.23072144389152527,0,0,0.4312931299209595,0,0,0.369238018989563,0
306,hate_video_197.mp4,hate_video_197,train,0,"[SCENE]
This image in the clip shows Adolf Hitler in front of a Nazi flag with a swastika symbol. It’s a historical photograph associated with Nazi Germany and its extremist ideology. it has a song also about hitler praising him and his racist beliefs

[ACTION]
10. Scene

[SUBCATEGORIES]
['racist song']

[PARENTLABELS]
['discrimination']

[ACTION_CLEAN]
scene",1,0.8754533529281616,1,1,0.9379579424858093,1,1,0.9342990517616272,1,0,0.14386790990829468,0,0,0.2445690780878067,0,0,0.2136913388967514,0,0,0.1267184466123581,0,0,0.12539567053318024,0,0,0.14443092048168182,0
307,hate_video_198.mp4,hate_video_198,train,0,"[SCENE]
This image in the clip shows a person wearing a Ku Klux Klan–style white hood and robe, with symbols on the outfit, raising a hand in front of a burning cross. It represents extremist and racist imagery associated with hate groups. a music is playing in the background with a rap talking about niggers and slums

[ACTION]
10. Scene

[SUBCATEGORIES]
['hate imagery/song']

[PARENTLABELS]
['neutral']

[ACTION_CLEAN]
scene",1,0.9398345351219177,1,1,0.9391986727714539,1,1,0.9392136931419373,1,0,0.21536584198474884,0,0,0.3545684814453125,0,0,0.328969806432724,0,0,0.13905639946460724,0,0,0.15049493312835693,0,0,0.2056177705526352,0
308,hate_video_199.mp4,hate_video_199,val,0,"[SCENE]
This image shows a person indoors wearing a white, pointed hood that covers their face, along with dark sunglasses, raising one hand toward the camera. The lighting is dim and gives the scene an eerie, unsettling feel. and starting with the clap sound, the song is about ""nigger nigger"" and trolling niggers

[ACTION]
10. Scene

[SUBCATEGORIES]
['racist imagery/song']

[PARENTLABELS]
['discrimination']

[ACTION_CLEAN]
scene",1,0.9658789038658142,1,1,0.8805142045021057,1,1,0.9098734259605408,1,0,0.2385934591293335,0,0,0.26841670274734497,0,1,0.3862939476966858,0,0,0.1820516437292099,0,0,0.16968506574630737,0,0,0.23535944521427155,0
309,hate_video_200.mp4,hate_video_200,train,0,"[SCENE]
This is a black-and-white drawing styled like a classical statue, showing robed human figures posed together on a pedestal labeled “Eugenics.” One central figure has an exaggerated, cartoon-like head, while children stand around the adults, giving the image a disturbing, propagandistic tone that mixes classical art with extremist ideology. song on niggers is playing in the background

[ACTION]
10. Scene

[SUBCATEGORIES]
['racist imagery/song']

[PARENTLABELS]
['discrimination']

[ACTION_CLEAN]
scene",1,0.9399492144584656,1,1,0.903269350528717,1,1,0.9250071048736572,1,0,0.1651264727115631,0,0,0.16554121673107147,0,0,0.18044131994247437,0,0,0.14421477913856506,0,0,0.11843850463628769,0,0,0.15135608613491058,0
310,hate_video_201.mp4,hate_video_201,train,0,"[SCENE]
a moon faced man with black sunglasses holding a shotgun, behind him is a red coloured eagle with a nazi sign on it, a rap with lyrics like ""my nameis kkkk "" is playing in background

[ACTION]
10. Scene

[SUBCATEGORIES]
['racist song']

[PARENTLABELS]
['discrimination']

[ACTION_CLEAN]
scene",1,0.9543898701667786,1,1,0.9025691151618958,1,1,0.928418755531311,1,0,0.22550036013126373,0,1,0.3680226802825928,0,0,0.2937282919883728,0,0,0.14819391071796417,0,0,0.1644459217786789,0,0,0.22232457995414734,0
311,hate_video_202.mp4,hate_video_202,train,0,"[SCENE]
a half moon shaped like a man face with a black sunglasses on it is on a black backrgound, with text written below it ""JUST ENJOY IT"". there is a rap and beatbox like music also in the background

[ACTION]
10. Scene

[SUBCATEGORIES]
['beatbox music']

[PARENTLABELS]
['neutral']

[ACTION_CLEAN]
scene",0,0.15193961560726166,0,0,0.06682088971138,0,0,0.16786113381385803,0,0,0.07839237153530121,0,0,0.08947993069887161,0,0,0.08305700868368149,0,0,0.09841790050268173,0,0,0.06986280530691147,0,0,0.06434191018342972,0
312,hate_video_203.mp4,hate_video_203,val,0,"[SCENE]
This image in the clip shows a man sitting inside a shopping cart in a grocery store, edited so his face is replaced with a smiling cartoon “moon” character wearing sunglasses. The text “MOON MAN” appears above and on the cart, giving it a meme-like, surreal feel. a nigger song is playing in the background

[ACTION]
10. Scene

[SUBCATEGORIES]
['racist song']

[PARENTLABELS]
['discrimination']

[ACTION_CLEAN]
scene",1,0.9224041700363159,1,1,0.8461005687713623,1,1,0.9170080423355103,1,0,0.1312609761953354,0,0,0.1352565586566925,0,0,0.14012408256530762,0,0,0.15595804154872894,0,0,0.09602467715740204,0,0,0.12530116736888885,0
313,,row_313,train,0,"[SUBCATEGORIES]
[]

[PARENTLABELS]
[]",0,0.07095708698034286,0,0,0.07875457406044006,0,0,0.08250742405653,0,0,0.07673586159944534,0,0,0.07797887176275253,0,0,0.11493737995624542,0,0,0.06506818532943726,0,0,0.06449618935585022,0,0,0.06002242863178253,0
314,hate_video_204.mp4,hate_video_204,test,0,"[SCENE]
a black and white image in the clip, which has a moon shaped face man wearing a suit and a black sunglasses, he is looking towards the left side(his right side), there a blood stain also towards the bottom left corner of the clip, there is a nigger song also in the background

[ACTION]
10. Scene

[SUBCATEGORIES]
['racist song']

[PARENTLABELS]
['discrimination']

[ACTION_CLEAN]
scene",1,0.8499496579170227,1,1,0.86473548412323,1,1,0.8814108967781067,1,0,0.2477969527244568,0,0,0.5412883162498474,1,0,0.37801024317741394,0,0,0.20470352470874786,0,0,0.1650126576423645,0,0,0.16060443222522736,0
315,hate_video_205.mp4,hate_video_205,test,0,"[SCENE]
A black-and-white graphic showing a cartoon “Moon Man” character posed like a devil, with horns and a tail, standing above small human silhouettes. The text frames him as a dark, provocative figure, giving the image an edgy, extremist-style poster look. there is this old 90s guitar music at the start of the clip but then comes the hate song on niggers playing in the blackground

[ACTION]
10. Scene

[SUBCATEGORIES]
['racist song']

[PARENTLABELS]
['discrimination']

[ACTION_CLEAN]
scene",1,0.9309399724006653,1,1,0.8859795928001404,1,1,0.9269593954086304,1,0,0.15682539343833923,0,0,0.15804322063922882,0,0,0.16985955834388733,0,0,0.1762101799249649,0,0,0.10858584940433502,0,0,0.14590775966644287,0
316,hate_video_206.mp4,hate_video_206,train,0,"[SCENE]
A blue, water-ripple background with a circular, maze-like symbol in the center. Over it is stylized text that looks like a title or album cover, giving a cool, graphic, promotional design vibe. a song starting with ""moon-man, put a nigger in the trash can"" playing and insulting africans also, calling them as animals

[ACTION]
10. Scene

[SUBCATEGORIES]
['racist song']

[PARENTLABELS]
['discrimination']

[ACTION_CLEAN]
scene",1,0.9461769461631775,1,1,0.8888603448867798,1,1,0.9297078251838684,1,0,0.16616114974021912,0,0,0.2145095318555832,0,0,0.25046882033348083,0,0,0.1420309990644455,0,0,0.12056109309196472,0,0,0.17040421068668365,0
317,hate_video_207.mp4,hate_video_207,train,0,"[SCENE]
A black-and-white graphic that looks like an album cover, showing a smiling cartoonish character with a crescent-shaped head wearing sunglasses and a doctor’s coat, holding a clipboard. Bold text across the image reads like a title, giving it a satirical or shock-style music artwork feel. a rap music based on niggers is playing ion the background

[ACTION]
10. Scene

[SUBCATEGORIES]
['racist rap']

[PARENTLABELS]
['discrimination']

[ACTION_CLEAN]
scene",1,0.9073440432548523,1,1,0.7696573734283447,0,1,0.8909673094749451,1,0,0.12168732285499573,0,0,0.11621171981096268,0,0,0.12160593271255493,0,0,0.1563110500574112,0,0,0.09449990093708038,0,0,0.11494418233633041,0
318,hate_video_209.mp4,hate_video_209,train,0,"[SCENE]
A stylized cartoon of a crescent-moon–headed character wearing sunglasses and holding a gun, set against a bright red background. The image has a heavy color and motion filter applied, making it look like it’s flashing or shifting colors like a disco or glitch effect. a nigger song is there dedicated to KKKK crew in the background

[ACTION]
10. Scene

[SUBCATEGORIES]
['racist song']

[PARENTLABELS]
['discrimination']

[ACTION_CLEAN]
scene",1,0.9523729681968689,1,1,0.9089888334274292,1,1,0.9090350270271301,1,0,0.28638994693756104,0,0,0.47581252455711365,1,0,0.3515130281448364,0,0,0.12136130779981613,0,0,0.1537408083677292,0,0,0.18795539438724518,0
319,hate_video_210.mp4,hate_video_210,train,0,"[SCENE]
A blurred, stylized scene showing a cartoonish white, crescent-shaped character in a black suit and sunglasses, smiling while holding a guitar-like object. The background and motion blur give it a chaotic, animated, music-video feel. a nigger rap is playing in the background

[ACTION]
10. Scene

[SUBCATEGORIES]
['racist rap']

[PARENTLABELS]
['discrimination']

[ACTION_CLEAN]
scene",1,0.8511763215065002,1,0,0.33933818340301514,0,1,0.7258831858634949,0,0,0.10619626939296722,0,0,0.17402730882167816,0,0,0.10074038803577423,0,0,0.17611365020275116,0,0,0.08749131113290787,0,0,0.10389051586389542,0
320,hate_video_211.mp4,hate_video_211,train,0,"[SCENE]
A stylized cartoon image of a crescent-shaped character in a suit and sunglasses, posed confidently against a nighttime city skyline, with bold text ( moonman never chooses to lose!) suggesting a message of dominance or confidence. a song that encourages white man, but demoralises browns is playing in the background, typically a racist song

[ACTION]
10. Scene

[SUBCATEGORIES]
['racist song']

[PARENTLABELS]
['discrimination']

[ACTION_CLEAN]
scene",1,0.8511142134666443,1,1,0.9314545392990112,1,1,0.9201164841651917,1,0,0.11917424201965332,0,0,0.18616046011447906,0,0,0.19119137525558472,0,0,0.10784869641065598,0,0,0.09733417630195618,0,0,0.12153390049934387,0
321,hate_video_214.mp4,hate_video_214,val,0,"[SCENE]
its a game scene where a female cop was running to catch someone on the sloped road basically on the footpath, when she came near her police car, a truck ran into her and killed her

[ACTION]
6. Online Safety Concerns

[SUBCATEGORIES]
['Gaming Toxicity']

[PARENTLABELS]
['hate_speech']

[ACTION_CLEAN]
online safety concerns",0,0.1688135415315628,0,0,0.21476353704929352,0,0,0.15001435577869415,0,0,0.21236000955104828,0,0,0.2437519133090973,0,0,0.26294100284576416,0,0,0.29653239250183105,0,0,0.24029043316841125,0,1,0.8231949210166931,0
322,hate_video_215.mp4,hate_video_215,test,0,"[SCENE]
A close-up, stylized illustration of a masked or moon-faced character wearing sunglasses, with reflections showing gunfire and people in a chaotic scene, giving a dramatic, violent, action-movie feel. an action movie like song is playing

[ACTION]
10. Scene

[SUBCATEGORIES]
['action song']

[PARENTLABELS]
['neutral']

[ACTION_CLEAN]
scene",0,0.32026392221450806,0,0,0.2100357562303543,0,0,0.324760764837265,0,0,0.27603650093078613,0,1,0.9356262683868408,1,1,0.84546959400177,1,0,0.17225782573223114,0,0,0.2931280732154846,0,0,0.21493400633335114,0
323,hate_video_216.mp4,hate_video_216,test,0,"[SCENE]
A stylized poster showing a muscular, cartoonish moon-headed character wearing a red jacket and sunglasses, holding a gun, with neon lights and bold text ""LUNARPOCALYPSE"" that give it an aggressive, over-the-top action or album-cover vibe. an agressive song playing in the background

[ACTION]
10. Scene

[SUBCATEGORIES]
['aggresive song']

[PARENTLABELS]
['neutral']

[ACTION_CLEAN]
scene",0,0.8423210382461548,1,0,0.7590618133544922,0,0,0.7010887861251831,0,0,0.5929155349731445,0,1,0.9335185289382935,1,0,0.7548116445541382,1,0,0.28626391291618347,0,0,0.5130001902580261,0,0,0.42509979009628296,0
324,,row_324,train,0,"[SUBCATEGORIES]
[]

[PARENTLABELS]
[]",0,0.07095708698034286,0,0,0.07875457406044006,0,0,0.08250738680362701,0,0,0.07673586159944534,0,0,0.07797888666391373,0,0,0.11493735015392303,0,0,0.06506815552711487,0,0,0.06449616700410843,0,0,0.06002237647771835,0
325,hate_video_220.mp4,hate_video_220,train,0,"[SCENE]
This image is a black-and-white racist propaganda cartoon. It shows a highly exaggerated, offensive caricature of a Black person with distorted facial features, clutching a knife and looking threatening. Above and below the drawing is hostile text warning people to be fearful and distrustful of Black people. The overall style resembles old hate posters or flyers meant to scare viewers and promote racism and violence. it has a song that feels soothing musically but with aggresive lyrics

[ACTION]
10. Scene

[SUBCATEGORIES]
['hate imagery/song']

[PARENTLABELS]
['neutral']

[ACTION_CLEAN]
scene",1,0.8586011528968811,1,1,0.8367221355438232,1,1,0.8070138692855835,0,0,0.5785630941390991,0,1,0.924262285232544,1,1,0.8283624649047852,1,0,0.284280389547348,0,0,0.39742979407310486,0,0,0.48454970121383667,0
326,hate_video_221.mp4,hate_video_221,train,0,"[SCENE]
A digitally edited image showing a bearded man in a black beanie, facing the camera in a dark, blurred indoor setting. Text in the corner identifies a name and references an intentionally provocative, offensive song title, indicating the image is meant as shock or inflammatory meme-style content rather than a straightforward portrait.

[ACTION]
10. Scene

[SUBCATEGORIES]
['racist meme']

[PARENTLABELS]
['discrimination']

[ACTION_CLEAN]
scene",0,0.6412562727928162,0,0,0.7320616245269775,0,1,0.9172307252883911,1,0,0.10344409942626953,0,0,0.10724306851625443,0,0,0.12983280420303345,0,0,0.3752376139163971,0,0,0.10617813467979431,0,0,0.15043345093727112,0
327,hate_video_222.mp4,hate_video_222,val,0,"[SCENE]
clip has a moonman standing, with 2 guns in his hands as if he is shooting someone to his left and in front, he has a moon shaped face with a black sunglasses, the background seems to be windy and black/white with a mobile tower behind in the scene and a music is playing stating moonman is back

[ACTION]
10. Scene

[SUBCATEGORIES]
['racist meme']

[PARENTLABELS]
['discrimination']

[ACTION_CLEAN]
scene",0,0.47200706601142883,0,0,0.5473501682281494,0,0,0.3378364145755768,0,0,0.5861663222312927,0,1,0.9417737126350403,1,0,0.8253211379051208,1,0,0.22835220396518707,0,0,0.642874538898468,0,0,0.3366285264492035,0
328,hate_video_223.mp4,hate_video_223,train,0,"[SCENE]
a camera recording clip where a man seems to be holding a gun with headphones on, and seems to be entering inside a room, while a background music on moonman is playing

[ACTION]
1. Violence in Animation

[SUBCATEGORIES]
['Weapon Usage (Fantasy/Real)']

[PARENTLABELS]
['violence']

[ACTION_CLEAN]
violence in animation",0,0.0934629887342453,0,0,0.08577564358711243,0,0,0.07525841146707535,0,0,0.09705882519483566,0,1,0.9249133467674255,1,0,0.09015768766403198,0,0,0.09677356481552124,0,0,0.08985701203346252,0,0,0.09036832302808762,0
329,hate_video_225.mp4,hate_video_225,train,0,"[SCENE]
A stark black-and-white illustration showing a stylized, humanoid figure with an exaggerated crescent-shaped head and a wide grin. The figure wears a suit jacket with a visible swastika symbol on the chest and holds a firearm at waist level. The background is completely black, giving the image a high-contrast, poster-like appearance with an ominous, confrontational tone. a band and bhopu music is playing in the background

[ACTION]
1. Violence in Animation

[SUBCATEGORIES]
['Weapon Usage (Fantasy/Real)']

[PARENTLABELS]
['violence']

[ACTION_CLEAN]
violence in animation",0,0.09954750537872314,0,0,0.09884275496006012,0,0,0.08347810804843903,0,0,0.10466393083333969,0,1,0.9390890002250671,1,0,0.10261626541614532,0,0,0.09545014053583145,0,0,0.0917772501707077,0,0,0.09601303189992905,0
330,hate_video_226.mp4,hate_video_226,train,0,"[SCENE]
A split-panel illustration showing a close-up of a stylized, smiling face wearing dark sunglasses. In the lower panel, the lenses reflect a chaotic, fiery scene with explosions and armed figures, while the foreground shows a weapon being fired, with sparks and muzzle flash. The contrast between the calm grin and the violent reflections creates a tense, unsettling mood. it has a background song which talks about beating niggers

[ACTION]
10. Scene

[SUBCATEGORIES]
['hate song']

[PARENTLABELS]
['neutral']

[ACTION_CLEAN]
scene",1,0.8782617449760437,1,1,0.7914702296257019,1,0,0.6650812029838562,0,0,0.5625667572021484,0,1,0.9306645393371582,1,1,0.8153274059295654,1,0,0.16891297698020935,0,0,0.42880064249038696,0,0,0.3075491786003113,0
331,hate_video_227.mp4,hate_video_227,val,0,"[SCENE]
a moonman can be seen near a large clock of a clock tower, with some black thing in his hand and he is smiling at something, it has a hate song also in the background

[ACTION]
10. Scene

[SUBCATEGORIES]
['hate song']

[PARENTLABELS]
['neutral']

[ACTION_CLEAN]
scene",1,0.7643578052520752,1,0,0.3615186810493469,0,1,0.7793511748313904,0,0,0.08166936784982681,0,0,0.09228115528821945,0,0,0.1568465381860733,0,0,0.11633487045764923,0,0,0.09436525404453278,0,0,0.09991850703954697,0
332,hate_video_228.mp4,hate_video_228,train,0,"[SCENE]
A black-and-white, comic-style illustration showing two stylized male figures standing close together. One wears dark sunglasses and grins while holding a large firearm in the foreground; the other, behind him, wears a hat and glasses and looks calmly to the side. Bright sparks and a burst of light suggest gunfire, contrasting with the otherwise stark, monochrome background dotted with small star-like shapes, also singer in this clip is talking about how he would hurt a nigger by cracking out his bones

[ACTION]
10. Scene

[SUBCATEGORIES]
['hate imagery/song']

[PARENTLABELS]
['neutral']

[ACTION_CLEAN]
scene",1,0.7577491402626038,0,1,0.7255856394767761,0,0,0.5495094060897827,0,1,0.7665739059448242,0,1,0.9446158409118652,1,1,0.8000777363777161,1,0,0.26632094383239746,0,0,0.5947300791740417,0,0,0.44242891669273376,0
333,hate_video_229.mp4,hate_video_229,test,0,"[SCENE]
The image is a stark, poster-style graphic with a white background and black borders at the top and bottom. At the top, large bold capital letters read “FIGHT CRIME.” Below the text is a simple black stick-figure silhouette of a baby, with a rounded shape on the head resembling an afro hairstyle. Under the figure, another line of bold black text reads “Abort Black Babies.” the song also talks about aborting black babies

[ACTION]
10. Scene

[SUBCATEGORIES]
['hate imagery/song']

[PARENTLABELS]
['neutral']

[ACTION_CLEAN]
scene",1,0.39234301447868347,0,1,0.7202675342559814,0,1,0.5843310356140137,0,0,0.32769691944122314,0,0,0.5714569091796875,1,0,0.4893592596054077,0,0,0.16815076768398285,0,0,0.19953936338424683,0,0,0.2347724586725235,0
334,hate_video_230.mp4,hate_video_230,train,0,"[SCENE]
image in the clip shows a black and white scene of old station with a track coming out from the entrance of the station and the song in background starts with a call for train but then another song starts playing

[ACTION]
10. Scene

[SUBCATEGORIES]
['song']

[PARENTLABELS]
['neutral']

[ACTION_CLEAN]
scene",0,0.09303423762321472,0,0,0.07079415768384933,0,0,0.1211547702550888,0,0,0.07635460048913956,0,0,0.12228616327047348,0,0,0.12900374829769135,0,0,0.0810689851641655,0,0,0.06388414651155472,0,0,0.05586639791727066,0
335,hate_video_231.mp4,hate_video_231,val,0,"[SCENE]
""pull the trigger"" in black with a target sign written on a white backrgound, and a song which says ""I'm back to kill the blacks""

[ACTION]
5. Inappropriate Content

[SUBCATEGORIES]
['Inappropriate Language']

[PARENTLABELS]
['neutral']

[ACTION_CLEAN]
inappropriate content",0,0.10077772289514542,0,0,0.09268826246261597,0,0,0.10795289278030396,0,0,0.1165008619427681,0,0,0.11079279333353043,0,0,0.10054654628038406,0,1,0.9358305335044861,1,0,0.10158994793891907,0,0,0.11348418891429901,0
336,hate_video_232.mp4,hate_video_232,train,0,"[SCENE]
a man standing by taking the support of a rod beside him in a garden area with flowers and trees around him, a text which says ""can i take you to church? to: from:"" written to the left side of the screen with a hate song on nigger and church playing in the background

[ACTION]
10. Scene

[SUBCATEGORIES]
['hate song']

[PARENTLABELS]
['neutral']

[ACTION_CLEAN]
scene",1,0.9451194405555725,1,1,0.8370985984802246,1,1,0.8859341144561768,1,0,0.141707181930542,0,0,0.1339425891637802,0,0,0.19457031786441803,0,0,0.10897266119718552,0,0,0.10894807428121567,0,0,0.13019959628582,0
337,hate_video_235.mp4,hate_video_235,train,0,"[SCENE]
The image in the clip shows a wide cotton field stretching into the distance, with rows of cotton plants covered in soft, white cotton bolls. The scene is lit by warm, golden sunlight, likely during early morning or late afternoon, giving the field a calm, rural atmosphere. The rows create strong perspective lines, drawing the eye toward the horizon, where the background softly fades out of focus. it has a well renowned music playing in the background

[ACTION]
10. Scene

[SUBCATEGORIES]
['music']

[PARENTLABELS]
['neutral']

[ACTION_CLEAN]
scene",0,0.1349760890007019,0,0,0.1208576112985611,0,0,0.22008556127548218,0,0,0.08190477639436722,0,0,0.17683759331703186,0,0,0.1653582602739334,0,0,0.10433489084243774,0,0,0.07314847409725189,0,0,0.0685470700263977,0
338,hate_video_236.mp4,hate_video_236,train,0,"[SCENE]
The image is a stylized, cartoon illustration with a dark background. It depicts a caricatured male figure with exaggerated facial features, hunched posture, and clasped hands, drawn in a way intended to appear menacing or mocking. A speech bubble comes from the figure containing a provocative, hateful message that references genocide and uses an ethnic slur. it has a spooky situation music playing in the background

[ACTION]
10. Scene

[SUBCATEGORIES]
['hateful message']

[PARENTLABELS]
['hate_speech']

[ACTION_CLEAN]
scene",1,0.7855602502822876,1,1,0.812674880027771,1,1,0.8230145573616028,0,0,0.4385305941104889,0,0,0.5427626967430115,1,1,0.8923718929290771,1,0,0.3465091288089752,0,0,0.37141379714012146,0,0,0.5579807758331299,0
339,hate_video_239.mp4,hate_video_239,train,0,"[SCENE]
The image shows a group of six young men standing close together outdoors, posing casually for the camera. They are dressed in street-style clothing such as hoodies, T-shirts, durags, and sunglasses. Several are making hand gestures, and one person appears to be holding a cigarette or similar object, also it has a racist song playing in the background

[ACTION]
10. Scene

[SUBCATEGORIES]
['racist song']

[PARENTLABELS]
['discrimination']

[ACTION_CLEAN]
scene",1,0.7844160795211792,1,1,0.8657774925231934,1,1,0.9058731198310852,1,0,0.11077315360307693,0,0,0.19570201635360718,0,0,0.12734049558639526,0,0,0.10548816621303558,0,0,0.08797601610422134,0,0,0.11427585035562515,0
340,hate_video_240.mp4,hate_video_240,train,0,"[SCENE]
a muscular ape looking at the camera, giving a smile. the clip has a background song that says how to get niggers back to where they belong actually

[ACTION]
10. Scene

[SUBCATEGORIES]
['racist song']

[PARENTLABELS]
['discrimination']

[ACTION_CLEAN]
scene",1,0.9206658005714417,1,1,0.8415324091911316,1,1,0.8669716715812683,1,0,0.15124067664146423,0,0,0.11352988332509995,0,0,0.175276979804039,0,0,0.1075969859957695,0,0,0.097880519926548,0,0,0.10004562884569168,0
341,hate_video_241.mp4,hate_video_241,train,0,"[SCENE]
a moon shaped face man, with black sunglasses facing camera, and only his body above neck is visible with a white background, and there is this hate music playing in the background

[ACTION]
10. Scene

[SUBCATEGORIES]
['hate song']

[PARENTLABELS]
['neutral']

[ACTION_CLEAN]
scene",1,0.7469370365142822,0,0,0.15567107498645782,0,1,0.5816165208816528,0,0,0.09039829671382904,0,0,0.13360373675823212,0,0,0.14515420794487,0,0,0.15284371376037598,0,0,0.10118579119443893,0,0,0.10370316356420517,0
342,hate_video_253.mp4,hate_video_253,val,0,"[SCENE]
a 2 panel clip, in the left panel is a lady with no bruises on her face, while at the right panel is a lady with bruises on her face and swelling on her left eye and near mouth area, with a music in the background that has beats like sound

[ACTION]
10. Scene

[SUBCATEGORIES]
['contrast imagery']

[PARENTLABELS]
['neutral']

[ACTION_CLEAN]
scene",0,0.1642988622188568,0,0,0.23868562281131744,0,0,0.1815270185470581,0,0,0.17628468573093414,0,1,0.8395287990570068,1,1,0.7285121083259583,0,0,0.13820090889930725,0,0,0.17563185095787048,0,0,0.13018281757831573,0
343,hate_video_252.mp4,hate_video_252,test,0,"[SCENE]
The image in the clip shows a calm nighttime scene with a dark blue sky filled with clouds and a small crescent moon. In the center, large white text reads, “So why don’t we go.” Below the text is a silhouetted landscape with rolling hills, a few trees, and a small figure, creating a quiet, reflective, and slightly dreamy mood. it has a very soothing music in the background also

[ACTION]
10. Scene

[SUBCATEGORIES]
['nighttime']

[PARENTLABELS]
['neutral']

[ACTION_CLEAN]
scene",0,0.15934564173221588,0,0,0.10748610645532608,0,0,0.17470873892307281,0,0,0.11814437806606293,0,0,0.11055847257375717,0,0,0.26979413628578186,0,0,0.1398487240076065,0,0,0.08254684507846832,0,0,0.0929064154624939,0
344,hate_video_247.mp4,hate_video_247,train,0,"[SCENE]
The image in the clip is a screenshot of a social-media profile page on Gab. At the top is the Gab navigation bar (logo, Home, Explore, search, Login/Register). The profile belongs to Robert Bowers (@onedingo) and shows: A profile photo on the left. Account statistics (posts, followers, following). A short bio containing religious and antisemitic statements. The account creation date (“Since January 2018”). In the main feed area, a post attributed to the account is visible. The background image near the top shows a mailbox or metal container with a target or gauge, set outdoors on grass, suggesting a firearm-related context. it has a songs playing in the background describing Robert what he was doing in the mroning at 9 am

[ACTION]
10. Scene

[SUBCATEGORIES]
['social media']

[PARENTLABELS]
['neutral']

[ACTION_CLEAN]
scene",1,0.9219701290130615,1,1,0.9237062931060791,1,1,0.9276267886161804,1,0,0.1656968742609024,0,0,0.19523243606090546,0,0,0.2216005176305771,0,0,0.14096206426620483,0,0,0.14030611515045166,0,0,0.18710102140903473,0
345,hate_video_255.mp4,hate_video_255,train,0,"[SCENE]
The image has a black background with bold, rough, brush-style text that reads “WHERE IS MY GUN” on the left. On the right side, there is a white, hand-drawn rectangular outline resembling a frame or box, and inside it is a large red question mark. a song on how the niggers are attracted to money and where is my gun

[ACTION]
10. Scene

[SUBCATEGORIES]
['hate song']

[PARENTLABELS]
['neutral']

[ACTION_CLEAN]
scene",1,0.7529447078704834,0,1,0.676612913608551,0,0,0.48259449005126953,0,1,0.8218565583229065,0,1,0.9136532545089722,1,1,0.8072239756584167,1,0,0.26474109292030334,0,0,0.5671798586845398,0,0,0.40211451053619385,0
346,hate_video_260.mp4,hate_video_260,val,0,"[SCENE]
The image in the clip is a screenshot of a Telegram group chat with a dark theme, showing users discussing extremist content, hate speech, and failed reporting/moderation on Telegram. Messages reference attempts to infiltrate and report a racist server. A meme-style cartoon overlay (a moon-faced character and a frog) appears in the corner, reinforcing the hostile, online subculture tone, In the bottom-right corner, there is a cartoon graphic: a stylized “moon-faced” character wearing sunglasses alongside a green cartoon frog character, both drawn in a meme-like style, partially overlaying the chat. a typing sound and someone saying ""fuck"" and ""shit"" with a renowned music also there

[ACTION]
6. Online Safety Concerns

[SUBCATEGORIES]
['Social Media Misuse']

[PARENTLABELS]
['neutral']

[ACTION_CLEAN]
online safety concerns",0,0.19870392978191376,0,0,0.24621586501598358,0,0,0.17661289870738983,0,0,0.2205297350883484,0,0,0.19281922280788422,0,0,0.2769508361816406,0,0,0.3123983144760132,0,0,0.24220187962055206,0,1,0.8359076380729675,0
347,hate_video_261.mp4,hate_video_261,train,0,"[SCENE]
its the nighttime, and a game character is firing a round of bullets from the building level of hieght towards road wtith no one out there and there is this background voice saying ""killing nigger""

[ACTION]
1. Violence in Animation

[SUBCATEGORIES]
['Weapon Usage (Fantasy/Real)']

[PARENTLABELS]
['violence']

[ACTION_CLEAN]
violence in animation",0,0.11290863901376724,0,0,0.10420497506856918,0,0,0.08665253967046738,0,0,0.1000693067908287,0,1,0.9379045367240906,1,0,0.09976157546043396,0,0,0.09342315793037415,0,0,0.0925084576010704,0,0,0.08914864808320999,0
348,hate_video_265.mp4,hate_video_265,train,0,"[SCENE]
a cameraman who is in between the crowd, recording peoples outisde on a candle march and yelling something which is not understandable and its the nighttime

[ACTION]
10. Scene

[SUBCATEGORIES]
['candle-march']

[PARENTLABELS]
['neutral']

[ACTION_CLEAN]
scene",0,0.06049942225217819,0,0,0.0513286255300045,0,0,0.0834176167845726,0,0,0.10199562460184097,0,0,0.18990416824817657,0,0,0.17342080175876617,0,0,0.10681891441345215,0,0,0.06498191505670547,0,0,0.07503792643547058,0
349,hate_video_265.mp4,hate_video_265,train,0,"[SCENE]
there are many people outside on the streets fighting with each other, and throwing whatever is there in thier hand or on the ground, with a song in the background

[ACTION]
1. Violence in Animation

[SUBCATEGORIES]
['Physical Fighting Scenes']

[PARENTLABELS]
['violence']

[ACTION_CLEAN]
violence in animation",0,0.09128489345312119,0,0,0.08401000499725342,0,0,0.07596093416213989,0,0,0.09579677879810333,0,1,0.9249914884567261,1,0,0.09381866455078125,0,0,0.09646790474653244,0,0,0.08955622464418411,0,0,0.08813413232564926,0
350,hate_video_266.mp4,hate_video_266,train,0,"[SCENE]
a man behind the camera, in a portrait view recording in the outside area, and showing road and a man who was just walking down the street, cameraman referred the man as rat-ass bitch and mocking him with many words but the man didnt even listened him. behind the man on the road, few cars were seen running up and down the street in a sunny day

[ACTION]
2. Verbal Abuse

[SUBCATEGORIES]
['Name-calling/Insults']

[PARENTLABELS]
['hate_speech']

[ACTION_CLEAN]
verbal abuse",1,0.9237002730369568,1,0,0.11853660643100739,0,0,0.12588299810886383,0,0,0.11706870794296265,0,0,0.11292610317468643,0,0,0.10414190590381622,0,0,0.1127452552318573,0,0,0.09808165580034256,0,0,0.1064385324716568,0
351,hate_video_267.mp4,hate_video_267,val,0,"[SCENE]
A black-and-white theme clip showing several masked individuals in hooded clothing, standing close together indoors. all of them appears to be holding instruments like guitar, and they are just jamming together, playing together while moving their upper body like how rockstars ussually do

[ACTION]
10. Scene

[SUBCATEGORIES]
['guitar-jamming']

[PARENTLABELS]
['neutral']

[ACTION_CLEAN]
scene",0,0.13769762217998505,0,0,0.0710780918598175,0,0,0.12155120074748993,0,0,0.11040321737527847,0,0,0.49341723322868347,1,0,0.16787391901016235,0,0,0.1125769093632698,0,0,0.10544625669717789,0,0,0.08778288215398788,0
352,hate_video_268.mp4,hate_video_268,train,0,"[SCENE]
a man with a mic in his hand asking to other 2 womans standing near him, about the N word(nigger), one of them kept saying yes, another one no, and at the end girl who was saying yes was seen shouting NIGGERRRRR. they all seems to be outside a concert area, where show has ended behind them

[ACTION]
5. Inappropriate Content

[SUBCATEGORIES]
['Inappropriate Language']

[PARENTLABELS]
['neutral']

[ACTION_CLEAN]
inappropriate content",0,0.09406755864620209,0,0,0.10488944500684738,0,0,0.1099880039691925,0,0,0.11492586135864258,0,0,0.11417583376169205,0,0,0.09970065206289291,0,1,0.9401515126228333,1,0,0.1070963516831398,0,0,0.11957741528749466,0
353,hate_video_269.mp4,hate_video_269,train,0,"[SCENE]
a bald man wearing jacket and spectacles, with a banner behind him hooked on the wall, is reading something racial from a piece of paper or anything which is in his hand and he is looking downward

[ACTION]
5. Inappropriate Content

[SUBCATEGORIES]
['Inappropriate Language']

[PARENTLABELS]
['neutral']

[ACTION_CLEAN]
inappropriate content",0,0.09710759669542313,0,0,0.09814203530550003,0,0,0.11253165453672409,0,0,0.1169908344745636,0,0,0.11175309866666794,0,0,0.10267025232315063,0,1,0.9398637413978577,1,0,0.10611280798912048,0,0,0.11693529784679413,0
354,hate_video_270.mp4,hate_video_270,train,0,"[SCENE]
the clip is recorded behind bars of a window, and on the other side 2 dogs are bitting a man layed down on the ground and pulling his legs, arms towards each other, there is some text written in the slant manner in red and white describing human-dogs bonding. the clip has a rage music also like a rockstar

[ACTION]
10. Scene

[SUBCATEGORIES]
['Animal rage']

[PARENTLABELS]
['threat']

[ACTION_CLEAN]
scene",0,0.10808862745761871,0,0,0.15218546986579895,0,0,0.17054221034049988,0,0,0.2310628741979599,0,1,0.8524751663208008,1,1,0.826503336429596,1,0,0.09685607999563217,0,0,0.20915287733078003,0,0,0.14635196328163147,0
355,hate_video_275.mp4,hate_video_275,train,0,"[SCENE]
a boy in the room, is raging on the nigger who seem to have locked the boy inside the house, and whole clip seems to be recorded from the hole on the gate. the boy is carrying a gun with himself and shows axe, knives also while asking him to come out

[ACTION]
1. Violence in Animation

[SUBCATEGORIES]
['Weapon Usage (Fantasy/Real)']

[PARENTLABELS]
['violence']

[ACTION_CLEAN]
violence in animation",0,0.09974852949380875,0,0,0.09407806396484375,0,0,0.0790679007768631,0,0,0.10012297332286835,0,1,0.9345436692237854,1,0,0.09836374968290329,0,0,0.09514731168746948,0,0,0.09459362179040909,0,0,0.09340720623731613,0
356,hate_video_278.mp4,hate_video_278,val,0,"[SCENE]
a black man in a tomboy dress, leaves his house in a very sunny day, walks towards old woman house, and greets her by saying goodmorning maam, but she replied harshly by calling him nigger

[ACTION]
10. Scene

[SUBCATEGORIES]
['hate speech']

[PARENTLABELS]
['hate_speech']

[ACTION_CLEAN]
scene",1,0.9506478905677795,1,1,0.8906260132789612,1,1,0.8718904256820679,1,0,0.17572537064552307,0,0,0.21260647475719452,0,0,0.25241196155548096,0,0,0.12041150033473969,0,0,0.12484480440616608,0,0,0.1520492285490036,0
357,hate_video_279.mp4,hate_video_279,test,0,"[SCENE]
this clip has around 4 to 5 videos, showing up alternatively, while a background song on nigger is playing and the same man in several videos is lip-syncing it perfectly, while his dress and place changes as the video gets changed, he kept dancing on the song

[ACTION]
10. Scene

[SUBCATEGORIES]
['hate song']

[PARENTLABELS]
['neutral']

[ACTION_CLEAN]
scene",1,0.5988490581512451,0,1,0.5407561659812927,0,1,0.6434903740882874,0,0,0.07619048655033112,0,0,0.0867527425289154,0,0,0.06756410002708435,0,0,0.1749458909034729,0,0,0.06580529361963272,0,0,0.06879961490631104,0
358,hate_video_287.mp4,hate_video_287,train,0,"[SCENE]
A stylized portrait of a middle-aged man centered against a dark, textured background, with glowing yellow eyes added for a menacing effect. Large block lettering appears at the top and smaller labels around the image frame it like a music mixtape or propaganda poster. a soft music but woth a racist lyrics is playing as song

[ACTION]
10. Scene

[SUBCATEGORIES]
['extremist visuals']

[PARENTLABELS]
['illegal']

[ACTION_CLEAN]
scene",1,0.8789591789245605,1,1,0.9521757364273071,1,1,0.9439765810966492,1,0,0.18140096962451935,0,0,0.27335476875305176,0,0,0.27684083580970764,0,0,0.13342444598674774,0,0,0.14213868975639343,0,0,0.18588317930698395,0
359,hate_video_289.mp4,hate_video_289,train,0,"[SCENE]
The clip is split into two main parts. On the left, there is a man sitting indoors, wearing a dark cap and over-ear headphones, speaking into a microphone and telling an incident about a girl who is a victim of harrasement and is being beaten up. A window behind him lets in daylight, showing trees outside. On the right, there is an old black-and-white portrait of a young man from the early 20th century. He is dressed formally in a suit, high-collared shirt, and tie, with neatly combed hair and round eyeglasses. His expression is serious and composed, and the photo has a vintage, studio-portrait look.

[ACTION]
10. Scene

[SUBCATEGORIES]
['Dark Incident']

[PARENTLABELS]
['fear']

[ACTION_CLEAN]
scene",0,0.13655374944210052,0,0,0.20579347014427185,0,0,0.24696341156959534,0,0,0.1935625821352005,0,0,0.11915750056505203,0,0,0.44047996401786804,0,0,0.11044634133577347,0,0,0.07694119215011597,0,0,0.09621189534664154,0
360,hate_video_290.mp4,hate_video_290,train,0,"[SCENE]
A stylized, collage-like illustration showing a heavily tattooed, muscular figure in the foreground, surrounded by a dense crowd holding flags or banners. The image uses gritty, high-contrast colors and textures, and includes prominent text reading “People Haters” with the subtitle “a collection of hate,” giving it an aggressive, confrontational tone, also a rockstar music and song on nigger playing in the backrgound

[ACTION]
10. Scene

[SUBCATEGORIES]
['aggresive music']

[PARENTLABELS]
['neutral']

[ACTION_CLEAN]
scene",1,0.9429307579994202,1,1,0.9150800108909607,1,1,0.9376154541969299,1,0,0.1720719337463379,0,0,0.20613104104995728,0,0,0.20072723925113678,0,0,0.15355011820793152,0,0,0.1264050304889679,0,0,0.17675107717514038,0
361,hate_video_293.mp4,hate_video_293,train,0,"[SCENE]
This appears to be an old sheet-music cover titled “Swingin’ in de Sky” (dated 1895). It has a plain, sepia-toned layout with large stylized text at the top, a small inset photograph of a male vocal quartet, and credits listing performers and the composer Edith Kingsley. The language and presentation reflect late-19th-century American popular music and its historical context. also this song is on niggers making it a racist song

[ACTION]
10. Scene

[SUBCATEGORIES]
['racist song/cover-title']

[PARENTLABELS]
['discrimination']

[ACTION_CLEAN]
scene",0,0.5103747844696045,0,1,0.7910376787185669,1,1,0.8112028241157532,0,0,0.07889025658369064,0,0,0.08751830458641052,0,0,0.07741979509592056,0,0,0.13282354176044464,0,0,0.06911002844572067,0,0,0.08079271763563156,0
362,hate_video_294.mp4,hate_video_294,train,0,"[SCENE]
The clip shows a busy pedestrian area, likely in a theme park, with many people walking past a colorful, storybook-style building in the background. In the foreground, two adult men(one is in white tshirt and black shorts another one in pink tshirt) appear to be in a physical confrontation on the road—one is pushing or grabbing the other while nearby people, including a woman with a stroller, are caught close to the scuffle, and the camera is moving towards them while recording and suddenly few other people gets involved in the fight. Bystanders are watching or moving around them, creating a tense moment amid an otherwise casual, family-oriented setting. there is a soft song also playing in the background while all this is happening

[ACTION]
1. Violence in Animation

[SUBCATEGORIES]
['Physical Fighting Scenes']

[PARENTLABELS]
['violence']

[ACTION_CLEAN]
violence in animation",0,0.0925169363617897,0,0,0.08786988258361816,0,0,0.07776319235563278,0,0,0.10069912672042847,0,1,0.9330427646636963,1,0,0.10717429220676422,0,0,0.09373607486486435,0,0,0.09019205719232559,0,0,0.09131533652544022,0
363,hate_video_296.mp4,hate_video_296,train,0,"[SCENE]
The image in the clip is a meme showing a close-up of a chimpanzee’s face against a dark background. Bold red text at the top reads “WHERE WILL YOU BE,” and matching red text at the bottom says “DURING RANDOM CHIMP EVENT.” The overall tone is meant to be humorous or absurd, using exaggerated wording and the animal’s direct gaze to create a dramatic, mock-threatening effect. a background song in a very annoying voice is playing which is on niggers mocking them on their appearance as chipmunk

[ACTION]
3. Discrimination

[SUBCATEGORIES]
['Character Appearance Mockery']

[PARENTLABELS]
['neutral']

[ACTION_CLEAN]
discrimination",0,0.10198940336704254,0,1,0.9078078269958496,1,0,0.1498894989490509,0,0,0.10752323269844055,0,0,0.11424414813518524,0,0,0.14196790754795074,0,0,0.10048393905162811,0,0,0.10996243357658386,0,0,0.11050286144018173,0
364,hate_video_300.mp4,hate_video_300,train,0,"[SCENE]
The clip shows a TV news broadcast with three presenters shown side-by-side in a split-screen layout. All three are dressed formally in studio lighting, facing the camera with serious expressions, suggesting a live or urgent segment. A red banner at the bottom reads “BREAKING NEWS,” reinforcing the sense that they are discussing an important or developing story, while the man in the middle adressess them and welcomes them on te broadcast. The background behind each person appears to be a nighttime city or studio backdrop typical of cable news programs.

[ACTION]
10. Scene

[SUBCATEGORIES]
['news broadcast']

[PARENTLABELS]
['neutral']

[ACTION_CLEAN]
scene",0,0.09534069895744324,0,0,0.08217989653348923,0,0,0.12086475640535355,0,0,0.09170543402433395,0,0,0.0960676521062851,0,0,0.14896374940872192,0,0,0.10128043591976166,0,0,0.058918919414281845,0,0,0.07169265300035477,0
365,hate_video_301.mp4,hate_video_301,train,0,"[SCENE]
This image shows a stylized logo that reads “REDNECK 28” in bold, block lettering, with a graphic behind it that resembles crossed, torn shapes in red, white, and blue (evoking a Southern or Confederate color scheme). Beneath the main logo is the tagline “Spirit of the South” in red text. a song for niggers is playing in the background, referrencing woith hen laying egg

[ACTION]
10. Scene

[SUBCATEGORIES]
['hate song']

[PARENTLABELS]
['neutral']

[ACTION_CLEAN]
scene",1,0.9087561368942261,1,1,0.8806672096252441,1,1,0.9069033265113831,1,0,0.14183512330055237,0,0,0.11493392288684845,0,0,0.13834238052368164,0,0,0.13088424503803253,0,0,0.0978846624493599,0,0,0.12206239253282547,0
366,hate_video_302.mp4,hate_video_302,train,0,"[SCENE]
This image shows a crowded outdoor protest or rally in cold weather. In the foreground, a man wearing a beanie and glasses is facing the camera and making an obscene hand gesture (raising his middle finger). People around him are bundled in winter clothing, and some appear to be clapping or reacting. There’s an on-screen label reading “EXPLICIT CONTENT,” and a watermark/logo for a media outlet (“The Rebel”) in the corner. a music is also playing in the background, seems to be a xylophone music

[ACTION]
10. Scene

[SUBCATEGORIES]
['heated moment']

[PARENTLABELS]
['threat']

[ACTION_CLEAN]
scene",0,0.6376379728317261,0,0,0.7853372693061829,1,1,0.8245608806610107,0,0,0.32471606135368347,0,1,0.7944995760917664,1,1,0.8388818502426147,1,0,0.25934892892837524,0,0,0.2711830139160156,0,1,0.49716898798942566,0
367,hate_video_303.mp4,hate_video_303,train,0,"[SCENE]
the clip appears to be taken from a game, where the character with a plastic helmet on his head and black attire, is walking down the streets and there is a truck near him , and he gets on the trucks back where a machine gun is already attached to the truck. a song that indicates the character to do the things in the game is playing in the background and the foreground seems to be evening time with buildings and streets nearby

[ACTION]
10. Scene

[SUBCATEGORIES]
['game environment']

[PARENTLABELS]
['neutral']

[ACTION_CLEAN]
scene",0,0.3721597194671631,0,0,0.31357675790786743,0,0,0.2707993984222412,0,0,0.3515492081642151,0,1,0.9464816451072693,1,0,0.5018940567970276,0,0,0.18500511348247528,0,0,0.2681908905506134,0,0,0.21407485008239746,0
368,hate_video_303.mp4,hate_video_303,train,0,"[SCENE]
a game character who seems to be inside a truck loaded with machine gun is shooting a person in front of him on the streets, and then started shooting on the houses around and moves the barrel towards the road and started moving forward. its the night time in the foreground and a song playing in the background can be heard

[ACTION]
6. Online Safety Concerns

[SUBCATEGORIES]
['Gaming Toxicity', ' game environment']

[PARENTLABELS]
['neutral', 'hate_speech']

[ACTION_CLEAN]
online safety concerns",0,0.18154358863830566,0,0,0.2231772094964981,0,0,0.16429419815540314,0,0,0.23376795649528503,0,0,0.2655821740627289,0,0,0.2872951328754425,0,0,0.3018633723258972,0,0,0.26296141743659973,0,1,0.8442519307136536,0
369,hate_video_304.mp4,hate_video_304,val,0,"[SCENE]
a bald policemen and a woman both in black dresses, seems to have a verbal conversation, looks more of an argue moment, inside some official area and behind them is a window from where the outside world can be seen, and a drum music is constantly playing in the background

[ACTION]
10. Scene

[SUBCATEGORIES]
['conversation']

[PARENTLABELS]
['neutral']

[ACTION_CLEAN]
scene",0,0.1048872098326683,0,0,0.09029317647218704,0,0,0.13143689930438995,0,0,0.08258971571922302,0,0,0.1598193496465683,0,0,0.15851207077503204,0,0,0.059404220432043076,0,0,0.06624118983745575,0,0,0.05518746003508568,0
370,hate_video_309.mp4,hate_video_309,train,0,"[SCENE]
It’s a stylized, monochrome graphic of a crescent moon with a human face wearing sunglasses, set against a dark circular background. The moon has a sly, smiling expression, giving the image a cartoonish, logo-like feel. a racist song on blacks is playing in the background

[ACTION]
10. Scene

[SUBCATEGORIES]
['racist song']

[PARENTLABELS]
['discrimination']

[ACTION_CLEAN]
scene",1,0.8587095141410828,1,1,0.9015423059463501,1,1,0.9231479167938232,1,0,0.11356092244386673,0,0,0.15241917967796326,0,0,0.16058173775672913,0,0,0.09986724704504013,0,0,0.09997068345546722,0,0,0.11686594039201736,0
371,hate_video_312.mp4,hate_video_312,test,0,"[SCENE]
clip shows two young men sitting close together in what looks like a small room or hallway. The person on the left is wearing a black T-shirt with a colorful graphic and has a bandage or wrap on one hand, which he’s holding up slightly. The person on the right is wearing a bright yellow shirt. Both are looking directly at the camera with neutral to slightly tired expressions, and towels or clothing hang behind them, a song from moonsquad, about niggers and white is playing in the background

[ACTION]
10. Scene

[SUBCATEGORIES]
['racist imagery/song']

[PARENTLABELS]
['discrimination']

[ACTION_CLEAN]
scene",1,0.7797104716300964,1,1,0.897818386554718,1,1,0.8483670949935913,1,0,0.17842642962932587,0,0,0.2980053126811981,0,0,0.2500908374786377,0,0,0.12089215219020844,0,0,0.08896145969629288,0,0,0.10133906453847885,0
372,hate_video_314.mp4,hate_video_314,train,0,"[SCENE]
This image in the clip is a graphic styled like a classic cartoon title card with concentric red rings in the background. In the center are two stylized characters: a crescent-moon character wearing sunglasses and smiling, and a black-and-white caricature of a human face. There is bold text at the top and a speech bubble with a message. The overall design resembles propaganda or shock-content imagery intended to provoke or offend rather than convey a neutral scene.

[ACTION]
10. Scene

[SUBCATEGORIES]
['hate conversation']

[PARENTLABELS]
['neutral']

[ACTION_CLEAN]
scene",0,0.4141879081726074,0,0,0.46198591589927673,0,1,0.8203290700912476,0,0,0.0952468141913414,0,0,0.09742602705955505,0,0,0.14780007302761078,0,0,0.33399394154548645,0,0,0.08670878410339355,0,0,0.16291554272174835,0
373,hate_video_314.mp4,hate_video_314,train,0,"[SCENE]
This image in the clip is a graphic styled like a classic cartoon title card with concentric red rings in the background. In the center are two stylized characters: a crescent-moon character wearing sunglasses and smiling, and a black-and-white caricature of a human face. There is bold text at the top and a speech bubble with a message by nigger to the moonman. The overall design resembles propaganda or shock-content imagery intended to provoke or offend rather than convey a neutral scene.

[ACTION]
10. Scene

[SUBCATEGORIES]
['hate conversation']

[PARENTLABELS]
['neutral']

[ACTION_CLEAN]
scene",1,0.9285197854042053,1,1,0.8818182945251465,1,1,0.9491633772850037,1,0,0.1612256020307541,0,0,0.16346482932567596,0,0,0.1808294653892517,0,0,0.22834111750125885,0,0,0.12077221274375916,0,0,0.1822451502084732,0
374,hate_video_316.mp4,hate_video_316,val,0,"[SCENE]
This image looks like a meme-style collage. It shows a man’s face in the center with various cut-out objects layered around him (a basketball, a slice of watermelon, and a fast-food bucket). There’s bold text at the bottom reading “THAT’S RACIST!” and a small “Parental Advisory” label in the corner. The overall style is deliberately provocative and satirical, using exaggerated visuals and text to make a point or stir reaction. and there is a music playing in the background

[ACTION]
10. Scene

[SUBCATEGORIES]
['hate imagery']

[PARENTLABELS]
['neutral']

[ACTION_CLEAN]
scene",0,0.5008652806282043,0,0,0.7150181531906128,0,1,0.8324306607246399,1,0,0.09190923720598221,0,0,0.0803704485297203,0,0,0.16729114949703217,0,0,0.21876023709774017,0,0,0.08719806373119354,0,0,0.14632436633110046,0
375,hate_video_317.mp4,hate_video_317,train,0,"[SCENE]
a lady on her knees was seen kising a black mans shoes, in the public area and near them, small posters were kept and in the foreground all people around them were watching them and a perosn from behind the camera was speaking in a loud mic, and the woman was doing as told to her from mic

[ACTION]
10. Scene

[SUBCATEGORIES]
['public abuse']

[PARENTLABELS]
['violence']

[ACTION_CLEAN]
scene",0,0.4983610212802887,0,1,0.8887107372283936,1,1,0.8378714323043823,1,0,0.1630251109600067,0,0,0.2508355379104614,0,0,0.4027605354785919,0,0,0.07718537747859955,0,0,0.12857180833816528,0,0,0.13250167667865753,0
376,hate_video_318.mp4,hate_video_318,test,0,"[SCENE]
a girl wearing a jacket and a blue tshirt inside, was seen talking shit about the nigger standing behind the camera, who was actually filming the whole scene. she kept saying bad words to him

[ACTION]
5. Inappropriate Content

[SUBCATEGORIES]
['Inappropriate Language']

[PARENTLABELS]
['neutral']

[ACTION_CLEAN]
inappropriate content",0,0.09475736320018768,0,0,0.10006408393383026,0,0,0.11053194850683212,0,0,0.11724445223808289,0,0,0.1149342805147171,0,0,0.10067445784807205,0,1,0.9403221011161804,1,0,0.10712358355522156,0,0,0.11688338220119476,0
377,hate_video_321.mp4,hate_video_321,val,0,"[SCENE]
a woman with a very lively background inside a house, wearing a salwar and her upper body was visible only, she is counting backwards from 10 to 1

[ACTION]
10. Scene

[SUBCATEGORIES]
['counting']

[PARENTLABELS]
['neutral']

[ACTION_CLEAN]
scene",0,0.10708130151033401,0,0,0.08748369663953781,0,0,0.10917184501886368,0,0,0.10158847272396088,0,0,0.17705625295639038,0,0,0.19839248061180115,0,0,0.07030729204416275,0,0,0.07806352525949478,0,0,0.06724986433982849,0
378,hate_video_321.mp4,hate_video_321,val,0,"[SCENE]
a woman with a very lively background inside a house, wearing a salwar and her upper body was visible only, she started by saying"" lets sing 10 nigger boys"" and then the music and the song started playing. while the song was going on, she was also singing along, and the lyrics were captioned perfectly

[ACTION]
10. Scene

[SUBCATEGORIES]
['hate song']

[PARENTLABELS]
['neutral']

[ACTION_CLEAN]
scene",1,0.896583080291748,1,1,0.7842405438423157,1,1,0.87852543592453,1,0,0.10629309713840485,0,0,0.10094529390335083,0,0,0.126700296998024,0,0,0.149271622300148,0,0,0.08306475728750229,0,0,0.0963229238986969,0
379,hate_video_322.mp4,hate_video_322,test,0,"[SCENE]
the song and the background music seems to be a rap on niggers, where a man is singing and the camera is changing its positions trying to take the shots from different angles, and a lightning effect on the scene is there and sometimes the frame is black and white and sometimes itis colorful , to make it more of a rockstar type

[ACTION]
10. Scene

[SUBCATEGORIES]
['nigger song/rap']

[PARENTLABELS]
['hate_speech']

[ACTION_CLEAN]
scene",1,0.8597783446311951,1,1,0.7834224700927734,0,1,0.8588538765907288,1,0,0.11036379635334015,0,0,0.10592741519212723,0,0,0.11690519750118256,0,0,0.12145188450813293,0,0,0.08630388230085373,0,0,0.09623401612043381,0
380,hate_video_323.mp4,hate_video_323,test,0,"[SCENE]
This clip shows a group of armored, sci-fi–style heroes standing together in a dramatic pose against a bright blue sky. Each character wears a differently colored, futuristic suit with helmets and glowing elements, suggesting they’re a team (like a squad of powered soldiers or robot warriors). The central figure stands slightly forward, giving the scene a “team assembled” or battle-ready vibe and coming forth to show thier dominance, as if they’re about to face a threat or have just arrived at a showdown. just then a shutter comes in frunt and shuts itself while thier name wriiten on it as ""HERO FACTORY"", but there is an another sound which instead of HERO FACTORY, it says NIGGER FACTORY

[ACTION]
6. Online Safety Concerns

[SUBCATEGORIES]
['Gaming Toxicity']

[PARENTLABELS]
['hate_speech']

[ACTION_CLEAN]
online safety concerns",0,0.175269216299057,0,0,0.21916463971138,0,0,0.16300198435783386,0,0,0.2232542783021927,0,0,0.19874687492847443,0,0,0.2855405807495117,0,0,0.30261391401290894,0,0,0.24304638803005219,0,1,0.8247318863868713,0
381,hate_video_325.mp4,hate_video_325,train,0,"[SCENE]
In this GTA V scene, two men are talking on a residential sidewalk. The man facing the camera suddenly shouts an offensive racial insult( calling him nigger) and then walks away. a girl character who is placed at the right bottom corner of the screen repeats the words after the man started walking away

[ACTION]
6. Online Safety Concerns

[SUBCATEGORIES]
['Gaming Toxicity']

[PARENTLABELS]
['hate_speech']

[ACTION_CLEAN]
online safety concerns",0,0.17937472462654114,0,0,0.22634783387184143,0,0,0.16564951837062836,0,0,0.22241495549678802,0,0,0.2085050642490387,0,0,0.2646888196468353,0,0,0.3148411810398102,0,0,0.24587789177894592,0,1,0.8355300426483154,0
382,hate_video_326.mp4,hate_video_326,val,0,"[SCENE]
This livestream shows two people on a split-screen video call with a live chat beside them. The chat includes racist comments, and the discussion briefly references niggers making offensive, discriminatory remarks.

[ACTION]
2. Verbal Abuse

[SUBCATEGORIES]
['Name-calling/Insults']

[PARENTLABELS]
['hate_speech']

[ACTION_CLEAN]
verbal abuse",1,0.9267259240150452,1,0,0.12465103715658188,0,0,0.13188007473945618,0,0,0.1141972690820694,0,0,0.11505615711212158,0,0,0.09675055742263794,0,0,0.11671088635921478,0,0,0.09519271552562714,0,0,0.10739641636610031,0
383,hate_video_326.mp4,hate_video_326,val,0,"[SCENE]
This livestream shows two people on a split-screen video call with a live chat beside them. boy on the upper split asks that since the other guy has taken his shirt off, but there's no muscle he could see, suddenly the lower split guy went away from camera and shown his body, then started teasing the upper split guy

[ACTION]
2. Verbal Abuse

[SUBCATEGORIES]
['Name-calling/Insults']

[PARENTLABELS]
['hate_speech']

[ACTION_CLEAN]
verbal abuse",1,0.9189387559890747,1,0,0.11317122727632523,0,0,0.1237216368317604,0,0,0.11832045763731003,0,0,0.11180605739355087,0,0,0.1039186641573906,0,0,0.1160801574587822,0,0,0.09570656716823578,0,0,0.10382407158613205,0
384,hate_video_327.mp4,hate_video_327,train,0,"[SCENE]
A man is speaking passionately in a small crowd or public setting. Subtitles appear at the bottom of the frame, capturing part of what he is saying about views on white people and society. Other people stand close by, listening.

[ACTION]
9. Non-Hate

[SUBCATEGORIES]
['Non-Hate', ' 9.14. Uplifting Dialogues']

[PARENTLABELS]
['neutral']

[ACTION_CLEAN]
non-hate",0,0.08245953917503357,0,0,0.07316108047962189,0,0,0.060245413333177567,0,0,0.07505839318037033,0,0,0.07394230365753174,0,0,0.08807642012834549,0,0,0.07520365715026855,0,0,0.06492204964160919,0,0,0.06735815852880478,0
385,hate_video_327.mp4,hate_video_327,train,0,"[SCENE]
A man is speaking into a microphone at what appears to be a rally or public event. His arm is raised emphatically, and on-screen subtitles display a violent, threatening statement directed at racial groups(about killing 5 white peoples for every 1 black person), also they will kill womans, childrens and every family menbers and the crowd started cheering also

[ACTION]
2. Verbal Abuse

[SUBCATEGORIES]
['Threatening Language']

[PARENTLABELS]
['threat']

[ACTION_CLEAN]
verbal abuse",1,0.9248902201652527,1,0,0.12401554733514786,0,0,0.1298205703496933,0,0,0.11869847029447556,0,0,0.10744395107030869,0,0,0.10556159913539886,0,0,0.11052298545837402,0,0,0.09649847447872162,0,0,0.10520301014184952,0
386,hate_video_328.mp4,hate_video_328,train,0,"[SCENE]
A vintage black-and-white photo of an elderly man seated indoors, wearing a hat and vest, playing a banjo next to an old radio and a small table. The setting and equipment suggest an early 20th-century recording or broadcast environment. a song about ""RUN nigger RUN"" is playing in the background

[ACTION]
10. Scene

[SUBCATEGORIES]
['racial song']

[PARENTLABELS]
['discrimination']

[ACTION_CLEAN]
scene",1,0.9477346539497375,1,1,0.812716543674469,1,1,0.9077564477920532,1,0,0.13817720115184784,0,0,0.16482584178447723,0,0,0.18119366466999054,0,0,0.15699413418769836,0,0,0.10130956023931503,0,0,0.13660573959350586,0
387,hate_video_332.mp4,hate_video_332,val,0,"[SCENE]
A graphic-style image with a cartoon figure on the left wearing a “Make America Gay Again” shirt, gesturing toward two muscular masked figures in red caps on the right. Large text across the top reads “Storytime with Jussie Smollett,” and there’s additional site/branding text on the right. The overall design looks like a provocative or satirical thumbnail meant to attract attention online. in the background, a converstion is going on, if someone is in there, then says ""son of a bitch""

[ACTION]
10. Scene

[SUBCATEGORIES]
['provocative theme']

[PARENTLABELS]
['neutral']

[ACTION_CLEAN]
scene",1,0.6514280438423157,0,1,0.8438313603401184,1,1,0.8925704956054688,1,0,0.10370884090662003,0,0,0.07529983669519424,0,0,0.1092299073934555,0,0,0.2686610221862793,0,0,0.09574617445468903,0,0,0.1357201784849167,0
388,hate_video_332.mp4,hate_video_332,val,0,"[SCENE]
A blue title card with rough, handwritten-style white text that reads “January 29th, 2019 — The City of Chicago, IL.” The user notes that these words are also spoken aloud by a voiceover.

[ACTION]
9. Non-Hate

[SUBCATEGORIES]
['Non-Hate']

[PARENTLABELS]
['neutral']

[ACTION_CLEAN]
non-hate",0,0.08294375985860825,0,0,0.07046549767255783,0,0,0.06029238551855087,0,0,0.075948067009449,0,0,0.07646140456199646,0,0,0.08839158713817596,0,0,0.07416428625583649,0,0,0.06554129719734192,0,0,0.0690917819738388,0
389,hate_video_332.mp4,hate_video_332,val,0,"[SCENE]
a cartoon character is shivering in this clip, as the temperature beside him shows -30 degrees, he is wearing a cap and a jacket but still he is sneezing

[ACTION]
9. Non-Hate

[SUBCATEGORIES]
['Non-Hate']

[PARENTLABELS]
['neutral']

[ACTION_CLEAN]
non-hate",0,0.0805511549115181,0,0,0.06882023811340332,0,0,0.05681876093149185,0,0,0.07705904543399811,0,0,0.08025660365819931,0,0,0.09128135442733765,0,0,0.07301218062639236,0,0,0.06462707370519638,0,0,0.06851473450660706,0
390,hate_video_332.mp4,hate_video_332,val,0,"[SCENE]
a danger message being displayed on the screen about truth and reason behind waking between 2am and 3am, with a warning statement at the end clubbed in a box, there is a ghost also at the right hand side of the screen to make it more spooky

[ACTION]
4. Psychological Elements

[SUBCATEGORIES]
['Dark Themes/Horror']

[PARENTLABELS]
['fear']

[ACTION_CLEAN]
psychological elements",0,0.15644113719463348,0,0,0.15869848430156708,0,0,0.15888403356075287,0,0,0.21427156031131744,0,0,0.1443900167942047,0,1,0.9293031096458435,1,0,0.17881222069263458,0,0,0.15099430084228516,0,0,0.18985170125961304,0
391,hate_video_334.mp4,hate_video_334,train,0,"[SCENE]
An Omegle video chat with two participants on camera (one holding a black baby and a boy and toy) and a streamer interface on the left, plus a “GypsyCrusader” branding overlay on the right side of the screen. both of them questioning each other that what the fuck are they doing with a very annoying face, man in the lower frme ask that why did they have a nigger dog?

[ACTION]
5. Inappropriate Content

[SUBCATEGORIES]
['Inappropriate Language']

[PARENTLABELS]
['neutral']

[ACTION_CLEAN]
inappropriate content",0,0.09387368708848953,0,0,0.105055071413517,0,0,0.11614380776882172,0,0,0.11473698168992996,0,0,0.11009223014116287,0,0,0.09837561845779419,0,1,0.9404290914535522,1,0,0.10689966380596161,0,0,0.12052788585424423,0
392,hate_video_335.mp4,hate_video_335,test,0,"[SCENE]
a man in the outside area under the sky, where he parked his car was walking towards it to get it started, meanwhile he was saying nigger to the cameraman who was recording the whole scene

[ACTION]
3. Discrimination

[SUBCATEGORIES]
['Character Appearance Mockery']

[PARENTLABELS]
['neutral']

[ACTION_CLEAN]
discrimination",0,0.10397636890411377,0,1,0.9069921374320984,1,0,0.1394265741109848,0,0,0.10842526704072952,0,0,0.11688288301229477,0,0,0.12998154759407043,0,0,0.10104671120643616,0,0,0.11446189135313034,0,0,0.11076486855745316,0
393,hate_video_337.mp4,hate_video_337,train,0,"[SCENE]
A black-and-white, surreal scene where a person in a crescent-moon costume kicks another figure on a small island with a palm tree and a suitcase, while a third person stands in the background. in the background, the singer was talking about going on killing spree which makes it bad

[ACTION]
10. Scene

[SUBCATEGORIES]
['hate imagery/song']

[PARENTLABELS]
['neutral']

[ACTION_CLEAN]
scene",1,0.6889986395835876,0,0,0.5785959362983704,0,0,0.5681851506233215,0,1,0.8273991942405701,0,1,0.8908717632293701,1,1,0.8512890934944153,1,0,0.30657124519348145,0,0,0.718845784664154,0,0,0.48053091764450073,0
394,hate_video_340.mp4,hate_video_340,train,0,"[SCENE]
A cartoon scene shows a grinning, crescent-moon character wearing sunglasses inside a room, with a small window behind him revealing frightened cartoon figures pressed against glass, as if in a cell. The setting looks like a dark, industrial interior. a hate song like a rap is also playing in the background

[ACTION]
10. Scene

[SUBCATEGORIES]
['hate imagery/song']

[PARENTLABELS]
['neutral']

[ACTION_CLEAN]
scene",1,0.8483819365501404,1,1,0.787557065486908,1,0,0.751250147819519,0,0,0.3344227075576782,0,0,0.40439271926879883,1,1,0.902716338634491,1,0,0.26454439759254456,0,0,0.32232722640037537,0,0,0.4583622217178345,0
395,,row_395,train,0,"[SUBCATEGORIES]
[]

[PARENTLABELS]
[]",0,0.07095714658498764,0,0,0.07875457406044006,0,0,0.08250743895769119,0,0,0.07673586159944534,0,0,0.07797888666391373,0,0,0.11493732780218124,0,0,0.06506815552711487,0,0,0.06449618190526962,0,0,0.06002242863178253,0
396,hate_video_341.mp4,hate_video_341,train,0,"[SCENE]
A man sits at a desk in a home studio setup, speaking or performing into a microphone, with two TV screens behind him showing different video clips. It appears to be a livestream or commentary recording, and he is singing or vocalizing during the segment. there is another frame at the top left corner of the screen where people are there especially blacks and the guy is singing while moving his hands to feel the song

[ACTION]
10. Scene

[SUBCATEGORIES]
['hate song']

[PARENTLABELS]
['neutral']

[ACTION_CLEAN]
scene",0,0.12864798307418823,0,0,0.08362533897161484,0,0,0.1391061693429947,0,0,0.07531370222568512,0,0,0.18449215590953827,0,0,0.10082931071519852,0,0,0.08687706291675568,0,0,0.058740876615047455,0,0,0.06038312986493111,0
397,hate_video_343.mp4,hate_video_343,train,0,"[SCENE]
a man seems to be hanging, only his legs are visible with some blood on it running down, and as the clip proceeds camera goes zoom out. there is a drum music also in the background and a pop song

[ACTION]
1. Violence in Animation

[SUBCATEGORIES]
['Blood/Gore Elements']

[PARENTLABELS]
['violence']

[ACTION_CLEAN]
violence in animation",0,0.08465706557035446,0,0,0.0828506201505661,0,0,0.07426880300045013,0,0,0.09750773757696152,0,1,0.922820508480072,1,0,0.09454525262117386,0,0,0.09611283987760544,0,0,0.08828715980052948,0,0,0.08865189552307129,0
398,hate_video_344.mp4,hate_video_344,train,0,"[SCENE]
blood all over the screen could be seen on the screne, with a song of moonman hating niggers

[ACTION]
1. Violence in Animation

[SUBCATEGORIES]
['Blood/Gore Elements']

[PARENTLABELS]
['violence']

[ACTION_CLEAN]
violence in animation",0,0.11282340437173843,0,0,0.0964834913611412,0,0,0.08270611613988876,0,0,0.09130536764860153,0,1,0.9197841286659241,1,0,0.08829617500305176,0,0,0.09376076608896255,0,0,0.08322188258171082,0,0,0.07998495548963547,0
399,hate_video_345.mp4,hate_video_345,val,0,"[SCENE]
on a white screen an essay is written on niggers, which the narrator is repeating in the clip

[ACTION]
10. Scene

[SUBCATEGORIES]
['hate essay']

[PARENTLABELS]
['neutral']

[ACTION_CLEAN]
scene",1,0.8891749382019043,1,1,0.8433966636657715,1,1,0.8707484602928162,1,0,0.13035167753696442,0,0,0.11605379730463028,0,0,0.1379574090242386,0,0,0.12490817159414291,0,0,0.10367868095636368,0,0,0.10486569255590439,0
400,hate_video_346.mp4,hate_video_346,train,0,"[SCENE]
A stylized neon graphic shows a silhouetted, moon-shaped character in front of a glowing pink letter “K” with a retro, cyberpunk-style background. a background music is playing where the moonman is talking shit about niggers.

[ACTION]
10. Scene

[SUBCATEGORIES]
['hate song']

[PARENTLABELS]
['neutral']

[ACTION_CLEAN]
scene",1,0.9475119113922119,1,1,0.8703755140304565,1,1,0.902076244354248,1,0,0.17024271190166473,0,0,0.15248769521713257,0,0,0.1823495626449585,0,0,0.14439190924167633,0,0,0.11672276258468628,0,0,0.13819222152233124,0
401,hate_video_347.mp4,hate_video_347,train,0,"[SCENE]
a grandfather with white hairs and wearing shorts and shirt, is talking to a girl sitting beside her, and saying ""he is a nigger, did you know that?"", girl also agrees with what he said

[ACTION]
3. Discrimination

[SUBCATEGORIES]
['Character Appearance Mockery']

[PARENTLABELS]
['neutral']

[ACTION_CLEAN]
discrimination",0,0.10276664793491364,0,1,0.9080750942230225,1,0,0.13360635936260223,0,0,0.10875535756349564,0,0,0.11985809355974197,0,0,0.12848453223705292,0,0,0.1074618324637413,0,0,0.11532175540924072,0,0,0.11263266950845718,0
402,hate_video_350.mp4,hate_video_350,train,0,"[SCENE]
a song introductory clip where a platypus can be seen coming into the frame with a background of a greenery portraited in cartoonic way, the platypus has a song recorded in its hand and the song name appears at the top of it, and a very soft song playing in the background. after the song name was said, platypus left the frame

[ACTION]
10. Scene

[SUBCATEGORIES]
['introduction clip']

[PARENTLABELS]
['neutral']

[ACTION_CLEAN]
scene",0,0.11068551242351532,0,0,0.11281155794858932,0,0,0.1541849821805954,0,0,0.07965011149644852,0,0,0.0945407897233963,0,0,0.1273728609085083,0,0,0.09318171441555023,0,0,0.06016099080443382,0,0,0.055929042398929596,0
403,hate_video_350.mp4,hate_video_350,train,0,"[SCENE]
a platypus in its room is laying down on his bed with the music player in his front on some shelf and a very irritating song playing in it

[ACTION]
10. Scene

[SUBCATEGORIES]
['irritating song']

[PARENTLABELS]
['neutral']

[ACTION_CLEAN]
scene",0,0.18018583953380585,0,0,0.06658592075109482,0,0,0.15636593103408813,0,0,0.08032519370317459,0,0,0.11238378286361694,0,0,0.12307605892419815,0,0,0.11988167464733124,0,0,0.07401112467050552,0,0,0.06425391882658005,0
404,hate_video_351.mp4,hate_video_351,train,0,"[SCENE]
A vintage-style album cover reading “Fiddlin’ John Carson – Little Old Log Cabin,” featuring an old-fashioned microphone and retro decorative design, a nigger song also playing in the background which seems to be very old

[ACTION]
10. Scene

[SUBCATEGORIES]
['hate song']

[PARENTLABELS]
['neutral']

[ACTION_CLEAN]
scene",0,0.6503903865814209,0,1,0.7546314001083374,0,1,0.8691921234130859,1,0,0.08427561074495316,0,0,0.09255374222993851,0,0,0.08673498034477234,0,0,0.18136799335479736,0,0,0.08093664050102234,0,0,0.09985818713903427,0
405,hate_video_354.mp4,hate_video_354,train,0,"[SCENE]
An extremist propaganda-style graphic using hate symbols and racist text which is ""white power nigger"" which seems to be comes out from the middle of the screen in a cinematic way

[ACTION]
10. Scene

[SUBCATEGORIES]
['hate symbol']

[PARENTLABELS]
['neutral']

[ACTION_CLEAN]
scene",1,0.9359973073005676,1,1,0.9063006043434143,1,1,0.9435269236564636,1,0,0.1527193933725357,0,0,0.23641341924667358,0,0,0.2114059329032898,0,0,0.14547428488731384,0,0,0.12825347483158112,0,0,0.17836634814739227,0
406,hate_video_357.mp4,hate_video_357,train,0,"[SCENE]
A person in a red-and-black polka-dot costume with a blue wig is holding a phone to their ear and talking to her crush, and expressing her feelings but also raging on her phone

[ACTION]
9. Non-Hate

[SUBCATEGORIES]
['Friendly Conversations']

[PARENTLABELS]
['neutral']

[ACTION_CLEAN]
non-hate",0,0.07737776637077332,0,0,0.06827554106712341,0,0,0.05657997727394104,0,0,0.07949461042881012,0,0,0.07974898815155029,0,0,0.08971273899078369,0,0,0.07683645933866501,0,0,0.06606215983629227,0,0,0.06732680648565292,0
407,hate_video_360.mp4,hate_video_360,val,0,"[SCENE]
an omegle livestream, with 2 frames, in the lower one is the joker who is making fun of the nigger woman on the upper side of the frame, and making expressions to mock her

[ACTION]
3. Discrimination

[SUBCATEGORIES]
['Character Appearance Mockery']

[PARENTLABELS]
['neutral']

[ACTION_CLEAN]
discrimination",0,0.09476321935653687,0,1,0.8985159993171692,1,0,0.12322764843702316,0,0,0.10882655531167984,0,0,0.11934593319892883,0,0,0.13145196437835693,0,0,0.10845177620649338,0,0,0.11258278042078018,0,0,0.11155932396650314,0
408,hate_video_361.mp4,hate_video_361,train,0,"[SCENE]
A split-screen livestream shows two people on video chat: one sitting in a purple-lit room, and the other wearing a skull mask, sunglasses, and a hat, with a banner reading “BitChute GypsyCrusader Media” across the bottom. they are having a racial conversation, mcking each other and laughing about it

[ACTION]
10. Scene

[SUBCATEGORIES]
['hate conversation']

[PARENTLABELS]
['neutral']

[ACTION_CLEAN]
scene",0,0.320085734128952,0,1,0.9215273261070251,1,1,0.765057384967804,0,0,0.10988007485866547,0,0,0.15017621219158173,0,0,0.2081044763326645,0,0,0.10444105416536331,0,0,0.09178164601325989,0,0,0.10028998553752899,0
409,hate_video_362.mp4,hate_video_362,train,0,"[SCENE]
the scenes in this clips seems to be of world war time, everytime the frame changes it shows war scenes like tanks, soldiers, weapons, aircrafts, and there is some voice in the background that is encouraging them to move forward in the war and is speaking in german and the subtitle appearing in yellow in english

[ACTION]
1. Violence in Animation

[SUBCATEGORIES]
['encouraging war scenes']

[PARENTLABELS]
['neutral']

[ACTION_CLEAN]
violence in animation",0,0.08641213923692703,0,0,0.08207147568464279,0,0,0.07159820199012756,0,0,0.09276194870471954,0,1,0.9143205881118774,1,0,0.0892200917005539,0,0,0.09754406660795212,0,0,0.08525924384593964,0,0,0.0901297777891159,0
410,hate_video_363.mp4,hate_video_363,train,0,"[SCENE]
a clip of a news-style webpage titled “Know More News” appears alongside a host’s video feed, promoting recent videos and a segment labeled “Know More News with Adam Green. he basically introduces his channel with the date and the perosn who is the host in the show

[ACTION]
10. Scene

[SUBCATEGORIES]
['introduction']

[PARENTLABELS]
['neutral']

[ACTION_CLEAN]
scene",0,0.10536826401948929,0,0,0.11253140866756439,0,0,0.11499173194169998,0,0,0.09278684109449387,0,0,0.11200480908155441,0,0,0.11793651431798935,0,0,0.11312273144721985,0,0,0.07799123227596283,0,0,0.08423051983118057,0
411,hate_video_363.mp4,hate_video_363,train,0,"[SCENE]
A split-screen news-style graphic shows a host on the left and a guest speaking on the right, with a banner reading “Know More News with Adam Green” and the show’s logo and social handle along the bottom. the guest is talikng about the reptilian species, after few seconds a background music starts playing which resembles like an aliens spaceship voice

[ACTION]
10. Scene

[SUBCATEGORIES]
['news conversation']

[PARENTLABELS]
['neutral']

[ACTION_CLEAN]
scene",0,0.09615375846624374,0,0,0.14449800550937653,0,0,0.16501817107200623,0,0,0.07797902822494507,0,0,0.06958533823490143,0,0,0.16092807054519653,0,0,0.11494536697864532,0,0,0.06775926053524017,0,0,0.06916879862546921,0
412,hate_video_365.mp4,hate_video_365,train,0,"[SCENE]
A man stands in the middle of a seated audience, holding a microphone and telling an incident about his son who got bullied and was crying in his room, during what looks like a public meeting or discussion, while people around him listen. he kept moving around his space so that the voice reaches to everyone

[ACTION]
10. Scene

[SUBCATEGORIES]
['story-telling']

[PARENTLABELS]
['neutral']

[ACTION_CLEAN]
scene",0,0.18763132393360138,0,0,0.31493550539016724,0,0,0.23688124120235443,0,0,0.28719067573547363,0,0,0.24211302399635315,0,1,0.8487776517868042,1,0,0.14019453525543213,0,0,0.17164577543735504,0,0,0.1484571099281311,0
413,hate_video_365.mp4,hate_video_365,train,0,"[SCENE]
A man stands in the middle of a seated audience, holding a microphone and telling an incident about his son who got bullied and was crying in his room, during what looks like a public meeting or discussion, while people around him listen. he kept moving around his space so that the voice reaches to everyone, but someone from public seating area asked him ""then whybdid you leave mexico"" after that everyone around there seems to have pissed off with the words he used

[ACTION]
2. Verbal Abuse

[SUBCATEGORIES]
['Name-calling/Insults']

[PARENTLABELS]
['hate_speech']

[ACTION_CLEAN]
verbal abuse",1,0.923638105392456,1,0,0.1219545528292656,0,0,0.12659411132335663,0,0,0.11859390139579773,0,0,0.11177173256874084,0,0,0.10847122967243195,0,0,0.10929528623819351,0,0,0.0964597538113594,0,0,0.10387200117111206,0
414,hate_video_365.mp4,hate_video_365,train,0,"[SCENE]
A man stands in what looks like a public meeting room, pointing and speaking emphatically toward someone off-camera, while other people sit and watch.

[ACTION]
2. Verbal Abuse

[SUBCATEGORIES]
['Name-calling/Insults']

[PARENTLABELS]
['hate_speech']

[ACTION_CLEAN]
verbal abuse",1,0.9250725507736206,1,0,0.11901108920574188,0,0,0.12976904213428497,0,0,0.11622969806194305,0,0,0.11427412927150726,0,0,0.0995275154709816,0,0,0.11430684477090836,0,0,0.09779072552919388,0,0,0.10574982315301895,0
415,hate_video_366.mp4,hate_video_366,test,0,"[SCENE]
the clip is from old videos of donald trump when he was little bit young from now, he seems to be smelling the perfume from a ladies body but in very pervert way and lady seems very off from his reactions. there is a song also playing in the background and the subtiles appearing also

[ACTION]
5. Inappropriate Content

[SUBCATEGORIES]
['Adult References']

[PARENTLABELS]
['sexual']

[ACTION_CLEAN]
inappropriate content",0,0.10238056629896164,0,0,0.10210440307855606,0,0,0.11776269227266312,0,0,0.1201692670583725,0,0,0.11028062552213669,0,0,0.10343395918607712,0,1,0.9419201612472534,1,0,0.11076841503381729,0,0,0.1193738654255867,0
416,hate_video_366.mp4,hate_video_366,test,0,"[SCENE]
the clip is of WWE ring where donald trump is facing a fight and has been knocked down, and there is some background music playing and the captions also are there

[ACTION]
1. Violence in Animation

[SUBCATEGORIES]
['Physical Fighting Scenes']

[PARENTLABELS]
['violence']

[ACTION_CLEAN]
violence in animation",0,0.09046042710542679,0,0,0.0837182030081749,0,0,0.07463948428630829,0,0,0.09478983283042908,0,1,0.9200124144554138,1,0,0.08911854773759842,0,0,0.09913872182369232,0,0,0.08755730837583542,0,0,0.08763285726308823,0
417,hate_video_366.mp4,hate_video_366,test,0,"[SCENE]
A screenshot of a news-style webpage shows a headline about Donald Trump saying transgender people should be able to use the bathroom they want, with photos of Caitlyn Jenner and Trump. Overlaid text adds a crude, derogatory caption of music playing in the background

[ACTION]
5. Inappropriate Content

[SUBCATEGORIES]
['Inappropriate Language', ' 6.1. Social Media Misuse']

[PARENTLABELS]
['neutral']

[ACTION_CLEAN]
inappropriate content",0,0.09553895890712738,0,0,0.10337184369564056,0,0,0.11173681169748306,0,0,0.11023057997226715,0,0,0.10826491564512253,0,0,0.10201676189899445,0,1,0.9390168786048889,1,0,0.10611699521541595,0,0,0.11786457151174545,0
418,hate_video_367.mp4,hate_video_367,train,0,"[SCENE]
this looks like a hateful, antisemitic cartoon depicting mass violence against Jewish people. It shows armed figures and machinery disposing of bodies, with text referring to “ethnic cleansing” and “piles of dead Jews.” The image in the clip appears intended to promote or glorify genocide and hate. there is a rage music also in the background using guitar and drum

[ACTION]
4. Psychological Elements

[SUBCATEGORIES]
['Dark Themes/Horror']

[PARENTLABELS]
['fear']

[ACTION_CLEAN]
psychological elements",0,0.18056471645832062,0,0,0.18283864855766296,0,0,0.19378124177455902,0,0,0.21854913234710693,0,0,0.18613889813423157,0,1,0.9424469470977783,1,0,0.17585258185863495,0,0,0.1686992198228836,0,0,0.20844706892967224,0
419,hate_video_368.mp4,hate_video_368,train,0,"[SCENE]
this image appears to be a provocative, hate-themed graphic. It shows a Christmas tree with Nazi swastikas and text that references the Ku Klux Klan (“KKKhristmas story”), along with extremist symbols and a caricature-like moon logo on a gift. The combination of holiday imagery with hate symbols seems designed to shock or promote extremist ideology. an ai generated voice is singing a moonmans christmas song on chekostien and killing niggers on the christmas night

[ACTION]
2. Verbal Abuse

[SUBCATEGORIES]
['Threatening Language']

[PARENTLABELS]
['threat']

[ACTION_CLEAN]
verbal abuse",1,0.9401887059211731,1,0,0.14474210143089294,0,0,0.16003826260566711,0,0,0.11580880731344223,0,0,0.11356264352798462,0,0,0.1072588786482811,0,0,0.11668077856302261,0,0,0.09334241598844528,0,0,0.10906262695789337,0
420,hate_video_370.mp4,hate_video_370,train,0,"[SCENE]
looks like a livestream/Omegle-style chat setup with a streamer (bottom) wearing Joker-style face paint, and two people on the top panel. On the left side there’s a live chat feed with lots of fast-moving comments. Some of the messages visible in the chat appear to include hateful or derogatory language, which suggests the stream or its audience may be engaging in harassment or extremist rhetoric. the joker kept asking for few seconds if they are a ""jew"" and started insulting them on being a jew and a girl being transgender and ketp laughing

[ACTION]
2. Verbal Abuse

[SUBCATEGORIES]
['Name-calling/Insults']

[PARENTLABELS]
['hate_speech']

[ACTION_CLEAN]
verbal abuse",1,0.9340766668319702,1,0,0.14319314062595367,0,0,0.14876791834831238,0,0,0.11792340874671936,0,0,0.10539904236793518,0,0,0.10783661156892776,0,0,0.11164463311433792,0,0,0.09467862546443939,0,0,0.11009308695793152,0
421,hate_video_371.mp4,hate_video_371,train,0,"[SCENE]
a white man sitting in a room, only his upper body is visible above shoulder wearing a black coat and red shirt and a spectacle, is talking about white men, as if to relate it to racism

[ACTION]
10. Scene

[SUBCATEGORIES]
['racism talk']

[PARENTLABELS]
['discrimination']

[ACTION_CLEAN]
scene",0,0.3627321124076843,0,1,0.9453426003456116,1,1,0.7619913816452026,0,0,0.10839646309614182,0,0,0.19585342705249786,0,0,0.20305278897285461,0,0,0.10979602485895157,0,0,0.1028117686510086,0,0,0.1108827143907547,0
422,hate_video_372.mp4,hate_video_372,train,0,"[SCENE]
donald trump video clip in cartoonic way is shown here and he is talking about the cruelty of nazi

[ACTION]
8. Age-Inappropriate Themes

[SUBCATEGORIES]
['Political References']

[PARENTLABELS]
['neutral']

[ACTION_CLEAN]
age-inappropriate themes",0,0.10229028016328812,0,0,0.10427907109260559,0,0,0.12130393832921982,0,0,0.11606115847826004,0,0,0.10276081413030624,0,0,0.10957302153110504,0,1,0.9421578645706177,1,0,0.1099991574883461,0,0,0.1178850308060646,0
423,hate_video_373.mp4,hate_video_373,test,0,"[SCENE]
clip shows the hitlers photo in the middle of the red background with dark theme where probably dead bodies can be seen and a text in different font is written at the top saying ""ILATOON 14"" and a bottom text saying ""we'be come for war"". a rockstar music playing in the background with the sound of drums and band, where the song is about niggers

[ACTION]
4. Psychological Elements

[SUBCATEGORIES]
['Dark Themes/Horror']

[PARENTLABELS]
['fear']

[ACTION_CLEAN]
psychological elements",0,0.19331768155097961,0,0,0.18273527920246124,0,0,0.19016559422016144,0,0,0.206014484167099,0,0,0.1442541480064392,0,1,0.9302293062210083,1,0,0.16074928641319275,0,0,0.1523747593164444,0,0,0.17861832678318024,0
424,hate_video_374.mp4,hate_video_374,val,0,"[SCENE]
few police car are seen on the road with thier sirens on, and a bunch of black suit men with a hat are walking in front of them , while a policeman came and asked them to move aside

[ACTION]
10. Scene

[SUBCATEGORIES]
['respectful asking']

[PARENTLABELS]
['neutral']

[ACTION_CLEAN]
scene",0,0.05719379335641861,0,0,0.09296438843011856,0,0,0.09509365260601044,0,0,0.10208255052566528,0,0,0.09937126934528351,0,0,0.22831395268440247,0,0,0.06185009703040123,0,0,0.07006939500570297,0,0,0.05979331582784653,0
425,hate_video_374.mp4,hate_video_374,val,0,"[SCENE]
2 policemen are dragging a man on the road with water and little mud and there are many people around them, as soon as the policemen left the man stood up and ran towards them in the public crowded area. a scene related song is playing in the background which says"" they get kicked out""

[ACTION]
2. Verbal Abuse

[SUBCATEGORIES]
['Name-calling/Insults']

[PARENTLABELS]
['hate_speech']

[ACTION_CLEAN]
verbal abuse",1,0.9197631478309631,1,0,0.11641169339418411,0,0,0.12092957645654678,0,0,0.11569613218307495,0,0,0.11554548889398575,0,0,0.10023603588342667,0,0,0.1110863909125328,0,0,0.09761326014995575,0,0,0.10325590521097183,0
426,hate_video_374.mp4,hate_video_374,val,0,"[SCENE]
donal trump has put his hand into the opening present between the wall and then he removes hi hand but continues to stare the opening. a music is playing in the background with the lyrics appearing below

[ACTION]
10. Scene

[SUBCATEGORIES]
['staring']

[PARENTLABELS]
['neutral']

[ACTION_CLEAN]
scene",0,0.11564372479915619,0,0,0.058887988328933716,0,0,0.14122074842453003,0,0,0.08978874236345291,0,0,0.11331911385059357,0,0,0.0972350612282753,0,0,0.11412210017442703,0,0,0.07034415751695633,0,0,0.05479276180267334,0
427,hate_video_375.mp4,hate_video_375,train,0,"[SCENE]
a man while driving his vehicle, which seems to be a small truck type car, is recording himself from inside the car, and is pissed because of the middle east issues and he shares about his dream and the news he read. he is using inappropriate langiage while referring the middle east countries people and donald trump

[ACTION]
5. Inappropriate Content

[SUBCATEGORIES]
['Inappropriate Language']

[PARENTLABELS]
['neutral']

[ACTION_CLEAN]
inappropriate content",0,0.09889252483844757,0,0,0.10218985378742218,0,0,0.1128271222114563,0,0,0.11485537141561508,0,0,0.11088130623102188,0,0,0.10065345466136932,0,1,0.9398674964904785,1,0,0.10454276949167252,0,0,0.11671371757984161,0
428,hate_video_376.mp4,hate_video_376,train,0,"[SCENE]
a bunch of people in the room are dancing on a song around a chair which is placed in the middle of the room, wearing a black cloak, and black hat type thing

[ACTION]
10. Scene

[SUBCATEGORIES]
['dancing']

[PARENTLABELS]
['neutral']

[ACTION_CLEAN]
scene",0,0.07345873862504959,0,0,0.052576955407857895,0,0,0.06883684545755386,0,0,0.08975594490766525,0,0,0.17092518508434296,0,0,0.11530240625143051,0,0,0.08939958363771439,0,0,0.07224930822849274,0,0,0.06059027463197708,0
429,hate_video_380.mp4,hate_video_380,train,0,"[SCENE]
this looks like a livestream scene with a host in a studio setup. He’s wearing headphones and speaking into a microphone, with a neon “Nightwave” sign behind him. On the left, there’s an on-screen live chat overlay with viewer comments scrolling in green text, and at the bottom there’s a donation/goal bar (looks like a funding or tip goal display). he is talking about jews and black people in this clip

[ACTION]
10. Scene

[SUBCATEGORIES]
['hate speech']

[PARENTLABELS]
['hate_speech']

[ACTION_CLEAN]
scene",0,0.26893240213394165,0,1,0.8734121322631836,1,1,0.6979702711105347,0,0,0.11234226822853088,0,0,0.13421815633773804,0,0,0.23661811649799347,0,0,0.10220005363225937,0,0,0.09900840371847153,0,0,0.10921215265989304,0
430,hate_video_381.mp4,hate_video_381,train,0,"[SCENE]
a man seems to be giving an open interview in public hall is talking about judaism and its harsh truth, a man is standing near him as if he is taking his interview

[ACTION]
5. Inappropriate Content

[SUBCATEGORIES]
['Inappropriate Language']

[PARENTLABELS]
['neutral']

[ACTION_CLEAN]
inappropriate content",0,0.09493161737918854,0,0,0.09395620226860046,0,0,0.10489410161972046,0,0,0.1191319152712822,0,0,0.110955610871315,0,0,0.10471539944410324,0,1,0.9377463459968567,1,0,0.10664202272891998,0,0,0.11778198182582855,0
431,hate_video_381.mp4,hate_video_381,train,0,"[SCENE]
a green screen and something written over it on jews in a bad way with black bold fonts, every 2 to 3 seconds the frame changes and the paragraph about them continues

[ACTION]
3. Discrimination

[SUBCATEGORIES]
['Social Status Discrimination']

[PARENTLABELS]
['discrimination']

[ACTION_CLEAN]
discrimination",0,0.09977542608976364,0,1,0.8981881141662598,1,0,0.12191992998123169,0,0,0.11101993918418884,0,0,0.12212589383125305,0,0,0.1331036239862442,0,0,0.10090317577123642,0,0,0.11443711817264557,0,0,0.11070984601974487,0
432,hate_video_383.mp4,hate_video_383,train,0,"[SCENE]
this appears to be a panel or talk in a small venue. Two men are seated on stage with microphones, speaking to an audience. There’s a large poster behind them (with Hebrew text and a photo of two people), and the frame includes a “LiveLeak” watermark, suggesting the clip was reposted from that platform. the man in the left of the screen was talking about the european peoples how they are the worst enemies in the world

[ACTION]
5. Inappropriate Content

[SUBCATEGORIES]
['Inappropriate Language']

[PARENTLABELS]
['neutral']

[ACTION_CLEAN]
inappropriate content",0,0.08629869669675827,0,0,0.0988343209028244,0,0,0.10710754245519638,0,0,0.11340462416410446,0,0,0.11056064814329147,0,0,0.09801903367042542,0,1,0.934848964214325,0,0,0.10517717897891998,0,0,0.11962717771530151,0
433,hate_video_384.mp4,hate_video_384,train,0,"[SCENE]
a cartoonic animated character with red coloured body is lip syncing on the song playing in the clip while pretending to be drowning in comic way. the song is also full of hate

[ACTION]
10. Scene

[SUBCATEGORIES]
['hate song']

[PARENTLABELS]
['neutral']

[ACTION_CLEAN]
scene",1,0.8869094848632812,1,0,0.41115906834602356,0,1,0.8100795149803162,0,0,0.1180991381406784,0,0,0.12741921842098236,0,0,0.23430666327476501,0,0,0.12363744527101517,0,0,0.10008199512958527,0,0,0.13864998519420624,0
434,hate_video_385.mp4,hate_video_385,train,0,"[SCENE]
this looks like a public health information display from the UK government’s NHS about Coronavirus. What’s visible on the screen: Message: “Coronavirus – Isolate your household. Stay at home.” Guidance highlights: If anyone in your household has a high temperature or a new, continuous cough, everyone should isolate. The whole household should stay at home for 14 days. Don’t go to a GP surgery or hospital unless advised; use NHS 111 if needed. Branding: Logos for UK Government and the NHS, plus the NHS coronavirus web address.

[ACTION]
10. Scene

[SUBCATEGORIES]
['info display']

[PARENTLABELS]
['neutral']

[ACTION_CLEAN]
scene",0,0.11459020525217056,0,0,0.1145818904042244,0,0,0.10182733833789825,0,0,0.12405655533075333,0,0,0.07474329322576523,0,0,0.2499510794878006,0,0,0.13158763945102692,0,0,0.09733514487743378,0,0,0.1419515609741211,0
435,hate_video_386.mp4,hate_video_386,train,0,"[SCENE]
few people in a uniform with a red cap are carrying a man on thier shoulder over a lenghty wooden rectangular holder, which is holding the man who is sitting on the chair at the top of them, background seems to be some public gathering in any function hall, they are carrying him to the stage where american flags could be seen waving, and some inappropriate words from background voice can be heard, and a hate song continues to make the video hateful

[ACTION]
10. Scene

[SUBCATEGORIES]
['Inappropriate Language']

[PARENTLABELS]
['neutral']

[ACTION_CLEAN]
scene",1,0.9294238686561584,1,1,0.8701819777488708,1,1,0.9372212290763855,1,0,0.14399127662181854,0,0,0.2555479109287262,0,0,0.2474924474954605,0,0,0.13945992290973663,0,0,0.12768693268299103,0,0,0.17691661417484283,0
436,hate_video_386.mp4,hate_video_386,train,0,"[SCENE]
a black woman is kissing a white man with goggles, only thier upper body is visible specifically face, and a song is playing in the background with the lyrics mentioned as caption

[ACTION]
10. Scene

[SUBCATEGORIES]
['contrasting scenes']

[PARENTLABELS]
['neutral']

[ACTION_CLEAN]
scene",0,0.0828203558921814,0,0,0.06838477402925491,0,0,0.10149837285280228,0,0,0.08140231668949127,0,0,0.11563193053007126,0,0,0.15597978234291077,0,0,0.2852049767971039,0,0,0.0673399344086647,0,0,0.06288279592990875,0
437,hate_video_386.mp4,hate_video_386,train,0,"[SCENE]
4 people in an open public area can be seen clicking the selfie of themselves and all ofnthem are wearing same t-shirt, 3rd person from left is wearing a white cap also and they are all smiling and seems to be very happy, a background song is also there with caption at the bottom

[ACTION]
10. Scene

[SUBCATEGORIES]
['smiling']

[PARENTLABELS]
['neutral']

[ACTION_CLEAN]
scene",0,0.07464781403541565,0,0,0.09035466611385345,0,0,0.11824992299079895,0,0,0.10025627911090851,0,0,0.08027652651071548,0,0,0.16438496112823486,0,0,0.07596109807491302,0,0,0.06012728810310364,0,0,0.0656389445066452,0
438,hate_video_388.mp4,hate_video_388,test,0,"[SCENE]
this image appears to show a person outdoors holding up two small white bags while yelling dramatically at the camera. On-screen text reads: “Andy Dick on The Greg Fitzsimmons Show – August 15th, 2011,” suggesting it’s a clip or still from a comedy or interview segment. there are some background voices also who are insulting the person in the image

[ACTION]
2. Verbal Abuse

[SUBCATEGORIES]
['Name-calling/Insults']

[PARENTLABELS]
['hate_speech']

[ACTION_CLEAN]
verbal abuse",1,0.9235252737998962,1,0,0.12112686038017273,0,0,0.12722152471542358,0,0,0.11513013392686844,0,0,0.11027397960424423,0,0,0.10468441992998123,0,0,0.11477591842412949,0,0,0.09421270340681076,0,0,0.10603682696819305,0
439,hate_video_389.mp4,hate_video_389,train,0,"[SCENE]
this appears to be a website titled “Renegade Tribune.” The page shows: A navigation bar with sections like Latest, Featured, Sections, Author Registration, Contact, and Log In. A large featured image of a couple walking through a colorful field toward a distant group and a tall wooden structure. A sidebar labeled “Top Authors” with profile pictures and usernames. Overall, it looks like the homepage of an online publication or blog with featured content and contributor listings. the background voice in this clip is talking about some horror film

[ACTION]
4. Psychological Elements

[SUBCATEGORIES]
['horror talk']

[PARENTLABELS]
['fear']

[ACTION_CLEAN]
psychological elements",0,0.14340075850486755,0,0,0.15886931121349335,0,0,0.15624061226844788,0,0,0.19032973051071167,0,0,0.13791850209236145,0,1,0.9163269996643066,1,0,0.15773378312587738,0,0,0.1370956152677536,0,0,0.17344585061073303,0
440,hate_video_389.mp4,hate_video_389,train,0,"[SCENE]
appears to be a screenshot of an article on the “Renegade Tribune” website. The headline references the film Midsommar and contains antisemitic language targeting a Jewish filmmaker. Below the headline is a photo of director Ari Aster at what looks like a film premiere backdrop. The sidebar shows recent posts and other site content. The tone of the headline and text suggests the article is promoting hateful or extremist views. the background voice is talking about an english director only ans asking us to imagine if they make a horror movie portraying the jewish murder

[ACTION]
4. Psychological Elements

[SUBCATEGORIES]
['horror talk']

[PARENTLABELS]
['fear']

[ACTION_CLEAN]
psychological elements",0,0.16669927537441254,0,0,0.17238950729370117,0,0,0.18019700050354004,0,0,0.19847141206264496,0,0,0.1481516808271408,0,1,0.930327832698822,1,0,0.1589430272579193,0,0,0.15250322222709656,0,0,0.19322550296783447,0
441,hate_video_390.mp4,hate_video_390,test,0,"[SCENE]
this appears to be a website “Renegade Tribune” . The main website is scrolled down slowly and looks like a digitally altered political collage. It depicts: A man resembling Israeli Prime Minister Benjamin Netanyahu sitting amid rubble and destruction, holding a chain and wearing imagery associated with Israel. A dog with the face of former U.S. President Donald Trump attached to a leash or chain. A background of what looks like a war-damaged area. Below the image is a headline reading: “Trump: US Troops Staying in Syria Because ‘We Have to Protect Israel’.” The imagery and presentation suggest it is a provocative or conspiratorial political commentary piece, using satire or inflammatory symbolism. the background voice is reading the headlines of the site

[ACTION]
8. Age-Inappropriate Themes

[SUBCATEGORIES]
['Political References']

[PARENTLABELS]
['neutral']

[ACTION_CLEAN]
age-inappropriate themes",0,0.09402292966842651,0,0,0.11196359246969223,0,0,0.12940077483654022,0,0,0.10380758345127106,0,0,0.10537273436784744,0,0,0.10936087369918823,0,1,0.9374783635139465,1,0,0.09955238550901413,0,0,0.12107639014720917,0
442,hate_video_391.mp4,hate_video_391,train,0,"[SCENE]
this clip shows a person sitting in a chair indoors, holding their hands over their ears with a distressed or exaggerated expression on their face. The wall behind them is decorated with multiple framed caricature-style illustrations of a bearded man with exaggerated facial features. background music is there, which sounds like a rap and is so hateful talking about girls rape, genocide and many more bad things

[ACTION]
10. Scene

[SUBCATEGORIES]
['hateful song']

[PARENTLABELS]
['hate_speech']

[ACTION_CLEAN]
scene",1,0.7370315790176392,0,1,0.8338803648948669,1,1,0.8395154476165771,1,0,0.3838897943496704,0,1,0.8582381010055542,1,1,0.8384532928466797,1,0,0.271305650472641,0,0,0.35532790422439575,0,0,0.430751234292984,0
443,hate_video_392.mp4,hate_video_392,train,0,"[SCENE]
a man recording himslelf over a water surafec, where he is wearing a sunglasses and the sunlight coming from behind , and he is talking about the father of a girl who survived the soviet union rage and many more murders he mentioned, also about genocide and child molestation

[ACTION]
10. Scene

[SUBCATEGORIES]
['dark story']

[PARENTLABELS]
['fear']

[ACTION_CLEAN]
scene",0,0.5275097489356995,0,1,0.805870532989502,1,1,0.745556652545929,0,0,0.3723255693912506,0,1,0.8921825289726257,1,1,0.8378676176071167,1,0,0.23710349202156067,0,0,0.4203386604785919,0,0,0.3684207499027252,0
444,hate_video_393.mp4,hate_video_393,test,0,"[SCENE]
a man in a very wierd dress like joker with a white conical cap, talks about someone and referring them as someone related to devil work

[ACTION]
2. Verbal Abuse

[SUBCATEGORIES]
['Name-calling/Insults']

[PARENTLABELS]
['hate_speech']

[ACTION_CLEAN]
verbal abuse",1,0.926525890827179,1,0,0.1173795834183693,0,0,0.13159078359603882,0,0,0.12202757596969604,0,0,0.11350172013044357,0,0,0.09976669400930405,0,0,0.11616501212120056,0,0,0.09966122359037399,0,0,0.10706403106451035,0
445,hate_video_393.mp4,hate_video_393,test,0,"[SCENE]
a black screen on which there is a hateful text written on it which say ""A FILTHY JEW"" in one line , on another line: STRAIGHT FROM HELL"", JEW in red font color

[ACTION]
10. Scene

[SUBCATEGORIES]
['hate comment']

[PARENTLABELS]
['hate_speech']

[ACTION_CLEAN]
scene",1,0.8933708071708679,1,1,0.9295540452003479,1,1,0.933951735496521,1,0,0.1448056846857071,0,0,0.21271498501300812,0,0,0.24377353489398956,0,0,0.13286854326725006,0,0,0.13465309143066406,0,0,0.16457659006118774,0
446,hate_video_393.mp4,hate_video_393,test,0,"[SCENE]
an old dictator type lady in the history has been recorded saying something to the peoples on mic, only her face is shown in the clip, and the words she was saying mentioned as caption below, and many visuals running behind her in shady way, showing how cruel she was at her time, and the text in the caption is also about the jews and monolithic society. a dark themed music is there in the background which is making the whole clip an intense one

[ACTION]
4. Psychological Elements

[SUBCATEGORIES]
['Dark Themes/Horror']

[PARENTLABELS]
['fear']

[ACTION_CLEAN]
psychological elements",0,0.16824178397655487,0,0,0.18680129945278168,0,0,0.18676216900348663,0,0,0.1991666704416275,0,0,0.1390310525894165,0,1,0.9303234219551086,1,0,0.1594889611005783,0,0,0.14908313751220703,0,0,0.19270837306976318,0
447,hate_video_394.mp4,hate_video_394,train,0,"[SCENE]
a man in the background voice is speaking out the words writeen on the screen with a title ""whike is the most dangerous"" and the paragraph written below it about whike as a dangerous machine yet invented

[ACTION]
10. Scene

[SUBCATEGORIES]
['dangerous fact']

[PARENTLABELS]
['neutral']

[ACTION_CLEAN]
scene",0,0.08618863672018051,0,0,0.08897897601127625,0,0,0.08896341174840927,0,0,0.15400205552577972,0,0,0.23471865057945251,0,0,0.2804378569126129,0,0,0.08400513976812363,0,0,0.1062648743391037,0,0,0.22595514357089996,0
448,hate_video_395.mp4,hate_video_395,train,0,"[SCENE]
a man from the background voice is speaking out the story written on the screen with title ""the kike and the merchant"" and the story is little intriguing

[ACTION]
10. Scene

[SUBCATEGORIES]
['story']

[PARENTLABELS]
['neutral']

[ACTION_CLEAN]
scene",1,0.7515246272087097,0,1,0.9285087585449219,1,1,0.8755874633789062,1,0,0.15005718171596527,0,0,0.17015956342220306,0,0,0.2398291528224945,0,0,0.12374841421842575,0,0,0.1705729216337204,0,0,0.19895318150520325,0
449,hate_video_396.mp4,hate_video_396,test,0,"[SCENE]
text written on the ruled paper about a person named TAZ BITTER, who has selected some hot chicks and interesting things to look at, also asked to subscribe and share the content. the backgorund voice is finding a blackhole in his house, meanwhile a lady photo is attached to the paper who is showing her back towards the screen and seems to be on a beach

[ACTION]
5. Inappropriate Content

[SUBCATEGORIES]
['Adult References', ' 5.2. Inappropriate Language']

[PARENTLABELS]
['sexual', 'neutral']

[ACTION_CLEAN]
inappropriate content",0,0.09844855964183807,0,0,0.10209635645151138,0,0,0.11677265912294388,0,0,0.1161189079284668,0,0,0.11024788022041321,0,0,0.10348683595657349,0,1,0.9419447779655457,1,0,0.10800368338823318,0,0,0.12000355869531631,0
450,hate_video_396.mp4,hate_video_396,test,0,"[SCENE]
a woman lying on her bed in a very seductive position, eyes covered with black cloth and she herself is also holding a black ribbon or something like that, she is wearing a lingerie set and lying on her bed showing curves. there is a brown polished door behind her, and background voice is using bad language

[ACTION]
5. Inappropriate Content

[SUBCATEGORIES]
['Adult References', ' 5.2. Inappropriate Language']

[PARENTLABELS]
['sexual', 'neutral']

[ACTION_CLEAN]
inappropriate content",0,0.10079602152109146,0,0,0.09945490211248398,0,0,0.11272899061441422,0,0,0.11667530238628387,0,0,0.11240225285291672,0,0,0.10206233710050583,0,1,0.9408069252967834,1,0,0.10641362518072128,0,0,0.1180485337972641,0
451,hate_video_396.mp4,hate_video_396,test,0,"[SCENE]
a woman lying down on some white surface, as if she is doing her nude photoshoot, while wearing bikini set clothes only and cameraman seems to be on top of her head, taking photos while she is looking back with her one arm on her bikini and other one above her head

[ACTION]
5. Inappropriate Content

[SUBCATEGORIES]
['Adult References', ' 5.2. Inappropriate Language']

[PARENTLABELS]
['sexual', 'neutral']

[ACTION_CLEAN]
inappropriate content",0,0.09504681825637817,0,0,0.09996996074914932,0,0,0.109074167907238,0,0,0.1196129322052002,0,0,0.11228320002555847,0,0,0.10484205931425095,0,1,0.9408581852912903,1,0,0.10809910297393799,0,0,0.1201600581407547,0
452,hate_video_397.mp4,hate_video_397,test,0,"[SCENE]
seems like a social platforms comment section where people are talking shit and being jealous and doing racist talk, with a playful background music

[ACTION]
5. Inappropriate Content

[SUBCATEGORIES]
['Inappropriate Language']

[PARENTLABELS]
['neutral']

[ACTION_CLEAN]
inappropriate content",0,0.09842807799577713,0,0,0.09570074826478958,0,0,0.11263583600521088,0,0,0.11831025779247284,0,0,0.1095610111951828,0,0,0.10436073690652847,0,1,0.9396630525588989,1,0,0.10735705494880676,0,0,0.11675941199064255,0
453,hate_video_397.mp4,hate_video_397,test,0,"[SCENE]
a girl in black dress is dancing in front of 4 people behind her sitting at desk and throwing currency while she is dancing, the seat they are sitting on says ""united states federal reserve system"" and this all seems to be cartoonic, while she is dancing the color of the screen is changing between red green and more and a song is also playing

[ACTION]
9. Non-Hate

[SUBCATEGORIES]
['Non-Hate', ' dancing']

[PARENTLABELS]
['neutral']

[ACTION_CLEAN]
non-hate",0,0.07765185087919235,0,0,0.07094649225473404,0,0,0.05824786052107811,0,0,0.0761997178196907,0,0,0.07839825004339218,0,0,0.08559123426675797,0,0,0.0751652866601944,0,0,0.06412824243307114,0,0,0.06911297142505646,0
454,hate_video_398.mp4,hate_video_398,test,0,"[SCENE]
a man holding a mic with a background that shows a flag and in fron of the flag, some home things are kept and a photo of a well known person i also there to the left of him, and he is talking about discussing the story of gun revolt of jews against the british while shouting in his mic, and cursing them also

[ACTION]
2. Verbal Abuse

[SUBCATEGORIES]
['Name-calling/Insults']

[PARENTLABELS]
['hate_speech']

[ACTION_CLEAN]
verbal abuse",1,0.9237971305847168,1,0,0.1223946213722229,0,0,0.1297454684972763,0,0,0.11534091085195541,0,0,0.1071932464838028,0,0,0.10228884220123291,0,0,0.11420204490423203,0,0,0.09738538414239883,0,0,0.10742657631635666,0
455,hate_video_399.mp4,hate_video_399,train,0,"[SCENE]
clip shows an email conversation in a Gmail-like interface. The message is from a support email address replying about an account issue related to alleged “terrorist content.” The sender appears frustrated and denies uploading such content, accusing the platform of spying and shadowbanning their new channel.

[ACTION]
2. Verbal Abuse

[SUBCATEGORIES]
['frustrated']

[PARENTLABELS]
['neutral']

[ACTION_CLEAN]
verbal abuse",1,0.9196383357048035,1,0,0.11643573641777039,0,0,0.12259440124034882,0,0,0.11857636272907257,0,0,0.11167332530021667,0,0,0.09665507078170776,0,0,0.12033196538686752,0,0,0.09523551166057587,0,0,0.10428759455680847,0
456,hate_video_401.mp4,hate_video_401,test,0,"[SCENE]
clip is of a Discord server interface. At the top, large white text says “THE /polgbt/ NUKE? 😂”. The server name appears to be “general-monkeys,” with channels listed on the left and members shown on the right. The chat contains messages and images, including a hand-drawn sketch. Some visible usernames and messages contain offensive language. there is a very bad comment made by the background voice on nigger, and a rage music comes then

[ACTION]
10. Scene

[SUBCATEGORIES]
['hateful content']

[PARENTLABELS]
['hate_speech']

[ACTION_CLEAN]
scene",1,0.9555730819702148,1,1,0.9050503969192505,1,1,0.9212935566902161,1,0,0.18092335760593414,0,0,0.22392936050891876,0,0,0.23623892664909363,0,0,0.16195467114448547,0,0,0.11683951318264008,0,0,0.16071942448616028,0
457,hate_video_402.mp4,hate_video_402,train,0,"[SCENE]
a man with long hairs and beard is holiding his mobile phone as if he is recording and he keeps moving in different direction as the clip moves forward, and the background changes like every second, this clip has a music also

[ACTION]
10. Scene

[SUBCATEGORIES]
['recording']

[PARENTLABELS]
['neutral']

[ACTION_CLEAN]
scene",0,0.09600286930799484,0,0,0.048931632190942764,0,0,0.10877193510532379,0,0,0.09054028987884521,0,0,0.1875767856836319,0,0,0.1042117178440094,0,0,0.09101860225200653,0,0,0.0723787322640419,0,0,0.06916514784097672,0
458,hate_video_402.mp4,hate_video_402,train,0,"[SCENE]
a man with long hairs and beard is having a conversation with a layd that comes in the frame , the background is like a city which seems to have been photoshopped

[ACTION]
9. Non-Hate

[SUBCATEGORIES]
['Friendly Conversations']

[PARENTLABELS]
['neutral']

[ACTION_CLEAN]
non-hate",0,0.07825513184070587,0,0,0.071225605905056,0,0,0.058016400784254074,0,0,0.07806069403886795,0,0,0.07630650699138641,0,0,0.08731095492839813,0,0,0.07727721333503723,0,0,0.06520438194274902,0,0,0.06772846728563309,0
459,hate_video_402.mp4,hate_video_402,train,0,"[SCENE]
a man with long hairs and beard is having a conversation with a layd that comes in the frame , the background is like a warehouse which seems to have been photoshopped , woman gave him a glasses to wear that she got out of some box and the man wears it and gets mesmerized

[ACTION]
9. Non-Hate

[SUBCATEGORIES]
['Friendly Conversations']

[PARENTLABELS]
['neutral']

[ACTION_CLEAN]
non-hate",0,0.07648669928312302,0,0,0.07092461735010147,0,0,0.05823109298944473,0,0,0.08086027950048447,0,0,0.07584791630506516,0,0,0.08623164147138596,0,0,0.07897529751062393,0,0,0.06493468582630157,0,0,0.06970527768135071,0
460,hate_video_404.mp4,hate_video_404,train,0,"[SCENE]
2 men are talking to the perosn who seems to be a film shooting perosn, and they are asking him to get them inside as they havent seen a TV studio set yet. the room inside is dark and some old book shelves and storage could be seen behind them

[ACTION]
9. Non-Hate

[SUBCATEGORIES]
['Friendly Conversations']

[PARENTLABELS]
['neutral']

[ACTION_CLEAN]
non-hate",0,0.08031640946865082,0,0,0.07036377489566803,0,0,0.05748219043016434,0,0,0.08038511872291565,0,0,0.07607090473175049,0,0,0.0858466774225235,0,0,0.07738685607910156,0,0,0.06536421179771423,0,0,0.06965288519859314,0
461,hate_video_404.mp4,hate_video_404,train,0,"[SCENE]
2 men inside the room pulls out thier gun and killed 2 of the person wearing a solder dress standing in front of them, in between them a man was there and as soon as he saw the gun he fell down. the room inside is dark and some old book shelves and storage could be seen behind them

[ACTION]
1. Violence in Animation

[SUBCATEGORIES]
['Weapon Usage (Fantasy/Real)']

[PARENTLABELS]
['violence']

[ACTION_CLEAN]
violence in animation",0,0.09054187685251236,0,0,0.0876009464263916,0,0,0.07328560203313828,0,0,0.09972920268774033,0,1,0.9274516105651855,1,0,0.0938805416226387,0,0,0.09772702306509018,0,0,0.09360957145690918,0,0,0.092495396733284,0
462,hate_video_405.mp4,hate_video_405,val,0,"[SCENE]
a man with long hairs and wearing glasses, seems recording himself and only his face is visible that too on the right side of the screen, and he says "" you must shut it down"" in a little threatening way. the recoding is black and white in color, not colorful

[ACTION]
2. Verbal Abuse

[SUBCATEGORIES]
['Threatening Language']

[PARENTLABELS]
['threat']

[ACTION_CLEAN]
verbal abuse",1,0.9242362976074219,1,0,0.12108004838228226,0,0,0.13034316897392273,0,0,0.12008339166641235,0,0,0.10936877876520157,0,0,0.10105015337467194,0,0,0.11663404852151871,0,0,0.09716294705867767,0,0,0.10610760003328323,0
463,hate_video_406.mp4,hate_video_406,train,0,"[SCENE]
This clip is a crude cartoon of a person sitting at a computer. Text on the image says “I am online – Who I am no one knows.” The background shows symbols and posters, including a rainbow flag with a Star of David and another poster referencing the Jewish Internet Defense Force (JIDF). The drawing style is simple and exaggerated, typical of internet meme or satire images.

[ACTION]
10. Scene

[SUBCATEGORIES]
['meme']

[PARENTLABELS]
['neutral']

[ACTION_CLEAN]
scene",0,0.14894624054431915,0,0,0.2635163962841034,0,0,0.3853882849216461,0,0,0.07530348747968674,0,0,0.08806098997592926,0,0,0.15491695702075958,0,0,0.19599691033363342,0,0,0.0772089883685112,0,0,0.1170920729637146,0
464,hate_video_406.mp4,hate_video_406,train,0,"[SCENE]
This clip is a crude cartoon-style drawing of a person sitting at a messy desk using a computer. The room contains scattered items such as papers, food, and weapons (like rifles and a handgun). There are Israeli flags visible on the wall. Overlaid text on the image reads: “By the jew IDF I am paid like a ho.”

[ACTION]
10. Scene

[SUBCATEGORIES]
['offensive meme']

[PARENTLABELS]
['neutral']

[ACTION_CLEAN]
scene",1,0.8857188820838928,1,1,0.9489489197731018,1,1,0.9252081513404846,1,0,0.18289659917354584,0,0,0.2947686016559601,0,0,0.25630098581314087,0,0,0.13774776458740234,0,0,0.13500036299228668,0,0,0.1792416274547577,0
465,hate_video_406.mp4,hate_video_406,train,0,"[SCENE]
clip is a cartoon-style drawing of a person sitting at a computer desk. An Israeli flag is visible in the background, and the person has a rainbow flag patch and a Star of David symbol on their arm. The computer screen shows a news webpage. Overlaid text on the image reads: “I’m on alert to all those who might think critically.”, in the background music the voice is speaking the words which appears on the screen

[ACTION]
10. Scene

[SUBCATEGORIES]
['offensive/political meme']

[PARENTLABELS]
['neutral']

[ACTION_CLEAN]
scene",0,0.1507432460784912,0,0,0.18660426139831543,0,0,0.14753484725952148,0,0,0.2430826723575592,0,0,0.2301664501428604,0,1,0.9063110947608948,1,0,0.16653160750865936,0,0,0.2298596352338791,0,0,0.28176671266555786,0
466,hate_video_406.mp4,hate_video_406,train,0,"[SCENE]
clip shows two people sitting at a desk with a laptop and books, appearing to work or research together. Overlaid text on the image includes phrases like “Truth tellers — They are just no good for me,” along with smaller captions referencing people “saying bad things about Israel” and “mobilize the activists.” ,in the background music the voice is speaking the words which appears on the screen

[ACTION]
2. Verbal Abuse

[SUBCATEGORIES]
['Name-calling/Insults', ' offensive/political meme']

[PARENTLABELS]
['neutral', 'hate_speech']

[ACTION_CLEAN]
verbal abuse",1,0.9277817010879517,1,0,0.12453223764896393,0,0,0.1322081834077835,0,0,0.11781781911849976,0,0,0.11233723908662796,0,0,0.10734560340642929,0,0,0.11394567787647247,0,0,0.09579765796661377,0,0,0.10911550372838974,0
467,hate_video_406.mp4,hate_video_406,train,0,"[SCENE]
This image is a cartoon-style drawing of a bearded person sitting at a computer and typing. In the background there is a logo/poster with a Star of David and the text “JIDF.org.” Overlaid text on the image reads: “I’m an internet troll I’m weak I’m not bold I’ll thumb your vids down, and lock your channel out.” ,in the background music the voice is speaking the words which appears on the screen with the drum beats playing along

[ACTION]
10. Scene

[SUBCATEGORIES]
['offensive/political meme']

[PARENTLABELS]
['neutral']

[ACTION_CLEAN]
scene",1,0.7091887593269348,0,1,0.7053890824317932,0,0,0.47052842378616333,0,0,0.4505198895931244,0,0,0.43591704964637756,1,0,0.7650230526924133,1,0,0.2612183690071106,0,0,0.4795701205730438,0,1,0.7812619209289551,0
468,hate_video_407.mp4,hate_video_407,test,0,"[SCENE]
a man with big beard and brown hair, is sitting on his chair recording himself, and behind him is his whole room with some stuffs not arranged it looks like. he actually questions that why do he wanna be jewish then started saying bad words about them

[ACTION]
2. Verbal Abuse

[SUBCATEGORIES]
['Name-calling/Insults']

[PARENTLABELS]
['hate_speech']

[ACTION_CLEAN]
verbal abuse",1,0.9281505346298218,1,0,0.13273334503173828,0,0,0.14122702181339264,0,0,0.1143551841378212,0,0,0.10616684705018997,0,0,0.10314923524856567,0,0,0.10988611727952957,0,0,0.0997140035033226,0,0,0.10947762429714203,0
469,hate_video_408.mp4,hate_video_408,test,0,"[SCENE]
an old man sitting on a setup which looks like a podcast, with a mic and headphones. there are some peoples also joined online, and their video tags can be seen at the bottom right corner of the screen. the old man seems to have been talking shit about a woman, like he used words like ""nude"", and he insults his friend also but his friends laughed at that

[ACTION]
5. Inappropriate Content

[SUBCATEGORIES]
['Inappropriate Language']

[PARENTLABELS]
['neutral']

[ACTION_CLEAN]
inappropriate content",0,0.09323479235172272,0,0,0.10379727184772491,0,0,0.11143924295902252,0,0,0.11649094521999359,0,0,0.11506807059049606,0,0,0.10142890363931656,0,1,0.940908670425415,1,0,0.10775396972894669,0,0,0.11854197829961777,0
470,hate_video_410.mp4,hate_video_410,train,0,"[SCENE]
a wooden cartoonic door, on which Biotech industries is written is recorded in a very filmy introduction way, and there is this songs also in the background which sounds perfect for an intro

[ACTION]
10. Scene

[SUBCATEGORIES]
['introduction']

[PARENTLABELS]
['neutral']

[ACTION_CLEAN]
scene",0,0.07241842895746231,0,0,0.09949354827404022,0,0,0.15285302698612213,0,0,0.08305339515209198,0,0,0.08498458564281464,0,0,0.11335361003875732,0,0,0.09946432709693909,0,0,0.06645315140485764,0,0,0.0655544176697731,0
471,hate_video_410.mp4,hate_video_410,train,0,"[SCENE]
a seed bag is recorded again in a very filmy way, like coveringa a round of camera to record it, there are some grains around that bag, and a wooden background, the music is played behind and the lyrics are displayed on the screen which says ""baby got a seed ....""

[ACTION]
9. Non-Hate

[SUBCATEGORIES]
['Non-Hate']

[PARENTLABELS]
['neutral']

[ACTION_CLEAN]
non-hate",0,0.07842075079679489,0,0,0.07191864401102066,0,0,0.059681255370378494,0,0,0.07838107645511627,0,0,0.07511638849973679,0,0,0.08660537004470825,0,0,0.07669692486524582,0,0,0.06441957503557205,0,0,0.06755632907152176,0
472,hate_video_410.mp4,hate_video_410,train,0,"[SCENE]
an insect is eating corn and is seen making faces after it finished eating, and the song is playing in the background whose lyrics are displayed

[ACTION]
9. Non-Hate

[SUBCATEGORIES]
['Non-Hate']

[PARENTLABELS]
['neutral']

[ACTION_CLEAN]
non-hate",0,0.08147534728050232,0,0,0.06948298215866089,0,0,0.05963947996497154,0,0,0.07559338957071304,0,0,0.07813770323991776,0,0,0.08757195621728897,0,0,0.07332766056060791,0,0,0.06459761410951614,0,0,0.0673624649643898,0
473,,row_473,train,0,"[SUBCATEGORIES]
[]

[PARENTLABELS]
[]",0,0.07095714658498764,0,0,0.07875457406044006,0,0,0.08250743895769119,0,0,0.07673586159944534,0,0,0.07797888666391373,0,0,0.11493732780218124,0,0,0.06506815552711487,0,0,0.06449618190526962,0,0,0.06002242863178253,0
474,hate_video_410.mp4,hate_video_410,train,0,"[SCENE]
a fat girl in her room is holding a glass as she drank the water and made herself facing upwards and her mouth seems to have something in it , she is also wearing glasses. background music is there and the lyrics displayed on the screen

[ACTION]
10. Scene

[SUBCATEGORIES]
['hateful song']

[PARENTLABELS]
['hate_speech']

[ACTION_CLEAN]
scene",0,0.1538863331079483,0,0,0.08896172791719437,0,0,0.1993870884180069,0,0,0.07941028475761414,0,0,0.08298934251070023,0,0,0.12239034473896027,0,0,0.10870452225208282,0,0,0.06420139223337173,0,0,0.057833459228277206,0
475,hate_video_411.mp4,hate_video_411,train,0,"[SCENE]
a group of people in black uniform and some wierd kind of hat, are dancing on a song playing. they seem to be inside a room and celebrating

[ACTION]
10. Scene

[SUBCATEGORIES]
['dancing']

[PARENTLABELS]
['neutral']

[ACTION_CLEAN]
scene",0,0.0796600729227066,0,0,0.05530144274234772,0,0,0.08133069425821304,0,0,0.09092392772436142,0,0,0.1453763246536255,0,0,0.13827292621135712,0,0,0.10704461485147476,0,0,0.06523165851831436,0,0,0.05901515111327171,0
476,hate_video_411.mp4,hate_video_411,train,0,"[SCENE]
a weird creaturebis sketched in black outlines on a white background, and can be seen giving a weird smile. a songs is playing and the lyrics are displayed on the screen, its about jews and insulting them

[ACTION]
2. Verbal Abuse

[SUBCATEGORIES]
['Name-calling/Insults']

[PARENTLABELS]
['hate_speech']

[ACTION_CLEAN]
verbal abuse",1,0.9238468408584595,1,0,0.1185532882809639,0,0,0.13023722171783447,0,0,0.11222520470619202,0,0,0.11292462050914764,0,0,0.1006852239370346,0,0,0.11499985307455063,0,0,0.09612944722175598,0,0,0.10751475393772125,0
477,hate_video_411.mp4,hate_video_411,train,0,"[SCENE]
a man climbed up on a table in a restuarant, and behind him there are so many large balloons, the camera seems to be tilted a bit, and the songs lyrics displayed on the screen which are inappropriate

[ACTION]
5. Inappropriate Content

[SUBCATEGORIES]
['Inappropriate Language']

[PARENTLABELS]
['neutral']

[ACTION_CLEAN]
inappropriate content",0,0.105322927236557,0,0,0.09876183420419693,0,0,0.11560925096273422,0,0,0.11459515988826752,0,0,0.10795913636684418,0,0,0.10093085467815399,0,1,0.9399285912513733,1,0,0.10360633581876755,0,0,0.11436635255813599,0
478,hate_video_411.mp4,hate_video_411,train,0,"[SCENE]
a group of people sitting in a computer lab and there is a pooster attached on thier back of pc, the desks are yellow, and the songs lyrics are disgusting, targetting jews

[ACTION]
5. Inappropriate Content

[SUBCATEGORIES]
['Inappropriate Language']

[PARENTLABELS]
['neutral']

[ACTION_CLEAN]
inappropriate content",0,0.10031832009553909,0,0,0.10123063623905182,0,0,0.11522166430950165,0,0,0.11901070922613144,0,0,0.11075409501791,0,0,0.10399419069290161,0,1,0.9419469237327576,1,0,0.10786203294992447,0,0,0.11736789345741272,0
479,hate_video_413.mp4,hate_video_413,test,0,"[SCENE]
a bunny dressed man is dancing with the 2 people wearing some kind of black dress and in the streets there are other peoples also behind them who are wearing the same black dress, a caption is wriitten on the screen which says ""Blank check by shiksa goddess""

[ACTION]
10. Scene

[SUBCATEGORIES]
['dancing']

[PARENTLABELS]
['neutral']

[ACTION_CLEAN]
scene",0,0.0933937281370163,0,0,0.15709950029850006,0,0,0.14539669454097748,0,0,0.06264429539442062,0,0,0.07058652490377426,0,0,0.1016688197851181,0,0,0.26884105801582336,0,0,0.058535799384117126,0,0,0.07660683989524841,0
480,hate_video_413.mp4,hate_video_413,test,0,"[SCENE]
a person with shirt and tie, and a brown wig is pointing towards the camera as if he is pointing me , and his thoughts say ""ANTI-SEMANTIC"", the song lyrics is displayed on the screen thst introduces as jew

[ACTION]
2. Verbal Abuse

[SUBCATEGORIES]
['Name-calling/Insults']

[PARENTLABELS]
['hate_speech']

[ACTION_CLEAN]
verbal abuse",1,0.9225248694419861,1,0,0.13306613266468048,0,0,0.1389165073633194,0,0,0.1107470765709877,0,0,0.09694109857082367,0,0,0.10332869738340378,0,0,0.11002614349126816,0,0,0.09626995772123337,0,0,0.10508880764245987,0
481,hate_video_413.mp4,hate_video_413,test,0,"[SCENE]
the clip shows a product box for roasted sunflower seeds that features a widely recognized antisemitic caricature known as the ""Happy Merchant."" The drawing depicts a man with a large nose, a beard, and a kippah, rubbing his hands together—a visual often used to promote hateful stereotypes. The box includes Russian text on the sides and the product name in English at the bottom. Across the center of the image, there is a white text overlay that reads, ""It was supposed to go our way...hey!""

[ACTION]
9. Non-Hate

[SUBCATEGORIES]
['Humor without Harm']

[PARENTLABELS]
['neutral']

[ACTION_CLEAN]
non-hate",0,0.08835221081972122,0,0,0.10723501443862915,0,0,0.07684936374425888,0,0,0.06633580476045609,0,0,0.06397164613008499,0,0,0.09026335924863815,0,0,0.07432761788368225,0,0,0.06017446890473366,0,0,0.06809581816196442,0
482,hate_video_413.mp4,hate_video_413,test,0,"[SCENE]
clip features the national flags of the United States and Israel blended together in a waving, translucent style. Centered over the flags is a white text overlay that reads: ""Hide the truth before we die. And they know we veil history."" The combination of these specific flags with text suggesting a conspiracy or the concealment of history is often associated with political commentary or online ""propaganda"" memes. song lyrics is displayed on the screen

[ACTION]
8. Age-Inappropriate Themes

[SUBCATEGORIES]
['Political References']

[PARENTLABELS]
['neutral']

[ACTION_CLEAN]
age-inappropriate themes",0,0.0970691666007042,0,0,0.10963472723960876,0,0,0.12312033772468567,0,0,0.11107596755027771,0,0,0.10435651987791061,0,0,0.1097697839140892,0,1,0.9396907687187195,1,0,0.1061907634139061,0,0,0.12324340641498566,0
483,hate_video_413.mp4,hate_video_413,test,0,"[SCENE]
a group of political faces is organised in frames on the single screen, and the song is referencing them that they would leave with thier private planes without thinking a second

[ACTION]
8. Age-Inappropriate Themes

[SUBCATEGORIES]
['Political References', ' selfishness']

[PARENTLABELS]
['neutral']

[ACTION_CLEAN]
age-inappropriate themes",0,0.10295294970273972,0,0,0.10822019726037979,0,0,0.12191913276910782,0,0,0.11927113682031631,0,0,0.10033025592565536,0,0,0.1105046272277832,0,1,0.9428898096084595,1,0,0.10945899039506912,0,0,0.12097308039665222,0
484,hate_video_414.mp4,hate_video_414,train,0,"[SCENE]
a group of people in white dress are running towards a mall in clear sunlight opn area, in front of them is a mall and many more buildings but it looks like they are near a village area

[ACTION]
10. Scene

[SUBCATEGORIES]
['running']

[PARENTLABELS]
['neutral']

[ACTION_CLEAN]
scene",0,0.06354685872793198,0,0,0.12581506371498108,0,0,0.1453123688697815,0,0,0.10629220306873322,0,0,0.15748801827430725,0,0,0.29088085889816284,0,0,0.08917157351970673,0,0,0.08064314723014832,0,0,0.09141584485769272,0
485,hate_video_414.mp4,hate_video_414,train,0,"[SCENE]
a group of hands is pointing towards a man with thier weapons in sarcasm, without harm and jokingly, the songs lyrics are displayed on the screen

[ACTION]
1. Violence in Animation

[SUBCATEGORIES]
['Weapon Usage (Fantasy/Real)']

[PARENTLABELS]
['violence']

[ACTION_CLEAN]
violence in animation",0,0.09144570678472519,0,0,0.0860949158668518,0,0,0.07616863399744034,0,0,0.09814184904098511,0,1,0.9259880185127258,1,0,0.0900263786315918,0,0,0.09969791024923325,0,0,0.08991065621376038,0,0,0.09163110703229904,0
486,hate_video_414.mp4,hate_video_414,train,0,"[SCENE]
so many people, on the road can be seen and they are been recorded from a certain height, its a clear day out there, and the divider is also there for other side road, also to thier right there seems to be a forest area

[ACTION]
9. Non-Hate

[SUBCATEGORIES]
['Non-Hate']

[PARENTLABELS]
['neutral']

[ACTION_CLEAN]
non-hate",0,0.07867991179227829,0,0,0.07023566961288452,0,0,0.05720571056008339,0,0,0.07752387970685959,0,0,0.07787720113992691,0,0,0.09034891426563263,0,0,0.07461441308259964,0,0,0.06552299112081528,0,0,0.06933361291885376,0
487,hate_video_416.mp4,hate_video_416,train,0,"[SCENE]
clip is a portrait of a woman with long, dark hair looking directly at the camera. She has a neutral expression with red lipstick, and she is positioned against a background that includes a colorful, crocheted blanket or throw. The lighting has a slightly blue or cool tint. she is actually talking about doing an ASMR, but then started talking seriuosly and talking about donald trump and jews

[ACTION]
5. Inappropriate Content

[SUBCATEGORIES]
['Inappropriate Language']

[PARENTLABELS]
['neutral']

[ACTION_CLEAN]
inappropriate content",0,0.09196438640356064,0,0,0.10187001526355743,0,0,0.11343147605657578,0,0,0.11486996710300446,0,0,0.11539089679718018,0,0,0.10158368200063705,0,1,0.9403499364852905,1,0,0.10633843392133713,0,0,0.12138848006725311,0
488,hate_video_416.mp4,hate_video_416,train,0,"[SCENE]
a group of armed men in an amry battalion can be seen lined up like they are just going for a war, clips seems to be old

[ACTION]
8. Age-Inappropriate Themes

[SUBCATEGORIES]
['War Themes']

[PARENTLABELS]
['neutral']

[ACTION_CLEAN]
age-inappropriate themes",0,0.10455317050218582,0,0,0.10636208206415176,0,0,0.12134391814470291,0,0,0.11703349649906158,0,0,0.10480938851833344,0,0,0.10821251571178436,0,1,0.9416384696960449,1,0,0.10758421570062637,0,0,0.11523153632879257,0
489,hate_video_417.mp4,hate_video_417,train,0,"[SCENE]
numbers from 10 to 1 are being displayed as if they are menant for an introduction, the background sound and image looks little scary and spooky

[ACTION]
4. Psychological Elements

[SUBCATEGORIES]
['Dark Themes/Horror']

[PARENTLABELS]
['fear']

[ACTION_CLEAN]
psychological elements",0,0.16400401294231415,0,0,0.16568589210510254,0,0,0.17236322164535522,0,0,0.20057730376720428,0,0,0.1399989277124405,0,1,0.9316822290420532,1,0,0.1762802004814148,0,0,0.14494429528713226,0,0,0.20406411588191986,0
490,hate_video_417.mp4,hate_video_417,train,0,"[SCENE]
an old man sitting inside his room , and he seems frustrated while talking into the camera and uses some bad words to reference the pornography and some other things also which he mentioned. he is been recorded from his left side and their is a door behind him and a window also

[ACTION]
5. Inappropriate Content

[SUBCATEGORIES]
['Inappropriate Language']

[PARENTLABELS]
['neutral']

[ACTION_CLEAN]
inappropriate content",0,0.1056273877620697,0,0,0.0983162522315979,0,0,0.11612654477357864,0,0,0.11766687780618668,0,0,0.11386533826589584,0,0,0.10023221373558044,0,1,0.9407366514205933,1,0,0.10647641122341156,0,0,0.11469293385744095,0
491,hate_video_418.mp4,hate_video_418,train,0,"[SCENE]
2 men sitting in a restaurant, and the other one is not visible as of now but the one who is speaking is given spotlight and he is talking about some inappropriate things

[ACTION]
5. Inappropriate Content

[SUBCATEGORIES]
['Inappropriate Language']

[PARENTLABELS]
['neutral']

[ACTION_CLEAN]
inappropriate content",0,0.10474091023206711,0,0,0.09887111186981201,0,0,0.11552183330059052,0,0,0.11909206956624985,0,0,0.11233129352331161,0,0,0.10438541322946548,0,1,0.9423227310180664,1,0,0.10857530683279037,0,0,0.11778641492128372,0
492,hate_video_418.mp4,hate_video_418,train,0,"[SCENE]
2 men sitting in a restaurant, and the other one is not visible as of now but the one who is speaking is given spotlight and he is talking about jews ad how they are supposed to do things they should do and live

[ACTION]
5. Inappropriate Content

[SUBCATEGORIES]
['Inappropriate Language']

[PARENTLABELS]
['neutral']

[ACTION_CLEAN]
inappropriate content",0,0.09773419797420502,0,0,0.09851911664009094,0,0,0.11062761396169662,0,0,0.1176406741142273,0,0,0.11109592765569687,0,0,0.10302123427391052,0,1,0.9403197169303894,1,0,0.10804829746484756,0,0,0.11722628772258759,0
493,hate_video_420.mp4,hate_video_420,train,0,"[SCENE]
a man recording few other persons in a bushy area while saying bad words about them and referencing jesus

[ACTION]
5. Inappropriate Content

[SUBCATEGORIES]
['Inappropriate Language']

[PARENTLABELS]
['neutral']

[ACTION_CLEAN]
inappropriate content",0,0.10087192058563232,0,0,0.09752389788627625,0,0,0.11228842288255692,0,0,0.11695095896720886,0,0,0.11546426266431808,0,0,0.10425034910440445,0,1,0.9414823651313782,1,0,0.10726694762706757,0,0,0.11637580394744873,0
494,hate_video_420.mp4,hate_video_420,train,0,"[SCENE]
a perosn who was getting recorded asks the cameraman to not record them or he woukd break the camera dn uses cuss words and reffered the cameraman as NAZI, all this wss going on in bushy area

[ACTION]
5. Inappropriate Content

[SUBCATEGORIES]
['Name-calling/Insults']

[PARENTLABELS]
['hate_speech']

[ACTION_CLEAN]
inappropriate content",0,0.10068824887275696,0,0,0.0980616882443428,0,0,0.11155932396650314,0,0,0.11942626535892487,0,0,0.11334819346666336,0,0,0.10333474725484848,0,1,0.9409708976745605,1,0,0.10975097864866257,0,0,0.11814549565315247,0
495,hate_video_421.mp4,hate_video_421,val,0,"[SCENE]
man recording a red car from the front and saying something which doesnt seems to be appropriate and behind the car we can see the trees and sky. the man refering to jews also in some way that they pay him very very well

[ACTION]
2. Verbal Abuse

[SUBCATEGORIES]
['Name-calling/Insults']

[PARENTLABELS]
['hate_speech']

[ACTION_CLEAN]
verbal abuse",1,0.9204211831092834,1,0,0.11899688094854355,0,0,0.12861213088035583,0,0,0.11181831359863281,0,0,0.10644209384918213,0,0,0.09909822791814804,0,0,0.11625343561172485,0,0,0.09605886042118073,0,0,0.10520049929618835,0
496,hate_video_422.mp4,hate_video_422,val,0,"[SCENE]
an old man is standing with an ISRAEL flag, and 3-3 person beside him each side with some other unrecognisable flag, a fire is burnt behind them, and he is talking about jews here

[ACTION]
9. Non-Hate

[SUBCATEGORIES]
['Positive Encouragement']

[PARENTLABELS]
['threat']

[ACTION_CLEAN]
non-hate",0,0.08240649849176407,0,0,0.07327980548143387,0,0,0.058382708579301834,0,0,0.07585643976926804,0,0,0.08193176239728928,0,0,0.08482296019792557,0,0,0.07228550314903259,0,0,0.06575984507799149,0,0,0.06691353768110275,0
497,hate_video_424.mp4,hate_video_424,train,0,"[SCENE]
a cartoonic face is sketched, where he is smiling wierdly holding cash, the song playing behind and its lyrics being dispolayed on the screen

[ACTION]
9. Non-Hate

[SUBCATEGORIES]
['Humor without Harm']

[PARENTLABELS]
['neutral']

[ACTION_CLEAN]
non-hate",0,0.07995113730430603,0,0,0.06993130594491959,0,0,0.058130815625190735,0,0,0.07789726555347443,0,0,0.07850537449121475,0,0,0.08694498240947723,0,0,0.07578346878290176,0,0,0.0656326413154602,0,0,0.06701581180095673,0
498,hate_video_424.mp4,hate_video_424,train,0,"[SCENE]
goats are hanged in this clip, as if they are going to be butchered. below is the tiles that sems to be brushed by the blood opf them it seems

[ACTION]
1. Violence in Animation

[SUBCATEGORIES]
['Blood/Gore Elements']

[PARENTLABELS]
['violence']

[ACTION_CLEAN]
violence in animation",0,0.08896911144256592,0,0,0.08359476178884506,0,0,0.07391183823347092,0,0,0.09569849818944931,0,1,0.9211059808731079,1,0,0.09109944850206375,0,0,0.09793730080127716,0,0,0.08687984943389893,0,0,0.0886995941400528,0
499,hate_video_424.mp4,hate_video_424,train,0,"[SCENE]
netanyahu and donald trump shaking hands with each other in a very luxurious room, a song is playing about jews , which says they have the control

[ACTION]
9. Non-Hate

[SUBCATEGORIES]
['Humor without Harm']

[PARENTLABELS]
['neutral']

[ACTION_CLEAN]
non-hate",0,0.08026279509067535,0,0,0.07141312956809998,0,0,0.057894933968782425,0,0,0.07768114656209946,0,0,0.07875058799982071,0,0,0.08540484309196472,0,0,0.07409504055976868,0,0,0.06514587253332138,0,0,0.06621132791042328,0
500,hate_video_425.mp4,hate_video_425,train,0,"[SCENE]
a girl in red top and a weird cap, is recording herself in a background which seem to be edited and looks like a camping area in evening time, she is sharing her concern that she doesnt have money, whatever she had she spent it on black peopls, and now she wants a work to do and earn money to eat

[ACTION]
10. Scene

[SUBCATEGORIES]
['concern sharing']

[PARENTLABELS]
['neutral']

[ACTION_CLEAN]
scene",0,0.31443285942077637,0,1,0.7471416592597961,0,0,0.5090261697769165,0,0,0.4459141194820404,0,0,0.32185471057891846,0,1,0.8534334301948547,1,0,0.2250194549560547,0,0,0.29082363843917847,0,0,0.39560210704803467,0
501,hate_video_425.mp4,hate_video_425,train,0,"[SCENE]
a girl in red top and a weird cap, is recording herself in a background which seem to be edited and looks like a camping area in evening time, she started doing exercises and showing her moves

[ACTION]
10. Scene

[SUBCATEGORIES]
['exercise']

[PARENTLABELS]
['neutral']

[ACTION_CLEAN]
scene",0,0.08341901004314423,0,0,0.09584740549325943,0,0,0.08680593967437744,0,0,0.11109548062086105,0,0,0.2498529553413391,0,0,0.12218978255987167,0,0,0.10252144187688828,0,0,0.080137237906456,0,0,0.09152326732873917,0
502,hate_video_427.mp4,hate_video_427,train,0,"[SCENE]
2 man portrayed as cartoon with a manly face, are talking to each other and trolling each other, one is black another one is white and a jew also

[ACTION]
2. Verbal Abuse

[SUBCATEGORIES]
['Name-calling/Insults']

[PARENTLABELS]
['hate_speech']

[ACTION_CLEAN]
verbal abuse",1,0.9251880645751953,1,0,0.11834752559661865,0,0,0.1311253160238266,0,0,0.11906465888023376,0,0,0.11168190091848373,0,0,0.1009845957159996,0,0,0.11268997192382812,0,0,0.0989115983247757,0,0,0.10693555325269699,0
503,hate_video_427.mp4,hate_video_427,train,0,"[SCENE]
a cartoonic charcter with a manly face is asking a person in front of him that what is he selling for some price

[ACTION]
10. Scene

[SUBCATEGORIES]
['asking price']

[PARENTLABELS]
['neutral']

[ACTION_CLEAN]
scene",0,0.08707404136657715,0,0,0.13478441536426544,0,0,0.120920829474926,0,0,0.09311474859714508,0,0,0.08439722657203674,0,0,0.16341949999332428,0,0,0.07012034207582474,0,0,0.06614468991756439,0,0,0.06084521487355232,0
504,hate_video_427.mp4,hate_video_427,train,0,"[SCENE]
a cartoonic charcter with a manly face is telling the person in front that he wont give money more than 35 dollars in a rude and angry way, behind him looks like a garage area

[ACTION]
7. Behavioral Issues

[SUBCATEGORIES]
['Aggressive Reactions']

[PARENTLABELS]
['threat']

[ACTION_CLEAN]
behavioral issues",0,0.3081222474575043,0,0,0.135123148560524,0,0,0.16359654068946838,0,1,0.8685660362243652,0,0,0.20433983206748962,0,0,0.2909712493419647,0,0,0.2073393613100052,0,0,0.2366185188293457,0,0,0.21106556057929993,0
505,hate_video_428.mp4,hate_video_428,test,0,"[SCENE]
clip is a composite, featuring a cartoon caricature of Bill Gates in a purple sweater against a library backdrop, framed by various extremist and conspiratorial banners. The bottom section includes a ""9/11 Truth Now"" logo, a ""Don't be scared, be prepared"" graphic, and a small chart comparing political ideologies like communism and national socialism. Most notably, the right side displays a prominent, highly offensive antisemitic URL in red text. he is sharing some plans of him, where some points are not appropriate

[ACTION]
5. Inappropriate Content

[SUBCATEGORIES]
['Inappropriate Language']

[PARENTLABELS]
['neutral']

[ACTION_CLEAN]
inappropriate content",0,0.09335052967071533,0,0,0.10975310206413269,0,0,0.12466607987880707,0,0,0.10667823255062103,0,0,0.10779117792844772,0,0,0.09978654980659485,0,1,0.9385116696357727,1,0,0.09977170079946518,0,0,0.12101583927869797,0
506,hate_video_429.mp4,hate_video_429,train,0,"[SCENE]
a streamer is pointing on a video with 17TH GoyimTV.com as title and he is sayiung that he will drop the link, the channel he is reffering is Handsome Truth which seems to be on youtube

[ACTION]
10. Scene

[SUBCATEGORIES]
['referring']

[PARENTLABELS]
['neutral']

[ACTION_CLEAN]
scene",1,0.926071047782898,1,1,0.7735382318496704,0,1,0.8640892505645752,1,0,0.16413624584674835,0,0,0.13586562871932983,0,0,0.20340177416801453,0,0,0.1602991819381714,0,0,0.12054098397493362,0,0,0.18442951142787933,0
507,hate_video_429.mp4,hate_video_429,train,0,"[SCENE]
a streamer is pointing on a video with 17TH GoyimTV.com as title and he is saying that the channel is retarted and jewish, the channel he is reffering is Handsome Truth which seems to be on youtube

[ACTION]
5. Inappropriate Content

[SUBCATEGORIES]
['Inappropriate Language']

[PARENTLABELS]
['neutral']

[ACTION_CLEAN]
inappropriate content",0,0.09656819701194763,0,0,0.09748993813991547,0,0,0.11094149947166443,0,0,0.11420178413391113,0,0,0.11549501121044159,0,0,0.0988243818283081,0,1,0.9384705424308777,1,0,0.1078139990568161,0,0,0.11658994108438492,0
508,hate_video_431.mp4,hate_video_431,train,0,"[SCENE]
a cartoonic character,which seems to be teacher is seeing getting frustrated on a mic placed above her and talking about jews poltics while holding the book ad raoming around the table, and a blackboard behind her,this cartoon seems to be streaming on Cartoon network which has a sign of CN at the top left corner

[ACTION]
5. Inappropriate Content

[SUBCATEGORIES]
['Inappropriate Language']

[PARENTLABELS]
['neutral']

[ACTION_CLEAN]
inappropriate content",0,0.09248218685388565,0,0,0.09742020070552826,0,0,0.11109469830989838,0,0,0.11366118490695953,0,0,0.11083881556987762,0,0,0.09937126934528351,0,1,0.936913788318634,1,0,0.10383562743663788,0,0,0.11639608442783356,0
509,hate_video_431.mp4,hate_video_431,train,0,"[SCENE]
a cartoonic character,which seems to be teacher is seeing getting frustrated on a mic placed above her and talking about jews poltics while sitting on the table, and a blackboard is behind her. this cartoon seems to be streaming on Cartoon network which has a sign of CN at the top left corner

[ACTION]
8. Age-Inappropriate Themes

[SUBCATEGORIES]
['Political References']

[PARENTLABELS]
['neutral']

[ACTION_CLEAN]
age-inappropriate themes",0,0.09982220828533173,0,0,0.10997940599918365,0,0,0.12701493501663208,0,0,0.1150796189904213,0,0,0.1043923869729042,0,0,0.10744889080524445,0,1,0.9429265260696411,1,0,0.10893241316080093,0,0,0.12079691141843796,0
510,non_hate_video_87.mp4,non_hate_video_87,val,0,"[SCENE]
this clip is from a tricycle race and we can see there is a strong competition between two people. the scene is from a race track

[ACTION]
10. Scene

[SUBCATEGORIES]
['sports']

[PARENTLABELS]
['neutral']

[ACTION_CLEAN]
scene",0,0.12052308022975922,0,0,0.10227344930171967,0,0,0.13264991343021393,0,0,0.09234856814146042,0,0,0.20036481320858002,0,0,0.2051478624343872,0,0,0.08009346574544907,0,0,0.08601273596286774,0,0,0.07957372069358826,0
511,non_hate_video_88.mp4,non_hate_video_88,train,0,"[SCENE]
the scene is from metro station where some peoples are arguing about something and the traain is passing by

[ACTION]
10. Scene

[SUBCATEGORIES]
['people talking']

[PARENTLABELS]
['neutral']

[ACTION_CLEAN]
scene",0,0.07606624811887741,0,0,0.07890425622463226,0,0,0.09712599217891693,0,0,0.08331514894962311,0,0,0.09680843353271484,0,0,0.1994985193014145,0,0,0.05531102418899536,0,0,0.06499997526407242,0,0,0.05993879586458206,0
512,non_hate_video_88.mp4,non_hate_video_88,train,0,"[SCENE]
the man in the black jacket hit the man in yellow jacket and that guy just fainted. in crowd is laughing and making fun of him

[ACTION]
1. Violence in Animation

[SUBCATEGORIES]
['Physical Fighting Scenes']

[PARENTLABELS]
['violence']

[ACTION_CLEAN]
violence in animation",0,0.09234456717967987,0,0,0.08570384234189987,0,0,0.07485070079565048,0,0,0.09762810915708542,0,1,0.9242398738861084,1,0,0.09010492265224457,0,0,0.09839291870594025,0,0,0.08921834826469421,0,0,0.08812309801578522,0
513,non_hate_video_89.mp4,non_hate_video_89,test,0,"[SCENE]
two peoples are fighting on the street and someone tried to interfere to stop them also get hit by whe guy in grey t shirt .no weapon has been used only fists are exchanged and the crowds is making noise

[ACTION]
1. Violence in Animation

[SUBCATEGORIES]
['Physical Fighting Scenes']

[PARENTLABELS]
['violence']

[ACTION_CLEAN]
violence in animation",0,0.09137149900197983,0,0,0.08527172356843948,0,0,0.07395975291728973,0,0,0.09644626826047897,0,1,0.9260101914405823,1,0,0.0923430472612381,0,0,0.09838758409023285,0,0,0.0904390886425972,0,0,0.08932814002037048,0
514,non_hate_video_91.mp4,non_hate_video_91,test,0,"[SCENE]
there is a reporter in the video who is covering teh news that this is the fire caused because the peoples are angry as police shot a guy 7 times in the back

[ACTION]
1. Violence in Animation

[SUBCATEGORIES]
['anger of public']

[PARENTLABELS]
['neutral']

[ACTION_CLEAN]
violence in animation",0,0.09277668595314026,0,0,0.08362317085266113,0,0,0.07247615605592728,0,0,0.09790585935115814,0,1,0.9238826632499695,1,0,0.09029918909072876,0,0,0.09828155487775803,0,0,0.0918295755982399,0,0,0.08969830721616745,0
515,non_hate_video_92.mp4,non_hate_video_92,train,0,"[SCENE]
this is a cctv recording in which two peoples are fighting on street walkway and a lot of car is parked there

[ACTION]
1. Violence in Animation

[SUBCATEGORIES]
['Physical Fighting Scenes', ' fight']

[PARENTLABELS]
['violence']

[ACTION_CLEAN]
violence in animation",0,0.09056654572486877,0,0,0.08269647508859634,0,0,0.07389973104000092,0,0,0.09439180791378021,0,1,0.9187555909156799,1,0,0.0888417661190033,0,0,0.09755527228116989,0,0,0.08795459568500519,0,0,0.0869469940662384,0
516,non_hate_video_93.mp4,non_hate_video_93,test,0,"[SCENE]
there is a cd cover and music is playing

[ACTION]
9. Non-Hate

[SUBCATEGORIES]
['music']

[PARENTLABELS]
['neutral']

[ACTION_CLEAN]
non-hate",0,0.07831808179616928,0,0,0.06977009028196335,0,0,0.05861492455005646,0,0,0.07911902666091919,0,0,0.07779009640216827,0,0,0.08836444467306137,0,0,0.07636154443025589,0,0,0.06583456695079803,0,0,0.06783363223075867,0
517,non_hate_video_94.mp4,non_hate_video_94,train,0,"[SCENE]
There is a woman standing on stage and introducing herself and talking about dsa there is a lot of people whoare cheering her

[ACTION]
9. Non-Hate

[SUBCATEGORIES]
['speech']

[PARENTLABELS]
['neutral']

[ACTION_CLEAN]
non-hate",0,0.07926066219806671,0,0,0.06967992335557938,0,0,0.05781286582350731,0,0,0.07758664339780807,0,0,0.07890988886356354,0,0,0.08837197721004486,0,0,0.07536929845809937,0,0,0.0658867135643959,0,0,0.06679276376962662,0
518,non_hate_video_95.mp4,non_hate_video_95,train,0,"[SCENE]
This video is a drone shot taken of wallmart where a lots of people can be seen runningout of the gate.

[ACTION]
10. Scene

[SUBCATEGORIES]
['stampede']

[PARENTLABELS]
['violence']

[ACTION_CLEAN]
scene",0,0.16245704889297485,0,0,0.35313931107521057,0,0,0.31245800852775574,0,0,0.15813571214675903,0,0,0.5522088408470154,1,1,0.9086189270019531,1,0,0.11305484175682068,0,0,0.2131965309381485,0,0,0.1966189593076706,0
519,non_hate_video_96.mp4,non_hate_video_96,val,0,"[SCENE]
a news reporter on television is talking about a person who has been arrested due to the allegation of double shooting outside a highschool football ground previous month

[ACTION]
10. Scene

[SUBCATEGORIES]
['news reporter']

[PARENTLABELS]
['neutral']

[ACTION_CLEAN]
scene",0,0.18495586514472961,0,0,0.3507332503795624,0,0,0.17154964804649353,0,0,0.4322255849838257,0,1,0.902853786945343,1,1,0.8220818638801575,1,0,0.1511572003364563,0,0,0.5343762040138245,0,0,0.20463134348392487,0
520,non_hate_video_97.mp4,non_hate_video_97,train,0,"[SCENE]
a man half naked making some sort of funny face and making other people laugh.

[ACTION]
9. Non-Hate

[SUBCATEGORIES]
['Non-Hate']

[PARENTLABELS]
['neutral']

[ACTION_CLEAN]
non-hate",0,0.08078447729349136,0,0,0.0689094290137291,0,0,0.05806046724319458,0,0,0.07724040001630783,0,0,0.07879387587308884,0,0,0.08823613077402115,0,0,0.07515452802181244,0,0,0.0651882216334343,0,0,0.06899934262037277,0
521,non_hate_video_8.mp4,non_hate_video_8,val,0,"[SCENE]
A page is visible in which it is written thay ""THIS ARTICLE IS JUST TO HIT MY LEFT WORDS, A DAY AND BREAK MY WRITER'S NAME IF YOU COULD SEE THIS 31/2 PAGES I JUST WROTE, MAYBE YOU WOULD HAVE THE SAME MISCHEIVOUS SHRIK THt I DO RIGHT NOW, BECAUSE I FINALLY BROKE MY 2- YEAR WRITERS BLOCL.

[ACTION]
8. Age-Inappropriate Themes

[SUBCATEGORIES]
['Non-Hate']

[PARENTLABELS]
['neutral']

[ACTION_CLEAN]
age-inappropriate themes",0,0.10033074021339417,0,0,0.10035079717636108,0,0,0.118883416056633,0,0,0.11451537907123566,0,0,0.104742631316185,0,0,0.10657373815774918,0,1,0.937583863735199,1,0,0.10856903344392776,0,0,0.12148774415254593,0
522,non_hate_video_72.mp4,non_hate_video_72,train,0,"[SCENE]
a cartoon opening track is playing

[ACTION]
9. Non-Hate

[SUBCATEGORIES]
['cartoon opening']

[PARENTLABELS]
['neutral']

[ACTION_CLEAN]
non-hate",0,0.07708516716957092,0,0,0.06896210461854935,0,0,0.05791689455509186,0,0,0.07987204194068909,0,0,0.07937831431627274,0,0,0.09106267988681793,0,0,0.07624848186969757,0,0,0.06585200130939484,0,0,0.06803809106349945,0
523,non_hate_video_72.mp4,non_hate_video_72,train,0,"[SCENE]
this is a scene from cartoon where 4 goose are eating something from the ground

[ACTION]
9. Non-Hate

[SUBCATEGORIES]
['cartoon']

[PARENTLABELS]
['neutral']

[ACTION_CLEAN]
non-hate",0,0.07735523581504822,0,0,0.0677398070693016,0,0,0.056577447801828384,0,0,0.07717232406139374,0,0,0.0834658294916153,0,0,0.087286576628685,0,0,0.07723643630743027,0,0,0.06511756032705307,0,0,0.06690599024295807,0
524,non_hate_video_72.mp4,non_hate_video_72,train,0,"[SCENE]
That person is being attacked by black creature with trishul, it seems like he is serving his punishment in hell

[ACTION]
1. Violence in Animation

[SUBCATEGORIES]
['Weapon Usage (Fantasy/Real)']

[PARENTLABELS]
['violence']

[ACTION_CLEAN]
violence in animation",0,0.09330014139413834,0,0,0.08407068252563477,0,0,0.07329896092414856,0,0,0.09664835035800934,0,1,0.9214210510253906,1,0,0.08928224444389343,0,0,0.09680324047803879,0,0,0.08846581727266312,0,0,0.08763005584478378,0
525,non_hate_video_73.mp4,non_hate_video_73,train,0,"[SCENE]
This is a recording of a street fight in which two people came to beat a guy one has a base ball bat and he is recording the other guy hit him with a punch and that guy head got hit to a mirror

[ACTION]
1. Violence in Animation

[SUBCATEGORIES]
['Physical Fighting Scenes']

[PARENTLABELS]
['violence']

[ACTION_CLEAN]
violence in animation",0,0.09239844232797623,0,0,0.08844412863254547,0,0,0.07569178938865662,0,0,0.09824062883853912,0,1,0.9289630651473999,1,0,0.09453326463699341,0,0,0.09648175537586212,0,0,0.09104146808385849,0,0,0.09060156345367432,0
526,non_hate_video_74.mp4,non_hate_video_74,train,0,"[SCENE]
this is a video of street fight in ehich a group of peoples are beating a single person on street

[ACTION]
1. Violence in Animation

[SUBCATEGORIES]
['Physical Fighting Scenes']

[PARENTLABELS]
['violence']

[ACTION_CLEAN]
violence in animation",0,0.08938007801771164,0,0,0.08371084928512573,0,0,0.07338326424360275,0,0,0.09736258536577225,0,1,0.9248834848403931,1,0,0.09336657077074051,0,0,0.09670774638652802,0,0,0.09027016907930374,0,0,0.08610472828149796,0
527,non_hate_video_74.mp4,non_hate_video_74,train,0,"[SCENE]
group of peoples are running after beating a peerson on the street siide

[ACTION]
1. Violence in Animation

[SUBCATEGORIES]
['Physical Fighting Scenes']

[PARENTLABELS]
['violence']

[ACTION_CLEAN]
violence in animation",0,0.0891004130244255,0,0,0.0806051716208458,0,0,0.0737055167555809,0,0,0.0971086397767067,0,1,0.9220795631408691,1,0,0.09220859408378601,0,0,0.0967872142791748,0,0,0.08990953862667084,0,0,0.08684857934713364,0
528,non_hate_video_75.mp4,non_hate_video_75,train,0,"[SCENE]
The bus have been attacked by someone all the windows are broken

[ACTION]
10. Scene

[SUBCATEGORIES]
['violence']

[PARENTLABELS]
['violence']

[ACTION_CLEAN]
scene",0,0.20290493965148926,0,0,0.28793272376060486,0,0,0.20213739573955536,0,0,0.32887402176856995,0,1,0.8871663808822632,1,1,0.889847457408905,1,0,0.13244672119617462,0,0,0.48648473620414734,0,0,0.22971592843532562,0
529,non_hate_video_76.mp4,non_hate_video_76,val,0,"[SCENE]
All peoples are scared of an animal looking like a rat.

[ACTION]
10. Scene

[SUBCATEGORIES]
['fear']

[PARENTLABELS]
['fear']

[ACTION_CLEAN]
scene",0,0.28811997175216675,0,0,0.3785305619239807,0,0,0.29411059617996216,0,0,0.30687981843948364,0,0,0.22312015295028687,0,1,0.9025001525878906,1,0,0.18826855719089508,0,0,0.2273665964603424,0,0,0.3899424076080322,0
530,non_hate_video_77.mp4,non_hate_video_77,val,0,"[SCENE]
A page with musical notes is shown and audio is playing seems like the notes are of piano and also piano sound is combing from behind

[ACTION]
9. Non-Hate

[SUBCATEGORIES]
['music']

[PARENTLABELS]
['neutral']

[ACTION_CLEAN]
non-hate",0,0.0794195607304573,0,0,0.06966832280158997,0,0,0.058522798120975494,0,0,0.077945277094841,0,0,0.08008670806884766,0,0,0.08616551756858826,0,0,0.07411972433328629,0,0,0.06511276960372925,0,0,0.06592939794063568,0
531,non_hate_video_78.mp4,non_hate_video_78,train,0,"[SCENE]
A photo of three people in which two are women and one is men is visible and the man is trying to sell the books to those women then theres a quote written on the top left corner then the video is zoomed to the date written below the quote

[ACTION]
9. Non-Hate

[SUBCATEGORIES]
['Non-Hate']

[PARENTLABELS]
['neutral']

[ACTION_CLEAN]
non-hate",0,0.07941465824842453,0,0,0.07061519473791122,0,0,0.05934102088212967,0,0,0.07659710943698883,0,0,0.07649534195661545,0,0,0.08971865475177765,0,0,0.07425656914710999,0,0,0.06621352583169937,0,0,0.06846831738948822,0
532,non_hate_video_79.mp4,non_hate_video_79,train,0,"[SCENE]
a group of males and females are doing something that adult people does and a lot of peoples are recording it

[ACTION]
5. Inappropriate Content

[SUBCATEGORIES]
['Adult References']

[PARENTLABELS]
['sexual']

[ACTION_CLEAN]
inappropriate content",0,0.10085077583789825,0,0,0.09402411431074142,0,0,0.1068994328379631,0,0,0.1175634041428566,0,0,0.10819099843502045,0,0,0.1029936745762825,0,1,0.936265766620636,1,0,0.10524074733257294,0,0,0.11188202351331711,0
533,non_hate_video_80.mp4,non_hate_video_80,train,0,"[SCENE]
some peoples are dancing and spraying something and the music is playing something like hey babe who got corona virus

[ACTION]
10. Scene

[SUBCATEGORIES]
['dance']

[PARENTLABELS]
['neutral']

[ACTION_CLEAN]
scene",0,0.18694192171096802,0,0,0.20377151668071747,0,0,0.19331495463848114,0,0,0.20420782268047333,0,0,0.4279239773750305,1,1,0.9413707256317139,1,0,0.1655447781085968,0,0,0.2687106430530548,0,0,0.2551109194755554,0
534,non_hate_video_81.mp4,non_hate_video_81,test,0,"[SCENE]
nigger is written with black color on white background and voice is saying nigger on loop

[ACTION]
10. Scene

[SUBCATEGORIES]
['nigger']

[PARENTLABELS]
['hate_speech']

[ACTION_CLEAN]
scene",1,0.9331674575805664,1,1,0.8893105983734131,1,1,0.8930545449256897,1,0,0.1340579092502594,0,0,0.14964710175991058,0,0,0.17719995975494385,0,0,0.15123939514160156,0,0,0.09907009452581406,0,0,0.12115442007780075,0
535,non_hate_video_82.mp4,non_hate_video_82,test,0,"[SCENE]
Two peoples were talking then another guy came and started hitting the guy in orision dress then there started a fight later the victim threw the other guy on table

[ACTION]
1. Violence in Animation

[SUBCATEGORIES]
['Physical Fighting Scenes']

[PARENTLABELS]
['violence']

[ACTION_CLEAN]
violence in animation",0,0.09502334892749786,0,0,0.08777927607297897,0,0,0.07403529435396194,0,0,0.09940778464078903,0,1,0.9273319840431213,1,0,0.09069550782442093,0,0,0.09758088737726212,0,0,0.09186677634716034,0,0,0.08820450305938721,0
536,non_hate_video_83.mp4,non_hate_video_83,train,0,"[SCENE]
A guy is recording and holding a gun started pointing the gun on the other guy and telling to stop but the other guy is not stopping and keep moving

[ACTION]
1. Violence in Animation

[SUBCATEGORIES]
['Weapon Usage (Fantasy/Real)']

[PARENTLABELS]
['violence']

[ACTION_CLEAN]
violence in animation",0,0.09496880322694778,0,0,0.08677857369184494,0,0,0.07426676154136658,0,0,0.1032324805855751,0,1,0.9313084483146667,1,0,0.09122356027364731,0,0,0.09790416061878204,0,0,0.09502717852592468,0,0,0.09195127338171005,0
537,non_hate_video_83.mp4,non_hate_video_83,train,0,"[SCENE]
when the guy holding a gun approched the other guy he hit him with a macchate after that the guy shot the macchate guy with three bullets

[ACTION]
1. Violence in Animation

[SUBCATEGORIES]
['Weapon Usage (Fantasy/Real)']

[PARENTLABELS]
['violence']

[ACTION_CLEAN]
violence in animation",0,0.0930536612868309,0,0,0.08643677830696106,0,0,0.07495849579572678,0,0,0.10008993744850159,0,1,0.9279473423957825,1,0,0.09195441752672195,0,0,0.098757803440094,0,0,0.09349051117897034,0,0,0.09092257171869278,0
538,non_hate_video_84.mp4,non_hate_video_84,val,0,"[SCENE]
a reporter asking a guy in blue coat about an attack that recently happened and police's opinion

[ACTION]
1. Violence in Animation

[SUBCATEGORIES]
['Weapon Usage (Fantasy/Real)']

[PARENTLABELS]
['violence']

[ACTION_CLEAN]
violence in animation",0,0.0875815600156784,0,0,0.08153144270181656,0,0,0.07290422171354294,0,0,0.09728708118200302,0,1,0.9209017157554626,1,0,0.09118318557739258,0,0,0.09576055407524109,0,0,0.08909334987401962,0,0,0.08803043514490128,0
539,non_hate_video_85.mp4,non_hate_video_85,test,0,"[SCENE]
a semi bald guy is speaking something from the front camera and then there is a padock and also a article in which the heading is Mailchimp boots prominent white nationalist

[ACTION]
9. Non-Hate

[SUBCATEGORIES]
['article']

[PARENTLABELS]
['neutral']

[ACTION_CLEAN]
non-hate",0,0.09111463278532028,0,0,0.0847168043255806,0,0,0.06642725318670273,0,0,0.06916971504688263,0,0,0.06922949105501175,0,0,0.08729708194732666,0,0,0.07142984122037888,0,0,0.06299303472042084,0,0,0.06431929022073746,0
540,non_hate_video_86.mp4,non_hate_video_86,test,0,"[SCENE]
a person is talking about ammendment in court. there is a lot of people present and someone innteruppted and then the guy told that he havent finished talking

[ACTION]
9. Non-Hate

[SUBCATEGORIES]
['public speeking']

[PARENTLABELS]
['neutral']

[ACTION_CLEAN]
non-hate",0,0.08322815597057343,0,0,0.07019781321287155,0,0,0.057877253741025925,0,0,0.07826002687215805,0,0,0.07656421512365341,0,0,0.08682277053594589,0,0,0.07625024765729904,0,0,0.06550769507884979,0,0,0.06696950644254684,0
541,non_hate_video_7.mp4,non_hate_video_7,val,0,"[SCENE]
two construction workers working in which one is welding something and suddenly his haird caught fire then ther other worker rushed towrds him

[ACTION]
9. Non-Hate

[SUBCATEGORIES]
['fire']

[PARENTLABELS]
['neutral']

[ACTION_CLEAN]
non-hate",0,0.07194285839796066,0,0,0.06577093154191971,0,0,0.052144017070531845,0,0,0.07740852981805801,0,0,0.09643597155809402,0,0,0.0942162498831749,0,0,0.07206861674785614,0,0,0.06504195183515549,0,0,0.06620083749294281,0
542,non_hate_video_66.mp4,non_hate_video_66,val,0,"[SCENE]
peaceful protest happening in usa and there is a very big crowd joining the protest

[ACTION]
9. Non-Hate

[SUBCATEGORIES]
['protest']

[PARENTLABELS]
['neutral']

[ACTION_CLEAN]
non-hate",0,0.07738557457923889,0,0,0.07020515948534012,0,0,0.056970544159412384,0,0,0.07813560217618942,0,0,0.08027216047048569,0,0,0.08915606886148453,0,0,0.07553547620773315,0,0,0.06517104804515839,0,0,0.06695645302534103,0
543,non_hate_video_67.mp4,non_hate_video_67,test,0,"[SCENE]
A guy named mohammad marij is standing in center and a lot of peoples are doing king of praying by bowing down and up and the centre guy is also doing the same

[ACTION]
9. Non-Hate

[SUBCATEGORIES]
['devotion']

[PARENTLABELS]
['neutral']

[ACTION_CLEAN]
non-hate",0,0.08144889771938324,0,0,0.07103489339351654,0,0,0.05785539373755455,0,0,0.0793096199631691,0,0,0.07808355242013931,0,0,0.08693520724773407,0,0,0.07332611829042435,0,0,0.06558338552713394,0,0,0.0668666735291481,0
544,non_hate_video_67.mp4,non_hate_video_67,test,0,"[SCENE]
The guy is speeking about a woman on the stage

[ACTION]
9. Non-Hate

[SUBCATEGORIES]
['Non-Hate', ' speech']

[PARENTLABELS]
['neutral']

[ACTION_CLEAN]
non-hate",0,0.07975618541240692,0,0,0.07182127982378006,0,0,0.05805492773652077,0,0,0.07601606100797653,0,0,0.07902292907238007,0,0,0.08943227678537369,0,0,0.07313510775566101,0,0,0.06526067852973938,0,0,0.06730237603187561,0
545,non_hate_video_68.mp4,non_hate_video_68,val,0,"[SCENE]
it looks like a group of people are doing a prank call iin which a girl is talking with someone on the call and reffering herself as 10 year old and jewish and the guy telling her to say that she loves her

[ACTION]
9. Non-Hate

[SUBCATEGORIES]
['Non-Hate', ' speech']

[PARENTLABELS]
['neutral']

[ACTION_CLEAN]
non-hate",0,0.07974448800086975,0,0,0.07296783477067947,0,0,0.05962425470352173,0,0,0.07603639364242554,0,0,0.077004075050354,0,0,0.0866202786564827,0,0,0.07296407222747803,0,0,0.06473807245492935,0,0,0.06786546856164932,0
546,non_hate_video_69.mp4,non_hate_video_69,val,0,"[SCENE]
The crowd is angry on the sho[p near the order pickup area and breaking everthing it looks like winter season as the peoples are wearing woolen clothes

[ACTION]
10. Scene

[SUBCATEGORIES]
['Non-Hate', ' angry crowd']

[PARENTLABELS]
['neutral']

[ACTION_CLEAN]
scene",0,0.08782884478569031,0,0,0.112928107380867,0,0,0.13626126945018768,0,0,0.0854538306593895,0,1,0.1271057277917862,0,1,0.23627448081970215,0,0,0.08351258933544159,0,0,0.06652752310037613,0,0,0.06782791018486023,0
547,non_hate_video_70.mp4,non_hate_video_70,train,0,"[SCENE]
the man approched gir to attack but the girl pulled out a gun and shot that guy the scene is from the street cctv camera there was also a red car

[ACTION]
1. Violence in Animation

[SUBCATEGORIES]
['self defence', ' weapon usage']

[PARENTLABELS]
['violence', 'neutral']

[ACTION_CLEAN]
violence in animation",0,0.08921720832586288,0,0,0.08462343364953995,0,0,0.07236502319574356,0,0,0.10042695701122284,0,1,0.9260575175285339,1,0,0.09181038290262222,0,0,0.09827432036399841,0,0,0.09164135158061981,0,0,0.09039200842380524,0
548,non_hate_video_71.mp4,non_hate_video_71,test,0,"[SCENE]
some womens are dancing on the street

[ACTION]
9. Non-Hate

[SUBCATEGORIES]
['Non-Hate']

[PARENTLABELS]
['neutral']

[ACTION_CLEAN]
non-hate",0,0.0775638297200203,0,0,0.06983978301286697,0,0,0.05804869160056114,0,0,0.07643834501504898,0,0,0.08106372505426407,0,0,0.09282907098531723,0,0,0.07193536311388016,0,0,0.06546324491500854,0,0,0.06706326454877853,0
549,non_hate_video_65.mp4,non_hate_video_65,train,0,"[SCENE]
a kid is playing a piano and there is a book that is standing on the piano

[ACTION]
9. Non-Hate

[SUBCATEGORIES]
['piano']

[PARENTLABELS]
['neutral']

[ACTION_CLEAN]
non-hate",0,0.07777033001184464,0,0,0.06877441704273224,0,0,0.05728378891944885,0,0,0.07782069593667984,0,0,0.08150506019592285,0,0,0.08619772642850876,0,0,0.07645228505134583,0,0,0.06519531458616257,0,0,0.06640361249446869,0
550,non_hate_video_64.mp4,non_hate_video_64,train,0,"[SCENE]
a police officer pukked the girl and poinmted the gun and there was a sound of gun fire

[ACTION]
1. Violence in Animation

[SUBCATEGORIES]
['Weapon Usage (Fantasy/Real)']

[PARENTLABELS]
['violence']

[ACTION_CLEAN]
violence in animation",0,0.09071312099695206,0,0,0.08247271925210953,0,0,0.07192812860012054,0,0,0.09659906476736069,0,1,0.921913206577301,1,0,0.08909695595502853,0,0,0.09840896725654602,0,0,0.09046995639801025,0,0,0.08807527273893356,0
551,non_hate_video_63.mp4,non_hate_video_63,train,0,"[SCENE]
cat image is being shown

[ACTION]
9. Non-Hate

[SUBCATEGORIES]
['Non-Hate']

[PARENTLABELS]
['neutral']

[ACTION_CLEAN]
non-hate",0,0.07752519100904465,0,0,0.06892307102680206,0,0,0.058001674711704254,0,0,0.0779283195734024,0,0,0.07954169809818268,0,0,0.09316805750131607,0,0,0.073317751288414,0,0,0.06578101217746735,0,0,0.06835471093654633,0
552,non_hate_video_62.mp4,non_hate_video_62,train,0,"[SCENE]
peoples are protesting and a man is holding a banner in which it is written that no vietnamese ever called me a nigger

[ACTION]
10. Scene

[SUBCATEGORIES]
['bullying']

[PARENTLABELS]
['threat']

[ACTION_CLEAN]
scene",1,0.9107018709182739,1,1,0.9165008664131165,1,1,0.9185325503349304,1,0,0.13485291600227356,0,0,0.1872130185365677,0,0,0.17936943471431732,0,0,0.14010971784591675,0,0,0.10483293980360031,0,0,0.12362459301948547,0
553,non_hate_video_61.mp4,non_hate_video_61,test,0,"[SCENE]
a lot of peoples are arguing on the street and then there's a person who pushed a guy and the situtation heated up!

[ACTION]
1. Violence in Animation

[SUBCATEGORIES]
['Physical Fighting Scenes', ' bullying']

[PARENTLABELS]
['violence', 'threat']

[ACTION_CLEAN]
violence in animation",0,0.09305867552757263,0,0,0.08420516550540924,0,0,0.0750894546508789,0,0,0.0979783907532692,0,1,0.9254761934280396,1,0,0.09137905389070511,0,0,0.09540601074695587,0,0,0.09086307138204575,0,0,0.08805413544178009,0
554,non_hate_video_60.mp4,non_hate_video_60,train,0,"[SCENE]
a man who is most probably a theif was running and suddenly he stoped and then rushed to the police officer and the police then attacked him in self denfence with taser

[ACTION]
1. Violence in Animation

[SUBCATEGORIES]
['Physical Fighting Scenes', ' 1.3. Weapon Usage (Fantasy/Real)', ' bullying']

[PARENTLABELS]
['violence', 'threat']

[ACTION_CLEAN]
violence in animation",0,0.09242557734251022,0,0,0.08951877057552338,0,0,0.07593315839767456,0,0,0.09793516248464584,0,1,0.9289748072624207,1,0,0.0922609344124794,0,0,0.09704329818487167,0,0,0.09357523918151855,0,0,0.09134038537740707,0
555,non_hate_video_59.mp4,non_hate_video_59,train,0,"[SCENE]
a guy was following and when the person cofronted him he pulled his knife out and stabbed him on the street

[ACTION]
1. Violence in Animation

[SUBCATEGORIES]
['Weapon Usage (Fantasy/Real)', ' bullying']

[PARENTLABELS]
['violence', 'threat']

[ACTION_CLEAN]
violence in animation",0,0.0956912562251091,0,0,0.08682671189308167,0,0,0.07600250095129013,0,0,0.1024678647518158,0,1,0.9310988187789917,1,0,0.09346034377813339,0,0,0.09406798332929611,0,0,0.09473254531621933,0,0,0.08973121643066406,0
556,non_hate_video_59.mp4,non_hate_video_59,train,0,"[SCENE]
the cops interfered and arrested the culprit

[ACTION]
10. Scene

[SUBCATEGORIES]
['cops interfere']

[PARENTLABELS]
['neutral']

[ACTION_CLEAN]
scene",0,0.08247355371713638,0,0,0.0843992605805397,0,0,0.06442461907863617,0,0,0.1136503741145134,0,0,0.23433120548725128,0,0,0.1417250633239746,0,0,0.07346798479557037,0,0,0.0774727612733841,0,0,0.07085148990154266,0
557,non_hate_video_59.mp4,non_hate_video_59,train,0,"[SCENE]
A lot of peoples are gathered and some of them aree even fighting there are cops with shield but they are not even able to do anything

[ACTION]
10. Scene

[SUBCATEGORIES]
['street fight']

[PARENTLABELS]
['violence']

[ACTION_CLEAN]
scene",0,0.14291967451572418,0,0,0.2212441861629486,0,0,0.1791004091501236,0,0,0.22790533304214478,0,1,0.8979091644287109,1,1,0.8791304230690002,1,0,0.10892417281866074,0,0,0.28819501399993896,0,0,0.16744418442249298,0
558,non_hate_video_57.mp4,non_hate_video_57,train,0,"[SCENE]
a guy recording with a mic in his room and sharing about his opinion that theviolence was not necessary but there violence occured

[ACTION]
10. Scene

[SUBCATEGORIES]
['facetime']

[PARENTLABELS]
['neutral']

[ACTION_CLEAN]
scene",0,0.17438006401062012,0,0,0.14312373101711273,0,0,0.11417754739522934,0,0,0.18259945511817932,0,1,0.9562758803367615,1,0,0.17513924837112427,0,0,0.10183165222406387,0,0,0.13301293551921844,0,0,0.10237284749746323,0
559,non_hate_video_56.mp4,non_hate_video_56,val,0,"[SCENE]
a guy covering his 90% face is screaming something on someone in public and creating a scene

[ACTION]
10. Scene

[SUBCATEGORIES]
['road rage']

[PARENTLABELS]
['threat']

[ACTION_CLEAN]
scene",0,0.4053632318973541,0,0,0.41168972849845886,0,0,0.30569952726364136,0,0,0.3833937644958496,0,1,0.7682733535766602,1,1,0.9096933603286743,1,0,0.13677771389484406,0,0,0.3911121189594269,0,0,0.3456803560256958,0
560,non_hate_video_55.mp4,non_hate_video_55,val,0,"[SCENE]
a guy painted his face as usa's flag and keeping a background as usa flag is singing a song about maga challenge and also trump is dancing in the background

[ACTION]
10. Scene

[SUBCATEGORIES]
['music']

[PARENTLABELS]
['neutral']

[ACTION_CLEAN]
scene",0,0.20410186052322388,0,0,0.11480908840894699,0,0,0.19672338664531708,0,0,0.06886151432991028,0,0,0.08975145220756531,0,0,0.07622066885232925,0,0,0.07967951893806458,0,0,0.07627999782562256,0,0,0.05727658048272133,0
561,non_hate_video_54.mp4,non_hate_video_54,train,0,"[SCENE]
a man recording his video making slowmo walking. the background is of park

[ACTION]
10. Scene

[SUBCATEGORIES]
['recording video']

[PARENTLABELS]
['neutral']

[ACTION_CLEAN]
scene",0,0.05406917631626129,0,0,0.0754944458603859,0,0,0.08443622291088104,0,0,0.09277015924453735,0,0,0.16924987733364105,0,0,0.16438858211040497,0,0,0.0621703676879406,0,0,0.06643985211849213,0,0,0.06485219299793243,0
562,non_hate_video_53.mp4,non_hate_video_53,test,0,"[SCENE]
a lot of mens are throwing bucket full of water on a lady and she is asking help from the polic sitting inside the police car but they are not helping her

[ACTION]
10. Scene

[SUBCATEGORIES]
['bullying']

[PARENTLABELS]
['threat']

[ACTION_CLEAN]
scene",0,0.11533870548009872,0,1,0.21766483783721924,0,0,0.14253412187099457,0,0,0.29521051049232483,0,1,0.5898426175117493,1,1,0.8454039096832275,1,0,0.09583732485771179,0,0,0.26022663712501526,0,0,0.18477460741996765,0
563,non_hate_video_52.mp4,non_hate_video_52,train,0,"[SCENE]
a man got angry at subway when they said there is no more chicken sankdwich and he started to fight then went inside throungh window

[ACTION]
1. Violence in Animation

[SUBCATEGORIES]
['Physical Fighting Scenes']

[PARENTLABELS]
['violence']

[ACTION_CLEAN]
violence in animation",0,0.09336007386445999,0,0,0.0834098532795906,0,0,0.0735076293349266,0,0,0.0964171439409256,0,1,0.9190708994865417,1,0,0.08644169569015503,0,0,0.09737847745418549,0,0,0.08846410363912582,0,0,0.08630474656820297,0
564,non_hate_video_51.mp4,non_hate_video_51,train,0,"[SCENE]
a lady named becca fron hinsberg is telling about her journey of how she earns very less and joined dsa and now she gives her 1000% for the dsa

[ACTION]
10. Scene

[SUBCATEGORIES]
['speech']

[PARENTLABELS]
['neutral']

[ACTION_CLEAN]
scene",0,0.10126357525587082,0,0,0.09371504932641983,0,0,0.09795607626438141,0,0,0.080885149538517,0,0,0.09783029556274414,0,0,0.1361398994922638,0,0,0.07023478299379349,0,0,0.07038456946611404,0,0,0.06152358651161194,0
565,non_hate_video_50.mp4,non_hate_video_50,val,0,"[SCENE]
the man dsaid something and everybody in the room started laughing and also there is a laughing sound effect added to the end of video

[ACTION]
9. Non-Hate

[SUBCATEGORIES]
['Non-Hate', ' speech']

[PARENTLABELS]
['neutral']

[ACTION_CLEAN]
non-hate",0,0.08132711052894592,0,0,0.0704701766371727,0,0,0.05933564901351929,0,0,0.07461991906166077,0,0,0.08025498688220978,0,0,0.08812574297189713,0,0,0.07252348214387894,0,0,0.06490524858236313,0,0,0.06670354306697845,0
566,non_hate_video_49.mp4,non_hate_video_49,train,0,"[SCENE]
some black peoples are dancing and there one of them appeared from the bonut of the car with a speaker playing music in which the lyrics is i am a nigger and i want to be free

[ACTION]
10. Scene

[SUBCATEGORIES]
['dancing']

[PARENTLABELS]
['neutral']

[ACTION_CLEAN]
scene",0,0.13683338463306427,0,0,0.07797021418809891,0,0,0.12087192386388779,0,0,0.09466630220413208,0,0,0.23365716636180878,0,0,0.0972762480378151,0,0,0.0992216020822525,0,0,0.07945847511291504,0,0,0.05314894765615463,0
567,non_hate_video_48.mp4,non_hate_video_48,train,0,"[SCENE]
this is a scene of beach where a girl is doing some experiment in the with laser and a man is decribing abuot the experiiment

[ACTION]
10. Scene

[SUBCATEGORIES]
['experiment']

[PARENTLABELS]
['neutral']

[ACTION_CLEAN]
scene",0,0.0772600844502449,0,0,0.07688894867897034,0,0,0.10336072742938995,0,0,0.12351399660110474,0,0,0.14480745792388916,0,0,0.16646286845207214,0,0,0.06904387474060059,0,0,0.07972334325313568,0,0,0.08079991489648819,0
568,non_hate_video_48.mp4,non_hate_video_48,train,0,"[SCENE]
A man is looking to something though is telescope . it looks like some sort of aircraft.. and in background he is explaining the scene

[ACTION]
10. Scene

[SUBCATEGORIES]
['experiment']

[PARENTLABELS]
['neutral']

[ACTION_CLEAN]
scene",0,0.06609990447759628,0,0,0.07923004776239395,0,0,0.08380969613790512,0,0,0.09683189541101456,0,0,0.09496230632066727,0,0,0.16729071736335754,0,0,0.0600716769695282,0,0,0.0686495378613472,0,0,0.0609855055809021,0
569,non_hate_video_48.mp4,non_hate_video_48,train,0,"[SCENE]
some sort of vector animation is going in the clip where a laser is projected and a man is telling that all these experiment is propaganda

[ACTION]
10. Scene

[SUBCATEGORIES]
['experiment']

[PARENTLABELS]
['neutral']

[ACTION_CLEAN]
scene",0,0.20459780097007751,0,0,0.12430077791213989,0,0,0.27248862385749817,0,0,0.08455579727888107,0,0,0.09194979816675186,0,0,0.22824296355247498,0,0,0.0975358858704567,0,0,0.08632388710975647,0,0,0.1116522029042244,0
570,non_hate_video_48.mp4,non_hate_video_48,train,0,"[SCENE]
this is a static picture where a man is aiming to a deer and there is also a monkey image and someone is explaining something

[ACTION]
10. Scene

[SUBCATEGORIES]
['experiment']

[PARENTLABELS]
['neutral']

[ACTION_CLEAN]
scene",0,0.08128567039966583,0,0,0.11653720587491989,0,0,0.12646304070949554,0,0,0.09646667540073395,0,0,0.17746369540691376,0,0,0.24367383122444153,0,0,0.0668993666768074,0,0,0.07026516646146774,0,0,0.07957231998443604,0
571,non_hate_video_48.mp4,non_hate_video_48,train,0,"[SCENE]
a stupid bald man is presend in the image and an overlay video is playing in background and in that video two peoples are cycling and they have a windmill. there is also a text that says ""because the earth is FLAT & FIXED""

[ACTION]
10. Scene

[SUBCATEGORIES]
['experiment']

[PARENTLABELS]
['neutral']

[ACTION_CLEAN]
scene",0,0.6995329856872559,0,1,0.898333728313446,1,1,0.8917176127433777,1,0,0.11318130046129227,0,0,0.19146479666233063,0,0,0.2813780605792999,0,0,0.09562522917985916,0,0,0.11222004145383835,0,0,0.15887144207954407,0
572,non_hate_video_47.mp4,non_hate_video_47,val,0,"[SCENE]
this scene is from metro or train and there is a lady sitting in the last seat and a man entered through the gate and also exited ainstantly

[ACTION]
9. Non-Hate

[SUBCATEGORIES]
['Non-Hate']

[PARENTLABELS]
['neutral']

[ACTION_CLEAN]
non-hate",0,0.07920065522193909,0,0,0.07069142162799835,0,0,0.0590490885078907,0,0,0.07578722387552261,0,0,0.0786534920334816,0,0,0.08982455730438232,0,0,0.07311476022005081,0,0,0.06562443822622299,0,0,0.06722481548786163,0
573,non_hate_video_47.mp4,non_hate_video_47,val,0,"[SCENE]
this is a cctv recording of a metro in which a guy entered through the door and started beating a girl who is sitting on the seat. the girl is trying to protect herself

[ACTION]
1. Violence in Animation

[SUBCATEGORIES]
['Physical Fighting Scenes']

[PARENTLABELS]
['violence']

[ACTION_CLEAN]
violence in animation",0,0.09411013871431351,0,0,0.08911200612783432,0,0,0.07514684647321701,0,0,0.09777442365884781,0,1,0.9270133972167969,1,0,0.091326043009758,0,0,0.09820815175771713,0,0,0.09129523485898972,0,0,0.08985760807991028,0
574,non_hate_video_47.mp4,non_hate_video_47,val,0,"[SCENE]
the guy in the pink shirt is constantly beating that person even tho he is telling him to stop and also throwing him here and there in the metro

[ACTION]
1. Violence in Animation

[SUBCATEGORIES]
['Physical Fighting Scenes']

[PARENTLABELS]
['violence']

[ACTION_CLEAN]
violence in animation",0,0.09452588856220245,0,0,0.08396457135677338,0,0,0.07461584359407425,0,0,0.09648580104112625,0,1,0.9231089949607849,1,0,0.08903592079877853,0,0,0.0972866341471672,0,0,0.08928150683641434,0,0,0.08781316131353378,0
575,non_hate_video_46.mp4,non_hate_video_46,train,0,"[SCENE]
the black man is choking the dog (the breed is husky) in a room and behind the door

[ACTION]
1. Violence in Animation

[SUBCATEGORIES]
['Physical Fighting Scenes', ' animal abuse']

[PARENTLABELS]
['violence']

[ACTION_CLEAN]
violence in animation",0,0.09364954382181168,0,0,0.08481305092573166,0,0,0.07565232366323471,0,0,0.09394872188568115,0,1,0.9200146198272705,1,0,0.08650648593902588,0,0,0.10034207254648209,0,0,0.08609362691640854,0,0,0.08736758679151535,0
576,non_hate_video_46.mp4,non_hate_video_46,train,0,"[SCENE]
the man in red shorts is doing something bad with the husky in the room

[ACTION]
10. Scene

[SUBCATEGORIES]
['animal abuse']

[PARENTLABELS]
['violence']

[ACTION_CLEAN]
scene",0,0.7447742819786072,0,0,0.80930495262146,1,1,0.6989822387695312,0,0,0.767472505569458,0,0,0.7195393443107605,1,1,0.8183008432388306,1,0,0.32465359568595886,0,1,0.6947200894355774,0,1,0.5137559771537781,0
577,non_hate_video_45.mp4,non_hate_video_45,train,0,"[SCENE]
the scene is a dock where some peoples are gathered and it seems like they are beating someone

[ACTION]
1. Violence in Animation

[SUBCATEGORIES]
['Physical Fighting Scenes']

[PARENTLABELS]
['violence']

[ACTION_CLEAN]
violence in animation",0,0.09196557849645615,0,0,0.082132488489151,0,0,0.07428386807441711,0,0,0.09722384065389633,0,1,0.9238033294677734,1,0,0.09101207554340363,0,0,0.09663434326648712,0,0,0.08962377905845642,0,0,0.08710122108459473,0
578,non_hate_video_44.mp4,non_hate_video_44,val,0,"[SCENE]
a women is arguing with two man in a metro and saying fuck, fucking in every sentence and insulting that person by saying him nigga

[ACTION]
2. Verbal Abuse

[SUBCATEGORIES]
['Name-calling/Insults']

[PARENTLABELS]
['hate_speech']

[ACTION_CLEAN]
verbal abuse",1,0.9332249760627747,1,0,0.1324840635061264,0,0,0.1477205753326416,0,0,0.11497029662132263,0,0,0.1111007034778595,0,0,0.09982914477586746,0,0,0.11444924771785736,0,0,0.09873617440462112,0,0,0.10770153254270554,0
579,non_hate_video_44.mp4,non_hate_video_44,val,0,"[SCENE]
some women who were sitting in the metro started abusing the camera man and attacking him the man defended himself by rushing back but one of the girl hit his camera and the camera fell down

[ACTION]
1. Violence in Animation

[SUBCATEGORIES]
['Physical Fighting Scenes']

[PARENTLABELS]
['violence']

[ACTION_CLEAN]
violence in animation",0,0.09415403008460999,0,0,0.09050673991441727,0,0,0.07622047513723373,0,0,0.09738027304410934,0,1,0.9282774925231934,1,0,0.0918770432472229,0,0,0.10011493414640427,0,0,0.09097405523061752,0,0,0.08995459973812103,0
580,non_hate_video_43.mp4,non_hate_video_43,train,0,"[SCENE]
the scene is from the park and there are 4 girls two of them is standing and two of them is sitting and arguing about something

[ACTION]
10. Scene

[SUBCATEGORIES]
['argument']

[PARENTLABELS]
['threat']

[ACTION_CLEAN]
scene",0,0.07065122574567795,0,0,0.06812401115894318,0,0,0.07829850912094116,0,0,0.09188222885131836,0,0,0.108698271214962,0,0,0.23370976746082306,0,0,0.0627952292561531,0,0,0.06631564348936081,0,0,0.06878944486379623,0
581,non_hate_video_43.mp4,non_hate_video_43,train,0,"[SCENE]
the girl who is standing pulled the girl by hair and the girl fell down with the kid and also started hutting her and keeping pulling her here and there and constantly hitting her with fist

[ACTION]
1. Violence in Animation

[SUBCATEGORIES]
['Physical Fighting Scenes', ' argument']

[PARENTLABELS]
['violence', 'threat']

[ACTION_CLEAN]
violence in animation",0,0.10088758915662766,0,0,0.09159253537654877,0,0,0.07797739654779434,0,0,0.09903353452682495,0,1,0.9299789071083069,1,0,0.09041163325309753,0,0,0.09797771275043488,0,0,0.09142328798770905,0,0,0.09155316650867462,0
582,non_hate_video_42.mp4,non_hate_video_42,train,0,"[SCENE]
this is a scene from road where a police car is passing by and someone is oh my god again and again

[ACTION]
10. Scene

[SUBCATEGORIES]
['reporting']

[PARENTLABELS]
['neutral']

[ACTION_CLEAN]
scene",0,0.06670751422643661,0,0,0.06423000246286392,0,0,0.0923352763056755,0,0,0.09390267729759216,0,0,0.08809790760278702,0,0,0.19664886593818665,0,0,0.08796679973602295,0,0,0.0672958642244339,0,0,0.06766979396343231,0
583,non_hate_video_41.mp4,non_hate_video_41,train,0,"[SCENE]
a man is reporting a incident in which the headmaster is arrested by passing a racist comment on someone and also he is mentioning the soap boy incident

[ACTION]
10. Scene

[SUBCATEGORIES]
['reporting']

[PARENTLABELS]
['neutral']

[ACTION_CLEAN]
scene",0,0.4818361699581146,0,1,0.9504364132881165,1,1,0.8230295181274414,0,0,0.1151774525642395,0,0,0.18671751022338867,0,0,0.19656381011009216,0,0,0.11102432757616043,0,0,0.09712910652160645,0,0,0.10425996035337448,0
584,non_hate_video_40.mp4,non_hate_video_40,train,0,"[SCENE]
some black people are dancing and singing song in which thy are denoting themslves as nigger and they are saying that they want to be free. it seems like this is a music video

[ACTION]
10. Scene

[SUBCATEGORIES]
['music']

[PARENTLABELS]
['neutral']

[ACTION_CLEAN]
scene",0,0.11852610111236572,0,0,0.07072963565587997,0,0,0.1821054220199585,0,0,0.09802205115556717,0,0,0.14869263768196106,0,0,0.08674944192171097,0,0,0.26802119612693787,0,0,0.07462790608406067,0,0,0.07736918330192566,0
585,non_hate_video_39.mp4,non_hate_video_39,train,0,"[SCENE]
a police man entered in the prision where a black guy is the criminal and he is wearing a white vest. the police is here for interrogation

[ACTION]
10. Scene

[SUBCATEGORIES]
['Interrogation']

[PARENTLABELS]
['neutral']

[ACTION_CLEAN]
scene",0,0.0999978706240654,0,0,0.11034338921308517,0,0,0.07015761733055115,0,0,0.13703882694244385,0,0,0.1377708911895752,0,0,0.1426689177751541,0,0,0.08707352727651596,0,0,0.07690783590078354,0,0,0.05788195878267288,0
586,non_hate_video_39.mp4,non_hate_video_39,train,0,"[SCENE]
this scene is from jail where the police is trying to fetch some information but the criminal is not telling him anything. the police told that if they are here then he wont be able to help him

[ACTION]
10. Scene

[SUBCATEGORIES]
['Interrogation']

[PARENTLABELS]
['neutral']

[ACTION_CLEAN]
scene",0,0.3600829541683197,0,0,0.23195746541023254,0,0,0.25195905566215515,0,1,0.8574183583259583,0,0,0.49498429894447327,1,1,0.7466686964035034,0,0,0.14322282373905182,0,0,0.4569051265716553,0,0,0.30197057127952576,0
587,non_hate_video_38.mp4,non_hate_video_38,train,0,"[SCENE]
a black man is hung to the window of a moving car and the person in the car is trying to get rid of him and constantly hitting him with punches but the man is still holding the window

[ACTION]
1. Violence in Animation

[SUBCATEGORIES]
['Physical Fighting Scenes']

[PARENTLABELS]
['violence']

[ACTION_CLEAN]
violence in animation",0,0.09903762489557266,0,0,0.08773048967123032,0,0,0.07679782807826996,0,0,0.0979112759232521,0,1,0.9268161058425903,1,0,0.08915165066719055,0,0,0.09838835150003433,0,0,0.09052623808383942,0,0,0.08949195593595505,0
588,non_hate_video_37.mp4,non_hate_video_37,train,0,"[SCENE]
this is a scene from a tourist place where there are three peoples two males and one female arguing on the street

[ACTION]
2. Verbal Abuse

[SUBCATEGORIES]
['verbal abuse']

[PARENTLABELS]
['violence']

[ACTION_CLEAN]
verbal abuse",1,0.9206942319869995,1,0,0.12110305577516556,0,0,0.13205201923847198,0,0,0.11061440408229828,0,0,0.10775619745254517,0,0,0.09607376903295517,0,0,0.11668606847524643,0,0,0.09679863601922989,0,0,0.10451900213956833,0
589,non_hate_video_36.mp4,non_hate_video_36,train,0,"[SCENE]
This is a scene of a prision in which three soldiers are arguing and one started fightining with the other two and he one handedly beat them

[ACTION]
1. Violence in Animation

[SUBCATEGORIES]
['Physical Fighting Scenes']

[PARENTLABELS]
['violence']

[ACTION_CLEAN]
violence in animation",0,0.09409568458795547,0,0,0.08535582572221756,0,0,0.0743473693728447,0,0,0.09780868142843246,0,1,0.9239510297775269,1,0,0.09003694355487823,0,0,0.09590020775794983,0,0,0.08998139202594757,0,0,0.08662738651037216,0
590,non_hate_video_36.mp4,non_hate_video_36,train,0,"[SCENE]
This is a scene of a prision in a prisioner is checking his wound and suddenly two prisioners started attacking him with stick

[ACTION]
1. Violence in Animation

[SUBCATEGORIES]
['Physical Fighting Scenes', ' 1.3. Weapon Usage (Fantasy/Real)']

[PARENTLABELS]
['violence']

[ACTION_CLEAN]
violence in animation",0,0.09389066696166992,0,0,0.08962784707546234,0,0,0.07747960835695267,0,0,0.0969332754611969,0,1,0.9293477535247803,1,0,0.09203314036130905,0,0,0.09710316359996796,0,0,0.0909549668431282,0,0,0.08841784298419952,0
591,non_hate_video_35.mp4,non_hate_video_35,train,0,"[SCENE]
A photo is visible and a music is playing.

[ACTION]
10. Scene

[SUBCATEGORIES]
['Non-Hate']

[PARENTLABELS]
['neutral']

[ACTION_CLEAN]
scene",0,0.09056972712278366,0,0,0.058968108147382736,0,0,0.1076376736164093,0,0,0.09069422632455826,0,0,0.08574207127094269,0,0,0.12220676988363266,0,0,0.08138225972652435,0,0,0.06932129710912704,0,0,0.06187956780195236,0
592,non_hate_video_34.mp4,non_hate_video_34,test,0,"[SCENE]
a woman is standing in the middle of the street and shouting and throwing fists on cars and peoples are trying to stop her because she is creating trafic jam

[ACTION]
10. Scene

[SUBCATEGORIES]
['street rage']

[PARENTLABELS]
['threat']

[ACTION_CLEAN]
scene",0,0.3659400939941406,0,0,0.3394341766834259,0,0,0.245844304561615,0,0,0.3350784182548523,0,1,0.9385454058647156,1,1,0.8551735877990723,1,0,0.10830938816070557,0,0,0.38910749554634094,0,0,0.23001030087471008,0
593,non_hate_video_33.mp4,non_hate_video_33,test,0,"[SCENE]
this looks like a recording of a live show in which a women is stiing in front of large crowd and giving speech about something

[ACTION]
10. Scene

[SUBCATEGORIES]
['street rage']

[PARENTLABELS]
['threat']

[ACTION_CLEAN]
scene",0,0.09831016510725021,0,0,0.3323659300804138,0,0,0.2552449703216553,0,0,0.08564495295286179,0,0,0.13670748472213745,0,0,0.48148074746131897,0,0,0.09507405012845993,0,0,0.07248580455780029,0,0,0.07921507209539413,0
594,non_hate_video_32.mp4,non_hate_video_32,train,0,"[SCENE]
a music banner is visible and the music is playing.

[ACTION]
9. Non-Hate

[SUBCATEGORIES]
['Non-Hate']

[PARENTLABELS]
['neutral']

[ACTION_CLEAN]
non-hate",0,0.07951647788286209,0,0,0.06963146477937698,0,0,0.05784809589385986,0,0,0.07667388767004013,0,0,0.08026348799467087,0,0,0.08827294409275055,0,0,0.07358324527740479,0,0,0.06568968296051025,0,0,0.06846631318330765,0
595,non_hate_video_31.mp4,non_hate_video_31,val,0,"[SCENE]
a lady sitting near beach side and shouting and crying loud and a man is recording her through a very good camera

[ACTION]
10. Scene

[SUBCATEGORIES]
['grief']

[PARENTLABELS]
['neutral']

[ACTION_CLEAN]
scene",0,0.10705126076936722,0,0,0.1205117404460907,0,0,0.11883638054132462,0,0,0.1706104725599289,0,0,0.2249118685722351,0,1,0.7709237337112427,1,0,0.08322267234325409,0,0,0.10880592465400696,0,0,0.10395069420337677,0
596,non_hate_video_30.mp4,non_hate_video_30,train,0,"[SCENE]
a dog attacked a person and bit his leg other peoples are trying to help him but the dog is very furious. the cameraman showed that the dog also attacked him and his jeans are torn

[ACTION]
1. Violence in Animation

[SUBCATEGORIES]
['Physical Fighting Scenes']

[PARENTLABELS]
['violence']

[ACTION_CLEAN]
violence in animation",0,0.09453711658716202,0,0,0.08839564025402069,0,0,0.07854262739419937,0,0,0.10165444016456604,0,1,0.9328119158744812,1,0,0.0959012359380722,0,0,0.09999094158411026,0,0,0.0941658467054367,0,0,0.09236304461956024,0
597,non_hate_video_29.mp4,non_hate_video_29,train,0,"[SCENE]
album cover is shown and music is playing. the cover contains a dvd written columbia on it

[ACTION]
10. Scene

[SUBCATEGORIES]
['album cover']

[PARENTLABELS]
['neutral']

[ACTION_CLEAN]
scene",0,0.0911484882235527,0,0,0.08213569223880768,0,0,0.13396644592285156,0,0,0.07818058878183365,0,0,0.07105960696935654,0,0,0.08190032094717026,0,0,0.12565353512763977,0,0,0.06464458256959915,0,0,0.061463117599487305,0
598,non_hate_video_28.mp4,non_hate_video_28,train,0,"[SCENE]
a man is giving speech on the stage and a lot of peoples have joined to listen him.

[ACTION]
10. Scene

[SUBCATEGORIES]
['speech']

[PARENTLABELS]
['neutral']

[ACTION_CLEAN]
scene",0,0.07879555970430374,0,0,0.0686286985874176,0,0,0.10185514390468597,0,0,0.09073370695114136,0,0,0.09635552018880844,0,0,0.1491173803806305,0,0,0.05825268104672432,0,0,0.0677877739071846,0,0,0.05816391482949257,0
599,non_hate_video_27.mp4,non_hate_video_27,val,0,"[SCENE]
this video is recorded in a parking lot where some ladies are fighting pulling others hairs and throwing fists and smashing their heads on car. some peoples are trying to stop them but they are uncontrolable

[ACTION]
1. Violence in Animation

[SUBCATEGORIES]
['Physical Fighting Scenes']

[PARENTLABELS]
['violence']

[ACTION_CLEAN]
violence in animation",0,0.09354497492313385,0,0,0.08624797314405441,0,0,0.07607415318489075,0,0,0.09912083297967911,0,1,0.9293531179428101,1,0,0.09460891783237457,0,0,0.09875798225402832,0,0,0.09057027846574783,0,0,0.08876235038042068,0
600,non_hate_video_26.mp4,non_hate_video_26,train,0,"[SCENE]
a lady is giving speech on the stage and asked a question about how good are you feeling this morning and lots of people raised thier hands

[ACTION]
10. Scene

[SUBCATEGORIES]
['speech']

[PARENTLABELS]
['neutral']

[ACTION_CLEAN]
scene",0,0.08140227943658829,0,0,0.08093713968992233,0,0,0.09771829843521118,0,0,0.11652036756277084,0,0,0.08727321028709412,0,0,0.21033799648284912,0,0,0.06230732798576355,0,0,0.08573132753372192,0,0,0.07898792624473572,0
601,non_hate_video_25.mp4,non_hate_video_25,test,0,"[SCENE]
a black screen is here and also there is a drum beat going seems like it is some sort of music

[ACTION]
10. Scene

[SUBCATEGORIES]
['music']

[PARENTLABELS]
['neutral']

[ACTION_CLEAN]
scene",0,0.10259885340929031,0,0,0.0456673800945282,0,0,0.10034240037202835,0,0,0.08770869672298431,0,0,0.16376157104969025,0,0,0.1258494108915329,0,0,0.08620872348546982,0,0,0.08168918639421463,0,0,0.06266764551401138,0
602,non_hate_video_24.mp4,non_hate_video_24,train,0,"[SCENE]
a news reporter is appreciating a person and his dog nero. seems like this person is police offier and the dog is also in police department

[ACTION]
9. Non-Hate

[SUBCATEGORIES]
['Positive Encouragement']

[PARENTLABELS]
['threat']

[ACTION_CLEAN]
non-hate",0,0.08017967641353607,0,0,0.0700770914554596,0,0,0.05694112181663513,0,0,0.07701313495635986,0,0,0.08523069322109222,0,0,0.08731205016374588,0,0,0.07354234904050827,0,0,0.06503260135650635,0,0,0.06521612405776978,0
603,non_hate_video_23.mp4,non_hate_video_23,train,0,"[SCENE]
the refree in the boxing match is appreaciating the boxer who is fighting in the ring

[ACTION]
9. Non-Hate

[SUBCATEGORIES]
['Non-Hate']

[PARENTLABELS]
['neutral']

[ACTION_CLEAN]
non-hate",0,0.07903897017240524,0,0,0.06827406585216522,0,0,0.05830756202340126,0,0,0.07539503276348114,0,0,0.08074069023132324,0,0,0.08997095376253128,0,0,0.07296501100063324,0,0,0.06526976078748703,0,0,0.06703692674636841,0
604,non_hate_video_23.mp4,non_hate_video_23,train,0,"[SCENE]
This is a scene from a boxing ring in which one of the boxer surprised the boxer by hitting him in the face and knocked him out

[ACTION]
1. Violence in Animation

[SUBCATEGORIES]
['Physical Fighting Scenes']

[PARENTLABELS]
['violence']

[ACTION_CLEAN]
violence in animation",0,0.09066373109817505,0,0,0.08591879904270172,0,0,0.07406185567378998,0,0,0.09584808349609375,0,1,0.9212454557418823,1,0,0.08995698392391205,0,0,0.09891436249017715,0,0,0.08912400156259537,0,0,0.08825422823429108,0
605,non_hate_video_23.mp4,non_hate_video_23,train,0,"[SCENE]
the boxer and the coach is celebrating the victory

[ACTION]
9. Non-Hate

[SUBCATEGORIES]
['celebration']

[PARENTLABELS]
['neutral']

[ACTION_CLEAN]
non-hate",0,0.07678031176328659,0,0,0.06905224174261093,0,0,0.05824996531009674,0,0,0.07759825140237808,0,0,0.08145340532064438,0,0,0.08867423981428146,0,0,0.0746188834309578,0,0,0.06527060270309448,0,0,0.06706506758928299,0
606,non_hate_video_22.mp4,non_hate_video_22,train,0,"[SCENE]
two girls are dancing on the stage and mens are dancing or vibing with them.

[ACTION]
5. Inappropriate Content

[SUBCATEGORIES]
['Adult References']

[PARENTLABELS]
['sexual']

[ACTION_CLEAN]
inappropriate content",0,0.0981808602809906,0,0,0.09651366621255875,0,0,0.10818557441234589,0,0,0.12155749648809433,0,0,0.10722768306732178,0,0,0.102928526699543,0,1,0.939083993434906,1,0,0.11013936996459961,0,0,0.1181853786110878,0
607,non_hate_video_22.mp4,non_hate_video_22,train,0,"[SCENE]
two girls are dancing and a lot of peoples are gathered to see their dance wwhere a man joined them and started making bad positions with one of the girl

[ACTION]
5. Inappropriate Content

[SUBCATEGORIES]
['Adult References']

[PARENTLABELS]
['sexual']

[ACTION_CLEAN]
inappropriate content",0,0.10412528365850449,0,0,0.09829831123352051,0,0,0.11258312314748764,0,0,0.1200835332274437,0,0,0.1134144514799118,0,0,0.10229748487472534,0,1,0.9409593939781189,1,0,0.10808205604553223,0,0,0.1140204444527626,0
608,non_hate_video_21.mp4,non_hate_video_21,train,0,"[SCENE]
a man is standing on the road side. the weather is dusty and he is blackmailing someone that he will send that video in which he killed his wife

[ACTION]
10. Scene

[SUBCATEGORIES]
['blackmail']

[PARENTLABELS]
['illegal']

[ACTION_CLEAN]
scene",0,0.4007576107978821,0,0,0.377524733543396,0,0,0.36957332491874695,0,1,0.8536525368690491,0,1,0.8632231950759888,1,1,0.8256099820137024,1,0,0.2604333758354187,0,1,0.7781742811203003,0,0,0.41046538949012756,0
609,non_hate_video_21.mp4,non_hate_video_21,train,0,"[SCENE]
the man sitting on the ground threw the bag on the man standing and started beating him. the weather is dusty and looks like it is recorded on road side

[ACTION]
1. Violence in Animation

[SUBCATEGORIES]
['Physical Fighting Scenes']

[PARENTLABELS]
['violence']

[ACTION_CLEAN]
violence in animation",0,0.0945437103509903,0,0,0.08664689213037491,0,0,0.07473064959049225,0,0,0.09609849005937576,0,1,0.9231879115104675,1,0,0.08917238563299179,0,0,0.09790093451738358,0,0,0.08882461488246918,0,0,0.08649496734142303,0
610,non_hate_video_20.mp4,non_hate_video_20,train,0,"[SCENE]
a man is cycling in the parking lot and speeking something. the weather is clear and we can see beautiful sky above

[ACTION]
10. Scene

[SUBCATEGORIES]
['Non-Hate']

[PARENTLABELS]
['neutral']

[ACTION_CLEAN]
scene",0,0.08192357420921326,0,0,0.07834241539239883,0,0,0.0931190475821495,0,0,0.08735990524291992,0,0,0.07281053811311722,0,0,0.14886298775672913,0,0,0.058130934834480286,0,0,0.06461889296770096,0,0,0.060535650700330734,0
611,non_hate_video_19.mp4,non_hate_video_19,val,0,"[SCENE]
a man is hitting someone on the face with continuous punches. Some peoples are trying to stop then but no one is rushing there. A women said to call the cops.

[ACTION]
1. Violence in Animation

[SUBCATEGORIES]
['Physical Fighting Scenes']

[PARENTLABELS]
['violence']

[ACTION_CLEAN]
violence in animation",0,0.09570261836051941,0,0,0.08526840806007385,0,0,0.07628955692052841,0,0,0.0971900224685669,0,1,0.9254133105278015,1,0,0.09225760400295258,0,0,0.09778718650341034,0,0,0.08956940472126007,0,0,0.08794784545898438,0
612,non_hate_video_19.mp4,non_hate_video_19,val,0,"[SCENE]
A women tried to attack a buy in a resturant, he rushed back and picked a chair in the self defense and charged towards her

[ACTION]
1. Violence in Animation

[SUBCATEGORIES]
['Physical Fighting Scenes']

[PARENTLABELS]
['violence']

[ACTION_CLEAN]
violence in animation",0,0.09503952413797379,0,0,0.08598996698856354,0,0,0.07432413846254349,0,0,0.09713471680879593,0,1,0.922369122505188,1,0,0.08792553842067719,0,0,0.09752217680215836,0,0,0.09098987281322479,0,0,0.08899475634098053,0
613,non_hate_video_18.mp4,non_hate_video_18,train,0,"[SCENE]
A man playing billiards in a very dark room and the window is open and light is coming from it. There is another man standing a little far from him and they are talking and the man playing billiards said nigga

[ACTION]
10. Scene

[SUBCATEGORIES]
['Non-Hate']

[PARENTLABELS]
['neutral']

[ACTION_CLEAN]
scene",1,0.9383038282394409,1,1,0.9056941270828247,1,1,0.8833901286125183,1,0,0.1857742965221405,0,0,0.22776904702186584,0,0,0.21189852058887482,0,0,0.12725476920604706,0,0,0.11625991761684418,0,0,0.13636671006679535,0
614,non_hate_video_17.mp4,non_hate_video_17,train,0,"[SCENE]
Two peoples are fighting in the metro next to the door and another guy is trying to stop them and shouting stoppp!

[ACTION]
1. Violence in Animation

[SUBCATEGORIES]
['Physical Fighting Scenes']

[PARENTLABELS]
['violence']

[ACTION_CLEAN]
violence in animation",0,0.09072717279195786,0,0,0.08079773932695389,0,0,0.07299546897411346,0,0,0.09468681365251541,0,1,0.9211164116859436,1,0,0.09123207628726959,0,0,0.09574590623378754,0,0,0.08815779536962509,0,0,0.08719059824943542,0
615,non_hate_video_16.mp4,non_hate_video_16,val,0,"[SCENE]
The guy who was stopping them to fight failed and one person in the red jacket chrarged out of the metro

[ACTION]
1. Violence in Animation

[SUBCATEGORIES]
['Physical Fighting Scenes']

[PARENTLABELS]
['violence']

[ACTION_CLEAN]
violence in animation",0,0.08996906131505966,0,0,0.07994336634874344,0,0,0.0729684978723526,0,0,0.09571302682161331,0,1,0.9194492101669312,1,0,0.09051134437322617,0,0,0.0972360149025917,0,0,0.08830519765615463,0,0,0.08742358535528183,0
616,non_hate_video_16.mp4,non_hate_video_16,val,0,"[SCENE]
A man is doing advertisment of his shop and telling about it that they have 20 men committee and in the scene there is a car and a board in front of it saying we serve white customer only.

[ACTION]
10. Scene

[SUBCATEGORIES]
['Hate towards blacks']

[PARENTLABELS]
['neutral']

[ACTION_CLEAN]
scene",0,0.31574326753616333,0,1,0.8144950270652771,1,0,0.61105877161026,0,0,0.06712798774242401,0,0,0.07958947122097015,0,0,0.15919137001037598,0,0,0.058904051780700684,0,0,0.07486606389284134,0,0,0.07284067571163177,0
617,non_hate_video_15.mp4,non_hate_video_15,train,0,"[SCENE]
the family saw two guy doing something at the living room and when they said something one guy started rushing towards him

[ACTION]
10. Scene

[SUBCATEGORIES]
['attack']

[PARENTLABELS]
['violence']

[ACTION_CLEAN]
scene",0,0.12912212312221527,0,0,0.26023629307746887,0,0,0.17644383013248444,0,0,0.2825074791908264,0,1,0.7958605885505676,1,1,0.9117322564125061,1,0,0.12262061983346939,0,0,0.3539673388004303,0,0,0.19918666779994965,0
618,non_hate_video_14.mp4,non_hate_video_14,test,0,"[SCENE]
A music banner is visible and someone is singing music

[ACTION]
10. Scene

[SUBCATEGORIES]
['music']

[PARENTLABELS]
['neutral']

[ACTION_CLEAN]
scene",0,0.10416221618652344,0,0,0.0424690805375576,0,0,0.09931964427232742,0,0,0.09076663106679916,0,0,0.1678086668252945,0,0,0.11989616602659225,0,0,0.09608717262744904,0,0,0.07944319397211075,0,0,0.06234027445316315,0
619,non_hate_video_133.mp4,non_hate_video_133,train,0,"[SCENE]
a man is singing a music and he is standing in front of black sceen

[ACTION]
10. Scene

[SUBCATEGORIES]
['music']

[PARENTLABELS]
['neutral']

[ACTION_CLEAN]
scene",0,0.08293747901916504,0,0,0.04994641989469528,0,0,0.09025309979915619,0,0,0.09081865102052689,0,0,0.1330822855234146,0,0,0.1075141653418541,0,0,0.08194512128829956,0,0,0.07007744908332825,0,0,0.057852208614349365,0
620,non_hate_video_134.mp4,non_hate_video_134,train,0,"[SCENE]
this video is of a game where a guy kuukuli and luraic is present and kuukuli has placed the camera on luriac

[ACTION]
10. Scene

[SUBCATEGORIES]
['Game']

[PARENTLABELS]
['neutral']

[ACTION_CLEAN]
scene",0,0.07256732136011124,0,0,0.06857407093048096,0,0,0.10095856338739395,0,0,0.07989262044429779,0,0,0.10175791382789612,0,0,0.1137852743268013,0,0,0.06431341171264648,0,0,0.06503558903932571,0,0,0.06454849988222122,0
621,non_hate_video_134.mp4,non_hate_video_134,train,0,"[SCENE]
This is a scene of a game where luriac is a player trying to get him to say ""May i fuck you?"" they are no homo though. These are written on the screen

[ACTION]
10. Scene

[SUBCATEGORIES]
['Game']

[PARENTLABELS]
['neutral']

[ACTION_CLEAN]
scene",0,0.6787950992584229,0,0,0.7689269781112671,0,1,0.8505737781524658,1,0,0.12014316022396088,0,0,0.1281612366437912,0,0,0.1274285465478897,0,1,0.7038016319274902,0,0,0.11611983180046082,0,0,0.13601091504096985,0
622,non_hate_video_135.mp4,non_hate_video_135,train,0,"[SCENE]
A lot of peoples are gathered in the ground and they are running from something maybe a fire as smoke is there

[ACTION]
10. Scene

[SUBCATEGORIES]
['Stampede']

[PARENTLABELS]
['violence']

[ACTION_CLEAN]
scene",0,0.13471783697605133,0,0,0.19548866152763367,0,0,0.13349024951457977,0,0,0.21948248147964478,0,0,0.3919193744659424,1,1,0.9125879406929016,1,0,0.1592971384525299,0,0,0.19312472641468048,0,0,0.22216807305812836,0
623,non_hate_video_139.mp4,non_hate_video_139,val,0,"[SCENE]
black screen is visible with buzzing sound

[ACTION]
9. Non-Hate

[SUBCATEGORIES]
['audio']

[PARENTLABELS]
['neutral']

[ACTION_CLEAN]
non-hate",0,0.0771174356341362,0,0,0.06956389546394348,0,0,0.05762598291039467,0,0,0.07957214117050171,0,0,0.07919339090585709,0,0,0.09070254117250443,0,0,0.07478781044483185,0,0,0.06558337062597275,0,0,0.06761074811220169,0
624,non_hate_video_139.mp4,non_hate_video_139,val,0,"[SCENE]
this is a scene from cartoon and this clip there is character introduction of a character

[ACTION]
9. Non-Hate

[SUBCATEGORIES]
['cartoon']

[PARENTLABELS]
['neutral']

[ACTION_CLEAN]
non-hate",0,0.07800471037626266,0,0,0.06789020448923111,0,0,0.05876840651035309,0,0,0.07801377773284912,0,0,0.08047153055667877,0,0,0.08696319907903671,0,0,0.07711806893348694,0,0,0.06488397717475891,0,0,0.06727747619152069,0
625,non_hate_video_140.mp4,non_hate_video_140,train,0,"[SCENE]
There is a black screen and music is playing in the background

[ACTION]
9. Non-Hate

[SUBCATEGORIES]
['music']

[PARENTLABELS]
['neutral']

[ACTION_CLEAN]
non-hate",0,0.07908277213573456,0,0,0.06928612291812897,0,0,0.05820268765091896,0,0,0.07861986011266708,0,0,0.07896684855222702,0,0,0.0873706117272377,0,0,0.0764131247997284,0,0,0.06620790809392929,0,0,0.0672592744231224,0
626,non_hate_video_141.mp4,non_hate_video_141,train,0,"[SCENE]
This is a cartoon in which a apple is skateboarding on the hills

[ACTION]
9. Non-Hate

[SUBCATEGORIES]
['cartoon']

[PARENTLABELS]
['neutral']

[ACTION_CLEAN]
non-hate",0,0.07778244465589523,0,0,0.06558311730623245,0,0,0.05679689720273018,0,0,0.0775836780667305,0,0,0.08530156314373016,0,0,0.08747848123311996,0,0,0.07682789117097855,0,0,0.06611794978380203,0,0,0.06725417077541351,0
627,non_hate_video_142.mp4,non_hate_video_142,train,0,"[SCENE]
this is a news channel recording and the anchor is telling something about joe biden. the channel name is next news network and headline is chris coon toucher joe biden

[ACTION]
8. Age-Inappropriate Themes

[SUBCATEGORIES]
['news']

[PARENTLABELS]
['neutral']

[ACTION_CLEAN]
age-inappropriate themes",0,0.10351988673210144,0,0,0.10742632299661636,0,0,0.1256285309791565,0,0,0.11632418632507324,0,0,0.1052834615111351,0,0,0.10909636318683624,0,1,0.9443235397338867,1,0,0.1078837513923645,0,0,0.1212138831615448,0
628,non_hate_video_143.mp4,non_hate_video_143,test,0,"[SCENE]
A man is opening a can with a knife

[ACTION]
10. Scene

[SUBCATEGORIES]
['Non-Hate']

[PARENTLABELS]
['neutral']

[ACTION_CLEAN]
scene",0,0.2356090098619461,0,0,0.33985400199890137,0,0,0.2257191687822342,0,0,0.40126481652259827,0,0,0.9387021064758301,1,0,0.6125417351722717,0,0,0.11953908205032349,0,0,0.4376641809940338,0,0,0.23098091781139374,0
629,non_hate_video_144.mp4,non_hate_video_144,train,0,"[SCENE]
This is a scene from a cafe where a cusomer started fighting the staff. He started throwing punches

[ACTION]
1. Violence in Animation

[SUBCATEGORIES]
['Physical Fighting Scenes']

[PARENTLABELS]
['violence']

[ACTION_CLEAN]
violence in animation",0,0.0944078266620636,0,0,0.08445832878351212,0,0,0.07497154921293259,0,0,0.09893649071455002,0,1,0.9254640340805054,1,0,0.09153493493795395,0,0,0.09702606499195099,0,0,0.08971429616212845,0,0,0.08606752008199692,0
630,non_hate_video_144.mp4,non_hate_video_144,train,0,"[SCENE]
This is a scene of a cafe where a customer threw punch on a staff and then the staff started beating the shit out of that customer a lot of peoples are watching them.

[ACTION]
1. Violence in Animation

[SUBCATEGORIES]
['Physical Fighting Scenes']

[PARENTLABELS]
['violence']

[ACTION_CLEAN]
violence in animation",0,0.09518424421548843,0,0,0.08701936155557632,0,0,0.07751785963773727,0,0,0.0989796593785286,0,1,0.9277543425559998,1,0,0.09353210031986237,0,0,0.0982387512922287,0,0,0.08967239409685135,0,0,0.08830375969409943,0
631,non_hate_video_145.mp4,non_hate_video_145,train,0,"[SCENE]
A man was mocking a cop on the road side and after some time he pushed that guy and he fell on the ground

[ACTION]
1. Violence in Animation

[SUBCATEGORIES]
['Physical Fighting Scenes']

[PARENTLABELS]
['violence']

[ACTION_CLEAN]
violence in animation",0,0.09197086095809937,0,0,0.08397665619850159,0,0,0.0740380734205246,0,0,0.09816264361143112,0,1,0.9262019395828247,1,0,0.09339495748281479,0,0,0.09568849205970764,0,0,0.09218450635671616,0,0,0.0887996256351471,0
632,non_hate_video_146.mp4,non_hate_video_146,train,0,"[SCENE]
This video is recorded from the deck of the car there is a lot of snow lying of the road side but the weather is clear and sunny. A nice music is playing in the background

[ACTION]
10. Scene

[SUBCATEGORIES]
['Non-Hate']

[PARENTLABELS]
['neutral']

[ACTION_CLEAN]
scene",0,0.10170018672943115,0,0,0.07095560431480408,0,0,0.11603846400976181,0,0,0.07924333214759827,0,0,0.1138133555650711,0,0,0.23172926902770996,0,0,0.09184523671865463,0,0,0.06972169876098633,0,0,0.058947816491127014,0
633,non_hate_video_147.mp4,non_hate_video_147,test,0,"[SCENE]
A physically handicapped person is crawling on the ground and making weird noise. He is trying to pick up something that is lying on the ground and after picking it he said ooga booga

[ACTION]
10. Scene

[SUBCATEGORIES]
['Non-Hate']

[PARENTLABELS]
['neutral']

[ACTION_CLEAN]
scene",0,0.08184592425823212,0,1,0.06390803307294846,0,0,0.07676476985216141,0,0,0.17758826911449432,0,0,0.47707033157348633,1,1,0.4519878923892975,0,0,0.07510772347450256,0,0,0.11961495131254196,0,0,0.10375867038965225,0
634,non_hate_video_148.mp4,non_hate_video_148,val,0,"[SCENE]
This is a scene of a ocean where we can see a ship sailing and the sun is emerging from the horizon and creating a beautiful reflection on the sea

[ACTION]
10. Scene

[SUBCATEGORIES]
['Non-Hate']

[PARENTLABELS]
['neutral']

[ACTION_CLEAN]
scene",0,0.07382403314113617,0,0,0.06622286140918732,0,0,0.08758226037025452,0,0,0.08350886404514313,0,0,0.07962935417890549,0,0,0.12900449335575104,0,0,0.0677870512008667,0,0,0.06227511167526245,0,0,0.06254226714372635,0
635,non_hate_video_148.mp4,non_hate_video_148,val,0,"[SCENE]
A man opened a box type of thing and saw a bomb inside it and after that the bomb exploded instantly. The ship that was sailing in the ocean is exploded now.

[ACTION]
1. Violence in Animation

[SUBCATEGORIES]
['explosives']

[PARENTLABELS]
['violence']

[ACTION_CLEAN]
violence in animation",0,0.0918060913681984,0,0,0.08249878138303757,0,0,0.07439161837100983,0,0,0.09646811336278915,0,1,0.9200745820999146,1,0,0.09259172528982162,0,0,0.09598343819379807,0,0,0.08763181418180466,0,0,0.08641503751277924,0
636,non_hate_video_149.mp4,non_hate_video_149,train,0,"[SCENE]
A music is playing in the background and a banner is shown in which a cd player is shown on paper

[ACTION]
9. Non-Hate

[SUBCATEGORIES]
['music']

[PARENTLABELS]
['neutral']

[ACTION_CLEAN]
non-hate",0,0.08112232387065887,0,0,0.0696270540356636,0,0,0.05954551324248314,0,0,0.0773731917142868,0,0,0.07824548333883286,0,0,0.08435525745153427,0,0,0.07603824883699417,0,0,0.06565378606319427,0,0,0.0672990083694458,0
637,non_hate_video_150.mp4,non_hate_video_150,train,0,"[SCENE]
A lady is saying woe fay and it is shown from three different angles.

[ACTION]
9. Non-Hate

[SUBCATEGORIES]
['Non-Hate']

[PARENTLABELS]
['neutral']

[ACTION_CLEAN]
non-hate",0,0.08211004734039307,0,0,0.06953804194927216,0,0,0.05871155112981796,0,0,0.07766995579004288,0,0,0.07734398543834686,0,0,0.09171454608440399,0,0,0.07277540862560272,0,0,0.06606392562389374,0,0,0.06832166016101837,0
638,non_hate_video_151.mp4,non_hate_video_151,train,0,"[SCENE]
Two student are fighting in basket ball court in thich the guy in white tshirt threw the first punch then the other guy retreated so the first guy rushed and tossed him on the ground

[ACTION]
1. Violence in Animation

[SUBCATEGORIES]
['Physical Fighting Scenes']

[PARENTLABELS]
['violence']

[ACTION_CLEAN]
violence in animation",0,0.09367511421442032,0,0,0.08836212009191513,0,0,0.07538861036300659,0,0,0.09834576398134232,0,1,0.9258858561515808,1,0,0.09010686725378036,0,0,0.09952529519796371,0,0,0.09056253731250763,0,0,0.09011232107877731,0
639,non_hate_video_152.mp4,non_hate_video_152,train,0,"[SCENE]
The guy who is recording is chasing a person and the person is running away. There is a heading mentioning ""French hospitals in Paris""

[ACTION]
10. Scene

[SUBCATEGORIES]
['Chase']

[PARENTLABELS]
['neutral']

[ACTION_CLEAN]
scene",0,0.20323827862739563,0,0,0.22937050461769104,0,0,0.18533854186534882,0,0,0.35337018966674805,0,1,0.9119327664375305,1,1,0.9004145860671997,1,0,0.14724871516227722,0,0,0.4529089331626892,0,0,0.2281917780637741,0
640,non_hate_video_152.mp4,non_hate_video_152,train,0,"[SCENE]
A man is chasing the someone and for that he came out of the builiding where there are a lot of peoples wearing muslim caps are present. The headline is mentioning ""French hospitals in Paris""

[ACTION]
10. Scene

[SUBCATEGORIES]
['Chase']

[PARENTLABELS]
['neutral']

[ACTION_CLEAN]
scene",0,0.3643222153186798,0,0,0.5535967350006104,0,0,0.40138354897499084,0,0,0.319039911031723,0,1,0.9238386154174805,1,1,0.8446646332740784,1,0,0.12492816150188446,0,0,0.3948895037174225,0,0,0.21446414291858673,0
641,non_hate_video_153.mp4,non_hate_video_153,train,0,"[SCENE]
a person is playing guitar, but it seems like he is striking it not playing

[ACTION]
10. Scene

[SUBCATEGORIES]
['music']

[PARENTLABELS]
['neutral']

[ACTION_CLEAN]
scene",0,0.17250987887382507,0,0,0.16094869375228882,0,0,0.10188845545053482,0,0,0.23301047086715698,0,1,0.9443790912628174,1,0,0.4150366485118866,0,0,0.11293379217386246,0,0,0.23759494721889496,0,0,0.1531025767326355,0
642,non_hate_video_154.mp4,non_hate_video_154,train,0,"[SCENE]
A news anchor is delivering the news and his name is michael maely, he mentioned about another anchor named ashley and she is on the screen behind the first anchor

[ACTION]
10. Scene

[SUBCATEGORIES]
['news']

[PARENTLABELS]
['neutral']

[ACTION_CLEAN]
scene",0,0.08563051372766495,0,0,0.07601030170917511,0,0,0.09307587891817093,0,0,0.08429326862096786,0,0,0.09657210856676102,0,0,0.14720618724822998,0,0,0.0781683549284935,0,0,0.06377466768026352,0,0,0.06030649319291115,0
643,non_hate_video_154.mp4,non_hate_video_154,train,0,"[SCENE]
When the female news reporter was covering the news a guy came in front of mic and shouted i am the nigger and... then the video turned off

[ACTION]
10. Scene

[SUBCATEGORIES]
['news']

[PARENTLABELS]
['neutral']

[ACTION_CLEAN]
scene",1,0.9426164031028748,1,1,0.8665781021118164,1,1,0.8984516859054565,1,0,0.14580662548542023,0,0,0.17147932946681976,0,0,0.174666628241539,0,0,0.13316446542739868,0,0,0.1013495996594429,0,0,0.12395353615283966,0
644,non_hate_video_155.mp4,non_hate_video_155,train,0,"[SCENE]
A large gathering has occured at the ship deck. A ship is also present there and the lady who is recording is speaking something but the language is hard to understand

[ACTION]
10. Scene

[SUBCATEGORIES]
['news']

[PARENTLABELS]
['neutral']

[ACTION_CLEAN]
scene",0,0.08248654007911682,0,0,0.08516466617584229,0,0,0.11077820509672165,0,0,0.08463989943265915,0,0,0.08735578507184982,0,0,0.14508646726608276,0,0,0.062473807483911514,0,0,0.06380428373813629,0,0,0.05798792093992233,0
645,non_hate_video_156.mp4,non_hate_video_156,val,0,"[SCENE]
A music is playing (whisling and violin) and a record player is shown with Title is Monarch record is the title

[ACTION]
9. Non-Hate

[SUBCATEGORIES]
['music']

[PARENTLABELS]
['neutral']

[ACTION_CLEAN]
non-hate",0,0.08062193542718887,0,0,0.07047609984874725,0,0,0.05792674794793129,0,0,0.07678470760583878,0,0,0.07877543568611145,0,0,0.08380747586488724,0,0,0.0764712244272232,0,0,0.06580108404159546,0,0,0.06700454652309418,0
646,non_hate_video_157.mp4,non_hate_video_157,test,0,"[SCENE]
Two guys greated with hello and then said that this has happend in parliament

[ACTION]
9. Non-Hate

[SUBCATEGORIES]
['Non-Hate']

[PARENTLABELS]
['neutral']

[ACTION_CLEAN]
non-hate",0,0.07900805026292801,0,0,0.0689154714345932,0,0,0.05859751999378204,0,0,0.07579974830150604,0,0,0.0818428248167038,0,0,0.08994168043136597,0,0,0.0731186717748642,0,0,0.06476262956857681,0,0,0.06723378598690033,0
647,non_hate_video_157.mp4,non_hate_video_157,test,0,"[SCENE]
A lady is reading the speech in the parliament in front of a lot of peoples and she is talking about the foundation of education that is reading writing and arithmetics for three hours

[ACTION]
9. Non-Hate

[SUBCATEGORIES]
['Non-Hate']

[PARENTLABELS]
['neutral']

[ACTION_CLEAN]
non-hate",0,0.08073464781045914,0,0,0.07008568197488785,0,0,0.05865230783820152,0,0,0.07613211125135422,0,0,0.07939136028289795,0,0,0.08913904428482056,0,0,0.07248315960168839,0,0,0.06542803347110748,0,0,0.06700344383716583,0
648,non_hate_video_159.mp4,non_hate_video_159,train,0,"[SCENE]
A purple brick wall is visible and no games is written on it with purple font. In the background there is a music playing

[ACTION]
9. Non-Hate

[SUBCATEGORIES]
['Music']

[PARENTLABELS]
['neutral']

[ACTION_CLEAN]
non-hate",0,0.08249170333147049,0,0,0.0702584981918335,0,0,0.05804581195116043,0,0,0.07722998410463333,0,0,0.07803686708211899,0,0,0.08549341559410095,0,0,0.0763249546289444,0,0,0.06602151691913605,0,0,0.06849710643291473,0
649,non_hate_video_160.mp4,non_hate_video_160,train,0,"[SCENE]
a lot of peoples have gathered on the ground and it seems like they are fighting and we can hear constant screaming of a lady.

[ACTION]
9. Non-Hate

[SUBCATEGORIES]
['fight']

[PARENTLABELS]
['violence']

[ACTION_CLEAN]
non-hate",0,0.07820415496826172,0,0,0.06698961555957794,0,0,0.053318172693252563,0,0,0.07666700333356857,0,0,0.09175682067871094,0,0,0.09015600383281708,0,0,0.07236982136964798,0,0,0.06465867906808853,0,0,0.06480088084936142,0
650,non_hate_video_161.mp4,non_hate_video_161,test,0,"[SCENE]
it is a drone shot of a shop named Foot Locker and we can see a lot of destruction in front of the shop.

[ACTION]
10. Scene

[SUBCATEGORIES]
['destruction']

[PARENTLABELS]
['violence']

[ACTION_CLEAN]
scene",0,0.185739204287529,0,0,0.33106139302253723,0,0,0.26696300506591797,0,0,0.2548382580280304,0,1,0.8729850649833679,1,1,0.8946327567100525,1,0,0.18250592052936554,0,0,0.45242834091186523,0,0,0.23107442259788513,0
651,non_hate_video_162.mp4,non_hate_video_162,train,0,"[SCENE]
A book named The leftovers is placed on the table and it is rotating a sound is playing in the background and two person png is there at the bottom left corner

[ACTION]
9. Non-Hate

[SUBCATEGORIES]
['product preview']

[PARENTLABELS]
['neutral']

[ACTION_CLEAN]
non-hate",0,0.08006355911493301,0,0,0.06908752769231796,0,0,0.058440711349248886,0,0,0.07781992107629776,0,0,0.07931195944547653,0,0,0.08471164852380753,0,0,0.07805056869983673,0,0,0.06592292338609695,0,0,0.06740420311689377,0
652,non_hate_video_163.mp4,non_hate_video_163,train,0,"[SCENE]
It is the opening of a show named The nigger family and there is the text niggar first appeared then the family appeared. a voice is saying the niggar family in the background

[ACTION]
9. Non-Hate

[SUBCATEGORIES]
['Racism']

[PARENTLABELS]
['discrimination']

[ACTION_CLEAN]
non-hate",0,0.08752194792032242,0,0,0.07891526073217392,0,0,0.0605904683470726,0,0,0.07341291010379791,0,0,0.07599969953298569,0,0,0.07987326383590698,0,0,0.07632026821374893,0,0,0.06587796658277512,0,0,0.06477460265159607,0
653,non_hate_video_163.mp4,non_hate_video_163,train,0,"[SCENE]
A family is waving hands towards the camera, they are standing in front of the house and the video is black and white

[ACTION]
9. Non-Hate

[SUBCATEGORIES]
['Racism']

[PARENTLABELS]
['discrimination']

[ACTION_CLEAN]
non-hate",0,0.07951921969652176,0,0,0.07211199402809143,0,0,0.05610185116529465,0,0,0.07551466673612595,0,0,0.0823616161942482,0,0,0.08546148985624313,0,0,0.0752485916018486,0,0,0.06640073657035828,0,0,0.06699244678020477,0
654,non_hate_video_163.mp4,non_hate_video_163,train,0,"[SCENE]
The camera is zoomed into the house

[ACTION]
9. Non-Hate

[SUBCATEGORIES]
['Non-Hate']

[PARENTLABELS]
['neutral']

[ACTION_CLEAN]
non-hate",0,0.07728724926710129,0,0,0.06906582415103912,0,0,0.05794795975089073,0,0,0.07676563411951065,0,0,0.08196539431810379,0,0,0.09222645312547684,0,0,0.07275692373514175,0,0,0.06577511876821518,0,0,0.06744875758886337,0
655,non_hate_video_163.mp4,non_hate_video_163,train,0,"[SCENE]
a family is having dinner and the man is saying we are havimng a dinner party tonight. the video is black and white

[ACTION]
10. Scene

[SUBCATEGORIES]
['Non-Hate']

[PARENTLABELS]
['neutral']

[ACTION_CLEAN]
scene",0,0.07413847744464874,0,0,0.07187489420175552,0,0,0.09553562849760056,0,0,0.08689401298761368,0,0,0.0810370221734047,0,0,0.12405616044998169,0,0,0.06420623511075974,0,0,0.06554356962442398,0,0,0.0645846575498581,0
656,non_hate_video_164.mp4,non_hate_video_164,test,0,"[SCENE]
A musical intsrument is playing in the background and cool hollow capers is written on the book page. The author is Frank R. Gills. the book is black and white

[ACTION]
10. Scene

[SUBCATEGORIES]
['music']

[PARENTLABELS]
['neutral']

[ACTION_CLEAN]
scene",0,0.11350660026073456,0,0,0.11676933616399765,0,0,0.23607702553272247,0,0,0.07605763524770737,0,0,0.05786525085568428,0,0,0.11383261531591415,0,0,0.2591248154640198,0,0,0.06756427884101868,0,0,0.07567069679498672,0
657,non_hate_video_165.mp4,non_hate_video_165,val,0,"[SCENE]
The text InfoWars interview with Dr Steve Pieczenik November 5, 2020 Infowars.com is written in white colour on the black screen

[ACTION]
10. Scene

[SUBCATEGORIES]
['Non-Hate']

[PARENTLABELS]
['neutral']

[ACTION_CLEAN]
scene",0,0.5799903869628906,0,0,0.435953289270401,0,0,0.5421854257583618,0,0,0.11672472208738327,0,0,0.13798968493938446,0,0,0.132082998752594,0,0,0.20365653932094574,0,0,0.10656216740608215,0,0,0.15898104012012482,0
658,non_hate_video_165.mp4,non_hate_video_165,val,0,"[SCENE]
A person named Dr Steve Pieczenik is telling about their thoughts on the election

[ACTION]
10. Scene

[SUBCATEGORIES]
['Non-Hate']

[PARENTLABELS]
['neutral']

[ACTION_CLEAN]
scene",0,0.10154010355472565,0,0,0.0789344310760498,0,0,0.09845702350139618,0,0,0.0927865132689476,0,0,0.06887660920619965,0,0,0.19232749938964844,0,0,0.06017977371811867,0,0,0.07619395107030869,0,0,0.07534413784742355,0
659,non_hate_video_165.mp4,non_hate_video_165,val,0,"[SCENE]
This is a screenshot of a tweet written by David Burney on nov 4, 2020

[ACTION]
10. Scene

[SUBCATEGORIES]
['Non-Hate']

[PARENTLABELS]
['neutral']

[ACTION_CLEAN]
scene",0,0.08028436452150345,0,0,0.07407508045434952,0,0,0.09273494780063629,0,0,0.08412013947963715,0,0,0.06126120686531067,0,0,0.11493342369794846,0,0,0.064429372549057,0,0,0.06432429701089859,0,0,0.06112836301326752,0
660,non_hate_video_165.mp4,non_hate_video_165,val,0,"[SCENE]
Two peoples are talking on video conference and one is news reporter and other is the guest and the news channel name is infowars

[ACTION]
10. Scene

[SUBCATEGORIES]
['Non-Hate']

[PARENTLABELS]
['neutral']

[ACTION_CLEAN]
scene",0,0.10444007813930511,0,0,0.07232090830802917,0,0,0.10731200873851776,0,0,0.08154682070016861,0,0,0.06879082322120667,0,0,0.0961897149682045,0,0,0.09228365868330002,0,0,0.06772404164075851,0,0,0.06962712109088898,0
661,non_hate_video_166.mp4,non_hate_video_166,train,0,"[SCENE]
This is a scene of a bakery shop in which a lady wearing a red top and jacket looking very angry on someone and she jst threw somehing on that person. She is continuously abusing that person

[ACTION]
1. Violence in Animation

[SUBCATEGORIES]
['Physical Fighting Scenes']

[PARENTLABELS]
['violence']

[ACTION_CLEAN]
violence in animation",0,0.10148460417985916,0,0,0.08677206933498383,0,0,0.07557199150323868,0,0,0.10130975395441055,0,1,0.9276117086410522,1,0,0.08961938321590424,0,0,0.09658720344305038,0,0,0.09032964706420898,0,0,0.08903818577528,0
662,non_hate_video_166.mp4,non_hate_video_166,train,0,"[SCENE]
The lady is very angry on someone maybe another lady and constantly descirbing her as bitch and she is breaking stuffs like she just kicked a chair. she also has a kid with her

[ACTION]
1. Violence in Animation

[SUBCATEGORIES]
['Physical Fighting Scenes']

[PARENTLABELS]
['violence']

[ACTION_CLEAN]
violence in animation",0,0.09664776921272278,0,0,0.08760606497526169,0,0,0.07601666450500488,0,0,0.09862103313207626,0,1,0.9257999062538147,1,0,0.08907108753919601,0,0,0.09960512071847916,0,0,0.0896567776799202,0,0,0.09054259210824966,0
663,non_hate_video_167.mp4,non_hate_video_167,test,0,"[SCENE]
This is a screen recording of a facebook post in which there is an accident of two cars with one van there is also one trust stopped behind the car seems like the accident created a trafic jam

[ACTION]
10. Scene

[SUBCATEGORIES]
['accident']

[PARENTLABELS]
['neutral']

[ACTION_CLEAN]
scene",0,0.09952453523874283,0,0,0.08891071379184723,0,0,0.08405044674873352,0,0,0.17378804087638855,0,0,0.6190146207809448,1,0,0.7287699580192566,0,0,0.1608777940273285,0,0,0.15404696762561798,0,0,0.1396361142396927,0
664,non_hate_video_167.mp4,non_hate_video_167,test,0,"[SCENE]
The trafic created by accident is now clearing by moving from the sides of the vehicle

[ACTION]
10. Scene

[SUBCATEGORIES]
['accident']

[PARENTLABELS]
['neutral']

[ACTION_CLEAN]
scene",0,0.0733853429555893,0,0,0.09583697468042374,0,0,0.08624186366796494,0,0,0.17559830844402313,0,0,0.665385365486145,1,0,0.774412989616394,1,0,0.16817061603069305,0,0,0.2124071568250656,0,0,0.17097404599189758,0
665,non_hate_video_167.mp4,non_hate_video_167,test,0,"[SCENE]
Looks like the peoples from those cars are attacking the person who is recording and when the car moved forward they satreted chasing again

[ACTION]
10. Scene

[SUBCATEGORIES]
['attack']

[PARENTLABELS]
['violence']

[ACTION_CLEAN]
scene",0,0.26638394594192505,0,0,0.431437224149704,0,0,0.24412097036838531,0,1,0.4616124927997589,0,1,0.9362862706184387,1,1,0.8891356587409973,1,0,0.16065159440040588,0,0,0.6184978485107422,0,0,0.2708261013031006,0
666,non_hate_video_168.mp4,non_hate_video_168,train,0,"[SCENE]
In this clip there is a golden retriever dog and a cat behind it

[ACTION]
9. Non-Hate

[SUBCATEGORIES]
['Non-Hate']

[PARENTLABELS]
['neutral']

[ACTION_CLEAN]
non-hate",0,0.08023147284984589,0,0,0.0688619464635849,0,0,0.05836613103747368,0,0,0.07644958794116974,0,0,0.08002254366874695,0,0,0.0896737352013588,0,0,0.0740843340754509,0,0,0.0657985508441925,0,0,0.06791824102401733,0
667,non_hate_video_169.mp4,non_hate_video_169,train,0,"[SCENE]
A man who has parked a cycle at the wall is getting scolded by the guard and the guard is saying get out

[ACTION]
2. Verbal Abuse

[SUBCATEGORIES]
['Bullying Dialogues']

[PARENTLABELS]
['threat']

[ACTION_CLEAN]
verbal abuse",1,0.9229971766471863,1,0,0.11592645198106766,0,0,0.1318081021308899,0,0,0.11887796968221664,0,0,0.10776494443416595,0,0,0.10023297369480133,0,0,0.11775320023298264,0,0,0.09904114902019501,0,0,0.10558563470840454,0
668,non_hate_video_169.mp4,non_hate_video_169,train,0,"[SCENE]
The man is mocking the other person y playing a musical instrument in front of him and the other person is very angry

[ACTION]
2. Verbal Abuse

[SUBCATEGORIES]
['mocking']

[PARENTLABELS]
['neutral']

[ACTION_CLEAN]
verbal abuse",1,0.9215412735939026,1,0,0.11855920404195786,0,0,0.1317051351070404,0,0,0.11519549787044525,0,0,0.10551322996616364,0,0,0.10037249326705933,0,0,0.11505597829818726,0,0,0.09700559824705124,0,0,0.1047520637512207,0
669,non_hate_video_170.mp4,non_hate_video_170,train,0,"[SCENE]
A girl is playing with her pet cat where the cat is hiding and the girl is seeing her from the other side and making sounds like meow

[ACTION]
9. Non-Hate

[SUBCATEGORIES]
['Non-Hate']

[PARENTLABELS]
['neutral']

[ACTION_CLEAN]
non-hate",0,0.07888223230838776,0,0,0.06858190149068832,0,0,0.05795178934931755,0,0,0.07595008611679077,0,0,0.082161083817482,0,0,0.08991207927465439,0,0,0.07219154387712479,0,0,0.06456807255744934,0,0,0.06674785166978836,0
670,non_hate_video_171.mp4,non_hate_video_171,train,0,"[SCENE]
This is a game in which a player is shooting with bullets on another player and telling him ""move motherfucker"". a lot of blood is coming out

[ACTION]
1. Violence in Animation

[SUBCATEGORIES]
['Weapon Usage (Fantasy/Real)', ' 1.5. Blood/Gore Elements']

[PARENTLABELS]
['violence']

[ACTION_CLEAN]
violence in animation",0,0.09013663232326508,0,0,0.0888037160038948,0,0,0.07749854773283005,0,0,0.10077748447656631,0,1,0.9342597723007202,1,0,0.09717418998479843,0,0,0.10021936148405075,0,0,0.09253013879060745,0,0,0.09223460406064987,0
671,non_hate_video_172.mp4,non_hate_video_172,test,0,"[SCENE]
A person is singing a song and a image is shown with a text message written as There's a dark man coming with a bundle

[ACTION]
9. Non-Hate

[SUBCATEGORIES]
['Music']

[PARENTLABELS]
['neutral']

[ACTION_CLEAN]
non-hate",0,0.07806199789047241,0,0,0.0710553228855133,0,0,0.05839495360851288,0,0,0.07785779982805252,0,0,0.07810373604297638,0,0,0.08817467093467712,0,0,0.07473184913396835,0,0,0.06540414690971375,0,0,0.06691968441009521,0
672,non_hate_video_174.mp4,non_hate_video_174,train,0,"[SCENE]
A lady is greeting a man and then the man also greated the lady and then they focused the camera on themselves

[ACTION]
9. Non-Hate

[SUBCATEGORIES]
['Non-Hate', ' 9.3. Positive Encouragement']

[PARENTLABELS]
['neutral', 'threat']

[ACTION_CLEAN]
non-hate",0,0.08149060606956482,0,0,0.06956098228693008,0,0,0.05907120183110237,0,0,0.07452070713043213,0,0,0.08267602324485779,0,0,0.08734018355607986,0,0,0.072201669216156,0,0,0.06554009020328522,0,0,0.06714977324008942,0
673,non_hate_video_175.mp4,non_hate_video_175,train,0,"[SCENE]
a news reporter is covering news titled Black kentucky republican fires back on the channel named next news network

[ACTION]
10. Scene

[SUBCATEGORIES]
['News']

[PARENTLABELS]
['neutral']

[ACTION_CLEAN]
scene",0,0.08007156848907471,0,0,0.0736999362707138,0,0,0.08898890018463135,0,0,0.08653607219457626,0,0,0.08431447297334671,0,0,0.13136692345142365,0,0,0.0704384371638298,0,0,0.06738941371440887,0,0,0.06493917852640152,0
674,non_hate_video_176.mp4,non_hate_video_176,val,0,"[SCENE]
This is a screeen recording of snapchat and in this there is a guy who is recording the streets at night

[ACTION]
10. Scene

[SUBCATEGORIES]
['Non-Hate']

[PARENTLABELS]
['neutral']

[ACTION_CLEAN]
scene",0,0.07454901188611984,0,0,0.06519276648759842,0,0,0.08906654268503189,0,0,0.09467529505491257,0,0,0.14146257936954498,0,0,0.19277700781822205,0,0,0.06092458590865135,0,0,0.06800231337547302,0,0,0.06546878069639206,0
675,non_hate_video_176.mp4,non_hate_video_176,val,0,"[SCENE]
This is a screeen recording of snapchat in which a guy is recording the cops at night and saying say cheez

[ACTION]
10. Scene

[SUBCATEGORIES]
['Recording of cops']

[PARENTLABELS]
['neutral']

[ACTION_CLEAN]
scene",0,0.3063955008983612,0,0,0.26783156394958496,0,0,0.28605252504348755,0,0,0.09588643908500671,0,0,0.18109901249408722,0,0,0.4330090582370758,0,0,0.05518702417612076,0,0,0.08335048705339432,0,0,0.07214676588773727,0
676,non_hate_video_177.mp4,non_hate_video_177,train,0,"[SCENE]
In this clip there are a lot of peoples gathered near the gate of certain building. There is a lot of noice incoming from the crowd

[ACTION]
10. Scene

[SUBCATEGORIES]
['Crowd']

[PARENTLABELS]
['neutral']

[ACTION_CLEAN]
scene",0,0.07059045135974884,0,0,0.07087792456150055,0,0,0.09643275290727615,0,0,0.08344243466854095,0,0,0.09386731684207916,0,0,0.2154819518327713,0,0,0.06545690447092056,0,0,0.06315729767084122,0,0,0.06678222864866257,0
677,non_hate_video_177.mp4,non_hate_video_177,train,0,"[SCENE]
In this clip there is path in which a lot of peoples are walking and a lady shouted coward to one of the person in that crowd

[ACTION]
2. Verbal Abuse

[SUBCATEGORIES]
['Bully using words']

[PARENTLABELS]
['threat']

[ACTION_CLEAN]
verbal abuse",1,0.9207353591918945,1,0,0.11702142655849457,0,0,0.13119550049304962,0,0,0.11356794089078903,0,0,0.10599856823682785,0,0,0.10283688455820084,0,0,0.11405953764915466,0,0,0.09728201478719711,0,0,0.1046409010887146,0
678,non_hate_video_178.mp4,non_hate_video_178,train,0,"[SCENE]
A black guy has put his face in the ass of a cow and there is some disgusting sound coming

[ACTION]
non_hate_video_176

[SUBCATEGORIES]
['Disgusting behaviour by man']

[PARENTLABELS]
['neutral']

[ACTION_CLEAN]
non_hate_video_176",0,0.08511333912611008,0,0,0.0667022317647934,0,0,0.061328619718551636,0,0,0.07351631671190262,0,0,0.10088660567998886,0,0,0.09546364098787308,0,0,0.09041718393564224,0,0,0.06133420765399933,0,0,0.06680050492286682,0
679,non_hate_video_178.mp4,non_hate_video_178,train,0,"[SCENE]
A black guy has put his face in the ass of a cow and there is some disgusting sound coming

[ACTION]
4. Psychological Elements

[SUBCATEGORIES]
['Disgusting behaviour by man']

[PARENTLABELS]
['neutral']

[ACTION_CLEAN]
psychological elements",0,0.15201416611671448,0,0,0.14440429210662842,0,0,0.1565013974905014,0,0,0.20232269167900085,0,0,0.1356528103351593,0,1,0.9206804633140564,1,0,0.15449243783950806,0,0,0.13698293268680573,0,0,0.15724395215511322,0
680,non_hate_video_180.mp4,non_hate_video_180,val,0,"[SCENE]
This is a screen recording of snapchat in which an american political leader is standing in the crowd and said something then the whole crowd started shouting.

[ACTION]
9. Non-Hate

[SUBCATEGORIES]
['Non-Hate']

[PARENTLABELS]
['neutral']

[ACTION_CLEAN]
non-hate",0,0.08045550435781479,0,0,0.06950434297323227,0,0,0.05883842334151268,0,0,0.07667720317840576,0,0,0.08048029989004135,0,0,0.08983206748962402,0,0,0.07206185907125473,0,0,0.06533841788768768,0,0,0.06710708886384964,0
681,non_hate_video_181.mp4,non_hate_video_181,test,0,"[SCENE]
In this clip a guy asked something to a person who is sitting in the car and the car guy replied

[ACTION]
10. Scene

[SUBCATEGORIES]
['Recording']

[PARENTLABELS]
['neutral']

[ACTION_CLEAN]
scene",0,0.06452500820159912,0,0,0.06922420859336853,0,0,0.0890626311302185,0,0,0.0932990238070488,0,0,0.10021533817052841,0,0,0.13585388660430908,0,0,0.05676428601145744,0,0,0.06330182403326035,0,0,0.05630391836166382,0
682,non_hate_video_182.mp4,non_hate_video_182,test,0,"[SCENE]
cops are arresting someone

[ACTION]
10. Scene

[SUBCATEGORIES]
['Recording']

[PARENTLABELS]
['neutral']

[ACTION_CLEAN]
scene",0,0.13280673325061798,0,0,0.22849522531032562,0,0,0.09010716527700424,0,0,0.26191383600234985,0,1,0.3375920057296753,0,0,0.4737352430820465,0,0,0.08077327162027359,0,0,0.20805752277374268,0,0,0.09921073168516159,0
683,non_hate_video_183.mp4,non_hate_video_183,test,0,"[SCENE]
cops are cathing theif on the street. The cops are in black uniform and the theif is in orange uniform

[ACTION]
1. Violence in Animation

[SUBCATEGORIES]
['Physical Fighting Scenes']

[PARENTLABELS]
['violence']

[ACTION_CLEAN]
violence in animation",0,0.09023943543434143,0,0,0.08050470799207687,0,0,0.07405595481395721,0,0,0.09660268574953079,0,1,0.9158055782318115,1,0,0.08887879550457001,0,0,0.09855128079652786,0,0,0.08704211562871933,0,0,0.08712229132652283,0
684,non_hate_video_184.mp4,non_hate_video_184,val,0,"[SCENE]
Two mans are beating one person on the street at night and there is a car parked at the road side and one guy did a suplex move and other jumped on hoim

[ACTION]
1. Violence in Animation

[SUBCATEGORIES]
['Physical Fighting Scenes']

[PARENTLABELS]
['violence']

[ACTION_CLEAN]
violence in animation",0,0.09593431651592255,0,0,0.0867471992969513,0,0,0.07579152286052704,0,0,0.09625715762376785,0,1,0.9243422150611877,1,0,0.09006115794181824,0,0,0.09856867045164108,0,0,0.09018111974000931,0,0,0.08863618969917297,0
685,non_hate_video_185.mp4,non_hate_video_185,train,0,"[SCENE]
A black man is arguing with a white bald man on the street in bright day light

[ACTION]
2. Verbal Abuse

[SUBCATEGORIES]
['verbal argument']

[PARENTLABELS]
['threat']

[ACTION_CLEAN]
verbal abuse",1,0.9214590191841125,1,0,0.1142617017030716,0,0,0.1287284642457962,0,0,0.11679057031869888,0,0,0.10787162184715271,0,0,0.1014128103852272,0,0,0.1190694123506546,0,0,0.09716446697711945,0,0,0.10550481826066971,0
686,non_hate_video_185.mp4,non_hate_video_185,train,0,"[SCENE]
The black man was speaking something to the white man and then the white man arrested the black guy and another man joined him to arrest

[ACTION]
10. Scene

[SUBCATEGORIES]
['arrest']

[PARENTLABELS]
['neutral']

[ACTION_CLEAN]
scene",0,0.1706617772579193,0,1,0.8374059200286865,1,0,0.3101330101490021,0,0,0.11106962710618973,0,0,0.22385652363300323,0,0,0.1942925900220871,0,0,0.06035856902599335,0,0,0.10748172551393509,0,0,0.06536116451025009,0
687,non_hate_video_186.mp4,non_hate_video_186,train,0,"[SCENE]
a girl opened her phone camera and started recording the street. there is loud argument noise coming in backgroud

[ACTION]
10. Scene

[SUBCATEGORIES]
['nonhate']

[PARENTLABELS]
['neutral']

[ACTION_CLEAN]
scene",0,0.2751566171646118,0,0,0.17705652117729187,0,0,0.17612005770206451,0,0,0.23900394141674042,0,0,0.4059235453605652,1,1,0.9240044951438904,1,0,0.14330832660198212,0,0,0.2239888459444046,0,0,0.19407734274864197,0
688,non_hate_video_186.mp4,non_hate_video_186,train,0,"[SCENE]
a car rushed from a turn and moved towards the cameraman and public and collided with a person

[ACTION]
10. Scene

[SUBCATEGORIES]
['accident']

[PARENTLABELS]
['neutral']

[ACTION_CLEAN]
scene",0,0.10555870831012726,0,0,0.16400006413459778,0,0,0.11794037371873856,0,0,0.2807635962963104,0,1,0.8735453486442566,1,1,0.8520727157592773,1,0,0.16405420005321503,0,0,0.41484299302101135,0,0,0.20972798764705658,0
689,non_hate_video_189.mp4,non_hate_video_189,train,0,"[SCENE]
this is a music video in which the artist logo is animationg the vvideo is black and white

[ACTION]
10. Scene

[SUBCATEGORIES]
['music']

[PARENTLABELS]
['neutral']

[ACTION_CLEAN]
scene",0,0.0875115618109703,0,0,0.05374719575047493,0,0,0.12922905385494232,0,0,0.0891527533531189,0,0,0.11255880445241928,0,0,0.08073943108320236,0,0,0.13376587629318237,0,0,0.0703076496720314,0,0,0.06785501539707184,0
690,non_hate_video_190.mp4,non_hate_video_190,train,0,"[SCENE]
A news article is previewing that a 18 year old mislima claims to have left as she is jailed for life

[ACTION]
10. Scene

[SUBCATEGORIES]
['news article']

[PARENTLABELS]
['neutral']

[ACTION_CLEAN]
scene",0,0.13802634179592133,0,0,0.2250707447528839,0,0,0.20622499287128448,0,0,0.4268855154514313,0,0,0.30725616216659546,0,1,0.8654113411903381,1,0,0.16109111905097961,0,0,0.275839239358902,0,0,0.1881571114063263,0
691,non_hate_video_191.mp4,non_hate_video_191,train,0,"[SCENE]
a guy is showing his screen in which he has written code and showing preview of it

[ACTION]
9. Non-Hate

[SUBCATEGORIES]
['Non-Hate', ' screen']

[PARENTLABELS]
['neutral']

[ACTION_CLEAN]
non-hate",0,0.07966013252735138,0,0,0.06847097724676132,0,0,0.05865858867764473,0,0,0.07499200105667114,0,0,0.08144623786211014,0,0,0.08873403817415237,0,0,0.07320451736450195,0,0,0.0645613893866539,0,0,0.06676659733057022,0
692,non_hate_video_192.mp4,non_hate_video_192,train,0,"[SCENE]
a man is speaking something and photo of arthur collins is showing.

[ACTION]
9. Non-Hate

[SUBCATEGORIES]
['Non-Hate']

[PARENTLABELS]
['neutral']

[ACTION_CLEAN]
non-hate",0,0.08103872835636139,0,0,0.06882931292057037,0,0,0.057804349809885025,0,0,0.07735461741685867,0,0,0.07817213982343674,0,0,0.08805853873491287,0,0,0.0749688670039177,0,0,0.0660010576248169,0,0,0.06880324333906174,0
693,non_hate_video_195.mp4,non_hate_video_195,train,0,"[SCENE]
music is playing and album name is present with site domain columbia phonograph.com

[ACTION]
9. Non-Hate

[SUBCATEGORIES]
['music']

[PARENTLABELS]
['neutral']

[ACTION_CLEAN]
non-hate",0,0.08109568804502487,0,0,0.06937845796346664,0,0,0.0589604489505291,0,0,0.07775561511516571,0,0,0.07652606815099716,0,0,0.08571931719779968,0,0,0.07848138362169266,0,0,0.0652257651090622,0,0,0.06739857792854309,0
694,non_hate_video_198.mp4,non_hate_video_198,train,0,"[SCENE]
this is a scene from a podcast named the jlp show in which the host is thanking someone for calling

[ACTION]
10. Scene

[SUBCATEGORIES]
['podcast']

[PARENTLABELS]
['neutral']

[ACTION_CLEAN]
scene",0,0.08153808861970901,0,0,0.08911103755235672,0,0,0.10458989441394806,0,0,0.08587003499269485,0,0,0.08615250885486603,0,0,0.13062620162963867,0,0,0.061116285622119904,0,0,0.07022474706172943,0,0,0.06345903873443604,0
695,non_hate_video_199.mp4,non_hate_video_199,train,0,"[SCENE]
music is playing and album name is present

[ACTION]
10. Scene

[SUBCATEGORIES]
['music']

[PARENTLABELS]
['neutral']

[ACTION_CLEAN]
scene",0,0.08358430862426758,0,0,0.05425053834915161,0,0,0.09888512641191483,0,0,0.09098327904939651,0,0,0.10432350635528564,0,0,0.12826621532440186,0,0,0.0840286985039711,0,0,0.07408077269792557,0,0,0.05999055504798889,0
696,non_hate_video_210.mp4,non_hate_video_210,train,0,"[SCENE]
peoples have made human chain protessting about something in the middle of road. They are singing some song

[ACTION]
10. Scene

[SUBCATEGORIES]
['protest']

[PARENTLABELS]
['neutral']

[ACTION_CLEAN]
scene",0,0.09032522141933441,0,0,0.06729317456483841,0,0,0.11504430323839188,0,0,0.0811007022857666,0,0,0.10634129494428635,0,0,0.13195425271987915,0,0,0.07510576397180557,0,0,0.06623990088701248,0,0,0.05656011402606964,0
697,non_hate_video_210.mp4,non_hate_video_210,train,0,"[SCENE]
A man attacked the cameraman and hit his camera and the camera fell down

[ACTION]
1. Violence in Animation

[SUBCATEGORIES]
['Physical Fighting Scenes']

[PARENTLABELS]
['violence']

[ACTION_CLEAN]
violence in animation",0,0.09334699809551239,0,0,0.08208001405000687,0,0,0.07514413446187973,0,0,0.09893074631690979,0,1,0.9263326525688171,1,0,0.09192048013210297,0,0,0.0978066697716713,0,0,0.09174684435129166,0,0,0.08946924656629562,0
698,non_hate_video_211.mp4,non_hate_video_211,train,0,"[SCENE]
this is a scene of a jungle in which three peoples are watching from the bush

[ACTION]
10. Scene

[SUBCATEGORIES]
['animal rescuers']

[PARENTLABELS]
['neutral']

[ACTION_CLEAN]
scene",0,0.062120452523231506,0,0,0.10944456607103348,0,0,0.10962372273206711,0,0,0.08401411026716232,0,0,0.13160724937915802,0,0,0.24271255731582642,0,0,0.061710432171821594,0,0,0.06789430975914001,0,0,0.06080539897084236,0
699,non_hate_video_212.mp4,non_hate_video_212,test,0,"[SCENE]
A people is opening a fence and going in the farm wearing a blue tshirt written animal rescuers on it and another guy is following him

[ACTION]
10. Scene

[SUBCATEGORIES]
['animal rescuers']

[PARENTLABELS]
['neutral']

[ACTION_CLEAN]
scene",0,0.07913396507501602,0,0,0.11935995519161224,0,0,0.13417242467403412,0,0,0.16022029519081116,0,0,0.21724824607372284,0,0,0.5871924161911011,0,0,0.07949888706207275,0,0,0.10010477900505066,0,0,0.10133463144302368,0
700,non_hate_video_213.mp4,non_hate_video_213,train,0,"[SCENE]
A complete family is sitting on dining table and eating dinner together and sining some song

[ACTION]
9. Non-Hate

[SUBCATEGORIES]
['Non-Hate', ' family']

[PARENTLABELS]
['neutral']

[ACTION_CLEAN]
non-hate",0,0.08034470677375793,0,0,0.06762026250362396,0,0,0.05795563384890556,0,0,0.07506439089775085,0,0,0.08454477787017822,0,0,0.08770814538002014,0,0,0.07278680056333542,0,0,0.06590703874826431,0,0,0.06716565787792206,0
701,non_hate_video_214.mp4,non_hate_video_214,train,0,"[SCENE]
This is a photograph of a man wearing a white tshirt and some audio is playing

[ACTION]
9. Non-Hate

[SUBCATEGORIES]
['Non-Hate']

[PARENTLABELS]
['neutral']

[ACTION_CLEAN]
non-hate",0,0.07991817593574524,0,0,0.06897962838411331,0,0,0.05929025262594223,0,0,0.07572117447853088,0,0,0.07941382378339767,0,0,0.08934887498617172,0,0,0.073480986058712,0,0,0.0651489645242691,0,0,0.06748304516077042,0
702,non_hate_video_218.mp4,non_hate_video_218,val,0,"[SCENE]
This is a cctv recoding of a shop in which a lady is on the billing and a man in white vest

[ACTION]
9. Non-Hate

[SUBCATEGORIES]
['Non-Hate']

[PARENTLABELS]
['neutral']

[ACTION_CLEAN]
non-hate",0,0.07943738996982574,0,0,0.06965260952711105,0,0,0.05899239331483841,0,0,0.07613956928253174,0,0,0.07896607369184494,0,0,0.08868429809808731,0,0,0.07446245849132538,0,0,0.06586217135190964,0,0,0.06788623332977295,0
703,non_hate_video_220.mp4,non_hate_video_220,test,0,"[SCENE]
A guy standing attacked a guys sitting on the bench and constantly hitting the guy with punches

[ACTION]
1. Violence in Animation

[SUBCATEGORIES]
['Physical Fighting Scenes']

[PARENTLABELS]
['violence']

[ACTION_CLEAN]
violence in animation",0,0.09586595743894577,0,0,0.08585510402917862,0,0,0.07497819513082504,0,0,0.09935466945171356,0,1,0.9263707995414734,1,0,0.09055989980697632,0,0,0.0975240096449852,0,0,0.09208523482084274,0,0,0.08807488530874252,0
704,non_hate_video_221.mp4,non_hate_video_221,train,0,"[SCENE]
Two guys are fighting and a lot of peoples are watching them. One guy is completely dominating and punching the other guy

[ACTION]
1. Violence in Animation

[SUBCATEGORIES]
['Physical Fighting Scenes']

[PARENTLABELS]
['violence']

[ACTION_CLEAN]
violence in animation",0,0.09303414076566696,0,0,0.0837584063410759,0,0,0.07481234520673752,0,0,0.09926476329565048,0,1,0.9268169403076172,1,0,0.09515829384326935,0,0,0.09738006442785263,0,0,0.08973183482885361,0,0,0.08719272166490555,0
705,non_hate_video_222.mp4,non_hate_video_222,train,0,"[SCENE]
An anchor is covering the news in the night time. The news is live

[ACTION]
10. Scene

[SUBCATEGORIES]
['News']

[PARENTLABELS]
['neutral']

[ACTION_CLEAN]
scene",0,0.07884853333234787,0,0,0.05989101529121399,0,0,0.08670803159475327,0,0,0.1032630205154419,0,0,0.09070384502410889,0,0,0.15538007020950317,0,0,0.07686245441436768,0,0,0.06842248141765594,0,0,0.06224706768989563,0
706,non_hate_video_224.mp4,non_hate_video_224,train,0,"[SCENE]
A music is playing and the cover of the music allbum is shown in the video

[ACTION]
9. Non-Hate

[SUBCATEGORIES]
['Music']

[PARENTLABELS]
['neutral']

[ACTION_CLEAN]
non-hate",0,0.07873416692018509,0,0,0.07039859145879745,0,0,0.059083666652441025,0,0,0.07729324698448181,0,0,0.07914533466100693,0,0,0.08588806539773941,0,0,0.07656817883253098,0,0,0.06522248685359955,0,0,0.06744410842657089,0
707,non_hate_video_225.mp4,non_hate_video_225,train,0,"[SCENE]
The women saw someone on the streat and she became furious and started attacking him.She threw her child on him

[ACTION]
1. Violence in Animation

[SUBCATEGORIES]
['Physical Fighting Scenes']

[PARENTLABELS]
['violence']

[ACTION_CLEAN]
violence in animation",0,0.09734027087688446,0,0,0.08597105741500854,0,0,0.07337576150894165,0,0,0.09756148606538773,0,1,0.9249100685119629,1,0,0.09078749269247055,0,0,0.09586647152900696,0,0,0.08982447534799576,0,0,0.08665195107460022,0
708,non_hate_video_226.mp4,non_hate_video_226,train,0,"[SCENE]
A guy grabbed a old lady by her dress and spinned her in the middle of street. The old lady is scared and screaming with fear

[ACTION]
1. Violence in Animation

[SUBCATEGORIES]
['Fear', ' Trauma']

[PARENTLABELS]
['fear']

[ACTION_CLEAN]
violence in animation",0,0.09391146153211594,0,0,0.08595538139343262,0,0,0.07546155154705048,0,0,0.0966603010892868,0,1,0.9294537305831909,1,0,0.09946765750646591,0,0,0.09451840072870255,0,0,0.09148669987916946,0,0,0.09257939457893372,0
709,non_hate_video_229.mp4,non_hate_video_229,train,0,"[SCENE]
A black man in a public transport pullled out his private part and showing it in public

[ACTION]
5. Inappropriate Content

[SUBCATEGORIES]
['Adult References']

[PARENTLABELS]
['sexual']

[ACTION_CLEAN]
inappropriate content",0,0.10521502792835236,0,0,0.09254199266433716,0,0,0.10868573188781738,0,0,0.12076514959335327,0,0,0.10912160575389862,0,0,0.10517601668834686,0,1,0.9378277063369751,1,0,0.10741282999515533,0,0,0.11454266309738159,0
710,non_hate_video_232.mp4,non_hate_video_232,train,0,"[SCENE]
A man is opening his door then suddenly another person came and attacked him from behind and started hitting him

[ACTION]
1. Violence in Animation

[SUBCATEGORIES]
['Physical Fighting Scenes']

[PARENTLABELS]
['violence']

[ACTION_CLEAN]
violence in animation",0,0.09703399986028671,0,0,0.0857992097735405,0,0,0.07382115721702576,0,0,0.09832760691642761,0,1,0.9259316921234131,1,0,0.0900329127907753,0,0,0.09523127973079681,0,0,0.09133727103471756,0,0,0.08698364347219467,0
711,non_hate_video_234.mp4,non_hate_video_234,train,0,"[SCENE]
Some mens are kneed down on the street side the road is busy and a lot of people are watching them. this is happeing in broad day light

[ACTION]
10. Scene

[SUBCATEGORIES]
['Looks like punishment']

[PARENTLABELS]
['neutral']

[ACTION_CLEAN]
scene",0,0.26751863956451416,0,0,0.42205721139907837,0,0,0.3667280673980713,0,0,0.3178742527961731,0,0,0.4043835699558258,1,1,0.9096917510032654,1,0,0.12209045886993408,0,0,0.36551904678344727,0,0,0.23080602288246155,0
712,non_hate_video_235.mp4,non_hate_video_235,train,0,"[SCENE]
Police man attacked the culprit with a taser gun and the culprit fell down. This happened at night in the park

[ACTION]
1. Violence in Animation

[SUBCATEGORIES]
['Weapon Usage (Fantasy/Real)']

[PARENTLABELS]
['violence']

[ACTION_CLEAN]
violence in animation",0,0.08946114778518677,0,0,0.08263202011585236,0,0,0.07338592410087585,0,0,0.09633062779903412,0,1,0.9197273850440979,1,0,0.08930779993534088,0,0,0.09958739578723907,0,0,0.090125173330307,0,0,0.09072183817625046,0
713,non_hate_video_238.mp4,non_hate_video_238,train,0,"[SCENE]
This is a music video in which the details of the music is written like name is Moving days(recorded 1906) authur is Collins and etc there is his picture too

[ACTION]
9. Non-Hate

[SUBCATEGORIES]
['music']

[PARENTLABELS]
['neutral']

[ACTION_CLEAN]
non-hate",0,0.07854794710874557,0,0,0.06963518261909485,0,0,0.059202890843153,0,0,0.07657837867736816,0,0,0.07757771760225296,0,0,0.0844210609793663,0,0,0.0791059136390686,0,0,0.06576495617628098,0,0,0.06649240106344223,0
714,non_hate_video_239.mp4,non_hate_video_239,train,0,"[SCENE]
The scene is of a park in the day light in which some kids are sitting in group and someone said nigger so the cameraman is asking who said nigger and if he know the meaning of it

[ACTION]
10. Scene

[SUBCATEGORIES]
['Kids discussion']

[PARENTLABELS]
['neutral']

[ACTION_CLEAN]
scene",1,0.9371293187141418,1,1,0.8532553911209106,1,1,0.8937652707099915,1,0,0.13567231595516205,0,0,0.16481918096542358,0,0,0.1791711151599884,0,0,0.14744064211845398,0,0,0.09778966754674911,0,0,0.11892912536859512,0
715,non_hate_video_243.mp4,non_hate_video_243,train,0,"[SCENE]
music is playing and a poster is shown on the the screen

[ACTION]
9. Non-Hate

[SUBCATEGORIES]
['Music']

[PARENTLABELS]
['neutral']

[ACTION_CLEAN]
non-hate",0,0.07969722896814346,0,0,0.06910651177167892,0,0,0.05876515805721283,0,0,0.07770635932683945,0,0,0.07997456938028336,0,0,0.08635450899600983,0,0,0.07601401954889297,0,0,0.0658881664276123,0,0,0.06736475229263306,0
716,non_hate_video_245.mp4,non_hate_video_245,train,0,"[SCENE]
A man is wearing a funcky outfit and listening to a person very calmly

[ACTION]
9. Non-Hate

[SUBCATEGORIES]
['Non-Hate']

[PARENTLABELS]
['neutral']

[ACTION_CLEAN]
non-hate",0,0.07977858185768127,0,0,0.06887207925319672,0,0,0.058110374957323074,0,0,0.07630796730518341,0,0,0.08100751787424088,0,0,0.09102868288755417,0,0,0.07221700996160507,0,0,0.06510133296251297,0,0,0.06734587997198105,0
717,non_hate_video_246.mp4,non_hate_video_246,train,0,"[SCENE]
This is a music video in which a guy is doing some sort of funny dance step and the music is playing

[ACTION]
9. Non-Hate

[SUBCATEGORIES]
['Non-Hate', ' Music']

[PARENTLABELS]
['neutral']

[ACTION_CLEAN]
non-hate",0,0.07994682341814041,0,0,0.06924663484096527,0,0,0.05903493985533714,0,0,0.07482363283634186,0,0,0.0815991461277008,0,0,0.087582528591156,0,0,0.07410912215709686,0,0,0.06460000574588776,0,0,0.0675075352191925,0
718,non_hate_video_246.mp4,non_hate_video_246,train,0,"[SCENE]
This is a music video in which a guy is doing some sort of funny dance step and the music is playing

[ACTION]
9. Non-Hate

[SUBCATEGORIES]
['Non-Hate', ' Music']

[PARENTLABELS]
['neutral']

[ACTION_CLEAN]
non-hate",0,0.07994682341814041,0,0,0.06924663484096527,0,0,0.05903493985533714,0,0,0.07482363283634186,0,0,0.0815991461277008,0,0,0.087582528591156,0,0,0.07410912215709686,0,0,0.06460000574588776,0,0,0.0675075352191925,0
719,non_hate_video_248.mp4,non_hate_video_248,train,0,"[SCENE]
Two news reporters are covering the news on the channel fox 10. in this clip there are two big screen in which videos are playing There is a text below written shoot or dont shoot

[ACTION]
9. Non-Hate

[SUBCATEGORIES]
['Non-Hate']

[PARENTLABELS]
['neutral']

[ACTION_CLEAN]
non-hate",0,0.08186989277601242,0,0,0.06914667785167694,0,0,0.0591643825173378,0,0,0.076792411506176,0,0,0.07764837890863419,0,0,0.08919006586074829,0,0,0.07187650352716446,0,0,0.0650995671749115,0,0,0.06749238073825836,0
720,non_hate_video_248.mp4,non_hate_video_248,train,0,"[SCENE]
A news reporters are covering the news on the channel fox 10. in this clip there are two peoples fighting on the street and a police officer is moving towards them. The two peoples are pushing each other

[ACTION]
1. Violence in Animation

[SUBCATEGORIES]
['Physical Fighting Scenes']

[PARENTLABELS]
['violence']

[ACTION_CLEAN]
violence in animation",0,0.08863262832164764,0,0,0.08533696830272675,0,0,0.07539071142673492,0,0,0.09836430847644806,0,1,0.9242230653762817,1,0,0.09386841207742691,0,0,0.09813223779201508,0,0,0.09091056138277054,0,0,0.08888537436723709,0
721,non_hate_video_248.mp4,non_hate_video_248,train,0,"[SCENE]
in this clip there is a police attacking a buglar ont the stree and captured him. the whole thing is being broadcasted on the Fox 10 news channel

[ACTION]
1. Violence in Animation

[SUBCATEGORIES]
['Physical Fighting Scenes', ' 1.3. Weapon Usage (Fantasy/Real)']

[PARENTLABELS]
['violence']

[ACTION_CLEAN]
violence in animation",0,0.08576659858226776,0,0,0.08595801889896393,0,0,0.07501494139432907,0,0,0.09663204848766327,0,1,0.923854410648346,1,0,0.09325211495161057,0,0,0.09972575306892395,0,0,0.0898595079779625,0,0,0.08905137330293655,0
722,non_hate_video_248.mp4,non_hate_video_248,train,0,"[SCENE]
A man is giving interview on news channel Fox 10

[ACTION]
9. Non-Hate

[SUBCATEGORIES]
['Non-Hate']

[PARENTLABELS]
['neutral']

[ACTION_CLEAN]
non-hate",0,0.07831606268882751,0,0,0.07007328420877457,0,0,0.057532962411642075,0,0,0.07660575956106186,0,0,0.08195579797029495,0,0,0.09165200591087341,0,0,0.07154075801372528,0,0,0.06572001427412033,0,0,0.06699350476264954,0
723,non_hate_video_249.mp4,non_hate_video_249,train,0,"[SCENE]
This is a scene from a mess or something like that where the whole crowd is fighting with each other.

[ACTION]
1. Violence in Animation

[SUBCATEGORIES]
['Physical Fighting Scenes']

[PARENTLABELS]
['violence']

[ACTION_CLEAN]
violence in animation",0,0.08993791043758392,0,0,0.08209219574928284,0,0,0.07531093806028366,0,0,0.0955921858549118,0,1,0.9211689233779907,1,0,0.09142331033945084,0,0,0.09844593703746796,0,0,0.08627118915319443,0,0,0.08629970997571945,0
724,non_hate_video_250.mp4,non_hate_video_250,train,0,"[SCENE]
Two naked peoples is carrying a corpse on their sholder

[ACTION]
10. Scene

[SUBCATEGORIES]
['Non-Hate']

[PARENTLABELS]
['neutral']

[ACTION_CLEAN]
scene",0,0.05188616365194321,0,0,0.062330394983291626,0,0,0.07562974840402603,0,0,0.09562424570322037,0,0,0.14947141706943512,0,0,0.16473805904388428,0,0,0.08252624422311783,0,0,0.0660606175661087,0,0,0.06779354810714722,0
725,non_hate_video_251.mp4,non_hate_video_251,train,0,"[SCENE]
The camera man is showing the deck of a car and the hat placed on it. The car is moving on a bright sunny day

[ACTION]
10. Scene

[SUBCATEGORIES]
['Non-Hate']

[PARENTLABELS]
['neutral']

[ACTION_CLEAN]
scene",0,0.08088386803865433,0,0,0.0805986076593399,0,0,0.10817228257656097,0,0,0.08726164698600769,0,0,0.06263499706983566,0,0,0.13923515379428864,0,0,0.0656871646642685,0,0,0.06347346305847168,0,0,0.0628829374909401,0
726,non_hate_video_251.mp4,non_hate_video_251,train,0,"[SCENE]
The cameraman is showing the other car which is moving on the street in a bright sunny day

[ACTION]
10. Scene

[SUBCATEGORIES]
['Non-Hate']

[PARENTLABELS]
['neutral']

[ACTION_CLEAN]
scene",0,0.07151717692613602,0,0,0.06838015466928482,0,0,0.0860837921500206,0,0,0.09383068233728409,0,0,0.07488247752189636,0,0,0.13321635127067566,0,0,0.058128755539655685,0,0,0.06710902601480484,0,0,0.06399612128734589,0
727,non_hate_video_255.mp4,non_hate_video_255,test,0,"[SCENE]
A lady is standing on the stage and speaking something in the mic and then she pointed towards someone

[ACTION]
10. Scene

[SUBCATEGORIES]
['Non-Hate']

[PARENTLABELS]
['neutral']

[ACTION_CLEAN]
scene",0,0.07980208843946457,0,0,0.06647195667028427,0,0,0.08712581545114517,0,0,0.09255196154117584,0,0,0.06876865774393082,0,0,0.12043137848377228,0,0,0.0600370429456234,0,0,0.06416317075490952,0,0,0.06300505995750427,0
728,non_hate_video_255.mp4,non_hate_video_255,test,0,"[SCENE]
Someone from the crowd standed and started speaking The whole audience is visible in this frame

[ACTION]
10. Scene

[SUBCATEGORIES]
['Non-Hate']

[PARENTLABELS]
['neutral']

[ACTION_CLEAN]
scene",0,0.07771008461713791,0,0,0.06840847432613373,0,0,0.0867837443947792,0,0,0.08596226572990417,0,0,0.0733218640089035,0,0,0.13237899541854858,0,0,0.06260094791650772,0,0,0.06297358125448227,0,0,0.06313133239746094,0
729,non_hate_video_257.mp4,non_hate_video_257,train,0,"[SCENE]
The old grandpa hit the boxing machine then the punching bag started oscillating and hit grandpa

[ACTION]
1. Violence in Animation

[SUBCATEGORIES]
['Physical Fighting Scenes', ' Punching bag']

[PARENTLABELS]
['violence']

[ACTION_CLEAN]
violence in animation",0,0.09294560551643372,0,0,0.08354289829730988,0,0,0.07442642748355865,0,0,0.09699814021587372,0,1,0.923877477645874,1,0,0.08971058577299118,0,0,0.09963703155517578,0,0,0.08938836306333542,0,0,0.0892418697476387,0
730,non_hate_video_258.mp4,non_hate_video_258,train,0,"[SCENE]
This is a cctv recording in which a person entered the shop with something bad intention.

[ACTION]
10. Scene

[SUBCATEGORIES]
['Non-Hate']

[PARENTLABELS]
['neutral']

[ACTION_CLEAN]
scene",0,0.6644083857536316,0,0,0.43575209379196167,0,0,0.4393511116504669,0,1,0.9027508497238159,0,0,0.5139573812484741,1,1,0.7776069045066833,1,0,0.30115488171577454,0,0,0.6817778944969177,0,0,0.5221487283706665,0
731,non_hate_video_258.mp4,non_hate_video_258,train,0,"[SCENE]
The shopkeeper pulled out his gun and started shooting the other guy and killed him

[ACTION]
1. Violence in Animation

[SUBCATEGORIES]
['Weapon Usage (Fantasy/Real)']

[PARENTLABELS]
['violence']

[ACTION_CLEAN]
violence in animation",0,0.08882256597280502,0,0,0.08196541666984558,0,0,0.0713481605052948,0,0,0.09896743297576904,0,1,0.9225704073905945,1,0,0.0917070060968399,0,0,0.09496382623910904,0,0,0.09048176556825638,0,0,0.08799076825380325,0
732,non_hate_video_259.mp4,non_hate_video_259,train,0,"[SCENE]
This is a clip in which a guy is standing in a dark room and someone is flashing torch on him at the face

[ACTION]
9. Non-Hate

[SUBCATEGORIES]
['Non-Hate']

[PARENTLABELS]
['neutral']

[ACTION_CLEAN]
non-hate",0,0.07953263819217682,0,0,0.0685364156961441,0,0,0.058260612189769745,0,0,0.07606194168329239,0,0,0.08136501163244247,0,0,0.08922478556632996,0,0,0.07290544360876083,0,0,0.0652298554778099,0,0,0.06742214411497116,0
733,non_hate_video_259.mp4,non_hate_video_259,train,0,"[SCENE]
In this clip there are two guys standing in a dark room and they are talking one of the guy is flashing a torch on the face of other guy

[ACTION]
9. Non-Hate

[SUBCATEGORIES]
['Non-Hate']

[PARENTLABELS]
['neutral']

[ACTION_CLEAN]
non-hate",0,0.07797995209693909,0,0,0.07007753849029541,0,0,0.059017978608608246,0,0,0.07587894052267075,0,0,0.0815788060426712,0,0,0.08869296312332153,0,0,0.07205892354249954,0,0,0.06499090790748596,0,0,0.06640852242708206,0
734,non_hate_video_260.mp4,non_hate_video_260,train,0,"[SCENE]
This is a dark room in which two peoples wearing orange dress looks like prisoners. They are fighting in the room

[ACTION]
1. Violence in Animation

[SUBCATEGORIES]
['Physical Fighting Scenes']

[PARENTLABELS]
['violence']

[ACTION_CLEAN]
violence in animation",0,0.08925190567970276,0,0,0.08093438297510147,0,0,0.07427901029586792,0,0,0.09574185311794281,0,1,0.9204469323158264,1,0,0.09211434423923492,0,0,0.09807712584733963,0,0,0.0873960554599762,0,0,0.08634193986654282,0
735,non_hate_video_13.mp4,non_hate_video_13,train,0,"[SCENE]
A card is shown written ""PICKANNYNT CAPERS"" and piano is playing in the background

[ACTION]
9. Non-Hate

[SUBCATEGORIES]
['Non-Hate']

[PARENTLABELS]
['neutral']

[ACTION_CLEAN]
non-hate",0,0.08036893606185913,0,0,0.06857866048812866,0,0,0.05895574390888214,0,0,0.07533588260412216,0,0,0.0803636834025383,0,0,0.0888577252626419,0,0,0.07272671163082123,0,0,0.06557213515043259,0,0,0.06709380447864532,0
736,non_hate_video_125.mp4,non_hate_video_125,train,0,"[SCENE]
A nigeran man accused of theft by lady is beaten to death

[ACTION]
1. Violence in Animation

[SUBCATEGORIES]
['Physical Fighting Scenes', ' News']

[PARENTLABELS]
['violence', 'neutral']

[ACTION_CLEAN]
violence in animation",0,0.09126665443181992,0,0,0.08376719057559967,0,0,0.072642020881176,0,0,0.09524719417095184,0,1,0.9206209778785706,1,0,0.08958501368761063,0,0,0.09682169556617737,0,0,0.08917026221752167,0,0,0.08801393955945969,0
737,non_hate_video_124.mp4,non_hate_video_124,train,0,"[SCENE]
An old man recording himself and telling some stories

[ACTION]
9. Non-Hate

[SUBCATEGORIES]
['Non-Hate']

[PARENTLABELS]
['neutral']

[ACTION_CLEAN]
non-hate",0,0.07765626162290573,0,0,0.06901082396507263,0,0,0.05807117000222206,0,0,0.07683441042900085,0,0,0.08234918862581253,0,0,0.09267905354499817,0,0,0.07051504403352737,0,0,0.06570477783679962,0,0,0.06660338491201401,0
738,non_hate_video_126.mp4,non_hate_video_126,train,0,"[SCENE]
A white old man called nigga , and a black person got offended and scolded him

[ACTION]
2. Verbal Abuse

[SUBCATEGORIES]
['Name-calling/Insults']

[PARENTLABELS]
['hate_speech']

[ACTION_CLEAN]
verbal abuse",1,0.9230502843856812,1,0,0.12030895054340363,0,0,0.13199102878570557,0,0,0.11366443336009979,0,0,0.10495077818632126,0,0,0.09969019144773483,0,0,0.11464964598417282,0,0,0.09808701276779175,0,0,0.10733368247747421,0
739,non_hate_video_261.mp4,non_hate_video_261,val,0,"[SCENE]
A man is sitting in a cafe and he is drinking coffee the road is visible from the glass of the shop

[ACTION]
10. Scene

[SUBCATEGORIES]
['Non-Hate']

[PARENTLABELS]
['neutral']

[ACTION_CLEAN]
scene",0,0.06881868094205856,0,0,0.0742526724934578,0,0,0.08553456515073776,0,0,0.08861128985881805,0,0,0.07805628329515457,0,0,0.13278156518936157,0,0,0.057522162795066833,0,0,0.063651442527771,0,0,0.06708087772130966,0
740,non_hate_video_261.mp4,non_hate_video_261,val,0,"[SCENE]
A man is sitting in a cafe and he is drinking coffee the road is visible from the glass of the shop and he is watching here and there

[ACTION]
10. Scene

[SUBCATEGORIES]
['Non-Hate']

[PARENTLABELS]
['neutral']

[ACTION_CLEAN]
scene",0,0.07370160520076752,0,0,0.07020542770624161,0,0,0.0866897702217102,0,0,0.08819545060396194,0,0,0.07049988955259323,0,0,0.13137482106685638,0,0,0.055717919021844864,0,0,0.06460905820131302,0,0,0.06540320813655853,0
741,non_hate_video_262.mp4,non_hate_video_262,train,0,"[SCENE]
This is a top down view of a street in which there is a statue and bushes and some peoples lying here and there discussing something

[ACTION]
10. Scene

[SUBCATEGORIES]
['Non-Hate']

[PARENTLABELS]
['neutral']

[ACTION_CLEAN]
scene",0,0.06858211755752563,0,0,0.06792391836643219,0,0,0.08555009961128235,0,0,0.09018701314926147,0,0,0.085303395986557,0,0,0.1374516785144806,0,0,0.053867992013692856,0,0,0.06389454007148743,0,0,0.06171661987900734,0
742,non_hate_video_262.mp4,non_hate_video_262,train,0,"[SCENE]
One guy just hit the other one with a pucnh then that guy ran from there and the other guys followed that guy

[ACTION]
1. Violence in Animation

[SUBCATEGORIES]
['Physical Fighting Scenes']

[PARENTLABELS]
['violence']

[ACTION_CLEAN]
violence in animation",0,0.09241823852062225,0,0,0.08480507880449295,0,0,0.07457951456308365,0,0,0.09826742112636566,0,1,0.9244861602783203,1,0,0.09083106368780136,0,0,0.0970698744058609,0,0,0.09010753780603409,0,0,0.08891814947128296,0
743,non_hate_video_265.mp4,non_hate_video_265,train,0,"[SCENE]
A lady is recording herself, this is a close camera shot of her in which she is speaking something

[ACTION]
10. Scene

[SUBCATEGORIES]
['Non-Hate']

[PARENTLABELS]
['neutral']

[ACTION_CLEAN]
scene",0,0.07431405782699585,0,0,0.06584890931844711,0,0,0.0827161893248558,0,0,0.0931691825389862,0,0,0.07422079145908356,0,0,0.11955093592405319,0,0,0.061422791332006454,0,0,0.0604734793305397,0,0,0.06033278629183769,0
744,non_hate_video_266.mp4,non_hate_video_266,train,0,"[SCENE]
Some peoples surrounded a nerd boy and they are bullying him verbally. The are laughinf and and saying something

[ACTION]
2. Verbal Abuse

[SUBCATEGORIES]
['Bullying Dialogues']

[PARENTLABELS]
['threat']

[ACTION_CLEAN]
verbal abuse",1,0.921962320804596,1,0,0.11630867421627045,0,0,0.12940038740634918,0,0,0.11191093176603317,0,0,0.11152324080467224,0,0,0.09885752946138382,0,0,0.11940266191959381,0,0,0.09790024161338806,0,0,0.1048552542924881,0
745,non_hate_video_267.mp4,non_hate_video_267,train,0,"[SCENE]
A guy started hitting a person who was sitting on the bench, he is continuously spamming punches on that guy. someone stood and came to rescue that person

[ACTION]
1. Violence in Animation

[SUBCATEGORIES]
['Physical Fighting Scenes']

[PARENTLABELS]
['violence']

[ACTION_CLEAN]
violence in animation",0,0.09770689904689789,0,0,0.08683916926383972,0,0,0.0756509006023407,0,0,0.09720543026924133,0,1,0.9260381460189819,1,0,0.09046745300292969,0,0,0.09640361368656158,0,0,0.08944781124591827,0,0,0.08823230117559433,0
746,non_hate_video_268.mp4,non_hate_video_268,train,0,"[SCENE]
This is a scene of a cafe in which the staff is arguing with a person. She is looking very angry , the other staff is trying to cool down the situation

[ACTION]
2. Verbal Abuse

[SUBCATEGORIES]
['Name-calling/Insults']

[PARENTLABELS]
['hate_speech']

[ACTION_CLEAN]
verbal abuse",1,0.9260571599006653,1,0,0.11755238473415375,0,0,0.1296955645084381,0,0,0.12007053941488266,0,0,0.11682212352752686,0,0,0.10039973258972168,0,0,0.11562047898769379,0,0,0.09809382259845734,0,0,0.10542847216129303,0
747,non_hate_video_269.mp4,non_hate_video_269,train,0,"[SCENE]
A music is playing and a photo is visible in the video, the text fayetteville 1829 is written on it

[ACTION]
1. Violence in Animation

[SUBCATEGORIES]
['Non-Hate', ' Music']

[PARENTLABELS]
['neutral']

[ACTION_CLEAN]
violence in animation",0,0.08840204775333405,0,0,0.0804351270198822,0,0,0.07120133936405182,0,0,0.09282044321298599,0,1,0.9107257127761841,1,0,0.08579922467470169,0,0,0.09798824042081833,0,0,0.085212342441082,0,0,0.08676621317863464,0
748,non_hate_video_270.mp4,non_hate_video_270,val,0,"[SCENE]
This is a scene of a mall in which two ladies are fighting looks like they are arguying for the goods placed in the cart. The staff also joined to calm the situation

[ACTION]
2. Verbal Abuse

[SUBCATEGORIES]
['Name-calling/Insults']

[PARENTLABELS]
['hate_speech']

[ACTION_CLEAN]
verbal abuse",1,0.9232590198516846,1,0,0.1130170226097107,0,0,0.12698568403720856,0,0,0.11760720610618591,0,0,0.11785031110048294,0,0,0.09843146055936813,0,0,0.11799882352352142,0,0,0.09715564548969269,0,0,0.1047072634100914,0
749,non_hate_video_271.mp4,non_hate_video_271,train,0,"[SCENE]
penguin is walking on the ground in a cool day and someone placed a photo of a person on the face of peguin looks like mokery or making fun

[ACTION]
3. Discrimination

[SUBCATEGORIES]
['Character Appearance Mockery']

[PARENTLABELS]
['neutral']

[ACTION_CLEAN]
discrimination",0,0.09096430987119675,0,1,0.8869948983192444,1,0,0.11238253116607666,0,0,0.10683481395244598,0,0,0.12009002268314362,0,0,0.13145484030246735,0,0,0.10762812197208405,0,0,0.112320177257061,0,0,0.11402354389429092,0
750,non_hate_video_272.mp4,non_hate_video_272,train,0,"[SCENE]
This video is recorded from inside of a car in which some peoples are fighting at the street and a black car is parked at the road side. The girl recording the video is also speaking

[ACTION]
1. Violence in Animation

[SUBCATEGORIES]
['Physical Fighting Scenes']

[PARENTLABELS]
['violence']

[ACTION_CLEAN]
violence in animation",0,0.08833786845207214,0,0,0.08426028490066528,0,0,0.0753837302327156,0,0,0.09532169997692108,0,1,0.9213348031044006,1,0,0.09266030043363571,0,0,0.09934722632169724,0,0,0.0879262313246727,0,0,0.088801808655262,0
751,non_hate_video_275.mp4,non_hate_video_275,train,0,"[SCENE]
The camera man is recording a lady on thhe streets, the weather is good and the cameraman is asking questions about who will be next united states president

[ACTION]
10. Scene

[SUBCATEGORIES]
['Non-Hate']

[PARENTLABELS]
['neutral']

[ACTION_CLEAN]
scene",0,0.07517725974321365,0,0,0.10436160117387772,0,0,0.11340750753879547,0,0,0.07398463040590286,0,0,0.07605087757110596,0,0,0.14156748354434967,0,0,0.0769570991396904,0,0,0.0677599236369133,0,0,0.06414811313152313,0
752,non_hate_video_277.mp4,non_hate_video_277,train,0,"[SCENE]
A man is standing on the stage speaking on the mic and a large audience is listening to that person

[ACTION]
10. Scene

[SUBCATEGORIES]
['Non-Hate']

[PARENTLABELS]
['neutral']

[ACTION_CLEAN]
scene",0,0.07885678112506866,0,0,0.06365316361188889,0,0,0.08338060230016708,0,0,0.09077009558677673,0,0,0.07173837721347809,0,0,0.12248878180980682,0,0,0.06191560998558998,0,0,0.06470318883657455,0,0,0.06332708895206451,0
753,non_hate_video_278.mp4,non_hate_video_278,train,0,"[SCENE]
In this scene the cameraman is inside a house and recording this video in which some peoples are fighting outside the fence. the house windows is covered very well with steel bars

[ACTION]
1. Violence in Animation

[SUBCATEGORIES]
['Physical Fighting Scenes']

[PARENTLABELS]
['violence']

[ACTION_CLEAN]
violence in animation",0,0.09066788852214813,0,0,0.08261165022850037,0,0,0.07535432279109955,0,0,0.09378910064697266,0,1,0.9206811785697937,1,0,0.09188796579837799,0,0,0.09728848189115524,0,0,0.08815423399209976,0,0,0.08745330572128296,0
754,non_hate_video_280.mp4,non_hate_video_280,train,0,"[SCENE]
In this clip a girl is announcing the winner on a live Tv show. She is saying that they are the first all black women team who won

[ACTION]
9. Non-Hate

[SUBCATEGORIES]
['Non-Hate']

[PARENTLABELS]
['neutral']

[ACTION_CLEAN]
non-hate",0,0.0774245336651802,0,0,0.07218542695045471,0,0,0.058630507439374924,0,0,0.07566939294338226,0,0,0.0778995081782341,0,0,0.0875370055437088,0,0,0.07742755115032196,0,0,0.06550883501768112,0,0,0.06708212196826935,0
755,non_hate_video_280.mp4,non_hate_video_280,train,0,"[SCENE]
This is a clip of a debate competion in which the lady with biig hair is presenting her point to the other team. there is a text written on the bottom that says actual footage of championship debate

[ACTION]
9. Non-Hate

[SUBCATEGORIES]
['Non-Hate']

[PARENTLABELS]
['neutral']

[ACTION_CLEAN]
non-hate",0,0.07988241314888,0,0,0.07084377855062485,0,0,0.05916547030210495,0,0,0.07644487172365189,0,0,0.07844676822423935,0,0,0.0860278382897377,0,0,0.0759582370519638,0,0,0.06515736877918243,0,0,0.06784868240356445,0
756,non_hate_video_280.mp4,non_hate_video_280,train,0,"[SCENE]
In this clip there is a debate competition going on in which two lady shown just lost the contest

[ACTION]
9. Non-Hate

[SUBCATEGORIES]
['Non-Hate']

[PARENTLABELS]
['neutral']

[ACTION_CLEAN]
non-hate",0,0.07847648859024048,0,0,0.0692623108625412,0,0,0.05926622450351715,0,0,0.07582021504640579,0,0,0.08000029623508453,0,0,0.08975835889577866,0,0,0.07330023497343063,0,0,0.06507209688425064,0,0,0.06687629967927933,0
757,non_hate_video_281.mp4,non_hate_video_281,train,0,"[SCENE]
This is a recording of a street fight in which two peoples are fighting with each other and a some peoples are watching them and few are pulling them apart to stop the fight

[ACTION]
1. Violence in Animation

[SUBCATEGORIES]
['Physical Fighting Scenes']

[PARENTLABELS]
['violence']

[ACTION_CLEAN]
violence in animation",0,0.09080462902784348,0,0,0.08346158266067505,0,0,0.07374211400747299,0,0,0.09552185982465744,0,1,0.922008752822876,1,0,0.09131818264722824,0,0,0.09686608612537384,0,0,0.08944621682167053,0,0,0.08705079555511475,0
758,non_hate_video_285.mp4,non_hate_video_285,train,0,"[SCENE]
A black man opened his camera and sharing his thought. the video is raw and is recorded in low light room

[ACTION]
9. Non-Hate

[SUBCATEGORIES]
['Non-Hate']

[PARENTLABELS]
['neutral']

[ACTION_CLEAN]
non-hate",0,0.08150487393140793,0,0,0.0671825185418129,0,0,0.05862244963645935,0,0,0.07603320479393005,0,0,0.08282207697629929,0,0,0.08929461240768433,0,0,0.07196466624736786,0,0,0.06510443985462189,0,0,0.06698842346668243,0
759,non_hate_video_286.mp4,non_hate_video_286,train,0,"[SCENE]
In this clip a man is riding a horse i=on the street at night. The video is very shaky

[ACTION]
9. Non-Hate

[SUBCATEGORIES]
['Non-Hate']

[PARENTLABELS]
['neutral']

[ACTION_CLEAN]
non-hate",0,0.08259861171245575,0,0,0.06700031459331512,0,0,0.057624924927949905,0,0,0.07578790932893753,0,0,0.08176252245903015,0,0,0.08797398209571838,0,0,0.07294680923223495,0,0,0.06579000502824783,0,0,0.06834687292575836,0
760,non_hate_video_295.mp4,non_hate_video_295,train,0,"[SCENE]
This is the recording of a boxing match in which two competitors are fighting and a refree is allso there

[ACTION]
1. Violence in Animation

[SUBCATEGORIES]
['Physical Fighting Scenes']

[PARENTLABELS]
['violence']

[ACTION_CLEAN]
violence in animation",0,0.0860527753829956,0,0,0.0801321268081665,0,0,0.07181645184755325,0,0,0.09277801960706711,0,1,0.9163225889205933,1,0,0.0896029993891716,0,0,0.0985376238822937,0,0,0.08585547655820847,0,0,0.08536924421787262,0
761,non_hate_video_298.mp4,non_hate_video_298,test,0,"[SCENE]
a man is dancing on the busy road weating a cape. the video is recorded at night and then a car came from behind and hit that person

[ACTION]
10. Scene

[SUBCATEGORIES]
['Non-Hate']

[PARENTLABELS]
['neutral']

[ACTION_CLEAN]
scene",0,0.13488644361495972,0,0,0.19054411351680756,0,0,0.1229499876499176,0,0,0.2884494662284851,0,1,0.8717271685600281,1,1,0.7941731810569763,1,0,0.10588865727186203,0,0,0.4115332365036011,0,0,0.15286953747272491,0
762,non_hate_video_299.mp4,non_hate_video_299,val,0,"[SCENE]
This is a tweet posted by kollege kid in which there is a video where a man named hillbilly said the N word to a black man and the man is furious and about to attack the guy for calling hum nigger

[ACTION]
2. Verbal Abuse

[SUBCATEGORIES]
['Name-calling/Insults', ' 2.3. Threatening Language']

[PARENTLABELS]
['hate_speech', 'threat']

[ACTION_CLEAN]
verbal abuse",1,0.9271615147590637,1,0,0.1302061825990677,0,0,0.13835960626602173,0,0,0.11426573991775513,0,0,0.1053517758846283,0,0,0.10391300171613693,0,0,0.11018569767475128,0,0,0.09731727838516235,0,0,0.10566039383411407,0
763,non_hate_video_300.mp4,non_hate_video_300,train,0,"[SCENE]
This is a recording of a street at night time in which there are lots of peoples wandering here and there and sound of a monkey can be heard

[ACTION]
10. Scene

[SUBCATEGORIES]
['Non-Hate']

[PARENTLABELS]
['neutral']

[ACTION_CLEAN]
scene",0,0.09454195946455002,0,0,0.07121193408966064,0,0,0.10766202211380005,0,0,0.0890820324420929,0,0,0.09558559954166412,0,0,0.14193718135356903,0,0,0.05791690945625305,0,0,0.06341413408517838,0,0,0.061273522675037384,0
764,non_hate_video_300.mp4,non_hate_video_300,train,0,"[SCENE]
In this clip, a group of black live matter protesters in seattle was filmed marching towards a residential neighborhood

[ACTION]
10. Scene

[SUBCATEGORIES]
['Protest']

[PARENTLABELS]
['neutral']

[ACTION_CLEAN]
scene",0,0.06099346652626991,0,0,0.10303822159767151,0,0,0.1496252417564392,0,0,0.09599854797124863,0,0,0.20809748768806458,0,0,0.21247607469558716,0,0,0.08913158625364304,0,0,0.08498580008745193,0,0,0.0789492055773735,0
765,non_hate_video_300.mp4,non_hate_video_300,train,0,"[SCENE]
In this clip, a group of black live matter protesters in seattle was filmed marching towards a residential neighborhood and they are demanding that white gives up their properties to them

[ACTION]
10. Scene

[SUBCATEGORIES]
['Protest']

[PARENTLABELS]
['neutral']

[ACTION_CLEAN]
scene",0,0.24026688933372498,0,1,0.90859055519104,1,1,0.6686497330665588,0,0,0.09568506479263306,0,0,0.20401522517204285,0,0,0.22408534586429596,0,0,0.08804439008235931,0,0,0.11936856806278229,0,0,0.11274790018796921,0
766,non_hate_video_300.mp4,non_hate_video_300,train,0,"[SCENE]
In this clip, There is an intense confrontation of protestors are police, tthe oprotestors are firing sky rockets towards the police. these all stuffs are happening at night time

[ACTION]
10. Scene

[SUBCATEGORIES]
['Protest']

[PARENTLABELS]
['neutral']

[ACTION_CLEAN]
scene",0,0.28345975279808044,0,0,0.20060139894485474,0,0,0.19655321538448334,0,0,0.27788010239601135,0,1,0.9362996220588684,1,1,0.8447631597518921,1,0,0.16615861654281616,0,0,0.3698899447917938,0,0,0.2640751004219055,0
767,non_hate_video_312.mp4,non_hate_video_312,test,0,"[SCENE]
A man is siiting inside the car and holding a gun and there is music playing in the background

[ACTION]
10. Scene

[SUBCATEGORIES]
['Non-Hate', ' music']

[PARENTLABELS]
['neutral']

[ACTION_CLEAN]
scene",0,0.2953314781188965,0,0,0.2918303906917572,0,0,0.22401145100593567,0,0,0.4266774356365204,0,1,0.930446207523346,1,1,0.6664198040962219,0,0,0.15531247854232788,0,0,0.4192766547203064,0,0,0.2313111424446106,0
768,non_hate_video_314.mp4,non_hate_video_314,train,0,"[SCENE]
This is a music video in which a music is playing and the duotone image is present in red and black colour and a text ""Government Dead"" is written on it

[ACTION]
10. Scene

[SUBCATEGORIES]
['Non-Hate', ' music']

[PARENTLABELS]
['neutral']

[ACTION_CLEAN]
scene",0,0.7626993060112,0,0,0.7501137852668762,0,1,0.8730051517486572,1,0,0.2749277651309967,0,0,0.4321954548358917,1,1,0.6747592091560364,0,0,0.13756626844406128,0,0,0.20444071292877197,0,0,0.2833534777164459,0
769,non_hate_video_315.mp4,non_hate_video_315,train,0,"[SCENE]
This is a music video in which the music is playing on the background and a photo of a news channel is visible in which there is a bana holding a tslking device and wearing glasses Some texts are also written on it

[ACTION]
9. Non-Hate

[SUBCATEGORIES]
['Non-Hate', ' music']

[PARENTLABELS]
['neutral']

[ACTION_CLEAN]
non-hate",0,0.07989787310361862,0,0,0.07136408984661102,0,0,0.060968391597270966,0,0,0.0759725347161293,0,0,0.07588248699903488,0,0,0.08730936050415039,0,0,0.07358405739068985,0,0,0.06484947353601456,0,0,0.0687677413225174,0
770,non_hate_video_316.mp4,non_hate_video_316,train,0,"[SCENE]
This is a music video in which a music is playing and a man is dancing on that music and constantly moving back on the street. a lot of cars are passing by

[ACTION]
9. Non-Hate

[SUBCATEGORIES]
['Non-Hate', ' music']

[PARENTLABELS]
['neutral']

[ACTION_CLEAN]
non-hate",0,0.07952655106782913,0,0,0.06950713694095612,0,0,0.05890706926584244,0,0,0.07567588239908218,0,0,0.08073550462722778,0,0,0.08677360415458679,0,0,0.07480275630950928,0,0,0.06481846421957016,0,0,0.06772206723690033,0
771,non_hate_video_316.mp4,non_hate_video_316,train,0,"[SCENE]
in this video a man was dancing on the busy road then suddenly a truck came and the guy collided with that truck

[ACTION]
1. Violence in Animation

[SUBCATEGORIES]
['Accident']

[PARENTLABELS]
['neutral']

[ACTION_CLEAN]
violence in animation",0,0.09015306085348129,0,0,0.08087588101625443,0,0,0.06978848576545715,0,0,0.0944480448961258,0,1,0.916590690612793,1,0,0.08823920786380768,0,0,0.09617721289396286,0,0,0.08864197134971619,0,0,0.0866178423166275,0
772,non_hate_video_316.mp4,non_hate_video_316,train,0,"[SCENE]
some funny cartoon frames are visible in ehich there is a pink bus movving from right to left of the screen and music is playing

[ACTION]
10. Scene

[SUBCATEGORIES]
['Non-Hate']

[PARENTLABELS]
['neutral']

[ACTION_CLEAN]
scene",0,0.08956815302371979,0,0,0.053188636898994446,0,0,0.10149069875478745,0,0,0.08644985407590866,0,0,0.09490416198968887,0,0,0.1052798479795456,0,0,0.08356347680091858,0,0,0.0700419694185257,0,0,0.057893846184015274,0
773,non_hate_video_353.mp4,non_hate_video_353,train,0,"[SCENE]
In this clip the cameraman is taking interview of a lady and a lot of peoples are also present there. this interview is being broadcasted on CNN live

[ACTION]
10. Scene

[SUBCATEGORIES]
['Non-Hate']

[PARENTLABELS]
['neutral']

[ACTION_CLEAN]
scene",0,0.07369844615459442,0,0,0.0701662227511406,0,0,0.09495076537132263,0,0,0.09229118376970291,0,0,0.07188240438699722,0,0,0.12366189807653427,0,0,0.08003144711256027,0,0,0.061600007116794586,0,0,0.06306642293930054,0
774,non_hate_video_353.mp4,non_hate_video_353,train,0,"[SCENE]
In this clip the cameraman is taking interview of a lady and then sudddenly a black man came out from the audience and started speaking in the mic. this interview is being broadcasted on CNN live

[ACTION]
10. Scene

[SUBCATEGORIES]
['Non-Hate']

[PARENTLABELS]
['neutral']

[ACTION_CLEAN]
scene",0,0.06801436096429825,0,0,0.06797987967729568,0,0,0.08166884630918503,0,0,0.08780468255281448,0,0,0.07127224653959274,0,0,0.10707932710647583,0,0,0.08049334585666656,0,0,0.059025123715400696,0,0,0.059986911714076996,0
775,non_hate_video_353.mp4,non_hate_video_353,train,0,"[SCENE]
In this clip the cameraman is taking interview of donald J trump the president of united states. this interview is being broadcasted on CNN live

[ACTION]
10. Scene

[SUBCATEGORIES]
['Non-Hate']

[PARENTLABELS]
['neutral']

[ACTION_CLEAN]
scene",0,0.08689545094966888,0,0,0.09924225509166718,0,0,0.10469090193510056,0,0,0.07505358755588531,0,0,0.07720381766557693,0,0,0.10904143005609512,0,0,0.0665479302406311,0,0,0.06713308393955231,0,0,0.05349855124950409,0
776,non_hate_video_354.mp4,non_hate_video_354,test,0,"[SCENE]
A person is asking a black boy what did he say to you and then the boy replied that he said ""sit down nigga""

[ACTION]
2. Verbal Abuse

[SUBCATEGORIES]
['Name-calling/Insults']

[PARENTLABELS]
['hate_speech']

[ACTION_CLEAN]
verbal abuse",1,0.9252710342407227,1,0,0.12305284291505814,0,0,0.1368844360113144,0,0,0.1159200593829155,0,0,0.10561877489089966,0,0,0.09926056116819382,0,0,0.11293505132198334,0,0,0.09805753827095032,0,0,0.10579761117696762,0
777,non_hate_video_354.mp4,non_hate_video_354,test,0,"[SCENE]
A person is showing his trophies to the cameraman in a low light room

[ACTION]
10. Scene

[SUBCATEGORIES]
['Non-Hate']

[PARENTLABELS]
['neutral']

[ACTION_CLEAN]
scene",0,0.08227050304412842,0,0,0.07193881273269653,0,0,0.0874752476811409,0,0,0.0874607041478157,0,0,0.07207182049751282,0,0,0.12678857147693634,0,0,0.07353834807872772,0,0,0.0707726925611496,0,0,0.060879021883010864,0
778,non_hate_video_354.mp4,non_hate_video_354,test,0,"[SCENE]
This person is a teacher and he said the N word to a kid so the peoples are cconfronting him and he is giving justifications.

[ACTION]
10. Scene

[SUBCATEGORIES]
['Non-Hate']

[PARENTLABELS]
['neutral']

[ACTION_CLEAN]
scene",1,0.4812248647212982,0,1,0.5370326042175293,0,1,0.5844033360481262,0,0,0.08212669938802719,0,0,0.06367722898721695,0,0,0.20409050583839417,0,0,0.07858142256736755,0,0,0.07095884531736374,0,0,0.08211607486009598,0
779,non_hate_video_354.mp4,non_hate_video_354,test,0,"[SCENE]
This person is a teacher and he said the N word to a kid so the peoples are cconfronting him and he is giving justifications that the nigger and nigga is differnt and he used nigga

[ACTION]
10. Scene

[SUBCATEGORIES]
['Non-Hate']

[PARENTLABELS]
['neutral']

[ACTION_CLEAN]
scene",1,0.9352596998214722,1,1,0.8993983268737793,1,1,0.8612683415412903,1,0,0.15489843487739563,0,0,0.20785655081272125,0,0,0.1852542608976364,0,0,0.11815177649259567,0,0,0.0987403392791748,0,0,0.11453260481357574,0
780,non_hate_video_355.mp4,non_hate_video_355,train,0,"[SCENE]
This is the scene of a party in which the host is saying that he is showing his gratitude to the dancers and musician

[ACTION]
10. Scene

[SUBCATEGORIES]
['Positive Encouragement']

[PARENTLABELS]
['threat']

[ACTION_CLEAN]
scene",0,0.07185040414333344,0,0,0.05746164917945862,0,0,0.0962766706943512,0,0,0.09273319691419601,0,0,0.16634786128997803,0,0,0.11737989634275436,0,0,0.09467195719480515,0,0,0.07873095571994781,0,0,0.0615721195936203,0
781,non_hate_video_355.mp4,non_hate_video_355,train,0,"[SCENE]
This is the scene of a party in which the host gave the speech and the whole crowd errupted with clapping and happiness

[ACTION]
10. Scene

[SUBCATEGORIES]
['Positive Encouragement']

[PARENTLABELS]
['threat']

[ACTION_CLEAN]
scene",0,0.08056699484586716,0,0,0.0639941468834877,0,0,0.08760745078325272,0,0,0.09833639860153198,0,0,0.10007181763648987,0,0,0.22052490711212158,0,0,0.06368482112884521,0,0,0.07051394879817963,0,0,0.06707727164030075,0
782,non_hate_video_357.mp4,non_hate_video_357,val,0,"[SCENE]
This is a video of a night time street in which the peoples are gathered near a building and looks like they are arguing

[ACTION]
10. Scene

[SUBCATEGORIES]
['Non-Hate']

[PARENTLABELS]
['neutral']

[ACTION_CLEAN]
scene",0,0.08218568563461304,0,0,0.07769062370061874,0,0,0.08662337064743042,0,0,0.09192676842212677,0,0,0.08005119860172272,0,1,0.17323918640613556,0,0,0.04638424888253212,0,0,0.06933332234621048,0,0,0.05867195501923561,0
783,non_hate_video_357.mp4,non_hate_video_357,val,0,"[SCENE]
This is a video of a night time street in which the peoples are gathered near a building and looks like they are arguing suddenly a bullet shot can be heard which hit the person standing at a height

[ACTION]
1. Violence in Animation

[SUBCATEGORIES]
['Weapon Usage (Fantasy/Real)']

[PARENTLABELS]
['violence']

[ACTION_CLEAN]
violence in animation",0,0.09130455553531647,0,0,0.08696170896291733,0,0,0.07542286068201065,0,0,0.09726036339998245,0,1,0.9266948103904724,1,0,0.09231124818325043,0,0,0.09804172813892365,0,0,0.09181725978851318,0,0,0.09182173758745193,0
784,non_hate_video_358.mp4,non_hate_video_358,train,0,"[SCENE]
This is a scene of a cafe in which a lady got furious and started throiwing stuffs on the staffs

[ACTION]
1. Violence in Animation

[SUBCATEGORIES]
['Physical Fighting Scenes']

[PARENTLABELS]
['violence']

[ACTION_CLEAN]
violence in animation",0,0.09110819548368454,0,0,0.08113095909357071,0,0,0.0737161934375763,0,0,0.09546817094087601,0,1,0.9203684329986572,1,0,0.09012405574321747,0,0,0.09638766199350357,0,0,0.0869298130273819,0,0,0.08675055205821991,0
785,non_hate_video_358.mp4,non_hate_video_358,train,0,"[SCENE]
This is a scene of a cafe in which some sort of fight has happened and the person from behind the counter threw a plate on the lady who was destroying the whole shop

[ACTION]
1. Violence in Animation

[SUBCATEGORIES]
['Physical Fighting Scenes']

[PARENTLABELS]
['violence']

[ACTION_CLEAN]
violence in animation",0,0.09431192278862,0,0,0.08517082035541534,0,0,0.0763590931892395,0,0,0.09786324203014374,0,1,0.9261325001716614,1,0,0.09245756268501282,0,0,0.09606697410345078,0,0,0.09079984575510025,0,0,0.08833950012922287,0
786,non_hate_video_359.mp4,non_hate_video_359,train,0,"[SCENE]
This is a behind the scene of a podcast in which two peoples are talking to each other, the host is listening and the guest is sharing his experience

[ACTION]
10. Scene

[SUBCATEGORIES]
['Non-Hate']

[PARENTLABELS]
['neutral']

[ACTION_CLEAN]
scene",0,0.08360769599676132,0,0,0.07556988298892975,0,0,0.09491249173879623,0,0,0.09941606968641281,0,0,0.08245338499546051,0,0,0.12082825601100922,0,0,0.052319083362817764,0,0,0.06839536130428314,0,0,0.058642663061618805,0
787,non_hate_video_359.mp4,non_hate_video_359,train,0,"[SCENE]
This is a scene of a podcast in which the guest is sharing his experience like how he got frozen for 8hour in terror then getting up

[ACTION]
10. Scene

[SUBCATEGORIES]
['Non-Hate']

[PARENTLABELS]
['neutral']

[ACTION_CLEAN]
scene",0,0.2078484147787094,0,0,0.34725722670555115,0,0,0.1995334029197693,0,0,0.28574493527412415,0,0,0.3615912199020386,0,1,0.9301285743713379,1,0,0.16189686954021454,0,0,0.19820331037044525,0,0,0.28791534900665283,0
788,non_hate_video_360.mp4,non_hate_video_360,val,0,"[SCENE]
This is a the starting of a cartoon named merrie melodies produced by leon schlesinger these details are writte on the screen and an opening song is playing

[ACTION]
10. Scene

[SUBCATEGORIES]
['Non-Hate']

[PARENTLABELS]
['neutral']

[ACTION_CLEAN]
scene",0,0.08469899743795395,0,0,0.06339126825332642,0,0,0.1030006855726242,0,0,0.09084810316562653,0,0,0.08624130487442017,0,0,0.10853806883096695,0,0,0.06766591221094131,0,0,0.06675606966018677,0,0,0.057473182678222656,0
789,non_hate_video_360.mp4,non_hate_video_360,val,0,"[SCENE]
This is a scene of an animated cartoon show in which a river and a moon is shown in the night time

[ACTION]
10. Scene

[SUBCATEGORIES]
['Non-Hate']

[PARENTLABELS]
['neutral']

[ACTION_CLEAN]
scene",0,0.0706975981593132,0,0,0.06035669520497322,0,0,0.10597683489322662,0,0,0.0876980572938919,0,0,0.10756220668554306,0,0,0.13688161969184875,0,0,0.08498355746269226,0,0,0.06115725636482239,0,0,0.06082823500037193,0
790,non_hate_video_360.mp4,non_hate_video_360,val,0,"[SCENE]
This is a scene of an animated cartoon show in which an animated cartoon bear is moving from left to right of the screen and camera is also moving along

[ACTION]
10. Scene

[SUBCATEGORIES]
['Non-Hate']

[PARENTLABELS]
['neutral']

[ACTION_CLEAN]
scene",0,0.08446767926216125,0,0,0.06069960072636604,0,0,0.1045987606048584,0,0,0.09414982050657272,0,0,0.10270863026380539,0,0,0.11167982965707779,0,0,0.06600356847047806,0,0,0.06477276980876923,0,0,0.060293279588222504,0
791,non_hate_video_360.mp4,non_hate_video_360,val,0,"[SCENE]
This is a scene of an animated cartoon show in which a club named kit kat club is shown in which peoples are dancing and another building named uncle tomcat mission is shown

[ACTION]
10. Scene

[SUBCATEGORIES]
['Non-Hate']

[PARENTLABELS]
['neutral']

[ACTION_CLEAN]
scene",0,0.20121541619300842,0,0,0.2088911235332489,0,0,0.3315174877643585,0,0,0.061789363622665405,0,0,0.11166714876890182,0,0,0.11022894829511642,0,0,0.06445495039224625,0,0,0.0701141282916069,0,0,0.06995203346014023,0
792,non_hate_video_360.mp4,non_hate_video_360,val,0,"[SCENE]
This is a scene of an animated cartoon show in which a band is performing in which a lady is singing and others are playing other instruments

[ACTION]
10. Scene

[SUBCATEGORIES]
['Non-Hate']

[PARENTLABELS]
['neutral']

[ACTION_CLEAN]
scene",0,0.07565568387508392,0,0,0.05348839983344078,0,0,0.09773238003253937,0,0,0.09116102010011673,0,0,0.16075994074344635,0,0,0.10609354823827744,0,0,0.08018645644187927,0,0,0.07253987342119217,0,0,0.05989769473671913,0
793,non_hate_video_360.mp4,non_hate_video_360,val,0,"[SCENE]
This is a scene of an animated cartoon show in which a bunny is sitted on a swing and he is very happy

[ACTION]
10. Scene

[SUBCATEGORIES]
['Non-Hate']

[PARENTLABELS]
['neutral']

[ACTION_CLEAN]
scene",0,0.07050950080156326,0,0,0.06909231841564178,0,0,0.08759721368551254,0,0,0.10404511541128159,0,0,0.13885009288787842,0,0,0.13170354068279266,0,0,0.05824305862188339,0,0,0.07479438930749893,0,0,0.0668453499674797,0
794,non_hate_video_360.mp4,non_hate_video_360,val,0,"[SCENE]
This is a scene of an animated cartoon show in which a character is dancing and kicking another person whose nech look like ostrich

[ACTION]
10. Scene

[SUBCATEGORIES]
['Non-Hate']

[PARENTLABELS]
['neutral']

[ACTION_CLEAN]
scene",0,0.32378333806991577,0,0,0.4629541039466858,0,0,0.31666284799575806,0,0,0.22570538520812988,0,1,0.9030874967575073,1,0,0.6386035084724426,0,0,0.06809163093566895,0,0,0.19863127171993256,0,0,0.14838702976703644,0
795,non_hate_video_360.mp4,non_hate_video_360,val,0,"[SCENE]
This is the ending screen of the merrie melodies cartoon, the text ""That's all folks!"" animated then the whole details of show appeared and a background music can also be heard

[ACTION]
10. Scene

[SUBCATEGORIES]
['Non-Hate']

[PARENTLABELS]
['neutral']

[ACTION_CLEAN]
scene",0,0.08727719634771347,0,0,0.07945985347032547,0,0,0.12488321214914322,0,0,0.0824291780591011,0,0,0.07858599722385406,0,0,0.10327593982219696,0,0,0.0679788812994957,0,0,0.06172884255647659,0,0,0.059192951768636703,0
796,non_hate_video_362.mp4,non_hate_video_362,train,0,"[SCENE]
This is recorded in the broad daylight in which a lot of peoples are gathered onthe street

[ACTION]
10. Scene

[SUBCATEGORIES]
['Protest']

[PARENTLABELS]
['neutral']

[ACTION_CLEAN]
scene",0,0.06250850111246109,0,0,0.08932659029960632,0,0,0.10622064769268036,0,0,0.08973109722137451,0,0,0.0974448174238205,0,0,0.20636360347270966,0,0,0.05782107636332512,0,0,0.07099688798189163,0,0,0.06754470616579056,0
797,non_hate_video_362.mp4,non_hate_video_362,train,0,"[SCENE]
This is recorded in the broad daylight in which a lot of peoples are gathered on the street and from which three peoples started fighting with each other, one fell down and other were still fighting

[ACTION]
10. Scene

[SUBCATEGORIES]
['Protest']

[PARENTLABELS]
['neutral']

[ACTION_CLEAN]
scene",0,0.1681075245141983,0,0,0.2688768804073334,0,0,0.18658067286014557,0,0,0.3517566919326782,0,1,0.9032281041145325,1,1,0.8991910219192505,1,0,0.14528827369213104,0,0,0.4708656370639801,0,0,0.22132819890975952,0
798,non_hate_video_364.mp4,non_hate_video_364,val,0,"[SCENE]
This is a video of a guy who is saying that on the last video of fake animals he forgot to talk about evolutions, In the video there is a photo in which evolution is described from ape to baby to man/women

[ACTION]
9. Non-Hate

[SUBCATEGORIES]
['Non-Hate']

[PARENTLABELS]
['neutral']

[ACTION_CLEAN]
non-hate",0,0.07926635444164276,0,0,0.07130579650402069,0,0,0.0581822507083416,0,0,0.07617523521184921,0,0,0.07872990518808365,0,0,0.08824539929628372,0,0,0.07431472092866898,0,0,0.06499354541301727,0,0,0.06784608960151672,0
799,non_hate_video_364.mp4,non_hate_video_364,val,0,"[SCENE]
This is the screenshot of a goole search in which the photograph of aa monkey is shown

[ACTION]
9. Non-Hate

[SUBCATEGORIES]
['Non-Hate']

[PARENTLABELS]
['neutral']

[ACTION_CLEAN]
non-hate",0,0.0787929967045784,0,0,0.06917524337768555,0,0,0.05937141925096512,0,0,0.07423511892557144,0,0,0.07991067320108414,0,0,0.08878175914287567,0,0,0.07347195595502853,0,0,0.06454897671937943,0,0,0.06681309640407562,0
800,non_hate_video_364.mp4,non_hate_video_364,val,0,"[SCENE]
This is the screenshot of a goole search in which the photograph of a monkey is shown

[ACTION]
9. Non-Hate

[SUBCATEGORIES]
['Non-Hate']

[PARENTLABELS]
['neutral']

[ACTION_CLEAN]
non-hate",0,0.0784878209233284,0,0,0.06899963319301605,0,0,0.059306368231773376,0,0,0.0743706077337265,0,0,0.08069291710853577,0,0,0.08910054713487625,0,0,0.0732167661190033,0,0,0.06436631828546524,0,0,0.06661701202392578,0
801,non_hate_video_364.mp4,non_hate_video_364,val,0,"[SCENE]
This is a black and white gif of a monkey whi lit the matchstick and fired his ciggrete

[ACTION]
9. Non-Hate

[SUBCATEGORIES]
['Non-Hate']

[PARENTLABELS]
['neutral']

[ACTION_CLEAN]
non-hate",0,0.08109486848115921,0,0,0.06813232600688934,0,0,0.058388568460941315,0,0,0.07474573701620102,0,0,0.08172619342803955,0,0,0.0892014354467392,0,0,0.07185064256191254,0,0,0.06490038335323334,0,0,0.06670501828193665,0
802,non_hate_video_364.mp4,non_hate_video_364,val,0,"[SCENE]
This is a black and white gif of some monkeys dancing in sync on the floor

[ACTION]
9. Non-Hate

[SUBCATEGORIES]
['Non-Hate']

[PARENTLABELS]
['neutral']

[ACTION_CLEAN]
non-hate",0,0.0795092061161995,0,0,0.068219393491745,0,0,0.058309972286224365,0,0,0.07524637877941132,0,0,0.08150920271873474,0,0,0.08915764838457108,0,0,0.07409188151359558,0,0,0.06505720317363739,0,0,0.06721293181180954,0
803,non_hate_video_364.mp4,non_hate_video_364,val,0,"[SCENE]
This is a black and white gif of a monkey who is wearing a hat and speaking with his mouth

[ACTION]
9. Non-Hate

[SUBCATEGORIES]
['Non-Hate']

[PARENTLABELS]
['neutral']

[ACTION_CLEAN]
non-hate",0,0.08024889975786209,0,0,0.06927108764648438,0,0,0.05902814865112305,0,0,0.07427846640348434,0,0,0.08183646202087402,0,0,0.08836687356233597,0,0,0.07195234298706055,0,0,0.06450372189283371,0,0,0.0668429508805275,0
804,non_hate_video_364.mp4,non_hate_video_364,val,0,"[SCENE]
This is a black and white gif of a monkey who is wearing a sunglasses and beating drum with drumsticks

[ACTION]
9. Non-Hate

[SUBCATEGORIES]
['Non-Hate']

[PARENTLABELS]
['neutral']

[ACTION_CLEAN]
non-hate",0,0.08066676557064056,0,0,0.06813057512044907,0,0,0.05819161981344223,0,0,0.07400698959827423,0,0,0.08397349715232849,0,0,0.08824066817760468,0,0,0.07225517928600311,0,0,0.0646626278758049,0,0,0.06667199730873108,0
805,non_hate_video_364.mp4,non_hate_video_364,val,0,"[SCENE]
This is a black and white photo of a guy who is carring two monkeys on his hand, the scene is of a garden

[ACTION]
9. Non-Hate

[SUBCATEGORIES]
['Non-Hate']

[PARENTLABELS]
['neutral']

[ACTION_CLEAN]
non-hate",0,0.08007312566041946,0,0,0.06914292275905609,0,0,0.058689139783382416,0,0,0.07573094964027405,0,0,0.07973960787057877,0,0,0.08885008841753006,0,0,0.07298877090215683,0,0,0.06528326123952866,0,0,0.06750096380710602,0
806,non_hate_video_364.mp4,non_hate_video_364,val,0,"[SCENE]
This is a black and white photo of a monkey and a baby booth sitting on floor and wearing dame white dress

[ACTION]
9. Non-Hate

[SUBCATEGORIES]
['Non-Hate']

[PARENTLABELS]
['neutral']

[ACTION_CLEAN]
non-hate",0,0.08027210086584091,0,0,0.06863170862197876,0,0,0.05807747319340706,0,0,0.07482907921075821,0,0,0.08207292854785919,0,0,0.0886353850364685,0,0,0.07305768132209778,0,0,0.06546109169721603,0,0,0.06739402562379837,0
807,non_hate_video_365.mp4,non_hate_video_365,train,0,"[SCENE]
This is the scene of a room in which the lighting is not good and a lady scared of the man standing at the corner of the room half naked and the man said he is police

[ACTION]
5. Inappropriate Content

[SUBCATEGORIES]
['Adult References']

[PARENTLABELS]
['sexual']

[ACTION_CLEAN]
inappropriate content",0,0.10346771776676178,0,0,0.09856017678976059,0,0,0.11377402395009995,0,0,0.12245965749025345,0,0,0.1106402799487114,0,0,0.1037697121500969,0,1,0.9407764077186584,1,0,0.10890256613492966,0,0,0.11670000106096268,0
808,non_hate_video_365.mp4,non_hate_video_365,train,0,"[SCENE]
The man is standing in a dark room while other man standing in the other room picked up the bag and said the hand bag is pretty heavy

[ACTION]
5. Inappropriate Content

[SUBCATEGORIES]
['Non-Hate']

[PARENTLABELS]
['neutral']

[ACTION_CLEAN]
inappropriate content",0,0.09396643191576004,0,0,0.09581189602613449,0,0,0.10952488332986832,0,0,0.11544593423604965,0,0,0.10873401165008545,0,0,0.10319819301366806,0,1,0.9362924098968506,1,0,0.10256020724773407,0,0,0.11524013429880142,0
809,non_hate_video_366.mp4,non_hate_video_366,train,0,"[SCENE]
In this clip the photo of an anime character is there and the text now i'm a anti semantic is written and played

[ACTION]
10. Scene

[SUBCATEGORIES]
['Non-Hate']

[PARENTLABELS]
['neutral']

[ACTION_CLEAN]
scene",1,0.9422083497047424,1,1,0.8922628164291382,1,1,0.9137576818466187,1,0,0.17375822365283966,0,0,0.1499473750591278,0,0,0.23294037580490112,0,0,0.14866095781326294,0,0,0.14545683562755585,0,0,0.1915730983018875,0
810,non_hate_video_366.mp4,non_hate_video_366,train,0,"[SCENE]
In this clip the photo of an anime character is there and the text now i'm a anti semantic is written and played

[ACTION]
10. Scene

[SUBCATEGORIES]
['Non-Hate']

[PARENTLABELS]
['neutral']

[ACTION_CLEAN]
scene",1,0.9422083497047424,1,1,0.8922628164291382,1,1,0.9137576818466187,1,0,0.17375822365283966,0,0,0.1499473750591278,0,0,0.23294037580490112,0,0,0.14866095781326294,0,0,0.14545683562755585,0,0,0.1915730983018875,0
811,non_hate_video_366.mp4,non_hate_video_366,train,0,"[SCENE]
In this clip the photo of an anime character is there and the text now just kidding now i'm even more anti semantic is written and played the same audio

[ACTION]
10. Scene

[SUBCATEGORIES]
['Non-Hate']

[PARENTLABELS]
['neutral']

[ACTION_CLEAN]
scene",0,0.09149345010519028,0,0,0.10790357738733292,0,0,0.1565702110528946,0,0,0.072846919298172,0,0,0.06617553532123566,0,0,0.10559996962547302,0,0,0.0674089640378952,0,0,0.05490276217460632,0,0,0.059096746146678925,0
812,non_hate_video_372.mp4,non_hate_video_372,train,0,"[SCENE]
This is a scene of a moving train in which some peoples are fighting since the train is moving they fall down

[ACTION]
1. Violence in Animation

[SUBCATEGORIES]
['Physical Fighting Scenes']

[PARENTLABELS]
['violence']

[ACTION_CLEAN]
violence in animation",0,0.08931410312652588,0,0,0.08223375678062439,0,0,0.07373185455799103,0,0,0.095269575715065,0,1,0.9228155016899109,1,0,0.09280981123447418,0,0,0.09669557213783264,0,0,0.08931364119052887,0,0,0.08585860580205917,0
813,non_hate_video_373.mp4,non_hate_video_373,val,0,"[SCENE]
This clip is recorded in day light in which a kid came with his friend and hit the fat guy with a puunch on his face

[ACTION]
1. Violence in Animation

[SUBCATEGORIES]
['Physical Fighting Scenes']

[PARENTLABELS]
['violence']

[ACTION_CLEAN]
violence in animation",0,0.09422007948160172,0,0,0.08698205649852753,0,0,0.07601261138916016,0,0,0.09606124460697174,0,1,0.9244614839553833,1,0,0.08947122097015381,0,0,0.09790588170289993,0,0,0.08942262083292007,0,0,0.08937767148017883,0
814,non_hate_video_373.mp4,non_hate_video_373,val,0,"[SCENE]
This clip is recorded in day light in which a kid was fighting with other kid and then the other kid picked him and threw to the ground

[ACTION]
1. Violence in Animation

[SUBCATEGORIES]
['Physical Fighting Scenes']

[PARENTLABELS]
['violence']

[ACTION_CLEAN]
violence in animation",0,0.09289396554231644,0,0,0.08692952990531921,0,0,0.07444670051336288,0,0,0.0978618860244751,0,1,0.9256550073623657,1,0,0.09121420234441757,0,0,0.09781686961650848,0,0,0.09034678339958191,0,0,0.08867339044809341,0
815,non_hate_video_378.mp4,non_hate_video_378,train,0,"[SCENE]
This is a video recorded inside of a car which is completely dark and two peoples are talking with each other

[ACTION]
10. Scene

[SUBCATEGORIES]
['Non-Hate']

[PARENTLABELS]
['neutral']

[ACTION_CLEAN]
scene",0,0.07222644984722137,0,0,0.062294770032167435,0,0,0.07818495482206345,0,0,0.09296965599060059,0,0,0.0773099735379219,0,0,0.1267450451850891,0,0,0.05995400995016098,0,0,0.0634261816740036,0,0,0.06308139115571976,0
816,non_hate_video_379.mp4,non_hate_video_379,train,0,"[SCENE]
This clip is recorded in a brught day in which the protesters have blocked the street then suddenly one guy came and snatched thier banner and therew it away

[ACTION]
10. Scene

[SUBCATEGORIES]
['Protest']

[PARENTLABELS]
['neutral']

[ACTION_CLEAN]
scene",0,0.24450337886810303,0,0,0.17336061596870422,0,0,0.25527796149253845,0,0,0.15763740241527557,0,1,0.8407407999038696,1,0,0.36632871627807617,0,0,0.06545814871788025,0,0,0.1444663107395172,0,0,0.11764584481716156,0
817,non_hate_video_380.mp4,non_hate_video_380,train,0,"[SCENE]
when the guy who threw the banner came back some protestor attacked him but doged him and went to cross the road

[ACTION]
1. Violence in Animation

[SUBCATEGORIES]
['Physical Fighting Scenes', ' Protest']

[PARENTLABELS]
['violence', 'neutral']

[ACTION_CLEAN]
violence in animation",0,0.09346570074558258,0,0,0.08488502353429794,0,0,0.07578901201486588,0,0,0.09711558371782303,0,1,0.9266923069953918,1,0,0.09139716625213623,0,0,0.09703578054904938,0,0,0.09096772968769073,0,0,0.09016226977109909,0
818,non_hate_video_380.mp4,non_hate_video_380,train,0,"[SCENE]
In this video joe biden quote is mentioed with a photograph and written that ""I don't want my children to grow up in a jungle, a racial jungle""

[ACTION]
10. Scene

[SUBCATEGORIES]
['Quote']

[PARENTLABELS]
['neutral']

[ACTION_CLEAN]
scene",0,0.4466590881347656,0,1,0.9180688261985779,1,1,0.8521202802658081,1,0,0.10591116547584534,0,0,0.1629200577735901,0,0,0.2705640494823456,0,0,0.11124079674482346,0,0,0.1066390722990036,0,0,0.12031764537096024,0
819,non_hate_video_381.mp4,non_hate_video_381,train,0,"[SCENE]
in this video two peoples are talking through video call and both of them are sitted in some sort of parliament

[ACTION]
10. Scene

[SUBCATEGORIES]
['Quote']

[PARENTLABELS]
['neutral']

[ACTION_CLEAN]
scene",0,0.07655905187129974,0,0,0.09113321453332901,0,0,0.10119422525167465,0,0,0.09318964928388596,0,0,0.08758869767189026,0,0,0.13008704781532288,0,0,0.054474446922540665,0,0,0.0662214457988739,0,0,0.056127458810806274,0
820,non_hate_video_383.mp4,non_hate_video_383,train,0,"[SCENE]
In this clip two peoples are talking with each other in both are looking like crimilas and they are in prision

[ACTION]
10. Scene

[SUBCATEGORIES]
['Heated argument']

[PARENTLABELS]
['threat']

[ACTION_CLEAN]
scene",0,0.3123864531517029,0,0,0.37266844511032104,0,0,0.29361656308174133,0,0,0.5933593511581421,0,0,0.6181361079216003,1,1,0.8733986616134644,1,0,0.2545718252658844,0,1,0.7248656749725342,0,0,0.3695824444293976,0
821,,row_821,train,0,"[SUBCATEGORIES]
[]

[PARENTLABELS]
[]",0,0.07095714658498764,0,0,0.07875457406044006,0,0,0.08250743895769119,0,0,0.07673586159944534,0,0,0.07797888666391373,0,0,0.11493732780218124,0,0,0.06506815552711487,0,0,0.06449618190526962,0,0,0.06002242863178253,0
822,non_hate_video_384.mp4,non_hate_video_384,val,0,"[SCENE]
This is a recording of a news channel in which news reporter is some teenagers were disturbing a couple and they will not be silent

[ACTION]
10. Scene

[SUBCATEGORIES]
['Non-Hate']

[PARENTLABELS]
['neutral']

[ACTION_CLEAN]
scene",0,0.09528566896915436,0,0,0.07044452428817749,0,0,0.07193507254123688,0,0,0.15830694139003754,0,1,0.24696002900600433,0,1,0.35036376118659973,0,0,0.18788549304008484,0,0,0.12407059967517853,0,0,0.12700292468070984,0
823,non_hate_video_384.mp4,non_hate_video_384,val,0,"[SCENE]
This is a recording of a news channel in which news reporter is some teenagers were disturbing a family in which the stole their yard sign at the night and theey were dressed in guerella costume

[ACTION]
10. Scene

[SUBCATEGORIES]
['Troll']

[PARENTLABELS]
['hate_speech']

[ACTION_CLEAN]
scene",0,0.2591533958911896,0,0,0.1939312219619751,0,0,0.20460133254528046,0,0,0.2183225154876709,0,1,0.3850289285182953,1,1,0.6635876893997192,0,0,0.171193927526474,0,0,0.3106555640697479,0,0,0.22884130477905273,0
824,non_hate_video_384.mp4,non_hate_video_384,val,0,"[SCENE]
A man on the news channle is speaking about the incident that happpend at night and he is talking about worst and best case scenarios

[ACTION]
10. Scene

[SUBCATEGORIES]
['Non-Hate']

[PARENTLABELS]
['neutral']

[ACTION_CLEAN]
scene",0,0.11080840975046158,0,0,0.12550385296344757,0,0,0.10650567710399628,0,0,0.1148497462272644,0,0,0.06527058780193329,0,0,0.3806706666946411,0,0,0.06667464226484299,0,0,0.07642805576324463,0,0,0.09140762686729431,0
825,non_hate_video_385.mp4,non_hate_video_385,train,0,"[SCENE]
A lady was filming herself then suddenly someone came inside her house and the lady shouted who are you? There is subtitles going on the bottom and there is a photo of a man on the riight side of the video

[ACTION]
10. Scene

[SUBCATEGORIES]
['robbery']

[PARENTLABELS]
['illegal']

[ACTION_CLEAN]
scene",0,0.07448296993970871,0,0,0.16561904549598694,0,0,0.10507818311452866,0,0,0.15861770510673523,0,0,0.30364519357681274,0,1,0.7224690914154053,0,0,0.07419564574956894,0,0,0.15350544452667236,0,0,0.10631824284791946,0
826,non_hate_video_385.mp4,non_hate_video_385,train,0,"[SCENE]
A man pgotograph is present on the screen on which there was animated text going from bottom to top. the man is wearing red tshirt and the photo is taken on a grey background

[ACTION]
10. Scene

[SUBCATEGORIES]
['robbery']

[PARENTLABELS]
['illegal']

[ACTION_CLEAN]
scene",0,0.06256479769945145,0,0,0.11566948145627975,0,0,0.113069087266922,0,0,0.09527531266212463,0,0,0.08962786197662354,0,0,0.13699562847614288,0,0,0.14412535727024078,0,0,0.07294419407844543,0,0,0.06959307938814163,0
827,non_hate_video_386.mp4,non_hate_video_386,train,0,"[SCENE]
this clip is recorded from inside of a car in which a man was standing near a food seller and then suddenly that man grabbed the neck of that seller, these all happed at the broad day light

[ACTION]
1. Violence in Animation

[SUBCATEGORIES]
['Physical Fighting Scenes']

[PARENTLABELS]
['violence']

[ACTION_CLEAN]
violence in animation",0,0.09330101311206818,0,0,0.08824151009321213,0,0,0.07589930295944214,0,0,0.09528207778930664,0,1,0.9234446287155151,1,0,0.08794127404689789,0,0,0.09855666756629944,0,0,0.08912865817546844,0,0,0.0895252525806427,0
828,non_hate_video_387.mp4,non_hate_video_387,train,0,"[SCENE]
In this clip a group of protestors wearing black outfits were approaching from the right side and fire brigade wearing red dress is on the left side but the protesters forced the firebrigade to retreat

[ACTION]
10. Scene

[SUBCATEGORIES]
['Protest']

[PARENTLABELS]
['neutral']

[ACTION_CLEAN]
scene",0,0.10087397694587708,0,0,0.10063735395669937,0,0,0.15003415942192078,0,0,0.15075060725212097,0,1,0.8968930244445801,1,0,0.4623863697052002,0,0,0.11379469186067581,0,0,0.1485646516084671,0,0,0.1267709881067276,0
829,non_hate_video_387.mp4,non_hate_video_387,train,0,"[SCENE]
This is a scene of a road which is little bit destroyed and there is also fire on the road

[ACTION]
10. Scene

[SUBCATEGORIES]
['Fire']

[PARENTLABELS]
['neutral']

[ACTION_CLEAN]
scene",0,0.127817302942276,0,0,0.16300463676452637,0,0,0.13891634345054626,0,0,0.21414723992347717,0,1,0.8117327690124512,1,1,0.8935756683349609,1,0,0.1764426827430725,0,0,0.2624053955078125,0,0,0.18971750140190125,0
830,non_hate_video_387.mp4,non_hate_video_387,train,0,"[SCENE]
This is a scene of a road which is bruning and there are a lot of black smoke going in the atmosphere

[ACTION]
10. Scene

[SUBCATEGORIES]
['Fire']

[PARENTLABELS]
['neutral']

[ACTION_CLEAN]
scene",0,0.1239393800497055,0,0,0.18411870300769806,0,0,0.1376935839653015,0,0,0.20834288001060486,0,0,0.41269075870513916,1,1,0.9133623242378235,1,0,0.13580003380775452,0,0,0.17476513981819153,0,0,0.184048131108284,0
831,non_hate_video_389.mp4,non_hate_video_389,val,0,"[SCENE]
This is the recording of a street where a white van and a car is parked and a lot of peoples are runnng on the street one of them fell down. THis is happening in morning

[ACTION]
1. Violence in Animation

[SUBCATEGORIES]
['Physical Fighting Scenes']

[PARENTLABELS]
['violence']

[ACTION_CLEAN]
violence in animation",0,0.08832003176212311,0,0,0.08531921356916428,0,0,0.07509484142065048,0,0,0.09664449840784073,0,1,0.92134028673172,1,0,0.09081663936376572,0,0,0.09841373562812805,0,0,0.08934510499238968,0,0,0.08928944170475006,0
832,non_hate_video_389.mp4,non_hate_video_389,val,0,"[SCENE]
This is happening in morning where a group of people is beating a person with rods on the street

[ACTION]
1. Violence in Animation

[SUBCATEGORIES]
['Physical Fighting Scenes']

[PARENTLABELS]
['violence']

[ACTION_CLEAN]
violence in animation",0,0.09126129746437073,0,0,0.08306895196437836,0,0,0.07444588094949722,0,0,0.0955987200140953,0,1,0.922672688961029,1,0,0.09101227670907974,0,0,0.09775473922491074,0,0,0.08865803480148315,0,0,0.08670161664485931,0
833,non_hate_video_390.mp4,non_hate_video_390,train,0,"[SCENE]
This is the recording of news in which the lady and a man is debating on something

[ACTION]
10. Scene

[SUBCATEGORIES]
['Non-Hate']

[PARENTLABELS]
['neutral']

[ACTION_CLEAN]
scene",0,0.07648023217916489,0,0,0.06926346570253372,0,0,0.0863134115934372,0,0,0.09652835130691528,0,0,0.06792345643043518,0,0,0.12972122430801392,0,0,0.057889848947525024,0,0,0.06469471752643585,0,0,0.06227699667215347,0
834,non_hate_video_391.mp4,non_hate_video_391,val,0,"[SCENE]
This is the recoring of a boxing match in which one of the boxer hit the other with a punch on his face and the boxer fell down

[ACTION]
1. Violence in Animation

[SUBCATEGORIES]
['Physical Fighting Scenes']

[PARENTLABELS]
['violence']

[ACTION_CLEAN]
violence in animation",0,0.09004301577806473,0,0,0.08566132187843323,0,0,0.0738547220826149,0,0,0.09548642486333847,0,1,0.9199627041816711,1,0,0.08942326158285141,0,0,0.10003466159105301,0,0,0.08849608153104782,0,0,0.08818481862545013,0
835,non_hate_video_392.mp4,non_hate_video_392,train,0,"[SCENE]
The man wearing the black clothes is doing something lewd on the railway station when everyone is recording

[ACTION]
5. Inappropriate Content

[SUBCATEGORIES]
['Adult References']

[PARENTLABELS]
['sexual']

[ACTION_CLEAN]
inappropriate content",0,0.10144731402397156,0,0,0.0950801745057106,0,0,0.11093438416719437,0,0,0.12125192582607269,0,0,0.10662323981523514,0,0,0.10744728147983551,0,1,0.9392110109329224,1,0,0.10862723737955093,0,0,0.11558333784341812,0
836,non_hate_video_393.mp4,non_hate_video_393,train,0,"[SCENE]
In this scene the man is talking to a criminal who is inside a jain and they are on the opposite side of a thick glass panel and they are communicating on the telephone

[ACTION]
10. Scene

[SUBCATEGORIES]
['Non-Hate']

[PARENTLABELS]
['neutral']

[ACTION_CLEAN]
scene",0,0.09179455041885376,0,0,0.08736319839954376,0,0,0.08735553175210953,0,0,0.1228601336479187,0,0,0.09194280952215195,0,0,0.19858992099761963,0,0,0.051581379026174545,0,0,0.07858145236968994,0,0,0.07971680164337158,0
837,non_hate_video_394.mp4,non_hate_video_394,train,0,"[SCENE]
This is recorded at evening and looks like recording of a cctv camera in which a man was walking peacefully on the street and then two bikers came, pulled their gun out and shot the person twice

[ACTION]
1. Violence in Animation

[SUBCATEGORIES]
['Weapon Usage (Fantasy/Real)', ' 1.4. Character Death Scenes']

[PARENTLABELS]
['violence']

[ACTION_CLEAN]
violence in animation",0,0.08750229328870773,0,0,0.08997296541929245,0,0,0.07566012442111969,0,0,0.09876503050327301,0,1,0.9302624464035034,1,0,0.09514865279197693,0,0,0.09691628068685532,0,0,0.09273608028888702,0,0,0.09249945729970932,0
838,non_hate_video_397.mp4,non_hate_video_397,train,0,"[SCENE]
In this scene a man painted his face with white paint and became a mime and thr dressing is also like mime standing and greating everyone and saying whatever the time you will feel the ripple of this moment

[ACTION]
10. Scene

[SUBCATEGORIES]
['Non-Hate']

[PARENTLABELS]
['neutral']

[ACTION_CLEAN]
scene",0,0.07635076344013214,0,0,0.07773688435554504,0,0,0.0966612920165062,0,0,0.08074208348989487,0,0,0.08667395263910294,0,0,0.12181106954813004,0,0,0.07067123800516129,0,0,0.05784011259675026,0,0,0.06112929433584213,0
839,non_hate_video_397.mp4,non_hate_video_397,train,0,"[SCENE]
In this scene a man painted his face and looking like a mime is doing gargle in the w ash basin

[ACTION]
10. Scene

[SUBCATEGORIES]
['Non-Hate']

[PARENTLABELS]
['neutral']

[ACTION_CLEAN]
scene",0,0.07746125757694244,0,0,0.060900695621967316,0,0,0.08318152278661728,0,0,0.09248941391706467,0,0,0.08794502913951874,0,0,0.12696248292922974,0,0,0.07368414103984833,0,0,0.05977247655391693,0,0,0.061025939881801605,0
840,non_hate_video_397.mp4,non_hate_video_397,train,0,"[SCENE]
In this scene a mime was standing then he said thats a black man and then a black fat man appeared the mime ran away from the scene

[ACTION]
3. Discrimination

[SUBCATEGORIES]
['Character Appearance Mockery']

[PARENTLABELS]
['neutral']

[ACTION_CLEAN]
discrimination",0,0.0925048217177391,0,1,0.8933665156364441,1,0,0.11899209022521973,0,0,0.1107824295759201,0,0,0.12138083577156067,0,0,0.13635599613189697,0,0,0.10123684257268906,0,0,0.1158314198255539,0,0,0.1138753667473793,0
841,non_hate_video_398.mp4,non_hate_video_398,val,0,"[SCENE]
In this scene a music is playing that is like I'm a nigger and i wanna be free.. and a video is running in which a black man is holding his ear and crying on the bed

[ACTION]
3. Discrimination

[SUBCATEGORIES]
['Character Appearance Mockery']

[PARENTLABELS]
['neutral']

[ACTION_CLEAN]
discrimination",0,0.0954880639910698,0,1,0.8962727189064026,1,0,0.11887118220329285,0,0,0.10983340442180634,0,0,0.12306126207113266,0,0,0.13497506082057953,0,0,0.10261762887239456,0,0,0.11487393826246262,0,0,0.11280762404203415,0
842,non_hate_video_399.mp4,non_hate_video_399,train,0,"[SCENE]
This is the intro of a music video of walking division and kraftschlag and the text says they are playing alistreat on the date 13.07.1996 at deutschland

[ACTION]
10. Scene

[SUBCATEGORIES]
['Non-Hate']

[PARENTLABELS]
['neutral']

[ACTION_CLEAN]
scene",0,0.07782281935214996,0,0,0.059000413864851,0,0,0.09884250164031982,0,0,0.08676999807357788,0,0,0.07660447806119919,0,0,0.10592859238386154,0,0,0.0797259658575058,0,0,0.06913115084171295,0,0,0.061354320496320724,0
843,non_hate_video_399.mp4,non_hate_video_399,train,0,"[SCENE]
This is a music video in which a man is singing and whole crowd is recorded . this video is black and white

[ACTION]
10. Scene

[SUBCATEGORIES]
['Non-Hate']

[PARENTLABELS]
['neutral']

[ACTION_CLEAN]
scene",0,0.07385032624006271,0,0,0.05717967450618744,0,0,0.0958988294005394,0,0,0.08691205829381943,0,0,0.08875592797994614,0,0,0.09638475626707077,0,0,0.08106528967618942,0,0,0.06432923674583435,0,0,0.06145051494240761,0
844,non_hate_video_400.mp4,non_hate_video_400,train,0,"[SCENE]
this is a recording of a podcast in which the guest is a little kid and the lady is saying that this is the time in which you will show why you are going to be a superstar. the st has two big sofas and a display is behind them.

[ACTION]
10. Scene

[SUBCATEGORIES]
['Non-Hate']

[PARENTLABELS]
['neutral']

[ACTION_CLEAN]
scene",0,0.09715250879526138,0,0,0.08743699640035629,0,0,0.11273231357336044,0,0,0.07978904992341995,0,0,0.05961189046502113,0,0,0.13022667169570923,0,0,0.08548007160425186,0,0,0.06387420743703842,0,0,0.06315220147371292,0
845,non_hate_video_400.mp4,non_hate_video_400,train,0,"[SCENE]
In this scene the whole crowd is chearing for a kid

[ACTION]
10. Scene

[SUBCATEGORIES]
['Non-Hate']

[PARENTLABELS]
['neutral']

[ACTION_CLEAN]
scene",0,0.0748017355799675,0,0,0.0749802365899086,0,0,0.08227014541625977,0,0,0.09543733298778534,0,0,0.07717878371477127,0,0,0.16123369336128235,0,0,0.06336408108472824,0,0,0.07256291061639786,0,0,0.06899809837341309,0
846,non_hate_video_400.mp4,non_hate_video_400,train,0,"[SCENE]
the kid is dancing on the stage in front of crowd on the song which goes like, I'm a nigger and i want to be free.

[ACTION]
10. Scene

[SUBCATEGORIES]
['Racial discrimination']

[PARENTLABELS]
['discrimination']

[ACTION_CLEAN]
scene",1,0.9086325168609619,1,1,0.8155859112739563,1,1,0.8728364109992981,1,0,0.15359826385974884,0,0,0.1487630158662796,0,0,0.15047264099121094,0,0,0.11517859250307083,0,0,0.0901658684015274,0,0,0.10635856539011002,0
847,non_hate_video_401.mp4,non_hate_video_401,train,0,"[SCENE]
This is a screen recording of the broadcast of interview of mike tyson with the title Mike Tyson's Big Comeback

[ACTION]
10. Scene

[SUBCATEGORIES]
['Non-Hate', ' Interview']

[PARENTLABELS]
['neutral']

[ACTION_CLEAN]
scene",0,0.11825700849294662,0,0,0.10592297464609146,0,0,0.09685564041137695,0,0,0.10581139475107193,0,0,0.09637425094842911,0,0,0.16947253048419952,0,0,0.07948611676692963,0,0,0.08463910967111588,0,0,0.06825796514749527,0
848,non_hate_video_402.mp4,non_hate_video_402,train,0,"[SCENE]
A strange man is following the person who is recording this video and when the cameraman confronted him he said he is only here to check what they are capturing through their camera

[ACTION]
10. Scene

[SUBCATEGORIES]
['Non-Hate']

[PARENTLABELS]
['neutral']

[ACTION_CLEAN]
scene",0,0.22005155682563782,0,0,0.3161618411540985,0,0,0.17835360765457153,0,1,0.6579143404960632,0,0,0.46471187472343445,1,1,0.8573500514030457,1,0,0.17272943258285522,0,0,0.4123571515083313,0,0,0.300790935754776,0
849,non_hate_video_402.mp4,non_hate_video_402,train,0,"[SCENE]
This is the clip form a vlog in which the youtuber is showing a building

[ACTION]
10. Scene

[SUBCATEGORIES]
['Non-Hate']

[PARENTLABELS]
['neutral']

[ACTION_CLEAN]
scene",0,0.07658637315034866,0,0,0.07442130893468857,0,0,0.09916017949581146,0,0,0.0908835381269455,0,0,0.07152525335550308,0,0,0.12766532599925995,0,0,0.056764155626297,0,0,0.06584306806325912,0,0,0.06209235638380051,0
850,non_hate_video_405.mp4,non_hate_video_405,test,0,"[SCENE]
This is a static frame in which terms and confition and disclaimer is shown

[ACTION]
9. Non-Hate

[SUBCATEGORIES]
['Non-Hate']

[PARENTLABELS]
['neutral']

[ACTION_CLEAN]
non-hate",0,0.07958826422691345,0,0,0.06933312118053436,0,0,0.058735769242048264,0,0,0.07702920585870743,0,0,0.07805228978395462,0,0,0.09068269282579422,0,0,0.07314889132976532,0,0,0.06528695672750473,0,0,0.0679982528090477,0
851,non_hate_video_405.mp4,non_hate_video_405,test,0,"[SCENE]
In this clip the lady is talking about the british first is a hateful organisation and then photograph of people holding anti islam slogans are shown on repeat

[ACTION]
2. Verbal Abuse

[SUBCATEGORIES]
['Manipulation']

[PARENTLABELS]
['neutral']

[ACTION_CLEAN]
verbal abuse",1,0.9220975041389465,1,0,0.11958934366703033,0,0,0.1377052515745163,0,0,0.11110056191682816,0,0,0.10128158330917358,0,0,0.09773790836334229,0,0,0.1221291795372963,0,0,0.095997154712677,0,0,0.1032784953713417,0
852,non_hate_video_405.mp4,non_hate_video_405,test,0,"[SCENE]
thiis is a clip in which barak obama is saying that the diversity makes us stronger

[ACTION]
10. Scene

[SUBCATEGORIES]
['Inspirational Messages']

[PARENTLABELS]
['neutral']

[ACTION_CLEAN]
scene",0,0.18611456453800201,0,0,0.7307273149490356,0,0,0.5149021744728088,0,0,0.0703463926911354,0,0,0.10310011357069016,0,0,0.200326070189476,0,0,0.09463212639093399,0,0,0.08394595980644226,0,0,0.0836782231926918,0
853,non_hate_video_406.mp4,non_hate_video_406,val,0,"[SCENE]
In this clip there is a background music with a nazi symbol is present

[ACTION]
10. Scene

[SUBCATEGORIES]
['music']

[PARENTLABELS]
['neutral']

[ACTION_CLEAN]
scene",1,0.9370585083961487,1,1,0.875457763671875,1,1,0.9400800466537476,1,0,0.15073254704475403,0,0,0.24285151064395905,0,0,0.236342653632164,0,0,0.15821240842342377,0,0,0.1273617148399353,0,0,0.16745679080486298,0
854,non_hate_video_407.mp4,non_hate_video_407,train,0,"[SCENE]
In this clip a big fat racoon is eating something inside a house

[ACTION]
10. Scene

[SUBCATEGORIES]
['Non-Hate']

[PARENTLABELS]
['neutral']

[ACTION_CLEAN]
scene",0,0.06749087572097778,0,0,0.0867052897810936,0,0,0.0973948985338211,0,0,0.10469374060630798,0,0,0.10052137821912766,0,0,0.1951218992471695,0,0,0.06137343868613243,0,0,0.06905567646026611,0,0,0.06453707069158554,0
855,non_hate_video_408.mp4,non_hate_video_408,train,0,"[SCENE]
This is a music video of singer arthur collins in which the details of the song is shown on the screen and the music is playing in the background

[ACTION]
9. Non-Hate

[SUBCATEGORIES]
['music']

[PARENTLABELS]
['neutral']

[ACTION_CLEAN]
non-hate",0,0.07809747010469437,0,0,0.06923843175172806,0,0,0.059419289231300354,0,0,0.07846450805664062,0,0,0.07790599763393402,0,0,0.08462963253259659,0,0,0.07736989855766296,0,0,0.06578081846237183,0,0,0.06668426841497421,0
856,non_hate_video_409.mp4,non_hate_video_409,train,0,"[SCENE]
In this video the frog pepe is animated and doing funny stuffs

[ACTION]
9. Non-Hate

[SUBCATEGORIES]
['Non-Hate']

[PARENTLABELS]
['neutral']

[ACTION_CLEAN]
non-hate",0,0.07954980432987213,0,0,0.06754433363676071,0,0,0.05780860781669617,0,0,0.07547526061534882,0,0,0.08211216330528259,0,0,0.09009622037410736,0,0,0.07431576400995255,0,0,0.06456097215414047,0,0,0.06715089827775955,0
857,non_hate_video_410.mp4,non_hate_video_410,test,0,"[SCENE]
In this video there is room showed in the form of static drawing and a boy is lying on the bed covering his ear and crying and through the window we can see the poster in which trump is written and music is playing

[ACTION]
9. Non-Hate

[SUBCATEGORIES]
['Non-Hate']

[PARENTLABELS]
['neutral']

[ACTION_CLEAN]
non-hate",0,0.08110462129116058,0,0,0.06890814751386642,0,0,0.05840165540575981,0,0,0.07696335762739182,0,0,0.07968444377183914,0,0,0.08749406784772873,0,0,0.07408031821250916,0,0,0.0657610297203064,0,0,0.06801994144916534,0
858,non_hate_video_412.mp4,non_hate_video_412,train,0,"[SCENE]
The man sitting on the chair and broke his handcuffs and saying all he was sying about my nigga son

[ACTION]
3. Discrimination

[SUBCATEGORIES]
['Background/Origin Discrimination']

[PARENTLABELS]
['discrimination']

[ACTION_CLEAN]
discrimination",0,0.10527753084897995,0,1,0.9003386497497559,1,0,0.11973301321268082,0,0,0.11164563149213791,0,0,0.12316690385341644,0,0,0.12806999683380127,0,0,0.10384070873260498,0,0,0.11619473248720169,0,0,0.10952864587306976,0
859,non_hate_video_413.mp4,non_hate_video_413,val,0,"[SCENE]
This is a clip in which a person is attacking rthe other person on the street and in the broad daylight. the scene is covered by tree, bullet shots can also be heard

[ACTION]
1. Violence in Animation

[SUBCATEGORIES]
['Physical Fighting Scenes', ' 1.3. Weapon Usage (Fantasy/Real)']

[PARENTLABELS]
['violence']

[ACTION_CLEAN]
violence in animation",0,0.08773897588253021,0,0,0.08970393240451813,0,0,0.07536287605762482,0,0,0.09993995726108551,0,1,0.9304447770118713,1,0,0.09670569002628326,0,0,0.09782762825489044,0,0,0.09253878891468048,0,0,0.09094797074794769,0
860,non_hate_video_413.mp4,non_hate_video_413,val,0,"[SCENE]
This is recorded in the afternoon and there are police vehicles coming and gunshots can also be heard

[ACTION]
1. Violence in Animation

[SUBCATEGORIES]
['Weapon Usage (Fantasy/Real)']

[PARENTLABELS]
['violence']

[ACTION_CLEAN]
violence in animation",0,0.08748573064804077,0,0,0.08054202795028687,0,0,0.071265809237957,0,0,0.09595249593257904,0,1,0.9193602800369263,1,0,0.09112736582756042,0,0,0.09632647782564163,0,0,0.08859987556934357,0,0,0.08785900473594666,0
861,non_hate_video_414.mp4,non_hate_video_414,train,0,"[SCENE]
In this clip a person is giving speech in the crowd and a lot of peoples listening him. Loud cheering noises can also be heard

[ACTION]
10. Scene

[SUBCATEGORIES]
['Non-Hate']

[PARENTLABELS]
['neutral']

[ACTION_CLEAN]
scene",0,0.09009383618831635,0,0,0.06965236365795135,0,0,0.10775291919708252,0,0,0.0787263959646225,0,0,0.09621239453554153,0,0,0.17404019832611084,0,0,0.06964608281850815,0,0,0.059336788952350616,0,0,0.06152845174074173,0
862,non_hate_video_415.mp4,non_hate_video_415,val,0,"[SCENE]
the guy looking like the criminal grabbed his shoe and start hitting the face of jailer witth this shoe

[ACTION]
1. Violence in Animation

[SUBCATEGORIES]
['Physical Fighting Scenes']

[PARENTLABELS]
['violence']

[ACTION_CLEAN]
violence in animation",0,0.09280303120613098,0,0,0.08350787311792374,0,0,0.07408339530229568,0,0,0.09612953662872314,0,1,0.9219152331352234,1,0,0.08874499052762985,0,0,0.09753956645727158,0,0,0.08839187771081924,0,0,0.08691463619470596,0
863,non_hate_video_415.mp4,non_hate_video_415,val,0,"[SCENE]
The criminal pushed the jailer to the bars and attacked him then he put his shoe in the jailer's mouth

[ACTION]
1. Violence in Animation

[SUBCATEGORIES]
['Physical Fighting Scenes']

[PARENTLABELS]
['violence']

[ACTION_CLEAN]
violence in animation",0,0.09737548977136612,0,0,0.08524102717638016,0,0,0.0748610869050026,0,0,0.0984809398651123,0,1,0.9268735647201538,1,0,0.09124249219894409,0,0,0.09535608440637589,0,0,0.09244457632303238,0,0,0.08970924466848373,0
864,non_hate_video_416.mp4,non_hate_video_416,train,0,"[SCENE]
A man walking at the beach and then he collided with a person and pushed him then the other guy pulled out his gun and shot that man

[ACTION]
1. Violence in Animation

[SUBCATEGORIES]
['Physical Fighting Scenes', ' 1.3. Weapon Usage (Fantasy/Real)']

[PARENTLABELS]
['violence']

[ACTION_CLEAN]
violence in animation",0,0.09043020009994507,0,0,0.08855335414409637,0,0,0.0746544823050499,0,0,0.09975404292345047,0,1,0.9300652146339417,1,0,0.09385129809379578,0,0,0.09626908600330353,0,0,0.09308701008558273,0,0,0.08911794424057007,0
865,non_hate_video_417.mp4,non_hate_video_417,train,0,"[SCENE]
In this cclip a man is telling that he is gonna show the intro of a show named lancelot link secret chimp and he is thanking the subscriber who gave him the link

[ACTION]
10. Scene

[SUBCATEGORIES]
['Non-Hate']

[PARENTLABELS]
['neutral']

[ACTION_CLEAN]
scene",0,0.10484233498573303,0,0,0.1026383563876152,0,0,0.13178004324436188,0,0,0.08341124653816223,0,0,0.058814872056245804,0,0,0.10235720872879028,0,0,0.0592266321182251,0,0,0.0639515072107315,0,0,0.06639693677425385,0
866,non_hate_video_418.mp4,non_hate_video_418,train,0,"[SCENE]
In this video an anchor is speaking about the global warming on the live tv on channel names skynews.com.au

[ACTION]
10. Scene

[SUBCATEGORIES]
['Non-Hate']

[PARENTLABELS]
['neutral']

[ACTION_CLEAN]
scene",0,0.09950029850006104,0,0,0.12219983339309692,0,0,0.13936863839626312,0,0,0.09288407862186432,0,0,0.08885508030653,0,0,0.2822922468185425,0,0,0.07823929190635681,0,0,0.0817495658993721,0,0,0.09627845138311386,0
867,non_hate_video_419.mp4,non_hate_video_419,train,0,"[SCENE]
This is the recording of LGBTQ parade in which peoples are waving lgbtq flag

[ACTION]
2. Verbal Abuse

[SUBCATEGORIES]
['Non-Hate']

[PARENTLABELS]
['neutral']

[ACTION_CLEAN]
verbal abuse",1,0.9236729145050049,1,0,0.11447327584028244,0,0,0.13077212870121002,0,0,0.1132250428199768,0,0,0.10854983329772949,0,0,0.09833671897649765,0,0,0.13090449571609497,0,0,0.09508014470338821,0,0,0.10731453448534012,0
868,non_hate_video_419.mp4,non_hate_video_419,train,0,"[SCENE]
In this clip few mens are wearing white dress with masks and they are cleaning the raod with broom

[ACTION]
2. Verbal Abuse

[SUBCATEGORIES]
['Non-Hate', ' Social service']

[PARENTLABELS]
['neutral']

[ACTION_CLEAN]
verbal abuse",1,0.9251331686973572,1,0,0.11688460409641266,0,0,0.13461783528327942,0,0,0.1134924441576004,0,0,0.10900533199310303,0,0,0.10018625855445862,0,0,0.12479402124881744,0,0,0.09713565558195114,0,0,0.10801153630018234,0
869,non_hate_video_420.mp4,non_hate_video_420,train,0,"[SCENE]
In this clip a guy is fighting with police on the street in the noon and he is shirtless

[ACTION]
2. Verbal Abuse

[SUBCATEGORIES]
['Non-Hate', ' Social service']

[PARENTLABELS]
['neutral']

[ACTION_CLEAN]
verbal abuse",1,0.9245226383209229,1,0,0.11736371368169785,0,0,0.13351872563362122,0,0,0.11596318334341049,0,0,0.10877400636672974,0,0,0.09866619110107422,0,0,0.12061754614114761,0,0,0.09739213436841965,0,0,0.10609833151102066,0
870,non_hate_video_421.mp4,non_hate_video_421,train,0,"[SCENE]
This is the recording of a public bus in which two lady is fighting verbally and abusing each other other passangers are only watching them

[ACTION]
2. Verbal Abuse

[SUBCATEGORIES]
['Name-calling/Insults']

[PARENTLABELS]
['hate_speech']

[ACTION_CLEAN]
verbal abuse",1,0.9284428954124451,1,0,0.12073855847120285,0,0,0.13317324221134186,0,0,0.11657066643238068,0,0,0.11572322249412537,0,0,0.10089252144098282,0,0,0.11890479922294617,0,0,0.099077008664608,0,0,0.10675778239965439,0
871,non_hate_video_429.mp4,non_hate_video_429,train,0,"[SCENE]
The lady is dancing and doing some dirty steps in the dance move

[ACTION]
5. Inappropriate Content

[SUBCATEGORIES]
['Adult References']

[PARENTLABELS]
['sexual']

[ACTION_CLEAN]
inappropriate content",0,0.10132360458374023,0,0,0.09332343190908432,0,0,0.10991263389587402,0,0,0.11878777295351028,0,0,0.10786044597625732,0,0,0.1031663715839386,0,1,0.9375528693199158,1,0,0.10547999292612076,0,0,0.11405539512634277,0
872,non_hate_video_429.mp4,non_hate_video_429,train,0,"[SCENE]
The girl in this clip is moving in party without wearing anything on top

[ACTION]
5. Inappropriate Content

[SUBCATEGORIES]
['Adult References']

[PARENTLABELS]
['sexual']

[ACTION_CLEAN]
inappropriate content",0,0.09971354156732559,0,0,0.09496552497148514,0,0,0.11087679117918015,0,0,0.11706337332725525,0,0,0.10712992399930954,0,0,0.10253638029098511,0,1,0.9375332593917847,1,0,0.10552866756916046,0,0,0.11368732899427414,0
873,non_hate_video_430.mp4,non_hate_video_430,train,0,"[SCENE]
In this clip two mens are fighting with each other and two ladies are tying to solve their fight

[ACTION]
1. Violence in Animation

[SUBCATEGORIES]
['Physical Fighting Scenes']

[PARENTLABELS]
['violence']

[ACTION_CLEAN]
violence in animation",0,0.08832936733961105,0,0,0.08148202300071716,0,0,0.07258570194244385,0,0,0.09536655992269516,0,1,0.9189382791519165,1,0,0.08830927312374115,0,0,0.09947604686021805,0,0,0.08731552958488464,0,0,0.08564294129610062,0
874,non_hate_video_430.mp4,non_hate_video_430,train,0,"[SCENE]
In this clip two mens are fighting with each other and one lady pulled the pant of one guy then abusing him

[ACTION]
1. Violence in Animation

[SUBCATEGORIES]
['Physical Fighting Scenes']

[PARENTLABELS]
['violence']

[ACTION_CLEAN]
violence in animation",0,0.09433017671108246,0,0,0.08447647094726562,0,0,0.07397374510765076,0,0,0.09699536114931107,0,1,0.9244118928909302,1,0,0.0907813310623169,0,0,0.09623768925666809,0,0,0.08980526030063629,0,0,0.08613777905702591,0
875,non_hate_video_1.mp4,non_hate_video_1,train,0,"[SCENE]
three peoples are talking with each other on the table. they look like family

[ACTION]
9. Non-Hate

[SUBCATEGORIES]
['Non-Hate']

[PARENTLABELS]
['neutral']

[ACTION_CLEAN]
non-hate",0,0.08002883195877075,0,0,0.06825818866491318,0,0,0.05742461606860161,0,0,0.07682272791862488,0,0,0.08165273815393448,0,0,0.09038455784320831,0,0,0.07405228912830353,0,0,0.06539499759674072,0,0,0.06735239177942276,0
876,non_hate_video_10.mp4,non_hate_video_10,train,0,"[SCENE]
A person helping an old ill man to wake up from the bed and beating and abusing him

[ACTION]
5. Inappropriate Content

[SUBCATEGORIES]
['Adult References']

[PARENTLABELS]
['sexual']

[ACTION_CLEAN]
inappropriate content",0,0.10544045269489288,0,0,0.09069399535655975,0,0,0.10590705275535583,0,0,0.1213715597987175,0,0,0.11226460337638855,0,0,0.10362649708986282,0,1,0.9369011521339417,1,0,0.10660820454359055,0,0,0.11310189217329025,0
877,non_hate_video_11.mp4,non_hate_video_11,train,0,"[SCENE]
People are escaping from a nearby shop , fire outbreak in a shop

[ACTION]
10. Scene

[SUBCATEGORIES]
['Non-Hate']

[PARENTLABELS]
['neutral']

[ACTION_CLEAN]
scene",0,0.10180777311325073,0,0,0.12313271313905716,0,0,0.10159242898225784,0,0,0.19676637649536133,0,0,0.46071815490722656,1,1,0.8556686043739319,1,0,0.14311040937900543,0,0,0.1766805201768875,0,0,0.18295301496982574,0
878,non_hate_video_11.mp4,non_hate_video_11,train,0,"[SCENE]
People are trying to help an old man , who is lying on ground probably hit by something

[ACTION]
10. Scene

[SUBCATEGORIES]
['Non-Hate']

[PARENTLABELS]
['neutral']

[ACTION_CLEAN]
scene",0,0.1107792928814888,0,0,0.17336072027683258,0,0,0.12903621792793274,0,0,0.28250983357429504,0,1,0.8900862336158752,1,1,0.84386146068573,1,0,0.13461756706237793,0,0,0.4436601996421814,0,0,0.19825053215026855,0
879,non_hate_video_12.mp4,non_hate_video_12,train,0,"[SCENE]
A person who is in black suit (Doctor) is givnig s speech

[ACTION]
10. Scene

[SUBCATEGORIES]
['Non-Hate']

[PARENTLABELS]
['neutral']

[ACTION_CLEAN]
scene",0,0.07824508845806122,0,0,0.0749840959906578,0,0,0.0834183320403099,0,0,0.09863792359828949,0,0,0.06797637790441513,0,0,0.13068905472755432,0,0,0.05415167286992073,0,0,0.06785890460014343,0,0,0.06550553441047668,0
880,non_hate_video_12.mp4,non_hate_video_12,train,0,"[SCENE]
Many people are discussing realted to some virus in a parliamnet like place

[ACTION]
10. Scene

[SUBCATEGORIES]
['Non-Hate']

[PARENTLABELS]
['neutral']

[ACTION_CLEAN]
scene",0,0.07636112719774246,0,0,0.07377501577138901,0,0,0.0861683115363121,0,0,0.08852072805166245,0,0,0.07177385687828064,0,0,0.13090266287326813,0,0,0.056122083216905594,0,0,0.06450680643320084,0,0,0.061664219945669174,0
881,non_hate_video_100.mp4,non_hate_video_100,train,0,"[SCENE]
Two MMA fighter are figting in cage , and viewers are enjoying the show

[ACTION]
4. Psychological Elements

[SUBCATEGORIES]
['Physical Fighting Scenes']

[PARENTLABELS]
['violence']

[ACTION_CLEAN]
psychological elements",0,0.13541583716869354,0,0,0.12012305110692978,0,0,0.13008280098438263,0,0,0.1964462697505951,0,0,0.15221375226974487,0,1,0.9086869359016418,1,0,0.1496308445930481,0,0,0.13512523472309113,0,0,0.14377616345882416,0
882,non_hate_video_101.mp4,non_hate_video_101,train,0,"[SCENE]
Black screen and song is playing in the background

[ACTION]
10. Scene

[SUBCATEGORIES]
['Non-Hate']

[PARENTLABELS]
['neutral']

[ACTION_CLEAN]
scene",0,0.08252638578414917,0,0,0.05870674178004265,0,0,0.09691102057695389,0,0,0.08614873886108398,0,0,0.08036733418703079,0,0,0.10818812996149063,0,0,0.06910596787929535,0,0,0.06762200593948364,0,0,0.05758967623114586,0
883,non_hate_video_102.mp4,non_hate_video_102,val,0,"[SCENE]
A perosn is fighting with a security guard in a hospital and few people are watching them

[ACTION]
1. Violence in Animation

[SUBCATEGORIES]
['Physical Fighting Scenes']

[PARENTLABELS]
['violence']

[ACTION_CLEAN]
violence in animation",0,0.08989962935447693,0,0,0.0806976929306984,0,0,0.0727362111210823,0,0,0.09522375464439392,0,1,0.9180154204368591,1,0,0.08808762580156326,0,0,0.09844140708446503,0,0,0.0868084505200386,0,0,0.0853126123547554,0
884,non_hate_video_103.mp4,non_hate_video_103,train,0,"[SCENE]
Text displayed and its pronounce is ongoing in background - Nigger

[ACTION]
10. Scene

[SUBCATEGORIES]
['Non-Hate']

[PARENTLABELS]
['neutral']

[ACTION_CLEAN]
scene",1,0.9288474321365356,1,1,0.9113173484802246,1,1,0.9030052423477173,1,0,0.15091636776924133,0,0,0.1753743588924408,0,0,0.16599777340888977,0,0,0.13618358969688416,0,0,0.11514555662870407,0,0,0.13676495850086212,0
885,non_hate_video_104.mp4,non_hate_video_104,train,0,"[SCENE]
A man in red outfit is making some dance moves and other 2 person are sitting beside and enjoying the beat

[ACTION]
10. Scene

[SUBCATEGORIES]
['Non-Hate']

[PARENTLABELS]
['neutral']

[ACTION_CLEAN]
scene",0,0.0760001391172409,0,0,0.048951540142297745,0,0,0.07482597976922989,0,0,0.0899965912103653,0,0,0.11794222891330719,0,0,0.10235670953989029,0,0,0.07825884222984314,0,0,0.06925360858440399,0,0,0.05930210277438164,0
886,non_hate_video_104.mp4,non_hate_video_104,train,0,"[SCENE]
A perosn in red outfit dacning on beat and music , other person came from a car and hit him and ran

[ACTION]
1. Violence in Animation

[SUBCATEGORIES]
['Physical Fighting Scenes']

[PARENTLABELS]
['violence']

[ACTION_CLEAN]
violence in animation",0,0.092508964240551,0,0,0.08586867153644562,0,0,0.07405252009630203,0,0,0.09770671278238297,0,1,0.9237587451934814,1,0,0.08954158425331116,0,0,0.09522031247615814,0,0,0.09049873799085617,0,0,0.08755504339933395,0
887,non_hate_video_105.mp4,non_hate_video_105,train,0,"[SCENE]
A women calling out other person for pooping in her garden , where her children plays

[ACTION]
2. Verbal Abuse

[SUBCATEGORIES]
['Name-calling/Insults']

[PARENTLABELS]
['hate_speech']

[ACTION_CLEAN]
verbal abuse",1,0.9184103608131409,1,0,0.11810178309679031,0,0,0.12975813448429108,0,0,0.10946215689182281,0,0,0.10198282450437546,0,0,0.10070081055164337,0,0,0.11470028012990952,0,0,0.09667638689279556,0,0,0.10566942393779755,0
888,non_hate_video_106.mp4,non_hate_video_106,val,0,"[SCENE]
A small building made of playing blocks is made by a child and her mother is showing it

[ACTION]
10. Scene

[SUBCATEGORIES]
['Non-Hate']

[PARENTLABELS]
['neutral']

[ACTION_CLEAN]
scene",0,0.08489355444908142,0,0,0.06598792970180511,0,0,0.09849724173545837,0,0,0.0892447978258133,0,0,0.13896715641021729,0,0,0.13087835907936096,0,0,0.06185239553451538,0,0,0.07427466660737991,0,0,0.06798917055130005,0
889,non_hate_video_107.mp4,non_hate_video_107,train,0,"[SCENE]
A person is giving interview regarding jewish community relationship is suffering for them

[ACTION]
10. Scene

[SUBCATEGORIES]
['Non-Hate']

[PARENTLABELS]
['neutral']

[ACTION_CLEAN]
scene",0,0.26122578978538513,0,1,0.9014147520065308,1,0,0.641001284122467,0,0,0.15047797560691833,0,0,0.16975818574428558,0,1,0.5087931752204895,0,0,0.07853401452302933,0,0,0.1169956773519516,0,0,0.14032669365406036,0
890,non_hate_video_108.mp4,non_hate_video_108,train,0,"[SCENE]
A black person (nigga) is explaining about black friday and some rap music with beat is playing in the background

[ACTION]
9. Non-Hate

[SUBCATEGORIES]
['Non-Hate']

[PARENTLABELS]
['neutral']

[ACTION_CLEAN]
non-hate",0,0.08236871659755707,0,0,0.07067430764436722,0,0,0.05896523967385292,0,0,0.07501067966222763,0,0,0.07764594256877899,0,0,0.08692358434200287,0,0,0.07394647598266602,0,0,0.06552834808826447,0,0,0.06723877042531967,0
891,non_hate_video_109.mp4,non_hate_video_109,train,0,"[SCENE]
A image of product is displayed ""Nigger Boy SOAP PADS"" , advertisment music is playing in the background

[ACTION]
10. Scene

[SUBCATEGORIES]
['Non-Hate']

[PARENTLABELS]
['neutral']

[ACTION_CLEAN]
scene",1,0.9174191951751709,1,1,0.9093725681304932,1,1,0.9280775189399719,1,0,0.13286858797073364,0,0,0.1547822803258896,0,0,0.1476009488105774,0,0,0.1566891074180603,0,0,0.11321152001619339,0,0,0.13943541049957275,0
892,non_hate_video_110.mp4,non_hate_video_110,train,0,"[SCENE]
Black screen is displayed and slow music is playing in the background

[ACTION]
10. Scene

[SUBCATEGORIES]
['Non-Hate']

[PARENTLABELS]
['neutral']

[ACTION_CLEAN]
scene",0,0.07820453494787216,0,0,0.050631701946258545,0,0,0.08921325206756592,0,0,0.08864171802997589,0,0,0.09129347652196884,0,0,0.11143109947443008,0,0,0.07461969554424286,0,0,0.07101812213659286,0,0,0.0595686249434948,0
893,non_hate_video_111.mp4,non_hate_video_111,train,0,"[SCENE]
Two person are arguing with each other over thier fav band group BTS and other one

[ACTION]
2. Verbal Abuse

[SUBCATEGORIES]
['Bullying Dialogues', ' 2.2. Name-calling/Insults']

[PARENTLABELS]
['hate_speech', 'threat']

[ACTION_CLEAN]
verbal abuse",1,0.9237632155418396,1,0,0.11626284569501877,0,0,0.13193494081497192,0,0,0.11712182313203812,0,0,0.10936074703931808,0,0,0.10282929241657257,0,0,0.11419852823019028,0,0,0.0978851243853569,0,0,0.10781819373369217,0
894,non_hate_video_112.mp4,non_hate_video_112,train,0,"[SCENE]
Peoples are protesting on road and hitting a car on the road

[ACTION]
10. Scene

[SUBCATEGORIES]
['Non-Hate']

[PARENTLABELS]
['neutral']

[ACTION_CLEAN]
scene",0,0.1725485920906067,0,0,0.17588628828525543,0,0,0.14611999690532684,0,0,0.23014791309833527,0,1,0.9570630788803101,1,0,0.5703104734420776,0,0,0.11611877381801605,0,0,0.3324892818927765,0,0,0.16076034307479858,0
895,non_hate_video_113.mp4,non_hate_video_113,test,0,"[SCENE]
Two old man are talking and in background people are laughing

[ACTION]
10. Scene

[SUBCATEGORIES]
['Non-Hate']

[PARENTLABELS]
['neutral']

[ACTION_CLEAN]
scene",0,0.0731254294514656,0,0,0.06155906990170479,0,0,0.07978995889425278,0,0,0.09823596477508545,0,0,0.08279135078191757,0,0,0.1331595778465271,0,0,0.06369415670633316,0,0,0.06293533742427826,0,0,0.06336482614278793,0
896,non_hate_video_114.mp4,non_hate_video_114,test,0,"[SCENE]
Two people were arguing then they started to fight , then 2-3 people came to stop the fight

[ACTION]
1. Violence in Animation

[SUBCATEGORIES]
['Physical Fighting Scenes']

[PARENTLABELS]
['violence']

[ACTION_CLEAN]
violence in animation",0,0.0901450514793396,0,0,0.08077426254749298,0,0,0.0713876336812973,0,0,0.09528671950101852,0,1,0.9174442887306213,1,0,0.08759427070617676,0,0,0.09802056103944778,0,0,0.08718440681695938,0,0,0.08478070050477982,0
897,non_hate_video_116.mp4,non_hate_video_116,train,0,"[SCENE]
An african man is eating sand and pouring lot of sand in mouth

[ACTION]
10. Scene

[SUBCATEGORIES]
['Stupidity']

[PARENTLABELS]
['neutral']

[ACTION_CLEAN]
scene",0,0.14330562949180603,0,0,0.24300076067447662,0,0,0.21663795411586761,0,0,0.20356018841266632,0,0,0.5195503234863281,1,1,0.8814369440078735,1,0,0.13656383752822876,0,0,0.22182431817054749,0,0,0.19729240238666534,0
898,non_hate_video_117.mp4,non_hate_video_117,train,0,"[SCENE]
Scene in metro , a women pulled and throwed a person out of the train

[ACTION]
1. Violence in Animation

[SUBCATEGORIES]
['Physical Fighting Scenes']

[PARENTLABELS]
['violence']

[ACTION_CLEAN]
violence in animation",0,0.08842983096837997,0,0,0.08299049735069275,0,0,0.07410182803869247,0,0,0.09528675675392151,0,1,0.9205856919288635,1,0,0.09050530940294266,0,0,0.09853514283895493,0,0,0.08793652057647705,0,0,0.08661127835512161,0
899,non_hate_video_118.mp4,non_hate_video_118,train,0,"[SCENE]
A player in red outfit with lots of tatto on hand came and told not to do that to few persons

[ACTION]
9. Non-Hate

[SUBCATEGORIES]
['Non-Hate']

[PARENTLABELS]
['neutral']

[ACTION_CLEAN]
non-hate",0,0.08159682899713516,0,0,0.06846241652965546,0,0,0.0578201524913311,0,0,0.07571838796138763,0,0,0.08218254148960114,0,0,0.08917529135942459,0,0,0.07235673069953918,0,0,0.06556200981140137,0,0,0.06678006052970886,0
900,non_hate_video_119.mp4,non_hate_video_119,train,0,"[SCENE]
Many people were sitting in a room , someone fired and other person fired at him and shoot down him

[ACTION]
1. Violence in Animation

[SUBCATEGORIES]
['Weapon Usage (Fantasy/Real)']

[PARENTLABELS]
['violence']

[ACTION_CLEAN]
violence in animation",0,0.08964219689369202,0,0,0.0850377306342125,0,0,0.07313399016857147,0,0,0.09916973114013672,0,1,0.926769495010376,1,0,0.09338334202766418,0,0,0.09762000292539597,0,0,0.09196313470602036,0,0,0.0888993963599205,0
901,non_hate_video_431.mp4,non_hate_video_431,train,0,"[SCENE]
This is a clip recorded on a busy street in a city in which a man picked a bird from the ground and tossed it in the sky in hope of the bird will fly but the bird couldn't fly and landed on the ground

[ACTION]
1. Violence in Animation

[SUBCATEGORIES]
['Animal abuse']

[PARENTLABELS]
['violence']

[ACTION_CLEAN]
violence in animation",0,0.09088418632745743,0,0,0.0866897851228714,0,0,0.07400669902563095,0,0,0.09467708319425583,0,1,0.9202842116355896,1,0,0.08902696520090103,0,0,0.09877385944128036,0,0,0.08932818472385406,0,0,0.09015072882175446,0
902,non_hate_video_432.mp4,non_hate_video_432,train,0,"[SCENE]
This is the opening screen of a cartoon show named looney tunes

[ACTION]
9. Non-Hate

[SUBCATEGORIES]
['Non-Hate']

[PARENTLABELS]
['neutral']

[ACTION_CLEAN]
non-hate",0,0.07961161434650421,0,0,0.06785735487937927,0,0,0.058528199791908264,0,0,0.0763200893998146,0,0,0.08047505468130112,0,0,0.08918487280607224,0,0,0.07461600750684738,0,0,0.06554778665304184,0,0,0.0675913617014885,0
903,non_hate_video_433.mp4,non_hate_video_433,train,0,"[SCENE]
This is the opening screen of a cartoon show named merrie melodies

[ACTION]
9. Non-Hate

[SUBCATEGORIES]
['Non-Hate']

[PARENTLABELS]
['neutral']

[ACTION_CLEAN]
non-hate",0,0.07863833755254745,0,0,0.0673087015748024,0,0,0.05886832997202873,0,0,0.07661768794059753,0,0,0.0813431590795517,0,0,0.08981913328170776,0,0,0.07416149228811264,0,0,0.06539644300937653,0,0,0.06742608547210693,0
904,non_hate_video_434.mp4,non_hate_video_434,val,0,"[SCENE]
This is a clip recorded in mart in which two lady are fighting then the lady pushed the other one and now the lady is abusing the lady and saying how she pushed him

[ACTION]
1. Violence in Animation

[SUBCATEGORIES]
['Physical Fighting Scenes']

[PARENTLABELS]
['violence']

[ACTION_CLEAN]
violence in animation",0,0.09872550517320633,0,0,0.0892615094780922,0,0,0.07456570863723755,0,0,0.09974388778209686,0,1,0.9289783835411072,1,0,0.09263702481985092,0,0,0.09617103636264801,0,0,0.09156496822834015,0,0,0.08769118785858154,0
905,non_hate_video_434.mp4,non_hate_video_434,val,0,"[SCENE]
This is a clip recorded in mart in which a lady is very angry on someone then she picked a can and threw it on the floor and started destroying the shop and also constantly abusing that other lady

[ACTION]
1. Violence in Animation

[SUBCATEGORIES]
['Physical Fighting Scenes']

[PARENTLABELS]
['violence']

[ACTION_CLEAN]
violence in animation",0,0.0990886241197586,0,0,0.08916237205266953,0,0,0.07650621980428696,0,0,0.09972746670246124,0,1,0.9290313720703125,1,0,0.0906800702214241,0,0,0.09717520326375961,0,0,0.09104018658399582,0,0,0.08910525590181351,0
906,non_hate_video_435.mp4,non_hate_video_435,val,0,"[SCENE]
A man is giving speech to a whole crowd the stage is full of mic and he is talking about christianity. the video is black and white and very old

[ACTION]
10. Scene

[SUBCATEGORIES]
['Speech']

[PARENTLABELS]
['neutral']

[ACTION_CLEAN]
scene",0,0.3444886803627014,0,0,0.3659282624721527,0,0,0.45521336793899536,0,0,0.07308965921401978,0,0,0.07863868772983551,0,0,0.16170592606067657,0,0,0.07535061240196228,0,0,0.07439584285020828,0,0,0.07475969940423965,0
907,non_hate_video_435.mp4,non_hate_video_435,val,0,"[SCENE]
The whole crowd is making noise and errupted from happiness after hearing the speech

[ACTION]
10. Scene

[SUBCATEGORIES]
['Speech']

[PARENTLABELS]
['neutral']

[ACTION_CLEAN]
scene",0,0.07522030174732208,0,0,0.06105766445398331,0,0,0.08136488497257233,0,0,0.09879782795906067,0,0,0.10310570895671844,0,0,0.18856696784496307,0,0,0.06620391458272934,0,0,0.06657657772302628,0,0,0.06098080426454544,0
908,non_hate_video_436.mp4,non_hate_video_436,train,0,"[SCENE]
This is a scene of casino in which a man is destroying the games and a lady is asking for help on call

[ACTION]
10. Scene

[SUBCATEGORIES]
['Destruction']

[PARENTLABELS]
['violence']

[ACTION_CLEAN]
scene",0,0.1604878157377243,0,0,0.19155678153038025,0,0,0.1498524397611618,0,0,0.2535509765148163,0,1,0.8888515830039978,1,1,0.8505551815032959,1,0,0.10267257690429688,0,0,0.4000464677810669,0,0,0.1918419599533081,0
909,non_hate_video_436.mp4,non_hate_video_436,train,0,"[SCENE]
This is a scene of casino in which a man picked the chair and started hitting the casino machine then he pulled the machine on the ground

[ACTION]
10. Scene

[SUBCATEGORIES]
['Destruction']

[PARENTLABELS]
['violence']

[ACTION_CLEAN]
scene",0,0.20598803460597992,0,0,0.29714056849479675,0,0,0.18867017328739166,0,0,0.4486240744590759,0,1,0.9523078799247742,1,0,0.7647626399993896,1,0,0.14998653531074524,0,1,0.6267249584197998,0,0,0.2426648736000061,0
910,non_hate_video_438.mp4,non_hate_video_438,train,0,"[SCENE]
This is a recording of from inside a car which is moving on the road and the road is covered eith trees from the both sides

[ACTION]
9. Non-Hate

[SUBCATEGORIES]
['Non-Hate', ' Destruction']

[PARENTLABELS]
['violence', 'neutral']

[ACTION_CLEAN]
non-hate",0,0.08151178807020187,0,0,0.07150991261005402,0,0,0.05770661309361458,0,0,0.07462828606367111,0,0,0.08285477012395859,0,0,0.08816178888082504,0,0,0.07184445858001709,0,0,0.06586482375860214,0,0,0.06594881415367126,0
911,non_hate_video_438.mp4,non_hate_video_438,train,0,"[SCENE]
This is a scene of a road on which some peoples are fighting and three gunshots can be heard, one person died by the gunshot. There is also a car stopped there from which a man ran to help that person

[ACTION]
1. Violence in Animation

[SUBCATEGORIES]
['Physical Fighting Scenes', ' 1.3. Weapon Usage (Fantasy/Real)', ' 1.4. Character Death Scenes']

[PARENTLABELS]
['violence']

[ACTION_CLEAN]
violence in animation",0,0.08571828156709671,0,0,0.0902833491563797,0,0,0.07383085042238235,0,0,0.1006934717297554,0,1,0.9322715401649475,1,0,0.10036952793598175,0,0,0.0983317419886589,0,0,0.0925794243812561,0,0,0.09217821806669235,0
912,non_hate_video_439.mp4,non_hate_video_439,train,0,"[SCENE]
A man is cycling on a busy road in which he is ddoing a wheelie and moving from very close of cars that are coming from the opposite side of the road with very high speed

[ACTION]
10. Scene

[SUBCATEGORIES]
['Stupid Actions']

[PARENTLABELS]
['neutral']

[ACTION_CLEAN]
scene",0,0.09692730754613876,0,0,0.19951367378234863,0,0,0.1388482302427292,0,0,0.23031936585903168,0,0,0.282420814037323,0,1,0.8550502061843872,1,0,0.09783100336790085,0,0,0.1948213279247284,0,0,0.1761634647846222,0
913,non_hate_video_440.mp4,non_hate_video_440,val,0,"[SCENE]
In this clip some peoples have covered their face and taking items from the shop looks like robbery as they are not properly packed

[ACTION]
10. Scene

[SUBCATEGORIES]
['Robbery']

[PARENTLABELS]
['illegal']

[ACTION_CLEAN]
scene",0,0.22173012793064117,0,0,0.376266747713089,0,0,0.2261611819267273,0,0,0.4682793915271759,0,1,0.9438073635101318,1,1,0.6780463457107544,0,0,0.19293613731861115,0,1,0.5938581824302673,0,0,0.2835926115512848,0
914,non_hate_video_441.mp4,non_hate_video_441,train,0,"[SCENE]
A father from the church is standing in the snowly covered area and talking its not about isareal its about three iserael that began after the genoicide of isareal

[ACTION]
10. Scene

[SUBCATEGORIES]
['Speech']

[PARENTLABELS]
['neutral']

[ACTION_CLEAN]
scene",0,0.0780687928199768,0,0,0.12586404383182526,0,0,0.08654404431581497,0,0,0.11326185613870621,0,0,0.10166028141975403,0,0,0.1522357016801834,0,0,0.10957809537649155,0,0,0.08001047372817993,0,0,0.07740605622529984,0
915,non_hate_video_441.mp4,non_hate_video_441,train,0,"[SCENE]
In this clip a guys is talking about nato and something. There is also a text present which says US launches drone strikes in Libya

[ACTION]
10. Scene

[SUBCATEGORIES]
['Speech']

[PARENTLABELS]
['neutral']

[ACTION_CLEAN]
scene",0,0.0856495276093483,0,0,0.08741535246372223,0,0,0.09564325213432312,0,0,0.10394399613142014,0,0,0.1193210780620575,0,0,0.12289741635322571,0,0,0.07287674397230148,0,0,0.06833247095346451,0,0,0.061217088252305984,0
916,non_hate_video_441.mp4,non_hate_video_441,train,0,"[SCENE]
There is a spider entanling its prey

[ACTION]
10. Scene

[SUBCATEGORIES]
['animal']

[PARENTLABELS]
['neutral']

[ACTION_CLEAN]
scene",0,0.09672732651233673,0,0,0.1261945366859436,0,0,0.14775587618350983,0,0,0.14352960884571075,0,0,0.22245030105113983,0,1,0.4218156337738037,0,0,0.11696092784404755,0,0,0.09921535849571228,0,0,0.09369940310716629,0
917,non_hate_video_442.mp4,non_hate_video_442,train,0,"[SCENE]
Two ladies are verbally fighting in a resturant/cafe and a man is trying to stop them

[ACTION]
2. Verbal Abuse

[SUBCATEGORIES]
['Name-calling/Insults']

[PARENTLABELS]
['hate_speech']

[ACTION_CLEAN]
verbal abuse",1,0.9261351227760315,1,0,0.11895827203989029,0,0,0.13088694214820862,0,0,0.11767251044511795,0,0,0.11321529000997543,0,0,0.10143916308879852,0,0,0.11697553843259811,0,0,0.09855767339468002,0,0,0.10747427493333817,0
918,non_hate_video_442.mp4,non_hate_video_442,train,0,"[SCENE]
A man picked up a juice glass and threw it after that all of them started fighting

[ACTION]
1. Violence in Animation

[SUBCATEGORIES]
['Physical Fighting Scenes']

[PARENTLABELS]
['violence']

[ACTION_CLEAN]
violence in animation",0,0.0912751853466034,0,0,0.08096164464950562,0,0,0.07217219471931458,0,0,0.09769444167613983,0,1,0.9222326874732971,1,0,0.09053678065538406,0,0,0.09894786030054092,0,0,0.0897943526506424,0,0,0.08681060373783112,0
919,non_hate_video_443.mp4,non_hate_video_443,train,0,"[SCENE]
A man wrecked his car in at the parking and he is standing in front of it and watching his phone

[ACTION]
10. Scene

[SUBCATEGORIES]
['Non-Hate']

[PARENTLABELS]
['neutral']

[ACTION_CLEAN]
scene",0,0.0768626406788826,0,0,0.05965200066566467,0,0,0.07980405539274216,0,0,0.08567595481872559,0,0,0.08340361714363098,0,0,0.133772075176239,0,0,0.05703197047114372,0,0,0.06538857519626617,0,0,0.06674210727214813,0
920,non_hate_video_444.mp4,non_hate_video_444,val,0,"[SCENE]
Donald trump is shaking hand with other politician

[ACTION]
10. Scene

[SUBCATEGORIES]
['Non-Hate']

[PARENTLABELS]
['neutral']

[ACTION_CLEAN]
scene",0,0.08197502046823502,0,0,0.07693573832511902,0,0,0.08189842849969864,0,0,0.08384045213460922,0,0,0.08783198893070221,0,0,0.11785919219255447,0,0,0.05541031435132027,0,0,0.07020436972379684,0,0,0.05878486484289169,0
921,non_hate_video_445.mp4,non_hate_video_445,test,0,"[SCENE]
This is a clip recorded at night in which some peoples are driving the car over a racoon and they are happy about it

[ACTION]
10. Scene

[SUBCATEGORIES]
['Animal Abuse']

[PARENTLABELS]
['violence']

[ACTION_CLEAN]
scene",0,0.2083512246608734,0,0,0.46584445238113403,0,0,0.3885628283023834,0,0,0.19246913492679596,0,1,0.5150730013847351,1,1,0.6891902089118958,0,0,0.06557710468769073,0,0,0.1599067747592926,0,1,0.13551098108291626,0
922,non_hate_video_445.mp4,non_hate_video_445,test,0,"[SCENE]
When the racoon didn't dies they are beating it with sticks, loud band can be clearly heard

[ACTION]
10. Scene

[SUBCATEGORIES]
['Animal Abuse']

[PARENTLABELS]
['violence']

[ACTION_CLEAN]
scene",0,0.36454394459724426,0,0,0.4857558012008667,0,0,0.3137100040912628,0,0,0.36712685227394104,0,1,0.9225069284439087,1,1,0.7798901200294495,1,0,0.09112284332513809,0,0,0.3747439682483673,0,0,0.1947784572839737,0
923,non_hate_video_446.mp4,non_hate_video_446,train,0,"[SCENE]
This is a scene in which a footballer made a goal and while kicking he fell down

[ACTION]
10. Scene

[SUBCATEGORIES]
['Non-Hate']

[PARENTLABELS]
['neutral']

[ACTION_CLEAN]
scene",0,0.06435225903987885,0,0,0.07311630994081497,0,0,0.07310307770967484,0,0,0.1060815155506134,0,0,0.5860438346862793,1,0,0.305442214012146,0,0,0.08329958468675613,0,0,0.10285016149282455,0,0,0.11892542988061905,0
924,non_hate_video_446.mp4,non_hate_video_446,train,0,"[SCENE]
The peoples are celebrating the cup they won but the voiceover is making fun of their origin adn skin colour

[ACTION]
3. Discrimination

[SUBCATEGORIES]
['Background/Origin Discrimination']

[PARENTLABELS]
['discrimination']

[ACTION_CLEAN]
discrimination",0,0.09347494691610336,0,1,0.8937152624130249,1,0,0.11736765503883362,0,0,0.10838872194290161,0,0,0.12012483924627304,0,0,0.13108178973197937,0,0,0.10741489380598068,0,0,0.11391814798116684,0,0,0.10979771614074707,0
925,non_hate_video_446.mp4,non_hate_video_446,train,0,"[SCENE]
A lady is speaking something in the mic in some other language and the subtitles is also present at the bottom of the screen

[ACTION]
10. Scene

[SUBCATEGORIES]
['Non-Hate']

[PARENTLABELS]
['neutral']

[ACTION_CLEAN]
scene",0,0.07968603819608688,0,0,0.07174097746610641,0,0,0.09230221807956696,0,0,0.08755121380090714,0,0,0.07490117847919464,0,0,0.1142219752073288,0,0,0.06069648638367653,0,0,0.06033148989081383,0,0,0.057944681495428085,0
926,non_hate_video_448.mp4,non_hate_video_448,val,0,"[SCENE]
This is a scene of a boxing match in which one player came to hit the opponent but he dodged it and he feell down

[ACTION]
1. Violence in Animation

[SUBCATEGORIES]
['Physical Fighting Scenes']

[PARENTLABELS]
['violence']

[ACTION_CLEAN]
violence in animation",0,0.0884474590420723,0,0,0.0841321125626564,0,0,0.07364074140787125,0,0,0.09787946194410324,0,1,0.9228443503379822,1,0,0.09159106761217117,0,0,0.0991881713271141,0,0,0.08970038592815399,0,0,0.08855126053094864,0
927,non_hate_video_448.mp4,non_hate_video_448,val,0,"[SCENE]
In this boxing match when oponent saw the boxer vulnerable he started hitting him then the refree finished this round

[ACTION]
1. Violence in Animation

[SUBCATEGORIES]
['Physical Fighting Scenes']

[PARENTLABELS]
['violence']

[ACTION_CLEAN]
violence in animation",0,0.08887159079313278,0,0,0.08056051284074783,0,0,0.07244350016117096,0,0,0.09517336636781693,0,1,0.9186694622039795,1,0,0.08990626037120819,0,0,0.0965828001499176,0,0,0.08792416751384735,0,0,0.08654308319091797,0
928,non_hate_video_448.mp4,non_hate_video_448,val,0,"[SCENE]
In this scene the boxer who won the match is celebrating after coming to the camera

[ACTION]
10. Scene

[SUBCATEGORIES]
['Celebration']

[PARENTLABELS]
['neutral']

[ACTION_CLEAN]
scene",0,0.09574612975120544,0,0,0.08097280561923981,0,0,0.0799851194024086,0,0,0.09415537118911743,0,0,0.1710442751646042,0,0,0.16413810849189758,0,0,0.08920697867870331,0,0,0.07437436282634735,0,0,0.05668962001800537,0
929,non_hate_video_449.mp4,non_hate_video_449,test,0,"[SCENE]
guy on the wheelchair is dancing and wearing weird cloth

[ACTION]
10. Scene

[SUBCATEGORIES]
['Non-Hate']

[PARENTLABELS]
['neutral']

[ACTION_CLEAN]
scene",0,0.06354061514139175,0,0,0.057925477623939514,0,0,0.0752665251493454,0,0,0.0902465209364891,0,0,0.09713421016931534,0,0,0.11832644045352936,0,0,0.07716643065214157,0,0,0.06630052626132965,0,0,0.05662144720554352,0
930,non_hate_video_450.mp4,non_hate_video_450,test,0,"[SCENE]
In this scene lots of rats are present

[ACTION]
10. Scene

[SUBCATEGORIES]
['Non-Hate']

[PARENTLABELS]
['neutral']

[ACTION_CLEAN]
scene",0,0.09194178879261017,0,0,0.05706431716680527,0,0,0.10753392428159714,0,0,0.13703197240829468,0,0,0.14603136479854584,0,0,0.19534865021705627,0,0,0.08041374385356903,0,0,0.10249177366495132,0,0,0.08297567814588547,0
931,non_hate_video_450.mp4,non_hate_video_450,test,0,"[SCENE]
In this scene lots of rats are present

[ACTION]
10. Scene

[SUBCATEGORIES]
['Non-Hate']

[PARENTLABELS]
['neutral']

[ACTION_CLEAN]
scene",0,0.09194178879261017,0,0,0.05706431716680527,0,0,0.10753392428159714,0,0,0.13703197240829468,0,0,0.14603136479854584,0,0,0.19534865021705627,0,0,0.08041374385356903,0,0,0.10249177366495132,0,0,0.08297567814588547,0
932,non_hate_video_450.mp4,non_hate_video_450,test,0,"[SCENE]
In this scene two rats are fighting in a pit

[ACTION]
10. Scene

[SUBCATEGORIES]
['Non-Hate']

[PARENTLABELS]
['neutral']

[ACTION_CLEAN]
scene",0,0.09042724221944809,0,0,0.06028270348906517,0,0,0.07639215141534805,0,0,0.13554565608501434,0,1,0.37402936816215515,0,0,0.31690874695777893,0,0,0.06216064468026161,0,0,0.10720939934253693,0,0,0.08116231858730316,0
933,non_hate_video_451.mp4,non_hate_video_451,val,0,"[SCENE]
A man is surfing on omegle and waiting for the other person to come

[ACTION]
10. Scene

[SUBCATEGORIES]
['Non-Hate']

[PARENTLABELS]
['neutral']

[ACTION_CLEAN]
scene",0,0.07924686372280121,0,0,0.07305710017681122,0,0,0.08456467092037201,0,0,0.08674128353595734,0,0,0.06718923151493073,0,0,0.13776895403862,0,0,0.05465629696846008,0,0,0.06506729125976562,0,0,0.06343182176351547,0
934,non_hate_video_451.mp4,non_hate_video_451,val,0,"[SCENE]
A man and two girls are on omegle and they are talking on video calls

[ACTION]
10. Scene

[SUBCATEGORIES]
['Non-Hate']

[PARENTLABELS]
['neutral']

[ACTION_CLEAN]
scene",0,0.0810934454202652,0,0,0.06681881844997406,0,0,0.08187340945005417,0,0,0.08907299488782883,0,0,0.071113221347332,0,0,0.1176752895116806,0,0,0.06162898615002632,0,0,0.06689532101154327,0,0,0.06521770358085632,0
935,non_hate_video_452.mp4,non_hate_video_452,train,0,"[SCENE]
This is a scene of a shoe shop which is messed up looks like someone have made destruction or tried stealing

[ACTION]
10. Scene

[SUBCATEGORIES]
['Non-Hate']

[PARENTLABELS]
['neutral']

[ACTION_CLEAN]
scene",0,0.24446043372154236,0,0,0.31801721453666687,0,0,0.22167328000068665,0,0,0.5285698175430298,0,1,0.9325171113014221,1,0,0.7987369894981384,1,0,0.15555578470230103,0,1,0.7104867696762085,0,0,0.31855154037475586,0
936,non_hate_video_452.mp4,non_hate_video_452,train,0,"[SCENE]
This is a scene of a shoe shop which is messed up looks like someone have made destruction or tried stealing, whole stock has fallen

[ACTION]
10. Scene

[SUBCATEGORIES]
['Non-Hate']

[PARENTLABELS]
['neutral']

[ACTION_CLEAN]
scene",0,0.21446670591831207,0,0,0.30021294951438904,0,0,0.228245347738266,0,0,0.46967238187789917,0,1,0.9234400391578674,1,1,0.8836102485656738,1,0,0.1571839302778244,0,0,0.691586971282959,0,0,0.30750301480293274,0
937,non_hate_video_453.mp4,non_hate_video_453,train,0,"[SCENE]
This is the scene off night in which a man is driving his car and saw a board of detour bln and moved the car towards that direction

[ACTION]
10. Scene

[SUBCATEGORIES]
['Non-Hate']

[PARENTLABELS]
['neutral']

[ACTION_CLEAN]
scene",0,0.08021271973848343,0,0,0.069028839468956,0,0,0.0872507393360138,0,0,0.09228459745645523,0,0,0.07015138119459152,0,0,0.12910275161266327,0,0,0.05645960196852684,0,0,0.06707457453012466,0,0,0.06330186128616333,0
938,non_hate_video_454.mp4,non_hate_video_454,train,0,"[SCENE]
In this scene a man is walking on the street at night time

[ACTION]
10. Scene

[SUBCATEGORIES]
['Non-Hate']

[PARENTLABELS]
['neutral']

[ACTION_CLEAN]
scene",0,0.06874308735132217,0,0,0.06717853248119354,0,0,0.07395192980766296,0,0,0.09737744182348251,0,0,0.08624186366796494,0,0,0.14910687506198883,0,0,0.06552127748727798,0,0,0.06757641583681107,0,0,0.06530752778053284,0
939,non_hate_video_455.mp4,non_hate_video_455,train,0,"[SCENE]
This is a scene of narendra modi cartoon in which a racist song is playing and modi ji is dancing. channel named is also mentioned on the top right corner

[ACTION]
3. Discrimination

[SUBCATEGORIES]
['Background/Origin Discrimination']

[PARENTLABELS]
['discrimination']

[ACTION_CLEAN]
discrimination",0,0.10373467952013016,0,1,0.9033500552177429,1,0,0.12226948142051697,0,0,0.11101159453392029,0,0,0.12967881560325623,0,0,0.13026855885982513,0,0,0.10745236277580261,0,0,0.11559327691793442,0,0,0.11500824987888336,0
940,non_hate_video_456.mp4,non_hate_video_456,train,0,"[SCENE]
In this clip two peoples were talking then suddenly thw fat man threw a punch on the face of the other guy. this video is recorded in the day and it is recording of a door camera

[ACTION]
1. Violence in Animation

[SUBCATEGORIES]
['Physical Fighting Scenes']

[PARENTLABELS]
['violence']

[ACTION_CLEAN]
violence in animation",0,0.09210064262151718,0,0,0.08778805285692215,0,0,0.07534784823656082,0,0,0.09686608612537384,0,1,0.9252803921699524,1,0,0.09022407233715057,0,0,0.09908236563205719,0,0,0.09019868820905685,0,0,0.08881813287734985,0
941,non_hate_video_457.mp4,non_hate_video_457,test,0,"[SCENE]
A lady is recording her video and sharing her thoughts

[ACTION]
10. Scene

[SUBCATEGORIES]
['Non-Hate']

[PARENTLABELS]
['neutral']

[ACTION_CLEAN]
scene",0,0.07544899731874466,0,0,0.06368012726306915,0,0,0.08116345852613449,0,0,0.09910150617361069,0,0,0.07602445036172867,0,0,0.1433446854352951,0,0,0.05722398683428764,0,0,0.06402218341827393,0,0,0.06120564043521881,0
942,non_hate_video_459.mp4,non_hate_video_459,val,0,"[SCENE]
Another music video in which the ablum poster is in the video and music is playing in the background

[ACTION]
10. Scene

[SUBCATEGORIES]
['music']

[PARENTLABELS]
['neutral']

[ACTION_CLEAN]
scene",0,0.09521486610174179,0,0,0.05158582702279091,0,0,0.13729014992713928,0,0,0.09054852277040482,0,0,0.11373508721590042,0,0,0.08391111344099045,0,0,0.16985724866390228,0,0,0.07588870078325272,0,0,0.07077973335981369,0
943,non_hate_video_460.mp4,non_hate_video_460,train,0,"[SCENE]
This is a clip in which a truck is driven in between of forest in a beautiful day and this is recorded from the dash cam

[ACTION]
10. Scene

[SUBCATEGORIES]
['Non-Hate']

[PARENTLABELS]
['neutral']

[ACTION_CLEAN]
scene",0,0.06811418384313583,0,0,0.06790950149297714,0,0,0.08289487659931183,0,0,0.08798056840896606,0,0,0.08954008668661118,0,0,0.14411550760269165,0,0,0.06199532374739647,0,0,0.06618101894855499,0,0,0.06308984011411667,0
944,non_hate_video_460.mp4,non_hate_video_460,train,0,"[SCENE]
This is a clip in which a truck is driven in between of forest in a beautiful day and then suddenly some people started running towards it and with a machatte

[ACTION]
1. Violence in Animation

[SUBCATEGORIES]
['Weapon Usage (Fantasy/Real)', ' music']

[PARENTLABELS]
['violence', 'neutral']

[ACTION_CLEAN]
violence in animation",0,0.0895313248038292,0,0,0.08545401692390442,0,0,0.07498244196176529,0,0,0.09469854831695557,0,1,0.922398030757904,1,0,0.0910586565732956,0,0,0.0959213376045227,0,0,0.08735312521457672,0,0,0.08911658823490143,0
945,non_hate_video_462.mp4,non_hate_video_462,train,0,"[SCENE]
Another music video in which a photo is show in the video and racisit music is playing in the background

[ACTION]
3. Discrimination

[SUBCATEGORIES]
['Background/Origin Discrimination', ' music']

[PARENTLABELS]
['neutral', 'discrimination']

[ACTION_CLEAN]
discrimination",0,0.09520617872476578,0,1,0.8948136568069458,1,0,0.11906441301107407,0,0,0.11012078821659088,0,0,0.1219838410615921,0,0,0.1296437680721283,0,0,0.10725511610507965,0,0,0.11425943672657013,0,0,0.11277603358030319,0
946,non_hate_video_463.mp4,non_hate_video_463,train,0,"[SCENE]
This clip is recorded from a news channel in which a last is talking about something and some texts are at the bottom

[ACTION]
10. Scene

[SUBCATEGORIES]
['Non-Hate']

[PARENTLABELS]
['neutral']

[ACTION_CLEAN]
scene",0,0.0808948278427124,0,0,0.06682319939136505,0,0,0.09272681176662445,0,0,0.08970595896244049,0,0,0.07071606814861298,0,0,0.11860566586256027,0,0,0.056429971009492874,0,0,0.06266100704669952,0,0,0.06155109032988548,0
947,non_hate_video_464.mp4,non_hate_video_464,train,0,"[SCENE]
In this clip something is burmning and the people are running away from it and then the fire brigade started wattering it

[ACTION]
10. Scene

[SUBCATEGORIES]
['Fire']

[PARENTLABELS]
['neutral']

[ACTION_CLEAN]
scene",0,0.1015874370932579,0,0,0.12906266748905182,0,0,0.10899963229894638,0,0,0.1401502937078476,0,0,0.3546183705329895,0,1,0.8556213974952698,1,0,0.1432572603225708,0,0,0.14776991307735443,0,0,0.14710882306098938,0
948,non_hate_video_466.mp4,non_hate_video_466,test,0,"[SCENE]
This is a caroon in which africa map is shown and Ranchapokee is pointed and zoomed

[ACTION]
10. Scene

[SUBCATEGORIES]
['Non-Hate', ' Fire']

[PARENTLABELS]
['neutral']

[ACTION_CLEAN]
scene",0,0.06788045912981033,0,0,0.08386897295713425,0,0,0.09719174355268478,0,0,0.07952553778886795,0,0,0.07016772031784058,0,0,0.1286923587322235,0,0,0.061658743768930435,0,0,0.06431391090154648,0,0,0.06189797818660736,0
949,non_hate_video_466.mp4,non_hate_video_466,test,0,"[SCENE]
This is a caroon in which a waterfall is shown

[ACTION]
10. Scene

[SUBCATEGORIES]
['Non-Hate', ' Fire']

[PARENTLABELS]
['neutral']

[ACTION_CLEAN]
scene",0,0.0705830380320549,0,0,0.06407176703214645,0,0,0.08633949607610703,0,0,0.08398666977882385,0,0,0.08080556988716125,0,0,0.1316973716020584,0,0,0.06610545516014099,0,0,0.0646410584449768,0,0,0.06100425869226456,0
950,non_hate_video_467.mp4,non_hate_video_467,train,0,"[SCENE]
this is a video which is recorded at the home in which the guy is introducing himself and the lady who is also present there

[ACTION]
10. Scene

[SUBCATEGORIES]
['Non-Hate']

[PARENTLABELS]
['neutral']

[ACTION_CLEAN]
scene",0,0.070140540599823,0,0,0.06913192570209503,0,0,0.08231017738580704,0,0,0.09410958737134933,0,0,0.07234562933444977,0,0,0.12537075579166412,0,0,0.0603034682571888,0,0,0.0640973299741745,0,0,0.06295962631702423,0
951,non_hate_video_467.mp4,non_hate_video_467,train,0,"[SCENE]
This is a video shot at night time in which a guy is welcoming himself

[ACTION]
10. Scene

[SUBCATEGORIES]
['Non-Hate']

[PARENTLABELS]
['neutral']

[ACTION_CLEAN]
scene",0,0.07440168410539627,0,0,0.06792574375867844,0,0,0.08404393494129181,0,0,0.08909005671739578,0,0,0.07766279578208923,0,0,0.1405256986618042,0,0,0.05849533900618553,0,0,0.06467557698488235,0,0,0.06172962859272957,0
952,non_hate_video_468.mp4,non_hate_video_468,train,0,"[SCENE]
This is a video of empty land which is covered with a little bit of vegetation and then the video is zoomed to three horses

[ACTION]
10. Scene

[SUBCATEGORIES]
['Non-Hate']

[PARENTLABELS]
['neutral']

[ACTION_CLEAN]
scene",0,0.06826435774564743,0,0,0.06763160228729248,0,0,0.08236507326364517,0,0,0.08782926946878433,0,0,0.10864833742380142,0,0,0.13079558312892914,0,0,0.06191367655992508,0,0,0.0640874058008194,0,0,0.06274598091840744,0
953,non_hate_video_469.mp4,non_hate_video_469,train,0,"[SCENE]
In this video man is wearing army dress and on the montior ussr flag is there and he is saying you are amoung gay and laughing

[ACTION]
3. Discrimination

[SUBCATEGORIES]
['Background/Origin Discrimination']

[PARENTLABELS]
['discrimination']

[ACTION_CLEAN]
discrimination",0,0.09941460192203522,0,1,0.8983420133590698,1,0,0.12091713398694992,0,0,0.11030144989490509,0,0,0.12248065322637558,0,0,0.13068777322769165,0,0,0.1038975641131401,0,0,0.114409439265728,0,0,0.11288212239742279,0
954,non_hate_video_470.mp4,non_hate_video_470,test,0,"[SCENE]
Another music video with black screen and music is played in the background

[ACTION]
9. Non-Hate

[SUBCATEGORIES]
['Music']

[PARENTLABELS]
['neutral']

[ACTION_CLEAN]
non-hate",0,0.07858841121196747,0,0,0.06918003410100937,0,0,0.05823088437318802,0,0,0.07714914530515671,0,0,0.08124876767396927,0,0,0.08665017783641815,0,0,0.07623811066150665,0,0,0.0659424215555191,0,0,0.06707537919282913,0
955,non_hate_video_471.mp4,non_hate_video_471,train,0,"[SCENE]
Two peoples are talking in front of camera. the sound of winds can be heard and there is a tall building at the back of the first person

[ACTION]
10. Scene

[SUBCATEGORIES]
['Non-Hate']

[PARENTLABELS]
['neutral']

[ACTION_CLEAN]
scene",0,0.07877206057310104,0,0,0.06864004582166672,0,0,0.09128342568874359,0,0,0.08909424394369125,0,0,0.06818026304244995,0,0,0.14537793397903442,0,0,0.05771051347255707,0,0,0.06530067324638367,0,0,0.06259214878082275,0
956,non_hate_video_472.mp4,non_hate_video_472,train,0,"[SCENE]
Two peoples are talking in a dark room one of them is playing billiards and other is standing there

[ACTION]
10. Scene

[SUBCATEGORIES]
['Non-Hate']

[PARENTLABELS]
['neutral']

[ACTION_CLEAN]
scene",0,0.07592818886041641,0,0,0.06814560294151306,0,0,0.08241443336009979,0,0,0.09216569364070892,0,0,0.13773854076862335,0,0,0.11425478011369705,0,0,0.05913519114255905,0,0,0.07192228734493256,0,0,0.05924370884895325,0
957,non_hate_video_473.mp4,non_hate_video_473,train,0,"[SCENE]
The criminal beat that police officer in his cell and when the other cops asked for what is going on he mimicked his voice everthing is happening in a dark room

[ACTION]
1. Violence in Animation

[SUBCATEGORIES]
['Physical Fighting Scenes']

[PARENTLABELS]
['violence']

[ACTION_CLEAN]
violence in animation",0,0.09121879935264587,0,0,0.08032193034887314,0,0,0.07306761294603348,0,0,0.09250972419977188,0,1,0.9132217764854431,1,0,0.0862724706530571,0,0,0.09501238167285919,0,0,0.08547397702932358,0,0,0.08516450226306915,0
958,non_hate_video_474.mp4,non_hate_video_474,test,0,"[SCENE]
Two peoples are sitting in the car wearing same dress one said you were not gonna kill anyone unless it if for self defence then the other person replied

[ACTION]
10. Scene

[SUBCATEGORIES]
['Non-Hate']

[PARENTLABELS]
['neutral']

[ACTION_CLEAN]
scene",0,0.20007281005382538,0,0,0.25767627358436584,0,0,0.17252224683761597,0,1,0.5505079627037048,0,1,0.9204952120780945,1,1,0.814633309841156,1,0,0.15163154900074005,0,0,0.5015025734901428,0,0,0.2696476876735687,0
959,non_hate_video_475.mp4,non_hate_video_475,train,0,"[SCENE]
a person is sitting on his table and he is talking about something. this looks like his office

[ACTION]
10. Scene

[SUBCATEGORIES]
['Non-Hate']

[PARENTLABELS]
['neutral']

[ACTION_CLEAN]
scene",0,0.08247781544923782,0,0,0.07004457712173462,0,0,0.08315794169902802,0,0,0.09823338687419891,0,0,0.06745747476816177,0,0,0.13318844139575958,0,0,0.056992191821336746,0,0,0.06956001371145248,0,0,0.06678594648838043,0
960,non_hate_video_475.mp4,non_hate_video_475,train,0,"[SCENE]
Three peoples are talking in someones office in which the boss said its bullshit but its reality

[ACTION]
10. Scene

[SUBCATEGORIES]
['Non-Hate']

[PARENTLABELS]
['neutral']

[ACTION_CLEAN]
scene",0,0.12313317507505417,0,0,0.10245878249406815,0,0,0.12044955044984818,0,0,0.08310059458017349,0,0,0.06436615437269211,0,0,0.17497000098228455,0,0,0.06000928208231926,0,0,0.06656831502914429,0,0,0.06899537146091461,0
961,non_hate_video_477.mp4,non_hate_video_477,train,0,"[SCENE]
A lady making weird faces and showing attitude is just sat and then she picked the telephone and put it at her ears

[ACTION]
10. Scene

[SUBCATEGORIES]
['Non-Hate']

[PARENTLABELS]
['neutral']

[ACTION_CLEAN]
scene",0,0.08391237258911133,0,0,0.0674060732126236,0,0,0.08702325820922852,0,0,0.09378258883953094,0,0,0.07297170162200928,0,0,0.1374489814043045,0,0,0.062332771718502045,0,0,0.06377319991588593,0,0,0.06729169189929962,0
962,non_hate_video_477.mp4,non_hate_video_477,train,0,"[SCENE]
Two man was moving out from the door and suddenly one guy looked back then made a disgusting face then moved away

[ACTION]
10. Scene

[SUBCATEGORIES]
['Non-Hate']

[PARENTLABELS]
['neutral']

[ACTION_CLEAN]
scene",0,0.06960045546293259,0,0,0.11752314120531082,0,0,0.1535138487815857,0,0,0.10274261981248856,0,0,0.08796398341655731,0,0,0.2498086392879486,0,0,0.13803575932979584,0,0,0.06403148919343948,0,0,0.0935312882065773,0
963,non_hate_video_477.mp4,non_hate_video_477,train,0,"[SCENE]
A lady is eating some meat and showing it on camera

[ACTION]
10. Scene

[SUBCATEGORIES]
['Non-Hate']

[PARENTLABELS]
['neutral']

[ACTION_CLEAN]
scene",0,0.06915487349033356,0,0,0.08033648133277893,0,0,0.08793915808200836,0,0,0.09096205979585648,0,0,0.10195937752723694,0,0,0.11529414355754852,0,0,0.05917191877961159,0,0,0.06679137796163559,0,0,0.06387478858232498,0
964,non_hate_video_478.mp4,non_hate_video_478,train,0,"[SCENE]
In this clip peoples are robbing a truck and stealing their smart tv and a lady is constantly speaking something

[ACTION]
10. Scene

[SUBCATEGORIES]
['robbery']

[PARENTLABELS]
['illegal']

[ACTION_CLEAN]
scene",0,0.3209933936595917,0,0,0.2922302484512329,0,0,0.2231648564338684,0,0,0.5076857805252075,0,1,0.851855456829071,1,0,0.5533747673034668,0,0,0.2902347445487976,0,1,0.7549017071723938,0,0,0.48773136734962463,0
965,non_hate_video_479.mp4,non_hate_video_479,train,0,"[SCENE]
tHis is an animated clip in wich a robber is introduced in a very cinematic way

[ACTION]
10. Scene

[SUBCATEGORIES]
['robbery']

[PARENTLABELS]
['illegal']

[ACTION_CLEAN]
scene",0,0.17794978618621826,0,0,0.18501833081245422,0,0,0.16919444501399994,0,0,0.22541619837284088,0,1,0.9274640083312988,1,0,0.2717377245426178,0,0,0.11528678983449936,0,0,0.2116243541240692,0,0,0.1420850157737732,0
966,non_hate_video_479.mp4,non_hate_video_479,train,0,"[SCENE]
In this clip that person pressed the switch of the bomb which was planted in his head and then his head blew up

[ACTION]
1. Violence in Animation

[SUBCATEGORIES]
['Weapon Usage (Fantasy/Real)']

[PARENTLABELS]
['violence']

[ACTION_CLEAN]
violence in animation",0,0.09119506180286407,0,0,0.08463093638420105,0,0,0.07401490956544876,0,0,0.09803841263055801,0,1,0.9242899417877197,1,0,0.09125582873821259,0,0,0.09814503788948059,0,0,0.09105593711137772,0,0,0.08823888003826141,0
967,non_hate_video_479.mp4,non_hate_video_479,train,0,"[SCENE]
In this clip that person pressed then swich of a bomb after pressing the word nigga and then the bomb exploded

[ACTION]
1. Violence in Animation

[SUBCATEGORIES]
['Weapon Usage (Fantasy/Real)']

[PARENTLABELS]
['violence']

[ACTION_CLEAN]
violence in animation",0,0.10231887549161911,0,0,0.09227287024259567,0,0,0.07683143764734268,0,0,0.09601706266403198,0,1,0.9250516295433044,1,0,0.08945108950138092,0,0,0.09559594094753265,0,0,0.08803319185972214,0,0,0.083595871925354,0
968,non_hate_video_480.mp4,non_hate_video_480,val,0,"[SCENE]
Here in this clip two peoples are present in the klkitchen and the lady is cooking meal and the man is only talking to her

[ACTION]
9. Non-Hate

[SUBCATEGORIES]
['Non-Hate']

[PARENTLABELS]
['neutral']

[ACTION_CLEAN]
non-hate",0,0.07968295365571976,0,0,0.06780466437339783,0,0,0.05883612483739853,0,0,0.07614007592201233,0,0,0.08129480481147766,0,0,0.08932662755250931,0,0,0.07300551980733871,0,0,0.0653839185833931,0,0,0.06694933027029037,0
969,non_hate_video_481.mp4,non_hate_video_481,train,0,"[SCENE]
In this clip lots are peoples running away in the city then few peoples spotted with a hockey stick and started hitting the peoples

[ACTION]
9. Non-Hate

[SUBCATEGORIES]
['Weapon Usage (Fantasy/Real)']

[PARENTLABELS]
['violence']

[ACTION_CLEAN]
non-hate",0,0.07676447927951813,0,0,0.06807927042245865,0,0,0.052417755126953125,0,0,0.074453204870224,0,0,0.10551551729440689,0,0,0.0951400101184845,0,0,0.06775763630867004,0,0,0.06355064362287521,0,0,0.06405628472566605,0
970,non_hate_video_482.mp4,non_hate_video_482,train,0,"[SCENE]
this is the clip of a moving bus in which a boy is sitted at the window seat then a lady sterted shouting and hitting him then other peoples also joined

[ACTION]
1. Violence in Animation

[SUBCATEGORIES]
['Physical Fighting Scenes']

[PARENTLABELS]
['violence']

[ACTION_CLEAN]
violence in animation",0,0.09380961954593658,0,0,0.08592429012060165,0,0,0.07555712014436722,0,0,0.0958733856678009,0,1,0.9248568415641785,1,0,0.09101168066263199,0,0,0.0966428816318512,0,0,0.08890590071678162,0,0,0.08829646557569504,0
971,non_hate_video_483.mp4,non_hate_video_483,train,0,"[SCENE]
A man who looks like a monkey is dancing weirdly and shirtless in a open field on music

[ACTION]
10. Scene

[SUBCATEGORIES]
['Non-Hate']

[PARENTLABELS]
['neutral']

[ACTION_CLEAN]
scene",0,0.057916492223739624,0,0,0.06552834063768387,0,0,0.10647428780794144,0,0,0.07999593764543533,0,0,0.1018885150551796,0,0,0.10051073133945465,0,0,0.1645672470331192,0,0,0.061993930488824844,0,0,0.061491403728723526,0
972,non_hate_video_484.mp4,non_hate_video_484,val,0,"[SCENE]
News anchor is covering the murder news in which she is telling there is a connection of boy whose photo is also present in the clip

[ACTION]
10. Scene

[SUBCATEGORIES]
['Non-Hate']

[PARENTLABELS]
['neutral']

[ACTION_CLEAN]
scene",0,0.073268823325634,0,0,0.14866004884243011,0,0,0.12082532048225403,0,0,0.23822733759880066,0,1,0.49616745114326477,1,1,0.6909209489822388,0,0,0.09170972555875778,0,0,0.2190847545862198,0,0,0.11422870308160782,0
973,non_hate_video_486.mp4,non_hate_video_486,val,0,"[SCENE]
this is thee scene of a bus in which one guy was sitting and one was standing when the standing guy touched the other guy he got furious and pushed him then started hitting him on the face

[ACTION]
1. Violence in Animation

[SUBCATEGORIES]
['Physical Fighting Scenes']

[PARENTLABELS]
['violence']

[ACTION_CLEAN]
violence in animation",0,0.09925423562526703,0,0,0.0920565128326416,0,0,0.07645724713802338,0,0,0.10018347948789597,0,1,0.9297011494636536,1,0,0.09049477428197861,0,0,0.09815630316734314,0,0,0.09212006628513336,0,0,0.08969973027706146,0
974,non_hate_video_489.mp4,non_hate_video_489,train,0,"[SCENE]
This is a scene of the old monument there is a tree and a beautiful clear sky

[ACTION]
10. Scene

[SUBCATEGORIES]
['scenery']

[PARENTLABELS]
['neutral']

[ACTION_CLEAN]
scene",0,0.06995345652103424,0,0,0.07801596075296402,0,0,0.10554713755846024,0,0,0.09323325753211975,0,0,0.11268635094165802,0,0,0.21975506842136383,0,0,0.07934113591909409,0,0,0.06730364263057709,0,0,0.06471272557973862,0
975,non_hate_video_489.mp4,non_hate_video_489,train,0,"[SCENE]
This is a scene of the city where most of the buildings have sliding rooftops which means this city faces snowfall

[ACTION]
10. Scene

[SUBCATEGORIES]
['scenery']

[PARENTLABELS]
['neutral']

[ACTION_CLEAN]
scene",0,0.09904372692108154,0,0,0.08595989644527435,0,0,0.10270596295595169,0,0,0.08834632486104965,0,0,0.16700471937656403,0,0,0.23610413074493408,0,0,0.09580384194850922,0,0,0.0736214816570282,0,0,0.06744152307510376,0
976,non_hate_video_490.mp4,non_hate_video_490,val,0,"[SCENE]
This video is recorded from inside the car in which two peoples are fighting one is wearing the shop clothes is beating the customer

[ACTION]
1. Violence in Animation

[SUBCATEGORIES]
['Physical Fighting Scenes']

[PARENTLABELS]
['violence']

[ACTION_CLEAN]
violence in animation",0,0.09044510871171951,0,0,0.08328066766262054,0,0,0.0737575888633728,0,0,0.0970253273844719,0,1,0.9245415925979614,1,0,0.09466748684644699,0,0,0.09645313024520874,0,0,0.09117242693901062,0,0,0.08652578294277191,0
977,,row_977,train,0,"[SUBCATEGORIES]
[]

[PARENTLABELS]
[]",0,0.07095710188150406,0,0,0.07875458896160126,0,0,0.08250742405653,0,0,0.07673586159944534,0,0,0.07797885686159134,0,0,0.11493732780218124,0,0,0.06506814062595367,0,0,0.06449616700410843,0,0,0.060022417455911636,0
978,non_hate_video_500.mp4,non_hate_video_500,train,0,"[SCENE]
a man is live streaming his gameplay of some game which is displayed on the screen, while the mans frame is at the bottom left corner of the screen where he seems to be sitting on his chair with headphones on and the game is showing 2 character standing in a fighting position, and their life is diaplyed at the top of screen and bg shows river view and they are about to fight while the man was speaking something to his chat

[ACTION]
9. Non-Hate

[SUBCATEGORIES]
['Friendly Conversations']

[PARENTLABELS]
['neutral']

[ACTION_CLEAN]
non-hate",0,0.07589712738990784,0,0,0.07436968386173248,0,0,0.05528716370463371,0,0,0.07832536101341248,0,0,0.082462839782238,0,0,0.09004124999046326,0,0,0.07201804220676422,0,0,0.06427127122879028,0,0,0.06730899214744568,0
979,non_hate_video_500.mp4,non_hate_video_500,train,0,"[SCENE]
a pman is live streaming his gameplay of some game which is displayed on the screen, while the mans frame is at the bottom left corner of the screen where he seems to be sitting on his chair with headphones on and the game is showing 2 character standing in a fighting position, and their life is diaplyed at the top of screen and bg shows river view and they are about to fight while the man was speaking something to his chat and sharing some knowledge about the game is supposed to be played

[ACTION]
9. Non-Hate

[SUBCATEGORIES]
['Friendly Conversations', ' 9.13. Sharing Knowledge']

[PARENTLABELS]
['neutral']

[ACTION_CLEAN]
non-hate",0,0.07520388811826706,0,0,0.07242344319820404,0,0,0.05596698820590973,0,0,0.0787026435136795,0,0,0.08079022914171219,0,0,0.09263812005519867,0,0,0.07144111394882202,0,0,0.0645904466509819,0,0,0.06888605654239655,0
980,non_hate_video_500.mp4,non_hate_video_500,train,0,"[SCENE]
a man is live streaming his gameplay of some game which is displayed on the screen, while the mans frame is at the bottom left corner of the screen where he seems to be sitting on his chair with headphones on and the game is showing 2 character standing in a fighting position, and their life is diaplyed at the top of screen and bg shows river view and they are about to fight while the man was speaking something to his chat and at the same time the players at the game screen started fighting where player at left was giving punches to right one and the intensity of the attack was shown on the screen

[ACTION]
1. Violence in Animation

[SUBCATEGORIES]
['Physical Fighting Scenes']

[PARENTLABELS]
['violence']

[ACTION_CLEAN]
violence in animation",0,0.09080715477466583,0,0,0.09134424477815628,0,0,0.07832132279872894,0,0,0.0996447429060936,0,1,0.9326990842819214,1,0,0.10122766345739365,0,0,0.09556306898593903,0,0,0.09023614972829819,0,0,0.09187576919794083,0
981,non_hate_video_500.mp4,non_hate_video_500,train,0,"[SCENE]
a pman is live streaming his gameplay of some game which is displayed on the screen, while the mans frame is at the bottom left corner of the screen where he seems to be sitting on his chair with headphones on and the game is showing 2 character standing in a fighting position, and their life is diaplyed at the top of screen and bg shows river view and they are about to fight while the man was speaking something to his chat and at the same time the players at the game screen started fighting where player at left was giving punches and leg kicks at the leg to right one and the intensity of the attack was shown on the screen

[ACTION]
1. Violence in Animation

[SUBCATEGORIES]
['Physical Fighting Scenes']

[PARENTLABELS]
['violence']

[ACTION_CLEAN]
violence in animation",0,0.09223932027816772,0,0,0.08867540955543518,0,0,0.07922736555337906,0,0,0.1020362451672554,0,1,0.9350360035896301,1,0,0.10290016978979111,0,0,0.09626413136720657,0,0,0.0913081169128418,0,0,0.09277543425559998,0
982,non_hate_video_500.mp4,non_hate_video_500,train,0,"[SCENE]
a pman is live streaming his gameplay of some game which is displayed on the screen, while the mans frame is at the bottom left corner of the screen where he seems to be sitting on his chair with headphones on and the game is showing 2 character standing in a fighting position, and their life is diaplyed at the top of screen and bg shows river view and they are about to fight while the man was speaking something to his chat and at the same time the players at the game screen started fighting where player at left was giving punches at left ones face that he went in the air for few seconds and some leg kicks and direct attack at the abdomen that he steps back a little and the intensity of the attack was shown on the screen

[ACTION]
1. Violence in Animation

[SUBCATEGORIES]
['Physical Fighting Scenes']

[PARENTLABELS]
['violence']

[ACTION_CLEAN]
violence in animation",0,0.09692255407571793,0,0,0.09235034137964249,0,0,0.07929950952529907,0,0,0.1012878492474556,0,1,0.9341796040534973,1,0,0.10065019130706787,0,0,0.09437613934278488,0,0,0.09164009988307953,0,0,0.09233509749174118,0
983,non_hate_video_500.mp4,non_hate_video_500,train,0,"[SCENE]
a pman is live streaming his gameplay of some game which is displayed on the screen, while the mans frame is at the bottom left corner of the screen where he seems to be sitting on his chair with headphones on and the game is showing 2 character standing in a fighting position, and their life is diaplyed at the top of screen and bg shows river view and they are about to fight while the man was speaking something to his chat and at the same time the players at the game screen started fighting where player at left has given a punch to the left ones face that he went to the air and falls down on the ground and the intensity of the attack was shown on the screen

[ACTION]
1. Violence in Animation

[SUBCATEGORIES]
['Physical Fighting Scenes']

[PARENTLABELS]
['violence']

[ACTION_CLEAN]
violence in animation",0,0.09130136668682098,0,0,0.08841703832149506,0,0,0.0775027945637703,0,0,0.10215739905834198,0,1,0.933984637260437,1,0,0.10295139253139496,0,0,0.09574111551046371,0,0,0.09128908067941666,0,0,0.09176669269800186,0
984,non_hate_video_501.mp4,non_hate_video_501,test,0,"[SCENE]
under a clear daylight and shadows frame, where the recording has been done from a camera angle which seems to be from ground level, and in the front is a house with some sunlight pouring over it and 2 womans near the house gate are seen having a verbal fight, saying i wanna go home, but she was denied

[ACTION]
2. Verbal Abuse

[SUBCATEGORIES]
['verbal fight']

[PARENTLABELS]
['violence']

[ACTION_CLEAN]
verbal abuse",1,0.9236510396003723,1,0,0.12411313503980637,0,0,0.13023234903812408,0,0,0.11702494323253632,0,0,0.11432772129774094,0,0,0.09861429035663605,0,0,0.11172568798065186,0,0,0.09767590463161469,0,0,0.10393204540014267,0
985,non_hate_video_501.mp4,non_hate_video_501,test,0,"[SCENE]
under a clear daylight and shadows frame, where the recording has been done from a camera angle which seems to be from ground level, and in the front is a house with some sunlight pouring over it, where a policewoman was trying to pull down a woman as if she was arresting her, but the lady seems to be in pain and makes noises

[ACTION]
2. Verbal Abuse

[SUBCATEGORIES]
['arresting scenario']

[PARENTLABELS]
['neutral']

[ACTION_CLEAN]
verbal abuse",1,0.9248799085617065,1,0,0.11942626535892487,0,0,0.12801605463027954,0,0,0.12452387809753418,0,0,0.11197033524513245,0,0,0.10535925626754761,0,0,0.11539693176746368,0,0,0.09850755333900452,0,0,0.10533218830823898,0
986,non_hate_video_501.mp4,non_hate_video_501,test,0,"[SCENE]
under a clear daylight and shadows frame, where the recording has been done from a camera angle which seems to be from ground level, and in the front is a house with some sunlight pouring over it, where a policewoman was trying to pull down a woman as if she was arresting her, but the lady seems to be in pain and makes noises, police-woman was asking her to put her hands behind her back and she responded that shebwas hurting her but doing nothing

[ACTION]
2. Verbal Abuse

[SUBCATEGORIES]
['arresting scenario']

[PARENTLABELS]
['neutral']

[ACTION_CLEAN]
verbal abuse",1,0.9256075620651245,1,0,0.1230262815952301,0,0,0.1258694976568222,0,0,0.12296809256076813,0,0,0.11823828518390656,0,0,0.10436973720788956,0,0,0.11288481950759888,0,0,0.09749038517475128,0,0,0.10287424921989441,0
987,non_hate_video_501.mp4,non_hate_video_501,test,0,"[SCENE]
under a clear daylight and shadows frame, where the recording has been done from a camera angle which seems to be from ground level, and in the front is a house with some sunlight pouring over it, where a policewoman was trying to pull down a woman as if she was arresting her, but the lady seems to be in pain and makes noises, police-man near them was asking the police-woman that she should just let her stand up and she is not a threat to the police anymore and something like that

[ACTION]
2. Verbal Abuse

[SUBCATEGORIES]
['arresting scenario']

[PARENTLABELS]
['neutral']

[ACTION_CLEAN]
verbal abuse",1,0.926548421382904,1,0,0.1225234642624855,0,0,0.12673315405845642,0,0,0.12808598577976227,0,0,0.11594246327877045,0,0,0.10756770521402359,0,0,0.1094539538025856,0,0,0.09862721711397171,0,0,0.10513069480657578,0
988,non_hate_video_502.mp4,non_hate_video_502,train,0,"[SCENE]
a girl is in the video who is recording herself on tiktok and while lying on her couch and crying , she is trying to tell that she has got a rape and killing threat

[ACTION]
2. Verbal Abuse

[SUBCATEGORIES]
['Threatening Language']

[PARENTLABELS]
['threat']

[ACTION_CLEAN]
verbal abuse",1,0.9402615427970886,1,0,0.1355791836977005,0,0,0.14498881995677948,0,0,0.13761357963085175,0,0,0.12954704463481903,0,0,0.11647927016019821,0,0,0.11040399968624115,0,0,0.09766554832458496,0,0,0.10817015916109085,0
989,non_hate_video_502.mp4,non_hate_video_502,train,0,"[SCENE]
a girl is in the video who is recording herself on tiktok, while putting her hand on her head, she is saying that she is too strong for her fans, but something she said about trump supporters and all while crying

[ACTION]
2. Verbal Abuse

[SUBCATEGORIES]
['Peer Pressure']

[PARENTLABELS]
['neutral']

[ACTION_CLEAN]
verbal abuse",1,0.9213592410087585,1,0,0.11550227552652359,0,0,0.12693361937999725,0,0,0.11645431816577911,0,0,0.11638934165239334,0,0,0.09745007753372192,0,0,0.11575275659561157,0,0,0.09445119649171829,0,0,0.10292734950780869,0
990,non_hate_video_503.mp4,non_hate_video_503,train,0,"[SCENE]
2 to 3 womans were verbally fighting near the camera, that if she did something crime then she needs to be apologize, one woman was in black t shirt, another was in purple crop-top

[ACTION]
2. Verbal Abuse

[SUBCATEGORIES]
['verbal fight']

[PARENTLABELS]
['violence']

[ACTION_CLEAN]
verbal abuse",1,0.9280331134796143,1,0,0.1227511316537857,0,0,0.13306432962417603,0,0,0.11983197182416916,0,0,0.11880037933588028,0,0,0.09943444281816483,0,0,0.11216705292463303,0,0,0.09639737010002136,0,0,0.10673348605632782,0
991,non_hate_video_503.mp4,non_hate_video_503,train,0,"[SCENE]
2 fighting woman seems to be going thier way but they were still saying something on thier way, black shirt one was getting inside car whos gate was opened by a man and she was cursing her and threatened her thats he would call police over her

[ACTION]
2. Verbal Abuse

[SUBCATEGORIES]
['verbal fight']

[PARENTLABELS]
['violence']

[ACTION_CLEAN]
verbal abuse",1,0.9272995591163635,1,0,0.12656649947166443,0,0,0.12842434644699097,0,0,0.12470102310180664,0,0,0.11825031042098999,0,0,0.10060149431228638,0,0,0.1066589429974556,0,0,0.09795675426721573,0,0,0.10500524938106537,0
992,non_hate_video_504.mp4,non_hate_video_504,train,0,"[SCENE]
a post recorded video of tiktok was playing on the screen, where while 3 to 4 womans were fighting each other near a house entrance, meanwhile a man enters the fght and gave a drop kick to a child. the caption also says that did he just drop kicked that child???

[ACTION]
1. Violence in Animation

[SUBCATEGORIES]
['Physical Fighting Scenes']

[PARENTLABELS]
['violence']

[ACTION_CLEAN]
violence in animation",0,0.09304245561361313,0,0,0.09060069918632507,0,0,0.07662494480609894,0,0,0.09643430262804031,0,1,0.9285416007041931,1,0,0.09479761123657227,0,0,0.0988801121711731,0,0,0.08945418149232864,0,0,0.09133970737457275,0
993,non_hate_video_504.mp4,non_hate_video_504,train,0,"[SCENE]
a post recorded video of tiktok was playing on the screen, where while 3 to 4 womans were fighting each other near a house entrance and the man came from tier left and started kickings the womans who were down on the ground. the caption says that did he just drop kicked that child???

[ACTION]
1. Violence in Animation

[SUBCATEGORIES]
['Physical Fighting Scenes']

[PARENTLABELS]
['violence']

[ACTION_CLEAN]
violence in animation",0,0.09342245757579803,0,0,0.0928327813744545,0,0,0.07721460610628128,0,0,0.09806209057569504,0,1,0.9315571784973145,1,0,0.0972863957285881,0,0,0.09799404442310333,0,0,0.0908125787973404,0,0,0.0919729545712471,0
994,non_hate_video_505.mp4,non_hate_video_505,train,0,"[SCENE]
a wrestling scene, where when the bell rang, the big man gave a kick at the face of black man and the refree was going to stop him after the kick

[ACTION]
1. Violence in Animation

[SUBCATEGORIES]
['Physical Fighting Scenes']

[PARENTLABELS]
['violence']

[ACTION_CLEAN]
violence in animation",0,0.09532979130744934,0,0,0.08777125924825668,0,0,0.07593999803066254,0,0,0.09657096117734909,0,1,0.9230051040649414,1,0,0.08809621632099152,0,0,0.0980260819196701,0,0,0.0882091373205185,0,0,0.08716703206300735,0
995,non_hate_video_505.mp4,non_hate_video_505,train,0,"[SCENE]
on the left side of a black screen, a stats are displayed for something, and on the right side some message was coming up from down the screen about nigga black peoples with a song in bg

[ACTION]
3. Discrimination

[SUBCATEGORIES]
['Background/Origin Discrimination']

[PARENTLABELS]
['discrimination']

[ACTION_CLEAN]
discrimination",0,0.09970617294311523,0,1,0.902771532535553,1,0,0.12435517460107803,0,0,0.11294344812631607,0,0,0.1250390112400055,0,0,0.13184183835983276,0,0,0.10247907042503357,0,0,0.11727923154830933,0,0,0.1147606372833252,0
996,non_hate_video_505.mp4,non_hate_video_505,train,0,"[SCENE]
a frame appears which was moving like a wave on the screen, which has some white peoples at the back celebrating something and a black nigga at the front with a pride written on his t shirt wearing a black gogglkes and smiling, and on the screen it was written ""MOST LIKELY TO HAVE GAY ANAL SEX""

[ACTION]
5. Inappropriate Content

[SUBCATEGORIES]
['Inappropriate Language', ' background discrimination']

[PARENTLABELS]
['discrimination', 'neutral']

[ACTION_CLEAN]
inappropriate content",0,0.09896459430456161,0,0,0.10206660628318787,0,0,0.11524346470832825,0,0,0.11731304228305817,0,0,0.11062555015087128,0,0,0.10141165554523468,0,1,0.9412015080451965,1,0,0.10951701551675797,0,0,0.12164066731929779,0
997,non_hate_video_505.mp4,non_hate_video_505,train,0,"[SCENE]
on the left side of a black screen, a stats are displayed for something, and on the right side some message was coming up from down the screen which says bad about nigga black peoples with a song in bg

[ACTION]
5. Inappropriate Content

[SUBCATEGORIES]
['Inappropriate Language']

[PARENTLABELS]
['neutral']

[ACTION_CLEAN]
inappropriate content",0,0.10387108474969864,0,0,0.09997814893722534,0,0,0.11774032562971115,0,0,0.11614151298999786,0,0,0.11109472811222076,0,0,0.10064254701137543,0,1,0.9414001703262329,1,0,0.1068001240491867,0,0,0.11504359543323517,0
998,non_hate_video_505.mp4,non_hate_video_505,train,0,"[SCENE]
on a white screen, a stats are displayed for african peoples and an arrow in pink color pointing toiwards them, some other nominee of stats are there also with a song in bg

[ACTION]
2. Verbal Abuse

[SUBCATEGORIES]
['Name-calling/Insults']

[PARENTLABELS]
['hate_speech']

[ACTION_CLEAN]
verbal abuse",1,0.921727180480957,1,0,0.1158033087849617,0,0,0.13073621690273285,0,0,0.11430174857378006,0,0,0.10891470313072205,0,0,0.09915781766176224,0,0,0.11634933203458786,0,0,0.09664776921272278,0,0,0.1053396686911583,0
999,non_hate_video_506.mp4,non_hate_video_506,train,0,"[SCENE]
a man in upperwear and straps on his shoulder to waist seems to be entering an arena with few bodyguards around him black suit and the commentator announces his name

[ACTION]
10. Scene

[SUBCATEGORIES]
['grand entry']

[PARENTLABELS]
['neutral']

[ACTION_CLEAN]
scene",0,0.06752073019742966,0,0,0.12465954571962357,0,0,0.08619259297847748,0,0,0.07350413501262665,0,0,0.0763743445277214,0,0,0.14000333845615387,0,0,0.08012089133262634,0,0,0.06466842442750931,0,0,0.0662570595741272,0
1000,non_hate_video_506.mp4,non_hate_video_506,train,0,"[SCENE]
in a boxing ring, white man knocks out black man and keeps landing punches as the refree in black dresss enters in between to stop them

[ACTION]
1. Violence in Animation

[SUBCATEGORIES]
['Physical Fighting Scenes']

[PARENTLABELS]
['violence']

[ACTION_CLEAN]
violence in animation",0,0.09237708896398544,0,0,0.08551600575447083,0,0,0.07469970732927322,0,0,0.09522426873445511,0,1,0.9210258722305298,1,0,0.08792059123516083,0,0,0.09886641055345535,0,0,0.08829514682292938,0,0,0.08695774525403976,0
1001,non_hate_video_506.mp4,non_hate_video_506,train,0,"[SCENE]
white man in the boxing ring was seen clebrating after knocking out another player where refree was with the player who went down

[ACTION]
2. Verbal Abuse

[SUBCATEGORIES]
['Name-calling/Insults']

[PARENTLABELS]
['hate_speech']

[ACTION_CLEAN]
verbal abuse",1,0.9221467971801758,1,0,0.11653921008110046,0,0,0.13118533790111542,0,0,0.11742734909057617,0,0,0.10586357861757278,0,0,0.0997709259390831,0,0,0.11713778972625732,0,0,0.09877640753984451,0,0,0.10536245256662369,0
1002,non_hate_video_506.mp4,non_hate_video_506,train,0,"[SCENE]
white man with the hat is announced the winner by the match official behind them in th ring with people around it cheering

[ACTION]
10. Scene

[SUBCATEGORIES]
['winner announcement']

[PARENTLABELS]
['neutral']

[ACTION_CLEAN]
scene",0,0.10825464129447937,0,0,0.09383339434862137,0,0,0.08900129050016403,0,0,0.06961629539728165,0,0,0.11099697649478912,0,0,0.12301945686340332,0,0,0.11154921352863312,0,0,0.07669669389724731,0,0,0.06163961440324783,0
1003,non_hate_video_507.mp4,non_hate_video_507,train,0,"[SCENE]
a man in shorts and black t shirt was running towards a man who seems to be little aged than him, he hits the older one with something as large as brick, and instantly old man fells down on the ground. this all is happening far from thecar where the recording is done near the roadside

[ACTION]
1. Violence in Animation

[SUBCATEGORIES]
['Character Death Scenes']

[PARENTLABELS]
['violence']

[ACTION_CLEAN]
violence in animation",0,0.09152651578187943,0,0,0.09149783849716187,0,0,0.07738836854696274,0,0,0.10011100769042969,0,1,0.9328520894050598,1,0,0.0989946573972702,0,0,0.09656532853841782,0,0,0.09234742075204849,0,0,0.09357999265193939,0
1004,non_hate_video_508.mp4,non_hate_video_508,train,0,"[SCENE]
a man in white-greyish t shirt enters the parking area like grovelling down, as he was chasd by a man in black t shirt, he started beating the guy in grey tshirt, suddenly 2 men there, one in red stopped them and saved the guy in grey

[ACTION]
1. Violence in Animation

[SUBCATEGORIES]
['Physical Fighting Scenes']

[PARENTLABELS]
['violence']

[ACTION_CLEAN]
violence in animation",0,0.09361834079027176,0,0,0.0879383236169815,0,0,0.07389695197343826,0,0,0.09641101956367493,0,1,0.923301100730896,1,0,0.08978573232889175,0,0,0.09778987616300583,0,0,0.08923745155334473,0,0,0.09021784365177155,0
1005,non_hate_video_509.mp4,non_hate_video_509,val,0,"[SCENE]
so many white people surrounded a black guy who was seating at the edge of the road and is wearing a jacket, they were asking him to give money and something like that in a threating way

[ACTION]
2. Verbal Abuse

[SUBCATEGORIES]
['Threatening Language']

[PARENTLABELS]
['threat']

[ACTION_CLEAN]
verbal abuse",1,0.9262754321098328,1,0,0.12144023925065994,0,0,0.13184954226016998,0,0,0.12182547897100449,0,0,0.11150439828634262,0,0,0.10080661624670029,0,0,0.11455868184566498,0,0,0.09844107925891876,0,0,0.1046898141503334,0
1006,non_hate_video_509.mp4,non_hate_video_509,val,0,"[SCENE]
so many white people surrounded and were beating a black guy who was seating at the edge of the road and is wearing a jacket, they were asking him to give money and something like that in a threating way, and suddenly started beating him

[ACTION]
1. Violence in Animation

[SUBCATEGORIES]
['Physical Fighting Scenes']

[PARENTLABELS]
['violence']

[ACTION_CLEAN]
violence in animation",0,0.1001930832862854,0,0,0.09285392612218857,0,0,0.07864134013652802,0,0,0.10108844935894012,0,1,0.9324228167533875,1,0,0.09396391361951828,0,0,0.0950566828250885,0,0,0.09278716146945953,0,0,0.09087526053190231,0
1007,non_hate_video_510.mp4,non_hate_video_510,train,0,"[SCENE]
a boy wearing a cap in shorts is dancing near the roadside, beside a white building with some cartoonic character on his both sides which have been photoshopped and at the top of it is written:""CIA NIGGER MUSIC"" a music is also there in the video

[ACTION]
2. Verbal Abuse

[SUBCATEGORIES]
['Name-calling/Insults', ' dancing']

[PARENTLABELS]
['neutral', 'hate_speech']

[ACTION_CLEAN]
verbal abuse",1,0.926922082901001,1,0,0.12589582800865173,0,0,0.13881777226924896,0,0,0.11562700569629669,0,0,0.10519489645957947,0,0,0.10217423737049103,0,0,0.11711463332176208,0,0,0.09550890326499939,0,0,0.10677078366279602,0
1008,non_hate_video_512.mp4,non_hate_video_512,train,0,"[SCENE]
a lazy dog of tom and jerry cartoon is entering a house in evening time, and going to his shelter while yawning

[ACTION]
10. Scene

[SUBCATEGORIES]
['lazy yawning']

[PARENTLABELS]
['neutral']

[ACTION_CLEAN]
scene",0,0.09222294390201569,0,0,0.07104209810495377,0,0,0.08960561454296112,0,0,0.10158763825893402,0,0,0.11519128084182739,0,0,0.16053611040115356,0,0,0.08089035749435425,0,0,0.06488189101219177,0,0,0.07210726290941238,0
1009,non_hate_video_512.mp4,non_hate_video_512,train,0,"[SCENE]
a cock was doing cock-a-doodle-doo in morning on a thick stem at some height

[ACTION]
9. Non-Hate

[SUBCATEGORIES]
['Respect for Nature']

[PARENTLABELS]
['neutral']

[ACTION_CLEAN]
non-hate",0,0.0802980437874794,0,0,0.06955555081367493,0,0,0.056660544127225876,0,0,0.07686758041381836,0,0,0.07997994124889374,0,0,0.0854092687368393,0,0,0.07721945643424988,0,0,0.06584294140338898,0,0,0.06692442297935486,0
1010,non_hate_video_512.mp4,non_hate_video_512,train,0,"[SCENE]
the lazy dog in tom and jerry was solding a box where he kept a cock which was disturbing it

[ACTION]
10. Scene

[SUBCATEGORIES]
['box wrapping']

[PARENTLABELS]
['neutral']

[ACTION_CLEAN]
scene",0,0.1080026924610138,0,0,0.0766168087720871,0,0,0.11289104074239731,0,0,0.07467310130596161,0,0,0.07826849073171616,0,0,0.07754113525152206,0,0,0.30656301975250244,0,0,0.0732683390378952,0,0,0.06844330579042435,0
1011,non_hate_video_512.mp4,non_hate_video_512,train,0,"[SCENE]
the lazy dog in tom and jerry is cutting a tree, in hope that it would fall on the house on the left of the tree, and started laughing, at the same time the tree falls on him

[ACTION]
10. Scene

[SUBCATEGORIES]
['tree cutting']

[PARENTLABELS]
['neutral']

[ACTION_CLEAN]
scene",0,0.1346665918827057,0,0,0.23942220211029053,0,0,0.14878223836421967,0,0,0.2435351461172104,0,1,0.8729413151741028,1,1,0.8245012164115906,1,0,0.1449333280324936,0,0,0.34106796979904175,0,0,0.19159936904907227,0
1012,non_hate_video_513.mp4,non_hate_video_513,test,0,"[SCENE]
a young girl in the public area was holding a big speaking horn, and is speaking something to the girl right to her, which doesnt seems respectful

[ACTION]
2. Verbal Abuse

[SUBCATEGORIES]
['Name-calling/Insults']

[PARENTLABELS]
['hate_speech']

[ACTION_CLEAN]
verbal abuse",1,0.9212631583213806,1,0,0.11585172265768051,0,0,0.12560394406318665,0,0,0.11454939842224121,0,0,0.11324786394834518,0,0,0.0985005795955658,0,0,0.11427134275436401,0,0,0.09730858355760574,0,0,0.10399266332387924,0
1013,non_hate_video_513.mp4,non_hate_video_513,test,0,"[SCENE]
a woman and a man during a rally , started fighting with each other while they were carrying thier flags

[ACTION]
1. Violence in Animation

[SUBCATEGORIES]
['Physical Fighting Scenes']

[PARENTLABELS]
['violence']

[ACTION_CLEAN]
violence in animation",0,0.08950493484735489,0,0,0.08321987837553024,0,0,0.072883740067482,0,0,0.09607894718647003,0,1,0.9208437204360962,1,0,0.08996663987636566,0,0,0.0960838794708252,0,0,0.08783569931983948,0,0,0.08534222841262817,0
1014,non_hate_video_514.mp4,non_hate_video_514,test,0,"[SCENE]
a black man was speaking in a mic, about his feelings that it wont change for a person named dylan

[ACTION]
9. Non-Hate

[SUBCATEGORIES]
['Non-Hate']

[PARENTLABELS]
['neutral']

[ACTION_CLEAN]
non-hate",0,0.08031698316335678,0,0,0.06862900406122208,0,0,0.05782805383205414,0,0,0.07533524185419083,0,0,0.08224929869174957,0,0,0.08920879662036896,0,0,0.07282238453626633,0,0,0.0647331178188324,0,0,0.06669522821903229,0
1015,non_hate_video_514.mp4,non_hate_video_514,test,0,"[SCENE]
a family photo where a black man was sitting on the ground and everyone else was standing, showing discrimination

[ACTION]
3. Discrimination

[SUBCATEGORIES]
['Background/Origin Discrimination', ' 3.5. Social Status Discrimination']

[PARENTLABELS]
['discrimination']

[ACTION_CLEAN]
discrimination",0,0.10492898523807526,0,1,0.9028679728507996,1,0,0.1222962960600853,0,0,0.1154937893152237,0,0,0.1325521618127823,0,0,0.13316969573497772,0,0,0.10563381016254425,0,0,0.11847405880689621,0,0,0.1154988706111908,0
1016,non_hate_video_516.mp4,non_hate_video_516,val,0,"[SCENE]
an old man went into a road or something was between a gap under the roof, suddenly the man behind him dragged him out of it and left him layed down on the ground and ran away

[ACTION]
1. Violence in Animation

[SUBCATEGORIES]
['Physical Fighting Scenes']

[PARENTLABELS]
['violence']

[ACTION_CLEAN]
violence in animation",0,0.09374020993709564,0,0,0.08763962984085083,0,0,0.07496009021997452,0,0,0.09638556092977524,0,1,0.9226889610290527,1,0,0.08778708428144455,0,0,0.09886286407709122,0,0,0.08879302442073822,0,0,0.0889090895652771,0
1017,non_hate_video_517.mp4,non_hate_video_517,train,0,"[SCENE]
a black boy with a wound in the middle of his head and blood coming out, is pointing a water gun towards the camera, and was smiling

[ACTION]
1. Violence in Animation

[SUBCATEGORIES]
['Blood/Gore Elements']

[PARENTLABELS]
['violence']

[ACTION_CLEAN]
violence in animation",0,0.09253127127885818,0,0,0.08572295308113098,0,0,0.07419529557228088,0,0,0.09704843908548355,0,1,0.924329400062561,1,0,0.08923786133527756,0,0,0.0963992029428482,0,0,0.08881831914186478,0,0,0.08897902816534042,0
1018,non_hate_video_517.mp4,non_hate_video_517,train,0,"[SCENE]
a black man taking shower under a tap, with a small table near him which has food on it and a coke, the black man is actually lying down on the floor

[ACTION]
9. Non-Hate

[SUBCATEGORIES]
['Non-Hate']

[PARENTLABELS]
['neutral']

[ACTION_CLEAN]
non-hate",0,0.08158282935619354,0,0,0.07031678408384323,0,0,0.05757405608892441,0,0,0.07773273438215256,0,0,0.07956714928150177,0,0,0.08654613792896271,0,0,0.07308526337146759,0,0,0.06538983434438705,0,0,0.06791931390762329,0
1019,non_hate_video_517.mp4,non_hate_video_517,train,0,"[SCENE]
a black man in black jacket, burns up a bomb an threw into the kitchen of restaurantand ran away

[ACTION]
1. Violence in Animation

[SUBCATEGORIES]
['Weapon Usage (Fantasy/Real)']

[PARENTLABELS]
['violence']

[ACTION_CLEAN]
violence in animation",0,0.08940699696540833,0,0,0.08283817768096924,0,0,0.0730564221739769,0,0,0.0964801087975502,0,1,0.9200732707977295,1,0,0.08907957375049591,0,0,0.09764065593481064,0,0,0.08754372596740723,0,0,0.08695738762617111,0
1020,non_hate_video_517.mp4,non_hate_video_517,train,0,"[SCENE]
a boy coming from far away on cycle tries to fly over the few guys who are lying down on the road, but he ended up hurting himself

[ACTION]
10. Scene

[SUBCATEGORIES]
['stunt']

[PARENTLABELS]
['neutral']

[ACTION_CLEAN]
scene",0,0.097529336810112,0,0,0.149542897939682,0,0,0.11822899430990219,0,0,0.2593174874782562,0,1,0.8486893177032471,1,1,0.8810868263244629,1,0,0.153319850564003,0,0,0.3900828957557678,0,0,0.22278925776481628,0
1021,non_hate_video_518.mp4,non_hate_video_518,train,0,"[SCENE]
a white man roaming near a poster which says ""#blacklivesmatter"" and mentioned them as terrorist and how much damage they have caused on american soil

[ACTION]
5. Inappropriate Content

[SUBCATEGORIES]
['Inappropriate Language']

[PARENTLABELS]
['neutral']

[ACTION_CLEAN]
inappropriate content",0,0.0972517803311348,0,0,0.09771211445331573,0,0,0.10907881706953049,0,0,0.11601085960865021,0,0,0.11170924454927444,0,0,0.10141914337873459,0,1,0.9388233423233032,1,0,0.10349169373512268,0,0,0.11522261053323746,0
1022,non_hate_video_518.mp4,non_hate_video_518,train,0,"[SCENE]
the man is trying to burn down the poster of blacklivesmatter, as he poured a bottle of oil over it and burned it

[ACTION]
4. Psychological Elements

[SUBCATEGORIES]
['Dark Themes/Horror']

[PARENTLABELS]
['fear']

[ACTION_CLEAN]
psychological elements",0,0.1722223460674286,0,0,0.16187725961208344,0,0,0.17093467712402344,0,0,0.20516836643218994,0,0,0.15075530111789703,0,1,0.9329453706741333,1,0,0.14357824623584747,0,0,0.14906801283359528,0,0,0.17815791070461273,0
1023,non_hate_video_521.mp4,non_hate_video_521,train,0,"[SCENE]
group of large people in an arena, wearing same dress (hat and suit) are cheering for something by clapping and hooting

[ACTION]
9. Non-Hate

[SUBCATEGORIES]
['Positive Encouragement']

[PARENTLABELS]
['threat']

[ACTION_CLEAN]
non-hate",0,0.08117786049842834,0,0,0.07168065756559372,0,0,0.057449810206890106,0,0,0.07571164518594742,0,0,0.08246927708387375,0,0,0.08567970991134644,0,0,0.07512271404266357,0,0,0.06516657769680023,0,0,0.0673612728714943,0
1024,non_hate_video_522.mp4,non_hate_video_522,train,0,"[SCENE]
a man in the clip is talking about the rise of russia in relationship with countries more specifically with israel and thier geopolitical allie formation

[ACTION]
8. Age-Inappropriate Themes

[SUBCATEGORIES]
['Political References']

[PARENTLABELS]
['neutral']

[ACTION_CLEAN]
age-inappropriate themes",0,0.10327466577291489,0,0,0.10467575490474701,0,0,0.11939478665590286,0,0,0.11539220064878464,0,0,0.10426649451255798,0,0,0.11139623820781708,0,1,0.9408926963806152,1,0,0.10794468969106674,0,0,0.11705073714256287,0
1025,non_hate_video_524.mp4,non_hate_video_524,train,0,"[SCENE]
news channel showing news about a girl who has bullied in the school and got insulted for her hair by the student

[ACTION]
10. Scene

[SUBCATEGORIES]
['news sharing']

[PARENTLABELS]
['neutral']

[ACTION_CLEAN]
scene",0,0.245395690202713,0,1,0.8255440592765808,1,0,0.4105183780193329,0,0,0.2631888687610626,0,0,0.3585317134857178,0,1,0.8682458996772766,1,0,0.11825861781835556,0,0,0.2579616606235504,0,0,0.2090928703546524,0
1026,non_hate_video_524.mp4,non_hate_video_524,train,0,"[SCENE]
a brown girl on news channel was telling about how she got bullied in the class by 3 boys, who cuts down her hair while holding her hands at the back and a hand on her mouth

[ACTION]
2. Verbal Abuse

[SUBCATEGORIES]
['Bullying Dialogues']

[PARENTLABELS]
['threat']

[ACTION_CLEAN]
verbal abuse",1,0.9223889112472534,1,0,0.11791674047708511,0,0,0.1272297352552414,0,0,0.11667507886886597,0,0,0.11314214020967484,0,0,0.09959153831005096,0,0,0.11529221385717392,0,0,0.09715836495161057,0,0,0.1028471365571022,0
1027,non_hate_video_525.mp4,non_hate_video_525,train,0,"[SCENE]
a man in suit and a spectacles, on a news channel is sharing a news about a guy named ira something, who has died in prison

[ACTION]
10. Scene

[SUBCATEGORIES]
['news sharing']

[PARENTLABELS]
['neutral']

[ACTION_CLEAN]
scene",0,0.05858061462640762,0,0,0.06821742653846741,0,0,0.0646008774638176,0,0,0.12126432359218597,0,0,0.1288842111825943,0,0,0.22531381249427795,0,0,0.06668362021446228,0,0,0.07522948086261749,0,0,0.06698757410049438,0
1028,non_hate_video_525.mp4,non_hate_video_525,train,0,"[SCENE]
news about ira einhorn is being shared, that he died in prison, moreover it happened to him because he killed his gilrfriend that is why he was in prison

[ACTION]
10. Scene

[SUBCATEGORIES]
['news sharing']

[PARENTLABELS]
['neutral']

[ACTION_CLEAN]
scene",0,0.07265353202819824,0,0,0.07457897812128067,0,0,0.07335805892944336,0,0,0.3880941569805145,0,1,0.8168587684631348,1,0,0.3993019759654999,0,0,0.09676515311002731,0,0,0.28038203716278076,0,0,0.12486222386360168,0
1029,non_hate_video_526.mp4,non_hate_video_526,train,0,"[SCENE]
a news journalist introduces a doctor on her channel, doctor is wearing a blue suit, old man with spectacles

[ACTION]
10. Scene

[SUBCATEGORIES]
['news sharing']

[PARENTLABELS]
['neutral']

[ACTION_CLEAN]
scene",0,0.065351702272892,0,0,0.08610840886831284,0,0,0.0765802189707756,0,0,0.12009142339229584,0,0,0.10529017448425293,0,0,0.1633935272693634,0,0,0.05849733203649521,0,0,0.07441376894712448,0,0,0.06816452741622925,0
1030,non_hate_video_526.mp4,non_hate_video_526,train,0,"[SCENE]
doctor on the news channel is sharing his views on the vaccines which was introduced by him

[ACTION]
10. Scene

[SUBCATEGORIES]
['news sharing']

[PARENTLABELS]
['neutral']

[ACTION_CLEAN]
scene",0,0.06309033185243607,0,0,0.09572135657072067,0,0,0.09121856093406677,0,0,0.11845235526561737,0,0,0.08705649524927139,0,0,0.18858018517494202,0,0,0.07499589025974274,0,0,0.07890614122152328,0,0,0.09008443355560303,0
1031,non_hate_video_527.mp4,non_hate_video_527,train,0,"[SCENE]
so many people are on the road protesting for a cause, few posters could be seen with ""fight trump or the whole system"" written on it, and there is a man at the left playing drum kind of thing with his hand

[ACTION]
10. Scene

[SUBCATEGORIES]
['protest']

[PARENTLABELS]
['neutral']

[ACTION_CLEAN]
scene",0,0.743452787399292,0,0,0.6295695900917053,0,1,0.8602676391601562,1,0,0.1111731007695198,0,0,0.21486486494541168,0,0,0.2707516551017761,0,0,0.08697199821472168,0,0,0.12322396039962769,0,0,0.15139742195606232,0
1032,non_hate_video_529.mp4,non_hate_video_529,train,0,"[SCENE]
a video is recorded from the laptop, its a scene where a naked man is telling about his tattoo to the women lying next to him

[ACTION]
10. Scene

[SUBCATEGORIES]
['tattoo story']

[PARENTLABELS]
['neutral']

[ACTION_CLEAN]
scene",0,0.22415605187416077,0,0,0.2442755550146103,0,0,0.3515193462371826,0,0,0.13320934772491455,0,0,0.171613410115242,0,0,0.13824550807476044,0,1,0.9098961353302002,0,0,0.13717857003211975,0,0,0.16432808339595795,0
1033,non_hate_video_531.mp4,non_hate_video_531,val,0,"[SCENE]
a woman in blue dress on the mic is telling about her dad's story, that he was in congress american, someone started clapping, then she askled other to also encorage the behavoiur.

[ACTION]
9. Non-Hate

[SUBCATEGORIES]
['Positive Encouragement']

[PARENTLABELS]
['threat']

[ACTION_CLEAN]
non-hate",0,0.08282477408647537,0,0,0.06868164986371994,0,0,0.05607646703720093,0,0,0.07801482826471329,0,0,0.08098556846380234,0,0,0.08649290353059769,0,0,0.07539905607700348,0,0,0.06673630326986313,0,0,0.06904806196689606,0
1034,non_hate_video_532.mp4,non_hate_video_532,test,0,"[SCENE]
a man with a blue suit, speaks on the mic a question about a cookie , likw how many hours would a monster take to bake a cookie , and then he answers it in humorous way

[ACTION]
9. Non-Hate

[SUBCATEGORIES]
['Humor without Harm']

[PARENTLABELS]
['neutral']

[ACTION_CLEAN]
non-hate",0,0.07661321759223938,0,0,0.06905530393123627,0,0,0.057783111929893494,0,0,0.07802033424377441,0,0,0.08058200776576996,0,0,0.08666034787893295,0,0,0.07733925431966782,0,0,0.06448382139205933,0,0,0.06691256910562515,0
1035,non_hate_video_534.mp4,non_hate_video_534,val,0,"[SCENE]
a man on the news wearing suit, is telling about the statistics of rise in Anti-semantic incidents, and shown a stats using bar graph year 2015-17

[ACTION]
10. Scene

[SUBCATEGORIES]
['concern stats']

[PARENTLABELS]
['neutral']

[ACTION_CLEAN]
scene",0,0.27924275398254395,0,0,0.30135849118232727,0,0,0.3230612277984619,0,0,0.08043514937162399,0,0,0.10659778863191605,0,0,0.1481725424528122,0,0,0.15399129688739777,0,0,0.0662473514676094,0,0,0.0963842123746872,0
1036,non_hate_video_534.mp4,non_hate_video_534,val,0,"[SCENE]
in a cctv camera recording, a man near the roadside was beating another man, and made him lay don on the road

[ACTION]
1. Violence in Animation

[SUBCATEGORIES]
['Physical Fighting Scenes']

[PARENTLABELS]
['violence']

[ACTION_CLEAN]
violence in animation",0,0.09258727729320526,0,0,0.08662515878677368,0,0,0.07532680034637451,0,0,0.09740233421325684,0,1,0.9254012703895569,1,0,0.09208041429519653,0,0,0.09607871621847153,0,0,0.09124176949262619,0,0,0.08821970969438553,0
1037,non_hate_video_536.mp4,non_hate_video_536,val,0,"[SCENE]
a woman in blue dress on the tv news channel, talking about the heroics of sheldon adelon who died in the same year when the news was recorded

[ACTION]
9. Non-Hate

[SUBCATEGORIES]
['Acts of Generosity']

[PARENTLABELS]
['neutral']

[ACTION_CLEAN]
non-hate",0,0.07767637819051743,0,0,0.07014457136392593,0,0,0.05642680823802948,0,0,0.07770968973636627,0,0,0.08126724511384964,0,0,0.08698023855686188,0,0,0.07732921838760376,0,0,0.06626255810260773,0,0,0.06613583862781525,0
1038,non_hate_video_536.mp4,non_hate_video_536,val,0,"[SCENE]
a woman in blue dress on the tv news channel, talking about the heroics of sheldon adelon who died and her wife that they were the single largest political donar to midterm cycle

[ACTION]
9. Non-Hate

[SUBCATEGORIES]
['Acts of Generosity']

[PARENTLABELS]
['neutral']

[ACTION_CLEAN]
non-hate",0,0.07557749003171921,0,0,0.0715128481388092,0,0,0.05758555233478546,0,0,0.07700809836387634,0,0,0.0810297355055809,0,0,0.0864291787147522,0,0,0.07634840160608292,0,0,0.06523474305868149,0,0,0.06580596417188644,0
1039,non_hate_video_537.mp4,non_hate_video_537,train,0,"[SCENE]
bill gates sitting in a library is sharing his knowledge on normalcy, and inspiring entire global population

[ACTION]
9. Non-Hate

[SUBCATEGORIES]
['Inspirational Messages']

[PARENTLABELS]
['neutral']

[ACTION_CLEAN]
non-hate",0,0.07789014279842377,0,0,0.06709415465593338,0,0,0.05871450528502464,0,0,0.07731060683727264,0,0,0.08164147287607193,0,0,0.08861753344535828,0,0,0.07457111775875092,0,0,0.06502067297697067,0,0,0.0677809789776802,0
1040,non_hate_video_538.mp4,non_hate_video_538,train,0,"[SCENE]
a man is recording a topic from book, the topic is fuel system and he reads out the main points from the paragraph

[ACTION]
9. Non-Hate

[SUBCATEGORIES]
['Educational Content']

[PARENTLABELS]
['neutral']

[ACTION_CLEAN]
non-hate",0,0.07730399817228317,0,0,0.07059606909751892,0,0,0.05816049501299858,0,0,0.07509972155094147,0,0,0.07999537885189056,0,0,0.08765308558940887,0,0,0.0761743113398552,0,0,0.06511899828910828,0,0,0.06665428727865219,0
1041,non_hate_video_538.mp4,non_hate_video_538,train,0,"[SCENE]
a plane during the landing phase, skits a bit and losts its shape when it was in the air, a song behind playing which depicts that someone is gonna die sooner

[ACTION]
10. Scene

[SUBCATEGORIES]
['imbalance']

[PARENTLABELS]
['neutral']

[ACTION_CLEAN]
scene",0,0.15697279572486877,0,0,0.2879486382007599,0,0,0.22791151702404022,0,0,0.2562018632888794,0,0,0.3943394124507904,1,1,0.9252138733863831,1,0,0.128946915268898,0,0,0.2457863688468933,0,0,0.21898341178894043,0
1042,non_hate_video_538.mp4,non_hate_video_538,train,0,"[SCENE]
a camaro car being displayed on the screen, with 2018 yr mentioned and then its weight was shown on google

[ACTION]
10. Scene

[SUBCATEGORIES]
['hypocrisy']

[PARENTLABELS]
['neutral']

[ACTION_CLEAN]
scene",0,0.09278446435928345,0,0,0.10955201089382172,0,0,0.14875127375125885,0,0,0.07573399692773819,0,0,0.05987867712974548,0,0,0.11925095319747925,0,0,0.11701462417840958,0,0,0.06548744440078735,0,0,0.07631508260965347,0
1043,non_hate_video_539.mp4,non_hate_video_539,train,0,"[SCENE]
a black screen with text written in neon blue font color : ""its funny that to this day........power and crime""

[ACTION]
9. Non-Hate

[SUBCATEGORIES]
['Non-Hate']

[PARENTLABELS]
['neutral']

[ACTION_CLEAN]
non-hate",0,0.08255748450756073,0,0,0.07038594037294388,0,0,0.05866600573062897,0,0,0.07460423558950424,0,0,0.08124140650033951,0,0,0.08839479833841324,0,0,0.07153445482254028,0,0,0.06449688225984573,0,0,0.0662936344742775,0
1044,non_hate_video_539.mp4,non_hate_video_539,train,0,"[SCENE]
a black screen with text written in neon blue font color : ""ye people still want to............not so taboo groups""

[ACTION]
9. Non-Hate

[SUBCATEGORIES]
['Non-Hate']

[PARENTLABELS]
['neutral']

[ACTION_CLEAN]
non-hate",0,0.08242353796958923,0,0,0.07131226360797882,0,0,0.058411575853824615,0,0,0.07517220824956894,0,0,0.07845786958932877,0,0,0.09113992750644684,0,0,0.07161110639572144,0,0,0.06502147018909454,0,0,0.06783889979124069,0
1045,non_hate_video_540.mp4,non_hate_video_540,train,0,"[SCENE]
an introductory clip of a show ""If i were a president"" is shwon with HOLLYWOOD tag, american flag and many more american stuffs

[ACTION]
9. Non-Hate

[SUBCATEGORIES]
['Non-Hate', ' introductory clip']

[PARENTLABELS]
['neutral']

[ACTION_CLEAN]
non-hate",0,0.08199407160282135,0,0,0.07163149118423462,0,0,0.058745596557855606,0,0,0.07631025463342667,0,0,0.07735289633274078,0,0,0.08640150725841522,0,0,0.07421897351741791,0,0,0.0659027248620987,0,0,0.06788140535354614,0
1046,non_hate_video_540.mp4,non_hate_video_540,train,0,"[SCENE]
an old mans bike riding montage is shwon in this clip, the clip seems to be old, and the bike is too heavy it seems because if its size and height

[ACTION]
9. Non-Hate

[SUBCATEGORIES]
['Non-Hate']

[PARENTLABELS]
['neutral']

[ACTION_CLEAN]
non-hate",0,0.07991207391023636,0,0,0.06959456950426102,0,0,0.05693674460053444,0,0,0.07637077569961548,0,0,0.0814109668135643,0,0,0.08765800297260284,0,0,0.07383135706186295,0,0,0.06513742357492447,0,0,0.06753521412611008,0
1047,non_hate_video_540.mp4,non_hate_video_540,train,0,"[SCENE]
the old man on his huge bike is speaking into the camera that if he was president then he would have suspended the officials and puts all the money on body armor and other necessities to keep his group safe in iraq

[ACTION]
10. Scene

[SUBCATEGORIES]
['hypothetical']

[PARENTLABELS]
['neutral']

[ACTION_CLEAN]
scene",0,0.08317586779594421,0,0,0.10756248235702515,0,0,0.06393764913082123,0,0,0.08218596130609512,0,0,0.1368234008550644,0,0,0.12014193832874298,0,0,0.06751583516597748,0,0,0.0618353970348835,0,0,0.06838009506464005,0
1048,non_hate_video_540.mp4,non_hate_video_540,train,0,"[SCENE]
while riding the bike, the old mans background voiceover talks about he is concerned about the environment and would talk this to president also that he should already start working about it as he is also passionate about it

[ACTION]
9. Non-Hate

[SUBCATEGORIES]
['Positive Encouragement']

[PARENTLABELS]
['threat']

[ACTION_CLEAN]
non-hate",0,0.07931553572416306,0,0,0.07004192471504211,0,0,0.05596740171313286,0,0,0.07743643969297409,0,0,0.08254345506429672,0,0,0.08837477117776871,0,0,0.07414586842060089,0,0,0.06580930948257446,0,0,0.0668383464217186,0
1049,non_hate_video_9.mp4,non_hate_video_9,test,0,"[SCENE]
two peoples are arguining in metro and they are surrounded by crowd. there is no physical fight yet

[ACTION]
2. Verbal Abuse

[SUBCATEGORIES]
['heated argument.']

[PARENTLABELS]
['threat']

[ACTION_CLEAN]
verbal abuse",1,0.921231210231781,1,0,0.11372695863246918,0,0,0.12679950892925262,0,0,0.11507628113031387,0,0,0.11352191865444183,0,0,0.09791495651006699,0,0,0.11890973150730133,0,0,0.0963776484131813,0,0,0.1031242236495018,0
1050,non_hate_video_9.mp4,non_hate_video_9,test,0,"[SCENE]
two peoples are arguining in metro and they are surrounded by crowd and one person puushed the other guy

[ACTION]
1. Violence in Animation

[SUBCATEGORIES]
['Physical Fighting Scenes']

[PARENTLABELS]
['violence']

[ACTION_CLEAN]
violence in animation",0,0.08879997581243515,0,0,0.08214305341243744,0,0,0.07277049869298935,0,0,0.09583011269569397,0,1,0.9216626882553101,1,0,0.09154131263494492,0,0,0.0968833640217781,0,0,0.08812717348337173,0,0,0.0867808386683464,0
1051,non_hate_video_9.mp4,non_hate_video_9,test,0,"[SCENE]
the bald guy hit the other guy with a headbutt and the other guy just fainted inside the metro and some peoples are shouting and one or two are laughing

[ACTION]
1. Violence in Animation

[SUBCATEGORIES]
['Physical Fighting Scenes']

[PARENTLABELS]
['violence']

[ACTION_CLEAN]
violence in animation",0,0.09169819951057434,0,0,0.08525631576776505,0,0,0.07407299429178238,0,0,0.09382707625627518,0,1,0.9212783575057983,1,0,0.0894971564412117,0,0,0.09882006794214249,0,0,0.08736925572156906,0,0,0.08733095973730087,0
1052,non_hate_video_120.mp4,non_hate_video_120,train,0,"[SCENE]
An old lady having conversation with 2 other lady and lots of talking noise in background

[ACTION]
9. Non-Hate

[SUBCATEGORIES]
['Non-Hate']

[PARENTLABELS]
['neutral']

[ACTION_CLEAN]
non-hate",0,0.07989852130413055,0,0,0.06872318685054779,0,0,0.05821735039353371,0,0,0.075921930372715,0,0,0.08118513226509094,0,0,0.09011713415384293,0,0,0.07331153750419617,0,0,0.06547695398330688,0,0,0.06748472899198532,0
1053,non_hate_video_121.mp4,non_hate_video_121,train,0,"[SCENE]
Two person are on call , one is getting accused for being pedofile (underage child abuse )

[ACTION]
5. Inappropriate Content

[SUBCATEGORIES]
['Non-Hate', ' 9.30. Cooperation in Challenges', ' Child abuse']

[PARENTLABELS]
['violence', 'neutral']

[ACTION_CLEAN]
inappropriate content",0,0.09706705808639526,0,0,0.08890549838542938,0,0,0.10402169078588486,0,0,0.11046349257230759,0,0,0.11198733001947403,0,0,0.09706274420022964,0,1,0.930321216583252,0,0,0.09741349518299103,0,0,0.10890788584947586,0
1054,non_hate_video_122.mp4,non_hate_video_122,val,0,"[SCENE]
People are protesting on road and police guarding on road , one person provoked them , tear gas used on roads

[ACTION]
1. Violence in Animation

[SUBCATEGORIES]
['Physical Fighting Scenes']

[PARENTLABELS]
['violence']

[ACTION_CLEAN]
violence in animation",0,0.09148340672254562,0,0,0.08215527981519699,0,0,0.07373153418302536,0,0,0.09576196223497391,0,1,0.9237155318260193,1,0,0.09271930158138275,0,0,0.09570098668336868,0,0,0.0892057791352272,0,0,0.08651333302259445,0
1055,non_hate_video_122.mp4,non_hate_video_122,val,0,"[SCENE]
Tears gas on roads and people are running here and there and protesting

[ACTION]
10. Scene

[SUBCATEGORIES]
['Non-Hate']

[PARENTLABELS]
['neutral']

[ACTION_CLEAN]
scene",0,0.16672004759311676,0,0,0.173982635140419,0,0,0.2722019851207733,0,0,0.12296881526708603,0,1,0.5801313519477844,1,1,0.6958966255187988,0,0,0.07652441412210464,0,0,0.1414685696363449,0,0,0.12182573229074478,0
1056,non_hate_video_123.mp4,non_hate_video_123,test,0,"[SCENE]
2 traffic policeman caught a person on road , he tried to escape , they shoot them with gun

[ACTION]
1. Violence in Animation

[SUBCATEGORIES]
['Physical Fighting Scenes', ' 1.3. Weapon Usage (Fantasy/Real)']

[PARENTLABELS]
['violence']

[ACTION_CLEAN]
violence in animation",0,0.09138736873865128,0,0,0.08586348593235016,0,0,0.0736972913146019,0,0,0.09742294996976852,0,1,0.9272043704986572,1,0,0.09166990965604782,0,0,0.0979948416352272,0,0,0.09231553971767426,0,0,0.08812219649553299,0
1057,non_hate_video_130.mp4,non_hate_video_130,train,0,"[SCENE]
""Ten little Nigger Boys"" a rhyme is playing and its pages are showing

[ACTION]
10. Scene

[SUBCATEGORIES]
['Non-Hate']

[PARENTLABELS]
['neutral']

[ACTION_CLEAN]
scene",1,0.9109250903129578,1,1,0.919489324092865,1,1,0.9113968014717102,1,0,0.1405162662267685,0,0,0.14414212107658386,0,0,0.16293302178382874,0,0,0.1496141105890274,0,0,0.11282634735107422,0,0,0.12970848381519318,0
1058,non_hate_video_131.mp4,non_hate_video_131,train,0,"[SCENE]
A lady is having interrogation with a african person in a room and he is sitting on chair and lady is standing

[ACTION]
2. Verbal Abuse

[SUBCATEGORIES]
['Bullying Dialogues', ' 2.2. Name-calling/Insults']

[PARENTLABELS]
['hate_speech', 'threat']

[ACTION_CLEAN]
verbal abuse",1,0.9208686947822571,1,0,0.11840064823627472,0,0,0.13131052255630493,0,0,0.11381801217794418,0,0,0.10674000531435013,0,0,0.09907975792884827,0,0,0.11205244064331055,0,0,0.09699075669050217,0,0,0.1056196466088295,0
1059,non_hate_video_132.mp4,non_hate_video_132,train,0,"[SCENE]
A lady in shorts punched and a fat guy in black outfit and he dropped on ground

[ACTION]
1. Violence in Animation

[SUBCATEGORIES]
['Physical Fighting Scenes']

[PARENTLABELS]
['violence']

[ACTION_CLEAN]
violence in animation",0,0.0920499637722969,0,0,0.08465170860290527,0,0,0.07377535849809647,0,0,0.09814469516277313,0,1,0.923226535320282,1,0,0.08977776020765305,0,0,0.09765300899744034,0,0,0.09104131907224655,0,0,0.08745124191045761,0
1060,,row_1060,train,1,"[SCENE]
A man gives an aggressive speech targeting a group

[ACTION]
verbal abuse

[SUBCATEGORIES]
hate speech, discrimination",1,0.9324012398719788,1,0,0.15514494478702545,0,0,0.15776561200618744,0,0,0.13488994538784027,0,0,0.09074990451335907,0,0,0.1251504123210907,0,0,0.10749141871929169,0,0,0.10587852448225021,0,0,0.10487885773181915,0
