source_video_id,label,prob_hate,binary_logit,split,has_text,transcript_source,severity_target,frame_dir,severity_prob_0,severity_prob_1,severity_prob_2,severity_prob_3,pred_binary,pred_severity,confidence
BV117421N7HM,1,0.033148717135190964,-3.3730406761169434,train,False,missing,2,E:\m-hvc\datasets\old-dataset\frames_unique\BV117421N7HM,0.8665071725845337,0.022697478532791138,0.08621303737163544,0.02458232454955578,0,0,0.966851282864809
BV1184y1Y7he,0,0.030379822477698326,-3.463125705718994,train,True,asr,0,E:\m-hvc\datasets\old-dataset\frames_unique\BV1184y1Y7he,0.9978570342063904,0.0003914063854608685,0.0014473388437181711,0.0003042335738427937,0,0,0.9696201775223017
BV11B4y1E7WW,0,0.008570529520511627,-4.750818252563477,train,True,asr,0,E:\m-hvc\datasets\old-dataset\frames_unique\BV11B4y1E7WW,0.9931727051734924,0.0013370788656175137,0.0043106661178171635,0.0011794953607022762,0,0,0.9914294704794884
BV11K4y1R733,0,0.009250014089047909,-4.673837184906006,train,True,asr,0,E:\m-hvc\datasets\old-dataset\frames_unique\BV11K4y1R733,0.994491457939148,0.0012532483087852597,0.0032563069835305214,0.0009990399703383446,0,0,0.9907499859109521
BV11N411v7pX,0,0.01071222685277462,-4.525599479675293,train,True,asr,0,E:\m-hvc\datasets\old-dataset\frames_unique\BV11N411v7pX,0.9925811290740967,0.001296152826398611,0.005065642762929201,0.0010571458842605352,0,0,0.9892877731472254
BV11P411x729,0,0.020432719960808754,-3.8699734210968018,train,True,asr,0,E:\m-hvc\datasets\old-dataset\frames_unique\BV11P411x729,0.9309006333351135,0.004293002653867006,0.0596255324780941,0.005180906038731337,0,0,0.9795672800391912
BV11S4y1X7Qc,0,0.010852117091417313,-4.512483596801758,test,True,asr,0,E:\m-hvc\datasets\old-dataset\frames_unique\BV11S4y1X7Qc,0.9966069459915161,0.0006499374867416918,0.0022390522062778473,0.0005041060503572226,0,0,0.9891478829085827
BV11S4y1n72U,0,0.008096819743514061,-4.808154106140137,train,True,asr,0,E:\m-hvc\datasets\old-dataset\frames_unique\BV11S4y1n72U,0.9941071271896362,0.0011931138578802347,0.0037422459572553635,0.0009575029253028333,0,0,0.9919031802564859
BV11T411x7HG,0,0.012987202033400536,-4.330718517303467,train,True,asr,0,E:\m-hvc\datasets\old-dataset\frames_unique\BV11T411x7HG,0.9747860431671143,0.0030860919505357742,0.01893192157149315,0.00319603830575943,0,0,0.9870127979665995
BV11V411o7aP,0,0.014568990096449852,-4.214183807373047,val,True,asr,0,E:\m-hvc\datasets\old-dataset\frames_unique\BV11V411o7aP,0.9967033267021179,0.0006523601477965713,0.0021529251243919134,0.0004913429729640484,0,0,0.9854310099035501
BV11V411t797,0,0.01460168045014143,-4.211909294128418,train,True,asr,0,E:\m-hvc\datasets\old-dataset\frames_unique\BV11V411t797,0.9735370874404907,0.0035496291238814592,0.01967543549835682,0.00323787285014987,0,0,0.9853983195498586
BV11W4y1J7DA,0,0.02087472192943096,-3.84812068939209,val,True,asr,0,E:\m-hvc\datasets\old-dataset\frames_unique\BV11W4y1J7DA,0.9969226717948914,0.0006407881737686694,0.0019855210557579994,0.00045099659473635256,0,0,0.979125278070569
BV11a4y1w7oT,0,0.02650897391140461,-3.603405237197876,train,False,missing,0,E:\m-hvc\datasets\old-dataset\frames_unique\BV11a4y1w7oT,0.8596981763839722,0.03139086067676544,0.07822687178850174,0.030684154480695724,0,0,0.9734910260885954
BV11g4y1F7kn,0,0.04662657156586647,-3.017836093902588,train,True,asr,0,E:\m-hvc\datasets\old-dataset\frames_unique\BV11g4y1F7kn,0.9721889495849609,0.00382962916046381,0.019762525334954262,0.004218920134007931,0,0,0.9533734284341335
BV11j411R76r,0,0.0130306426435709,-4.327335357666016,train,True,asr,0,E:\m-hvc\datasets\old-dataset\frames_unique\BV11j411R76r,0.9937869310379028,0.0009533826960250735,0.004490194842219353,0.0007695353124290705,0,0,0.9869693573564291
BV11m4y1C7CJ,0,0.05471142753958702,-2.8494176864624023,test,True,asr,0,E:\m-hvc\datasets\old-dataset\frames_unique\BV11m4y1C7CJ,0.9138157367706299,0.006518286187201738,0.07372225821018219,0.005943703465163708,0,0,0.945288572460413
BV11o4y187gX,0,0.011370598338544369,-4.4652886390686035,train,True,asr,0,E:\m-hvc\datasets\old-dataset\frames_unique\BV11o4y187gX,0.9818056225776672,0.002634878968819976,0.013240068219602108,0.0023194963578134775,0,0,0.9886294016614556
BV11u411G7Na,0,0.02211196906864643,-3.789276123046875,train,True,asr,0,E:\m-hvc\datasets\old-dataset\frames_unique\BV11u411G7Na,0.8703579306602478,0.008901994675397873,0.10980883985757828,0.010931240394711494,0,0,0.9778880309313536
BV11u4m1w73c,0,0.36881089210510254,-0.5373214483261108,train,False,missing,0,E:\m-hvc\datasets\old-dataset\frames_unique\BV11u4m1w73c,0.8317173719406128,0.02820773236453533,0.11358427256345749,0.026490671560168266,1,0,0.6311891078948975
BV11v411t7vP,0,0.04334935173392296,-3.094146490097046,train,True,asr,0,E:\m-hvc\datasets\old-dataset\frames_unique\BV11v411t7vP,0.9584906697273254,0.002711269771680236,0.03559950366616249,0.003198587568476796,0,0,0.956650648266077
BV1214y1279y,0,0.03473391383886337,-3.3246872425079346,test,True,asr,0,E:\m-hvc\datasets\old-dataset\frames_unique\BV1214y1279y,0.9838972091674805,0.0014279955066740513,0.013297048397362232,0.001377860433422029,0,0,0.9652660861611366
BV12B4y1J7FM,1,0.018080003559589386,-3.9947032928466797,train,True,asr,2,E:\m-hvc\datasets\old-dataset\frames_unique\BV12B4y1J7FM,0.9954246878623962,0.0010303814196959138,0.002720860531553626,0.0008240484166890383,0,0,0.9819199964404106
BV12B4y1x7eK,0,0.01005662139505148,-4.58941650390625,train,True,asr,0,E:\m-hvc\datasets\old-dataset\frames_unique\BV12B4y1x7eK,0.9956334233283997,0.0007580937817692757,0.002952156588435173,0.0006563583156093955,0,0,0.9899433786049485
BV12C4y1m7ic,0,0.010157449170947075,-4.579338550567627,test,True,asr,0,E:\m-hvc\datasets\old-dataset\frames_unique\BV12C4y1m7ic,0.9846146702766418,0.002369578927755356,0.01095934584736824,0.00205644266679883,0,0,0.9898425508290529
BV12G4y1S7mN,1,0.22856096923351288,-1.2164547443389893,train,True,asr,2,E:\m-hvc\datasets\old-dataset\frames_unique\BV12G4y1S7mN,0.7201623320579529,0.007307491265237331,0.2607741355895996,0.011756006628274918,0,0,0.7714390307664871
BV12M4y1t7RL,1,0.08502155542373657,-2.375995635986328,train,True,asr,2,E:\m-hvc\datasets\old-dataset\frames_unique\BV12M4y1t7RL,0.9968445301055908,0.0004946247790940106,0.0023156548850238323,0.00034517617314122617,0,0,0.9149784445762634
BV12R4y1w7Xq,0,0.010660926811397076,-4.530451774597168,train,True,asr,0,E:\m-hvc\datasets\old-dataset\frames_unique\BV12R4y1w7Xq,0.9853190183639526,0.002379397163167596,0.010338868945837021,0.001962680835276842,0,0,0.9893390731886029
BV12V411N7ti,1,0.9132198095321655,2.35359787940979,val,False,missing,2,E:\m-hvc\datasets\old-dataset\frames_unique\BV12V411N7ti,0.43554484844207764,0.0930737778544426,0.3543381094932556,0.11704319715499878,1,0,0.9132198095321655
BV12V4y1g7pd,0,0.016394227743148804,-4.094295978546143,val,True,asr,0,E:\m-hvc\datasets\old-dataset\frames_unique\BV12V4y1g7pd,0.9890882968902588,0.0013884073123335838,0.008402972482144833,0.0011202958412468433,0,0,0.9836057722568512
BV12j411q7UR,1,0.9642293453216553,3.294201612472534,train,True,asr,2,E:\m-hvc\datasets\old-dataset\frames_unique\BV12j411q7UR,0.4363994300365448,0.05635760724544525,0.4259752035140991,0.08126780390739441,1,0,0.9642293453216553
BV12s4y1M7rX,0,0.016805971041321754,-4.069072246551514,test,True,asr,0,E:\m-hvc\datasets\old-dataset\frames_unique\BV12s4y1M7rX,0.988843560218811,0.0013364596525207162,0.008606371469795704,0.0012136633740738034,0,0,0.9831940289586782
BV12u4y1c7B8,0,0.010020862333476543,-4.593014717102051,val,True,asr,0,E:\m-hvc\datasets\old-dataset\frames_unique\BV12u4y1c7B8,0.9848235845565796,0.0023162022698670626,0.010840695351362228,0.0020195271354168653,0,0,0.9899791376665235
BV12v411g72s,0,0.009086204692721367,-4.691870212554932,val,True,asr,0,E:\m-hvc\datasets\old-dataset\frames_unique\BV12v411g72s,0.994795024394989,0.0009956401772797108,0.003364024218171835,0.0008453325135633349,0,0,0.9909137953072786
BV12x411e7uK,0,0.01841922290623188,-3.975769519805908,train,True,asr,0,E:\m-hvc\datasets\old-dataset\frames_unique\BV12x411e7uK,0.9914785027503967,0.0010137789649888873,0.0065321726724505424,0.0009755290229804814,0,0,0.9815807770937681
BV12z411b7mg,0,0.27535754442214966,-0.9676079154014587,train,True,asr,0,E:\m-hvc\datasets\old-dataset\frames_unique\BV12z411b7mg,0.5051122307777405,0.009967491030693054,0.46954259276390076,0.015377677045762539,0,0,0.7246424555778503
BV1324y1L7jj,0,0.009272501803934574,-4.671386241912842,train,True,asr,0,E:\m-hvc\datasets\old-dataset\frames_unique\BV1324y1L7jj,0.9889020919799805,0.0018923953175544739,0.007567235734313726,0.001638340181671083,0,0,0.9907274981960654
BV133411N7Lz,0,0.03345524147152901,-3.3635191917419434,train,False,missing,0,E:\m-hvc\datasets\old-dataset\frames_unique\BV133411N7Lz,0.819541335105896,0.03979823365807533,0.09787567704916,0.04278472065925598,0,0,0.966544758528471
BV1354y1G7Td,0,0.017379125580191612,-4.034953594207764,train,True,asr,0,E:\m-hvc\datasets\old-dataset\frames_unique\BV1354y1G7Td,0.9496121406555176,0.0048363106325268745,0.04028145596385002,0.0052700708620250225,0,0,0.9826208744198084
BV13C4y197kf,0,0.032644737511873245,-3.3888821601867676,val,True,asr,0,E:\m-hvc\datasets\old-dataset\frames_unique\BV13C4y197kf,0.9861915111541748,0.0014287109952419996,0.011184871196746826,0.0011949766194447875,0,0,0.9673552624881268
BV13K4y1B7rQ,0,0.10653631389141083,-2.126619815826416,train,True,asr,0,E:\m-hvc\datasets\old-dataset\frames_unique\BV13K4y1B7rQ,0.9799326658248901,0.0016388925723731518,0.016711849719285965,0.001716508180834353,0,0,0.8934636861085892
BV13K4y1x7bQ,1,0.03819039463996887,-3.2262325286865234,train,False,missing,2,E:\m-hvc\datasets\old-dataset\frames_unique\BV13K4y1x7bQ,0.854241669178009,0.026102550327777863,0.09128033369779587,0.02837546542286873,0,0,0.9618096053600311
BV13Q4y1F7Ct,0,0.01591617241501808,-4.124375343322754,train,True,asr,0,E:\m-hvc\datasets\old-dataset\frames_unique\BV13Q4y1F7Ct,0.981570303440094,0.0018595221918076277,0.014566710218787193,0.0020034299232065678,0,0,0.9840838275849819
BV13Q4y1y7UW,0,0.3713337779045105,-0.5264992713928223,train,True,asr,0,E:\m-hvc\datasets\old-dataset\frames_unique\BV13Q4y1y7UW,0.9800893068313599,0.0020457946229726076,0.01589757390320301,0.0019672629423439503,1,0,0.6286662220954895
BV13V411Q7zg,0,0.16042205691337585,-1.6550910472869873,test,True,asr,0,E:\m-hvc\datasets\old-dataset\frames_unique\BV13V411Q7zg,0.9938011765480042,0.0009564166539348662,0.0045846919529139996,0.0006577258463948965,0,0,0.8395779430866241
BV13c411j7Q2,0,0.015709061175584793,-4.137683868408203,train,True,asr,0,E:\m-hvc\datasets\old-dataset\frames_unique\BV13c411j7Q2,0.9867527484893799,0.0015720026567578316,0.010197565890848637,0.0014776481548324227,0,0,0.9842909388244152
BV13g411w7Dr,1,0.818533182144165,1.5064409971237183,train,True,asr,2,E:\m-hvc\datasets\old-dataset\frames_unique\BV13g411w7Dr,0.9166213870048523,0.009489183314144611,0.06186526641249657,0.012024189345538616,1,0,0.818533182144165
BV13i4y1U7Ac,0,0.32370468974113464,-0.7367980480194092,val,True,asr,0,E:\m-hvc\datasets\old-dataset\frames_unique\BV13i4y1U7Ac,0.530162513256073,0.009100912138819695,0.44416213035583496,0.016574475914239883,1,0,0.6762953102588654
BV13j411R79M,0,0.009936071000993252,-4.601597785949707,test,True,asr,0,E:\m-hvc\datasets\old-dataset\frames_unique\BV13j411R79M,0.9939563870429993,0.0014160621212795377,0.0034806784242391586,0.001146801863797009,0,0,0.9900639289990067
BV13u411N7dP,1,0.8939738273620605,2.131990432739258,train,True,asr,2,E:\m-hvc\datasets\old-dataset\frames_unique\BV13u411N7dP,0.05766419693827629,0.01055025216192007,0.9011445641517639,0.030640965327620506,1,2,0.8939738273620605
BV13y4y1J7ZU,0,0.011959012597799301,-4.414238929748535,train,True,asr,0,E:\m-hvc\datasets\old-dataset\frames_unique\BV13y4y1J7ZU,0.9951350092887878,0.001127536641433835,0.002940136706456542,0.0007973110768944025,0,0,0.9880409874022007
BV13z4y197Mb,0,0.009835933335125446,-4.611828327178955,train,True,asr,0,E:\m-hvc\datasets\old-dataset\frames_unique\BV13z4y197Mb,0.9963657855987549,0.000707201543264091,0.0023752099368721247,0.000551855016965419,0,0,0.9901640666648746
BV13z4y1x7CP,0,0.010564545169472694,-4.539630889892578,train,True,asr,0,E:\m-hvc\datasets\old-dataset\frames_unique\BV13z4y1x7CP,0.9916154742240906,0.0018825324950739741,0.004933458752930164,0.0015684510581195354,0,0,0.9894354548305273
BV1414y1G7xq,0,0.4620402753353119,-0.15213166177272797,test,False,missing,0,E:\m-hvc\datasets\old-dataset\frames_unique\BV1414y1G7xq,0.6860427856445312,0.04774159938097,0.22710761427879333,0.039107996970415115,1,0,0.5379597246646881
BV1424y1S7KV,0,0.6536423563957214,0.6350885629653931,val,False,missing,0,E:\m-hvc\datasets\old-dataset\frames_unique\BV1424y1S7KV,0.7986831068992615,0.032610323280096054,0.13955840468406677,0.02914811298251152,1,0,0.6536423563957214
BV144411K7on,0,0.049541596323251724,-2.954131841659546,train,False,missing,0,E:\m-hvc\datasets\old-dataset\frames_unique\BV144411K7on,0.8057533502578735,0.040940240025520325,0.11273282021284103,0.040573589503765106,0,0,0.9504584036767483
BV144421w742,0,0.22922444343566895,-1.212695598602295,train,True,asr,0,E:\m-hvc\datasets\old-dataset\frames_unique\BV144421w742,0.99625563621521,0.0007022122736088932,0.0026100152172148228,0.0004321041633374989,0,0,0.770775556564331
BV1454y1w795,0,0.019296275451779366,-3.928358316421509,train,True,asr,0,E:\m-hvc\datasets\old-dataset\frames_unique\BV1454y1w795,0.9233623743057251,0.005616944748908281,0.06429611146450043,0.0067246416583657265,0,0,0.9807037245482206
BV148411M7Gb,0,0.023124778643250465,-3.7434542179107666,train,True,asr,0,E:\m-hvc\datasets\old-dataset\frames_unique\BV148411M7Gb,0.8999601602554321,0.006606659851968288,0.08589933067560196,0.007533904630690813,0,0,0.9768752213567495
BV1494y1F7Vz,0,0.010760887525975704,-4.521018028259277,test,True,asr,0,E:\m-hvc\datasets\old-dataset\frames_unique\BV1494y1F7Vz,0.9944260120391846,0.0010958571219816804,0.0036273712757974863,0.0008507460006512702,0,0,0.9892391124740243
BV14C4y1G7Ey,1,0.04516883194446564,-3.0511271953582764,train,True,asr,2,E:\m-hvc\datasets\old-dataset\frames_unique\BV14C4y1G7Ey,0.979820966720581,0.0038429447449743748,0.013648760505020618,0.0026873245369642973,0,0,0.9548311680555344
BV14E411b7oC,0,0.010918160900473595,-4.506349563598633,test,True,asr,0,E:\m-hvc\datasets\old-dataset\frames_unique\BV14E411b7oC,0.994698166847229,0.00104860111605376,0.0034353395458310843,0.0008179659489542246,0,0,0.9890818390995264
BV14F411a7PJ,0,0.015796862542629242,-4.132020950317383,train,True,asr,0,E:\m-hvc\datasets\old-dataset\frames_unique\BV14F411a7PJ,0.9971777200698853,0.0004959480138495564,0.0019343489548191428,0.00039206218207255006,0,0,0.9842031374573708
BV14K411t7QQ,0,0.02717708609998226,-3.5778279304504395,train,True,asr,0,E:\m-hvc\datasets\old-dataset\frames_unique\BV14K411t7QQ,0.9963335990905762,0.0005412905011326075,0.0027295933105051517,0.0003954806597903371,0,0,0.9728229139000177
BV14R4y1v7WF,0,0.04264036566019058,-3.111377716064453,test,True,asr,0,E:\m-hvc\datasets\old-dataset\frames_unique\BV14R4y1v7WF,0.9509846568107605,0.0034574875608086586,0.04125862941145897,0.004299249965697527,0,0,0.9573596343398094
BV14u411Y7V1,1,0.3928516209125519,-0.4353412389755249,train,True,asr,2,E:\m-hvc\datasets\old-dataset\frames_unique\BV14u411Y7V1,0.5587548613548279,0.009667159989476204,0.4163335859775543,0.015244387090206146,1,0,0.6071483790874481
BV14u4y1H7sA,0,0.01078922301530838,-4.518359661102295,train,True,asr,0,E:\m-hvc\datasets\old-dataset\frames_unique\BV14u4y1H7sA,0.981743335723877,0.002771875122562051,0.013095734640955925,0.002389092231169343,0,0,0.9892107769846916
BV14x4y187MJ,0,0.009356275200843811,-4.6623077392578125,train,True,asr,0,E:\m-hvc\datasets\old-dataset\frames_unique\BV14x4y187MJ,0.9933089017868042,0.0012769837630912662,0.0042295511811971664,0.0011845933040603995,0,0,0.9906437247991562
BV14x4y1X7FG,0,0.22282007336616516,-1.2493072748184204,val,True,asr,0,E:\m-hvc\datasets\old-dataset\frames_unique\BV14x4y1X7FG,0.9794197678565979,0.0018902616575360298,0.017073288559913635,0.0016165851848199964,0,0,0.7771799266338348
BV153411W7zg,0,0.015069089829921722,-4.179925918579102,val,True,asr,0,E:\m-hvc\datasets\old-dataset\frames_unique\BV153411W7zg,0.9951140880584717,0.0007466762326657772,0.0035712949465960264,0.0005679039750248194,0,0,0.9849309101700783
BV1554y1z76C,0,0.13514842092990875,-1.8561842441558838,val,True,asr,0,E:\m-hvc\datasets\old-dataset\frames_unique\BV1554y1z76C,0.3787270784378052,0.4036729335784912,0.13500022888183594,0.08259978145360947,0,1,0.8648515790700912
BV1564y1M7Z6,0,0.012195832096040249,-4.394390106201172,val,True,asr,0,E:\m-hvc\datasets\old-dataset\frames_unique\BV1564y1M7Z6,0.9949073195457458,0.0009479814325459301,0.003400817746296525,0.0007438315660692751,0,0,0.9878041679039598
BV158411i7rQ,1,0.04772176221013069,-2.993469715118408,train,True,asr,2,E:\m-hvc\datasets\old-dataset\frames_unique\BV158411i7rQ,0.9194033145904541,0.0032509262673556805,0.07377397269010544,0.00357174314558506,0,0,0.9522782377898693
BV15B4y1Q7JM,0,0.00955993216484785,-4.640568733215332,train,True,asr,0,E:\m-hvc\datasets\old-dataset\frames_unique\BV15B4y1Q7JM,0.9861769080162048,0.002284075366333127,0.009621509350836277,0.0019176158821210265,0,0,0.9904400678351521
BV15E411a7Jd,1,0.9652265310287476,3.3235065937042236,train,False,missing,2,E:\m-hvc\datasets\old-dataset\frames_unique\BV15E411a7Jd,0.28492170572280884,0.12256788462400436,0.3575555980205536,0.23495478928089142,1,2,0.9652265310287476
BV15F411z7tS,0,0.010608242824673653,-4.535459041595459,train,True,asr,0,E:\m-hvc\datasets\old-dataset\frames_unique\BV15F411z7tS,0.9959868788719177,0.0008248438243754208,0.002543992828577757,0.0006442110752686858,0,0,0.9893917571753263
BV15M411A7xj,0,0.00898986216634512,-4.702627182006836,train,True,asr,0,E:\m-hvc\datasets\old-dataset\frames_unique\BV15M411A7xj,0.9945532083511353,0.0010548681020736694,0.0034841534215956926,0.0009077185532078147,0,0,0.9910101378336549
BV15P4y1J7xG,0,0.0956873968243599,-2.2460885047912598,train,True,asr,0,E:\m-hvc\datasets\old-dataset\frames_unique\BV15P4y1J7xG,0.9951735138893127,0.0009664726676419377,0.003296037670224905,0.0005640315357595682,0,0,0.9043126031756401
BV15U4y1p7jY,1,0.25490254163742065,-1.0726338624954224,train,True,asr,2,E:\m-hvc\datasets\old-dataset\frames_unique\BV15U4y1p7jY,0.9062789678573608,0.003967297729104757,0.08580546826124191,0.003948264755308628,0,0,0.7450974583625793
BV15V411A7TH,1,0.0803210437297821,-2.437993049621582,train,True,asr,2,E:\m-hvc\datasets\old-dataset\frames_unique\BV15V411A7TH,0.9972723126411438,0.0004512935411185026,0.0019677085801959038,0.00030868122121319175,0,0,0.9196789562702179
BV15V4y1k7tZ,1,0.015584173612296581,-4.145792484283447,train,True,asr,2,E:\m-hvc\datasets\old-dataset\frames_unique\BV15V4y1k7tZ,0.9913013577461243,0.0010972270974889398,0.0065496680326759815,0.0010517543414607644,0,0,0.9844158263877034
BV15W411C7FT,1,0.8402999043464661,1.66046142578125,train,True,asr,2,E:\m-hvc\datasets\old-dataset\frames_unique\BV15W411C7FT,0.8951668739318848,0.009203850291669369,0.08315779268741608,0.0124714570119977,1,0,0.8402999043464661
BV15W4y1m7zy,0,0.029094170778989792,-3.5076916217803955,train,False,missing,0,E:\m-hvc\datasets\old-dataset\frames_unique\BV15W4y1m7zy,0.8526595830917358,0.030579352751374245,0.08413142710924149,0.03262964263558388,0,0,0.9709058292210102
BV15X4y1N74H,0,0.022699931636452675,-3.7624318599700928,train,True,asr,0,E:\m-hvc\datasets\old-dataset\frames_unique\BV15X4y1N74H,0.9629710912704468,0.0025386023335158825,0.03168724477291107,0.002803065814077854,0,0,0.9773000683635473
BV15c411477v,0,0.025304267182946205,-3.6511523723602295,test,True,asr,0,E:\m-hvc\datasets\old-dataset\frames_unique\BV15c411477v,0.9193585515022278,0.005314018111675978,0.06975401192903519,0.005573490168899298,0,0,0.9746957328170538
BV15h4y157Km,0,0.01211368478834629,-4.40123176574707,train,True,asr,0,E:\m-hvc\datasets\old-dataset\frames_unique\BV15h4y157Km,0.9666864275932312,0.004117914009839296,0.024925457313656807,0.004270270932465792,0,0,0.9878863152116537
BV15o4y1t7gw,0,0.034683965146541595,-3.3261780738830566,train,True,asr,0,E:\m-hvc\datasets\old-dataset\frames_unique\BV15o4y1t7gw,0.9971112012863159,0.0004981420352123678,0.0020196489058434963,0.0003709839947987348,0,0,0.9653160348534584
BV15p4y1L7we,0,0.00978352501988411,-4.617223739624023,train,True,asr,0,E:\m-hvc\datasets\old-dataset\frames_unique\BV15p4y1L7we,0.9886266589164734,0.0017932993359863758,0.00799799244850874,0.0015820242697373033,0,0,0.9902164749801159
BV15w411B7fJ,0,0.008772878907620907,-4.727278709411621,test,True,asr,0,E:\m-hvc\datasets\old-dataset\frames_unique\BV15w411B7fJ,0.9925186634063721,0.0014811623841524124,0.004862161818891764,0.0011380008654668927,0,0,0.9912271210923791
BV15w411U7DR,0,0.01830427721142769,-3.982146739959717,test,True,asr,0,E:\m-hvc\datasets\old-dataset\frames_unique\BV15w411U7DR,0.9250300526618958,0.0060114311054348946,0.061855562031269073,0.007103067822754383,0,0,0.9816957227885723
BV15w411w7ZS,0,0.010492912493646145,-4.546506881713867,train,True,asr,0,E:\m-hvc\datasets\old-dataset\frames_unique\BV15w411w7ZS,0.9817147254943848,0.0024547080975025892,0.01345678512006998,0.0023738518357276917,0,0,0.9895070875063539
BV165411474t,0,0.3573864698410034,-0.5867257714271545,val,True,asr,0,E:\m-hvc\datasets\old-dataset\frames_unique\BV165411474t,0.9960513710975647,0.0008325102389790118,0.002460968215018511,0.0006552069680765271,1,0,0.6426135301589966
BV167411j7vS,0,0.09938223659992218,-2.2041075229644775,train,True,asr,0,E:\m-hvc\datasets\old-dataset\frames_unique\BV167411j7vS,0.989244818687439,0.0010971332667395473,0.008684474974870682,0.0009735569474287331,0,0,0.9006177634000778
BV1694y1N7xU,0,0.015886439010500908,-4.126275539398193,train,True,asr,0,E:\m-hvc\datasets\old-dataset\frames_unique\BV1694y1N7xU,0.9851363301277161,0.0016682461136952043,0.011699562892317772,0.0014959253603592515,0,0,0.9841135609894991
BV16E411b7B6,1,0.9285949468612671,2.5653040409088135,test,False,missing,2,E:\m-hvc\datasets\old-dataset\frames_unique\BV16E411b7B6,0.33077582716941833,0.11570189893245697,0.37188974022865295,0.18163254857063293,1,2,0.9285949468612671
BV16M4y1c7eo,0,0.04229423776268959,-3.119889736175537,train,True,asr,0,E:\m-hvc\datasets\old-dataset\frames_unique\BV16M4y1c7eo,0.996147632598877,0.0006786184385418892,0.002659372752532363,0.0005143996677361429,0,0,0.9577057622373104
BV16N4y1q7WU,0,0.018407277762889862,-3.9764304161071777,train,True,asr,0,E:\m-hvc\datasets\old-dataset\frames_unique\BV16N4y1q7WU,0.9913397431373596,0.0010860870825126767,0.006660692393779755,0.0009134486899711192,0,0,0.9815927222371101
BV16U4y1m7Vb,0,0.010334539227187634,-4.561875343322754,train,True,asr,0,E:\m-hvc\datasets\old-dataset\frames_unique\BV16U4y1m7Vb,0.9958441853523254,0.0008287616074085236,0.002643861575052142,0.0006831557839177549,0,0,0.9896654607728124
BV16W4y1b7r3,1,0.9432199001312256,2.8101134300231934,test,True,asr,2,E:\m-hvc\datasets\old-dataset\frames_unique\BV16W4y1b7r3,0.7335982918739319,0.022295048460364342,0.20903238654136658,0.035074248909950256,1,0,0.9432199001312256
BV16X4y1k7oJ,0,0.014734004624187946,-4.20275354385376,train,True,asr,0,E:\m-hvc\datasets\old-dataset\frames_unique\BV16X4y1k7oJ,0.966160237789154,0.003158510895445943,0.027726078405976295,0.002955202478915453,0,0,0.985265995375812
BV16Y411W7KG,0,0.009474304504692554,-4.649652481079102,test,True,asr,0,E:\m-hvc\datasets\old-dataset\frames_unique\BV16Y411W7KG,0.9948840737342834,0.0009039462893269956,0.0034375370014458895,0.0007744134636595845,0,0,0.9905256954953074
BV16a4y1R7Cr,0,0.00901054497808218,-4.700308322906494,test,True,asr,0,E:\m-hvc\datasets\old-dataset\frames_unique\BV16a4y1R7Cr,0.9868775010108948,0.0022887946106493473,0.0088372016325593,0.0019964780658483505,0,0,0.9909894550219178
BV16g411H7Mr,1,0.2354591190814972,-1.177738070487976,val,True,asr,2,E:\m-hvc\datasets\old-dataset\frames_unique\BV16g411H7Mr,0.9814257621765137,0.005381009075790644,0.009005351923406124,0.004187938757240772,0,0,0.7645408809185028
BV16o4y1X7BL,0,0.010695160366594791,-4.5272111892700195,train,True,asr,0,E:\m-hvc\datasets\old-dataset\frames_unique\BV16o4y1X7BL,0.994821310043335,0.0011264048516750336,0.0031262431293725967,0.0009260514052584767,0,0,0.9893048396334052
BV16p4y1G7mk,1,0.13557666540145874,-1.852525234222412,train,True,asr,2,E:\m-hvc\datasets\old-dataset\frames_unique\BV16p4y1G7mk,0.7532194256782532,0.006274721585214138,0.23171094059944153,0.008794902823865414,0,0,0.8644233345985413
BV16p4y1H7rh,1,0.13261711597442627,-1.878014326095581,train,True,asr,2,E:\m-hvc\datasets\old-dataset\frames_unique\BV16p4y1H7rh,0.9950547218322754,0.000823811802547425,0.0035837909672409296,0.0005376975750550628,0,0,0.8673828840255737
BV16p4y1f7fi,0,0.00910706352442503,-4.689556121826172,train,True,asr,0,E:\m-hvc\datasets\old-dataset\frames_unique\BV16p4y1f7fi,0.993557870388031,0.0012441053986549377,0.004188529681414366,0.0010094605386257172,0,0,0.990892936475575
BV16q4y1J75z,0,0.054961271584033966,-2.844597101211548,train,True,asr,0,E:\m-hvc\datasets\old-dataset\frames_unique\BV16q4y1J75z,0.9978343844413757,0.0004457578470464796,0.0013954757014289498,0.00032438169000670314,0,0,0.945038728415966
BV16u4y1c7nA,0,0.011408434249460697,-4.461928367614746,train,True,asr,0,E:\m-hvc\datasets\old-dataset\frames_unique\BV16u4y1c7nA,0.97322016954422,0.00336703984066844,0.020057568326592445,0.003355261404067278,0,0,0.9885915657505393
BV16v4y1j7xk,0,0.013280928134918213,-4.308056354522705,train,True,asr,0,E:\m-hvc\datasets\old-dataset\frames_unique\BV16v4y1j7xk,0.9888237118721008,0.0015040714060887694,0.008453715592622757,0.0012184861116111279,0,0,0.9867190718650818
BV1724y1475b,0,0.0292278490960598,-3.502969741821289,train,True,asr,0,E:\m-hvc\datasets\old-dataset\frames_unique\BV1724y1475b,0.9957656860351562,0.0005625198828056455,0.003195923985913396,0.0004759528674185276,0,0,0.9707721509039402
BV17341127LR,1,0.8208673000335693,1.5222347974777222,train,True,asr,2,E:\m-hvc\datasets\old-dataset\frames_unique\BV17341127LR,0.9749400019645691,0.006238133646547794,0.013855568133294582,0.0049663688987493515,1,0,0.8208673000335693
BV1754y1T79z,0,0.025162281468510628,-3.6569249629974365,train,True,asr,0,E:\m-hvc\datasets\old-dataset\frames_unique\BV1754y1T79z,0.9959684610366821,0.0007264661253429949,0.002815026557072997,0.000490024802275002,0,0,0.9748377185314894
BV17B4y1d7g7,0,0.013347961008548737,-4.302953720092773,train,True,asr,0,E:\m-hvc\datasets\old-dataset\frames_unique\BV17B4y1d7g7,0.9957298636436462,0.000925659027416259,0.0025966756511479616,0.0007478297338820994,0,0,0.9866520389914513
BV17C4y127hS,0,0.02836740016937256,-3.5337371826171875,train,False,missing,0,E:\m-hvc\datasets\old-dataset\frames_unique\BV17C4y127hS,0.8656341433525085,0.024043554440140724,0.08438488841056824,0.0259373988956213,0,0,0.9716325998306274
BV17K4y1r7Dt,1,0.03988230973482132,-3.1811230182647705,train,True,asr,2,E:\m-hvc\datasets\old-dataset\frames_unique\BV17K4y1r7Dt,0.9974718689918518,0.0005655206041410565,0.001553149544633925,0.0004094000323675573,0,0,0.9601176902651787
BV17N4y187LL,0,0.050759561359882355,-2.9285621643066406,train,True,asr,0,E:\m-hvc\datasets\old-dataset\frames_unique\BV17N4y187LL,0.5438045859336853,0.016481557860970497,0.4135860204696655,0.026127835735678673,0,0,0.9492404386401176
BV17N4y1q7qc,0,0.028610510751605034,-3.5249533653259277,test,False,missing,0,E:\m-hvc\datasets\old-dataset\frames_unique\BV17N4y1q7qc,0.8797600269317627,0.024910349398851395,0.06962546706199646,0.025704126805067062,0,0,0.971389489248395
BV17Q4y1d7bR,1,0.7201172113418579,0.9450430870056152,train,True,asr,2,E:\m-hvc\datasets\old-dataset\frames_unique\BV17Q4y1d7bR,0.9843006730079651,0.0035483583342283964,0.009159460663795471,0.0029914246406406164,1,0,0.7201172113418579
BV17T411x7jK,1,0.9815639853477478,3.974839448928833,train,False,missing,2,E:\m-hvc\datasets\old-dataset\frames_unique\BV17T411x7jK,0.2394532710313797,0.12636835873126984,0.3560190498828888,0.27815937995910645,1,2,0.9815639853477478
BV17a411q7Ei,0,0.01757158897817135,-4.023744106292725,train,True,asr,0,E:\m-hvc\datasets\old-dataset\frames_unique\BV17a411q7Ei,0.9273224472999573,0.007689782418310642,0.05708702653646469,0.00790079589933157,0,0,0.9824284110218287
BV17a4y1o75B,0,0.07467903196811676,-2.5169413089752197,train,True,asr,0,E:\m-hvc\datasets\old-dataset\frames_unique\BV17a4y1o75B,0.9934657216072083,0.0009002822334878147,0.004886794835329056,0.0007471827557310462,0,0,0.9253209680318832
BV17w411g7iA,0,0.014774102717638016,-4.199995040893555,train,True,asr,0,E:\m-hvc\datasets\old-dataset\frames_unique\BV17w411g7iA,0.9487250447273254,0.0052306754514575005,0.04009472206234932,0.005949515383690596,0,0,0.985225897282362
BV17x411f7n3,0,0.012271517887711525,-4.388126850128174,train,True,asr,0,E:\m-hvc\datasets\old-dataset\frames_unique\BV17x411f7n3,0.9826332330703735,0.0021374651696532965,0.012801355682313442,0.002428051782771945,0,0,0.9877284821122885
BV17z4y1M7z4,0,0.06767546385526657,-2.622957229614258,train,True,asr,0,E:\m-hvc\datasets\old-dataset\frames_unique\BV17z4y1M7z4,0.9962769150733948,0.0007729834760539234,0.0024473618250340223,0.0005027352599427104,0,0,0.9323245361447334
BV1824y1g76b,1,0.8698474764823914,1.8996107578277588,test,True,asr,2,E:\m-hvc\datasets\old-dataset\frames_unique\BV1824y1g76b,0.9636858701705933,0.007948645390570164,0.02201080322265625,0.006354681681841612,1,0,0.8698474764823914
BV1834y1T71Z,0,0.009572545997798443,-4.639237403869629,train,True,asr,0,E:\m-hvc\datasets\old-dataset\frames_unique\BV1834y1T71Z,0.9932687878608704,0.0012998469173908234,0.004388268105685711,0.0010431016562506557,0,0,0.9904274540022016
BV18D4y1s7kM,1,0.08792533725500107,-2.339233875274658,train,True,asr,2,E:\m-hvc\datasets\old-dataset\frames_unique\BV18D4y1s7kM,0.9838536977767944,0.0012912909733131528,0.013619515113532543,0.0012354307109490037,0,0,0.9120746627449989
BV18H4y1h79P,0,0.07479839771986008,-2.5152151584625244,train,False,missing,0,E:\m-hvc\datasets\old-dataset\frames_unique\BV18H4y1h79P,0.8502419590950012,0.02238316647708416,0.10146833956241608,0.02590656653046608,0,0,0.9252016022801399
BV18N4y1B7qA,0,0.01106624212116003,-4.492728233337402,train,True,asr,0,E:\m-hvc\datasets\old-dataset\frames_unique\BV18N4y1B7qA,0.9936856627464294,0.0012725775595754385,0.003992950543761253,0.0010487911058589816,0,0,0.98893375787884
BV18N4y1w7t7,0,0.008699314668774605,-4.73577356338501,train,True,asr,0,E:\m-hvc\datasets\old-dataset\frames_unique\BV18N4y1w7t7,0.9943853616714478,0.0011503536952659488,0.0035283872857689857,0.0009359041578136384,0,0,0.9913006853312254
BV18a4y127o3,0,0.013107743114233017,-4.321357727050781,val,True,asr,0,E:\m-hvc\datasets\old-dataset\frames_unique\BV18a4y127o3,0.9921149611473083,0.0011177813867107034,0.005840338300913572,0.0009269106667488813,0,0,0.986892256885767
BV18a4y1r7XW,0,0.18044252693653107,-1.5133521556854248,train,True,asr,0,E:\m-hvc\datasets\old-dataset\frames_unique\BV18a4y1r7XW,0.9235714077949524,0.003862700890749693,0.06822653114795685,0.0043393890373408794,0,0,0.8195574730634689
BV18e4y1B7XD,0,0.012904628179967403,-4.3371806144714355,train,True,asr,0,E:\m-hvc\datasets\old-dataset\frames_unique\BV18e4y1B7XD,0.9839569926261902,0.002245628507807851,0.011948785744607449,0.0018486363114789128,0,0,0.9870953718200326
BV18f421o7ne,0,0.033042822033166885,-3.376349925994873,train,True,asr,0,E:\m-hvc\datasets\old-dataset\frames_unique\BV18f421o7ne,0.892220139503479,0.005864061415195465,0.09424319118261337,0.007672567386180162,0,0,0.9669571779668331
BV18i4y1b7k3,1,0.02974291518330574,-3.4849700927734375,val,True,asr,2,E:\m-hvc\datasets\old-dataset\frames_unique\BV18i4y1b7k3,0.9262492656707764,0.0047488766722381115,0.06383960694074631,0.005162174813449383,0,0,0.9702570848166943
BV18s4y1N7WZ,0,0.009944537654519081,-4.600737571716309,train,True,asr,0,E:\m-hvc\datasets\old-dataset\frames_unique\BV18s4y1N7WZ,0.9829670190811157,0.002548882970586419,0.012159131467342377,0.0023249280638992786,0,0,0.9900554623454809
BV18u411N7Le,0,0.012943231500685215,-4.3341546058654785,val,True,asr,0,E:\m-hvc\datasets\old-dataset\frames_unique\BV18u411N7Le,0.9687895178794861,0.004499637056142092,0.022606829181313515,0.004104004707187414,0,0,0.9870567684993148
BV18u411N7U1,0,0.014913234859704971,-4.190480709075928,test,True,asr,0,E:\m-hvc\datasets\old-dataset\frames_unique\BV18u411N7U1,0.938296377658844,0.006040276028215885,0.04943476989865303,0.006228613667190075,0,0,0.985086765140295
BV18u411p74B,1,0.16322515904903412,-1.6344243288040161,test,True,asr,2,E:\m-hvc\datasets\old-dataset\frames_unique\BV18u411p74B,0.9636808037757874,0.00249292585067451,0.03152310475707054,0.0023032226599752903,0,0,0.8367748409509659
BV18v4y187td,1,0.9626399278640747,3.249077796936035,test,False,missing,2,E:\m-hvc\datasets\old-dataset\frames_unique\BV18v4y187td,0.3127814531326294,0.13472820818424225,0.35266241431236267,0.19982795417308807,1,2,0.9626399278640747
BV18w411o7SQ,0,0.022626956924796104,-3.765726327896118,train,True,asr,0,E:\m-hvc\datasets\old-dataset\frames_unique\BV18w411o7SQ,0.908760666847229,0.008166566491127014,0.07411310076713562,0.008959673345088959,0,0,0.9773730430752039
BV1914y1L7pm,0,0.009412509389221668,-4.656258583068848,train,True,asr,0,E:\m-hvc\datasets\old-dataset\frames_unique\BV1914y1L7pm,0.9927444458007812,0.0013312814990058541,0.004864749498665333,0.0010595166822895408,0,0,0.9905874906107783
BV1924y1N7DA,0,0.01983175054192543,-3.900439977645874,train,True,asr,0,E:\m-hvc\datasets\old-dataset\frames_unique\BV1924y1N7DA,0.9442452788352966,0.003820438403636217,0.04792404547333717,0.004010239616036415,0,0,0.9801682494580746
BV193411W7MX,0,0.8191264867782593,1.510440468788147,test,True,asr,0,E:\m-hvc\datasets\old-dataset\frames_unique\BV193411W7MX,0.8209663033485413,0.027040231972932816,0.13765938580036163,0.014334122650325298,1,0,0.8191264867782593
BV1964y1J7pE,1,0.9746501445770264,3.6493067741394043,val,True,asr,2,E:\m-hvc\datasets\old-dataset\frames_unique\BV1964y1J7pE,0.3602827787399292,0.04181083291769028,0.499277800321579,0.09862855076789856,1,2,0.9746501445770264
BV19C4y177iH,1,0.9731863141059875,3.591660499572754,train,False,missing,2,E:\m-hvc\datasets\old-dataset\frames_unique\BV19C4y177iH,0.36590340733528137,0.10736124962568283,0.3450859785079956,0.18164940178394318,1,0,0.9731863141059875
BV19J411G7MT,0,0.035593681037425995,-3.299344539642334,test,False,missing,0,E:\m-hvc\datasets\old-dataset\frames_unique\BV19J411G7MT,0.852738082408905,0.03369424492120743,0.08060726523399353,0.03296033293008804,0,0,0.964406318962574
BV19J411G7i2,0,0.0270038191229105,-3.584401845932007,train,False,missing,0,E:\m-hvc\datasets\old-dataset\frames_unique\BV19J411G7i2,0.859300971031189,0.031080717220902443,0.07900466024875641,0.03061360865831375,0,0,0.9729961808770895
BV19K4y1U7s8,0,0.009107996709644794,-4.689452648162842,train,True,asr,0,E:\m-hvc\datasets\old-dataset\frames_unique\BV19K4y1U7s8,0.9937211275100708,0.0013220608234405518,0.003856102004647255,0.0011007195571437478,0,0,0.9908920032903552
BV19N4y1v7yG,0,0.017182160168886185,-4.0465521812438965,train,True,asr,0,E:\m-hvc\datasets\old-dataset\frames_unique\BV19N4y1v7yG,0.9380699396133423,0.005556602496653795,0.050665684044361115,0.0057077547535300255,0,0,0.9828178398311138
BV19P411x7hk,0,0.015432214364409447,-4.155745506286621,train,True,asr,0,E:\m-hvc\datasets\old-dataset\frames_unique\BV19P411x7hk,0.9792236089706421,0.0021258883643895388,0.016537269577383995,0.0021132647525519133,0,0,0.9845677856355906
BV19Q4y1a7KG,0,0.10891686379909515,-2.1018528938293457,val,True,asr,0,E:\m-hvc\datasets\old-dataset\frames_unique\BV19Q4y1a7KG,0.995142936706543,0.0009569379035383463,0.003218777244910598,0.0006813829531893134,0,0,0.8910831362009048
BV19Q4y1j7nx,0,0.013472622260451317,-4.29353141784668,train,True,asr,0,E:\m-hvc\datasets\old-dataset\frames_unique\BV19Q4y1j7nx,0.9887218475341797,0.001757470308803022,0.007859042845666409,0.0016616170760244131,0,0,0.9865273777395487
BV19Q4y1m74q,0,0.04341128095984459,-3.092654228210449,test,True,asr,0,E:\m-hvc\datasets\old-dataset\frames_unique\BV19Q4y1m74q,0.9916866421699524,0.0013853309210389853,0.0058774398639798164,0.0010505043901503086,0,0,0.9565887190401554
BV19T411379q,0,0.019385164603590965,-3.9236717224121094,train,True,asr,0,E:\m-hvc\datasets\old-dataset\frames_unique\BV19T411379q,0.8878511190414429,0.00952098611742258,0.09105104207992554,0.011576846241950989,0,0,0.980614835396409
BV19c411t7r5,0,0.03066309355199337,-3.453552484512329,train,False,missing,0,E:\m-hvc\datasets\old-dataset\frames_unique\BV19c411t7r5,0.87738037109375,0.02365199290215969,0.07326534390449524,0.025702321901917458,0,0,0.9693369064480066
BV19e411q7UE,1,0.9789766073226929,3.8408737182617188,train,False,missing,2,E:\m-hvc\datasets\old-dataset\frames_unique\BV19e411q7UE,0.33820271492004395,0.11380622535943985,0.3331926763057709,0.2147984504699707,1,0,0.9789766073226929
BV19m4y1b7UC,1,0.7350427508354187,1.0203603506088257,train,True,asr,2,E:\m-hvc\datasets\old-dataset\frames_unique\BV19m4y1b7UC,0.747563898563385,0.01019038911908865,0.23062753677368164,0.011618242599070072,1,0,0.7350427508354187
BV19o4y1L7vD,0,0.012590567581355572,-4.3621368408203125,train,True,asr,0,E:\m-hvc\datasets\old-dataset\frames_unique\BV19o4y1L7vD,0.9898774027824402,0.0022523917723447084,0.005710049066692591,0.0021601987536996603,0,0,0.9874094324186444
BV19w411u73q,0,0.013621308840811253,-4.282404899597168,train,True,asr,0,E:\m-hvc\datasets\old-dataset\frames_unique\BV19w411u73q,0.9602547883987427,0.0041870241984725,0.031259287148714066,0.0042989663779735565,0,0,0.9863786911591887
BV1A24y1T7JN,0,0.015452900901436806,-4.154385089874268,train,True,asr,0,E:\m-hvc\datasets\old-dataset\frames_unique\BV1A24y1T7JN,0.9949416518211365,0.0011171833612024784,0.0030542605090886354,0.0008868659497238696,0,0,0.9845470990985632
BV1A64y1W7Bx,0,0.011686617508530617,-4.437555313110352,train,True,asr,0,E:\m-hvc\datasets\old-dataset\frames_unique\BV1A64y1W7Bx,0.9917829036712646,0.0013089736457914114,0.0058994716964662075,0.0010086782276630402,0,0,0.9883133824914694
BV1A94y1M7bQ,0,0.010112124495208263,-4.583856582641602,train,True,asr,0,E:\m-hvc\datasets\old-dataset\frames_unique\BV1A94y1M7bQ,0.9841979146003723,0.002352299401536584,0.011162441223859787,0.002287384821102023,0,0,0.9898878755047917
BV1AK4y1B7Lv,0,0.00947954598814249,-4.649094104766846,val,True,asr,0,E:\m-hvc\datasets\old-dataset\frames_unique\BV1AK4y1B7Lv,0.9950084686279297,0.0010352199897170067,0.0030937024857848883,0.0008626249036751688,0,0,0.9905204540118575
BV1AP4y1y7Wk,0,0.027172420173883438,-3.5780043601989746,train,False,missing,0,E:\m-hvc\datasets\old-dataset\frames_unique\BV1AP4y1y7Wk,0.8656141757965088,0.02685900405049324,0.07878979295492172,0.0287371426820755,0,0,0.9728275798261166
BV1AT411t7wB,1,0.025900021195411682,-3.627270221710205,train,True,asr,2,E:\m-hvc\datasets\old-dataset\frames_unique\BV1AT411t7wB,0.9946920275688171,0.0006322396220639348,0.004149871412664652,0.0005258569144643843,0,0,0.9740999788045883
BV1AT411y7ER,0,0.008592306636273861,-4.748258590698242,train,True,asr,0,E:\m-hvc\datasets\old-dataset\frames_unique\BV1AT411y7ER,0.9951422214508057,0.001007074723020196,0.003052046988159418,0.0007987400749698281,0,0,0.9914076933637261
BV1Aa411u7S4,0,0.06427710503339767,-2.6781158447265625,train,True,asr,0,E:\m-hvc\datasets\old-dataset\frames_unique\BV1Aa411u7S4,0.6213669180870056,0.011194847524166107,0.3492070138454437,0.018231209367513657,0,0,0.9357228949666023
BV1Aq4y187wR,0,0.022697310894727707,-3.762549877166748,train,True,asr,0,E:\m-hvc\datasets\old-dataset\frames_unique\BV1Aq4y187wR,0.8884370923042297,0.006294809281826019,0.09789542853832245,0.007372697349637747,0,0,0.9773026891052723
BV1At411a71T,0,0.009030668996274471,-4.698057174682617,train,True,asr,0,E:\m-hvc\datasets\old-dataset\frames_unique\BV1At411a71T,0.9945738911628723,0.0012108776718378067,0.003231038572266698,0.0009842280996963382,0,0,0.9909693310037255
BV1Au411M78x,0,0.02662094496190548,-3.5990753173828125,test,True,asr,0,E:\m-hvc\datasets\old-dataset\frames_unique\BV1Au411M78x,0.9892562627792358,0.0011981495190411806,0.00841430388391018,0.0011312662390992045,0,0,0.9733790550380945
BV1B94y1F7uj,0,0.016803819686174393,-4.069202423095703,val,True,asr,0,E:\m-hvc\datasets\old-dataset\frames_unique\BV1B94y1F7uj,0.9952437281608582,0.0007982655661180615,0.003300710581243038,0.0006571903941221535,0,0,0.9831961803138256
BV1BK411m7fv,0,0.021652715280652046,-3.8107337951660156,test,True,asr,0,E:\m-hvc\datasets\old-dataset\frames_unique\BV1BK411m7fv,0.9963725805282593,0.0006019253050908446,0.0025632523465901613,0.0004623306158464402,0,0,0.978347284719348
BV1BL4y1e744,1,0.05527274310588837,-2.838616371154785,train,True,asr,2,E:\m-hvc\datasets\old-dataset\frames_unique\BV1BL4y1e744,0.9899427890777588,0.0014420809457078576,0.007454024627804756,0.0011611146619543433,0,0,0.9447272568941116
BV1BL4y1j7iH,1,0.036958932876586914,-3.260288715362549,train,True,asr,2,E:\m-hvc\datasets\old-dataset\frames_unique\BV1BL4y1j7iH,0.9954433441162109,0.0006922184838913381,0.003295293776318431,0.0005692353588528931,0,0,0.9630410671234131
BV1BM411Q7fY,0,0.02639307826757431,-3.607905864715576,train,False,missing,0,E:\m-hvc\datasets\old-dataset\frames_unique\BV1BM411Q7fY,0.8427280783653259,0.032370954751968384,0.08984757959842682,0.035053402185440063,0,0,0.9736069217324257
BV1Bb4y1475H,1,0.8399014472961426,1.6574947834014893,train,True,asr,2,E:\m-hvc\datasets\old-dataset\frames_unique\BV1Bb4y1475H,0.8891995549201965,0.013699986040592194,0.08498705923557281,0.012113445438444614,1,0,0.8399014472961426
BV1Bk4y1A7y9,0,0.01048349030315876,-4.547414779663086,train,True,asr,0,E:\m-hvc\datasets\old-dataset\frames_unique\BV1Bk4y1A7y9,0.9949564337730408,0.0010976353660225868,0.0030679989140480757,0.000877938698977232,0,0,0.9895165096968412
BV1Bk4y1U7Fk,0,0.025912294164299965,-3.626783847808838,train,True,asr,0,E:\m-hvc\datasets\old-dataset\frames_unique\BV1Bk4y1U7Fk,0.9784618616104126,0.0021881419233977795,0.017138410359621048,0.002211598912253976,0,0,0.9740877058357
BV1Bp4y117ZU,1,0.7869046330451965,1.3063673973083496,val,True,asr,2,E:\m-hvc\datasets\old-dataset\frames_unique\BV1Bp4y117ZU,0.836360514163971,0.012153142131865025,0.13223649561405182,0.019249917939305305,1,0,0.7869046330451965
BV1Bw411z71n,1,0.8692111968994141,1.8940021991729736,train,True,asr,2,E:\m-hvc\datasets\old-dataset\frames_unique\BV1Bw411z71n,0.969616711139679,0.00621019909158349,0.017973843961954117,0.006199276074767113,1,0,0.8692111968994141
BV1By4y1N74T,1,0.4001775085926056,-0.4047256112098694,train,False,missing,2,E:\m-hvc\datasets\old-dataset\frames_unique\BV1By4y1N74T,0.6492376923561096,0.052572209388017654,0.2433471828699112,0.05484290421009064,1,0,0.5998224914073944
BV1C14y1w7vm,0,0.008862151764333248,-4.717063903808594,test,True,asr,0,E:\m-hvc\datasets\old-dataset\frames_unique\BV1C14y1w7vm,0.9905823469161987,0.0015576774021610618,0.006438263691961765,0.0014216852141544223,0,0,0.9911378482356668
BV1C84y1J7LA,1,0.9223355650901794,2.4745121002197266,train,True,asr,2,E:\m-hvc\datasets\old-dataset\frames_unique\BV1C84y1J7LA,0.8933383822441101,0.020523417741060257,0.06682028621435165,0.019317958503961563,1,0,0.9223355650901794
BV1C84y1V7Rv,0,0.3326049745082855,-0.6964266300201416,train,False,missing,0,E:\m-hvc\datasets\old-dataset\frames_unique\BV1C84y1V7Rv,0.7746498584747314,0.03176164999604225,0.16127534210681915,0.03231320157647133,1,0,0.6673950254917145
BV1CC4y1Y76y,0,0.00944956298917532,-4.652292251586914,train,True,asr,0,E:\m-hvc\datasets\old-dataset\frames_unique\BV1CC4y1Y76y,0.9928082227706909,0.0013757753185927868,0.004633145406842232,0.0011828512651845813,0,0,0.9905504370108247
BV1CN4y1f7gx,0,0.7970336079597473,1.3678562641143799,test,True,asr,0,E:\m-hvc\datasets\old-dataset\frames_unique\BV1CN4y1f7gx,0.1961231529712677,0.0230158269405365,0.7328619956970215,0.04799901321530342,1,2,0.7970336079597473
BV1CN4y1h79K,1,0.9713413715362549,3.5232224464416504,test,False,missing,2,E:\m-hvc\datasets\old-dataset\frames_unique\BV1CN4y1h79K,0.3108690679073334,0.12529335916042328,0.33913135528564453,0.22470621764659882,1,2,0.9713413715362549
BV1CT411Y78R,1,0.9147622585296631,2.373220205307007,val,False,missing,2,E:\m-hvc\datasets\old-dataset\frames_unique\BV1CT411Y78R,0.4163965880870819,0.10684119164943695,0.35865920782089233,0.11810306459665298,1,0,0.9147622585296631
BV1Cc411k7sw,1,0.5185081362724304,0.07406647503376007,train,True,asr,2,E:\m-hvc\datasets\old-dataset\frames_unique\BV1Cc411k7sw,0.9824197292327881,0.0029749160166829824,0.012093676254153252,0.0025116216856986284,1,0,0.5185081362724304
BV1Cc411w7vA,0,0.008425209671258926,-4.768065929412842,train,True,asr,0,E:\m-hvc\datasets\old-dataset\frames_unique\BV1Cc411w7vA,0.9950932264328003,0.0009865261381492019,0.0031099477782845497,0.0008102361462078989,0,0,0.9915747903287411
BV1Cd4y1p7yA,1,0.6506372690200806,0.6218417286872864,val,True,asr,2,E:\m-hvc\datasets\old-dataset\frames_unique\BV1Cd4y1p7yA,0.8885841965675354,0.03387099876999855,0.028063185513019562,0.04948164522647858,1,0,0.6506372690200806
BV1Cg4y1174P,1,0.974726676940918,3.6524083614349365,train,False,missing,2,E:\m-hvc\datasets\old-dataset\frames_unique\BV1Cg4y1174P,0.26237979531288147,0.12740162014961243,0.3883727788925171,0.221845805644989,1,2,0.974726676940918
BV1Ci4y1M7EX,1,0.9707024693489075,3.5005154609680176,train,False,missing,2,E:\m-hvc\datasets\old-dataset\frames_unique\BV1Ci4y1M7EX,0.24722188711166382,0.1258401870727539,0.33990389108657837,0.28703397512435913,1,2,0.9707024693489075
BV1Cq4y1r7bW,1,0.6359347701072693,0.557762861251831,train,True,asr,2,E:\m-hvc\datasets\old-dataset\frames_unique\BV1Cq4y1r7bW,0.9225385785102844,0.005856790579855442,0.06630663573741913,0.0052980342879891396,1,0,0.6359347701072693
BV1Cr4y1u7Y7,0,0.012702109292149544,-4.353203773498535,train,True,asr,0,E:\m-hvc\datasets\old-dataset\frames_unique\BV1Cr4y1u7Y7,0.9963280558586121,0.0006644128006882966,0.0024258254561573267,0.0005817011115141213,0,0,0.9872978907078505
BV1Cs4y197aX,0,0.05982748419046402,-2.7545981407165527,train,True,asr,0,E:\m-hvc\datasets\old-dataset\frames_unique\BV1Cs4y197aX,0.7156711220741272,0.008110752329230309,0.26530393958091736,0.010914137586951256,0,0,0.940172515809536
BV1Cz4y1g7qg,0,0.10295350849628448,-2.164830207824707,train,True,asr,0,E:\m-hvc\datasets\old-dataset\frames_unique\BV1Cz4y1g7qg,0.9080140590667725,0.0037502546329051256,0.08381590992212296,0.004419790115207434,0,0,0.8970464915037155
BV1D3411W7qK,1,0.7225752472877502,0.957271933555603,train,False,missing,2,E:\m-hvc\datasets\old-dataset\frames_unique\BV1D3411W7qK,0.6862855553627014,0.0430881641805172,0.22726203501224518,0.043364301323890686,1,0,0.7225752472877502
BV1D44y1t7sc,0,0.023515567183494568,-3.7262961864471436,val,True,asr,0,E:\m-hvc\datasets\old-dataset\frames_unique\BV1D44y1t7sc,0.9777019023895264,0.00198017293587327,0.018329331651329994,0.0019885865040123463,0,0,0.9764844328165054
BV1D94y197UN,1,0.024444110691547394,-3.6866180896759033,train,True,asr,2,E:\m-hvc\datasets\old-dataset\frames_unique\BV1D94y197UN,0.9875496029853821,0.0016807285137474537,0.009326491504907608,0.0014431321760639548,0,0,0.9755558893084526
BV1DA411y7vy,1,0.9737943410873413,3.6152243614196777,train,False,missing,2,E:\m-hvc\datasets\old-dataset\frames_unique\BV1DA411y7vy,0.27758070826530457,0.13117538392543793,0.3759719133377075,0.2152719497680664,1,2,0.9737943410873413
BV1DP4y1j7J4,0,0.01898949220776558,-3.944697380065918,train,True,asr,0,E:\m-hvc\datasets\old-dataset\frames_unique\BV1DP4y1j7J4,0.9887991547584534,0.0015454731183126569,0.008440358564257622,0.001215029158629477,0,0,0.9810105077922344
BV1DX4y1R74Z,0,0.03685282543301582,-3.2632739543914795,test,True,asr,0,E:\m-hvc\datasets\old-dataset\frames_unique\BV1DX4y1R74Z,0.9936838150024414,0.0010808859951794147,0.004399741534143686,0.0008356152684427798,0,0,0.9631471745669842
BV1Dg4y1r7vg,0,0.3398239314556122,-0.664078950881958,test,True,asr,0,E:\m-hvc\datasets\old-dataset\frames_unique\BV1Dg4y1r7vg,0.9196243286132812,0.005125484894961119,0.07079039514064789,0.004459766671061516,1,0,0.6601760685443878
BV1Dm4y1H79W,0,0.02000327594578266,-3.891653060913086,train,True,asr,0,E:\m-hvc\datasets\old-dataset\frames_unique\BV1Dm4y1H79W,0.9560906887054443,0.003300220938399434,0.037003058940172195,0.0036059762351214886,0,0,0.9799967240542173
BV1Dm4y1J7Pj,1,0.027829376980662346,-3.553439140319824,train,False,missing,2,E:\m-hvc\datasets\old-dataset\frames_unique\BV1Dm4y1J7Pj,0.8883832097053528,0.021177953109145164,0.06723193824291229,0.023206938058137894,0,0,0.9721706230193377
BV1Dm4y1L7Uf,0,0.028377702459692955,-3.5333633422851562,train,False,missing,0,E:\m-hvc\datasets\old-dataset\frames_unique\BV1Dm4y1L7Uf,0.85866779088974,0.027513563632965088,0.0835740715265274,0.030244525521993637,0,0,0.971622297540307
BV1Dv4y1r7pu,1,0.3932524621486664,-0.4336610436439514,train,True,asr,2,E:\m-hvc\datasets\old-dataset\frames_unique\BV1Dv4y1r7pu,0.9938259124755859,0.0014340656343847513,0.003834475064650178,0.0009055089903995395,1,0,0.6067475378513336
BV1E24y1X7Fo,1,0.5353215336799622,0.14152176678180695,train,True,asr,2,E:\m-hvc\datasets\old-dataset\frames_unique\BV1E24y1X7Fo,0.9867206811904907,0.0018936870619654655,0.009737074375152588,0.0016485174419358373,1,0,0.5353215336799622
BV1E7411A783,0,0.010161472484469414,-4.5789384841918945,val,True,asr,0,E:\m-hvc\datasets\old-dataset\frames_unique\BV1E7411A783,0.9861780405044556,0.0025138389319181442,0.009191777557134628,0.002116309478878975,0,0,0.9898385275155306
BV1EC4y1S7Ht,1,0.9380220174789429,2.7169950008392334,train,True,asr,2,E:\m-hvc\datasets\old-dataset\frames_unique\BV1EC4y1S7Ht,0.6195605993270874,0.023527197539806366,0.3165779709815979,0.04033420979976654,1,0,0.9380220174789429
BV1EL411q7Bu,0,0.031229903921484947,-3.4346511363983154,train,True,asr,0,E:\m-hvc\datasets\old-dataset\frames_unique\BV1EL411q7Bu,0.9461882710456848,0.0036541756708174944,0.046095117926597595,0.004062453284859657,0,0,0.968770096078515
BV1EN411E7Dy,0,0.04020466282963753,-3.1727371215820312,test,True,asr,0,E:\m-hvc\datasets\old-dataset\frames_unique\BV1EN411E7Dy,0.9971736669540405,0.0006114965653978288,0.0018469417700544,0.00036789034493267536,0,0,0.9597953371703625
BV1EN4y1j7rN,0,0.04292302578687668,-3.104475498199463,train,True,asr,0,E:\m-hvc\datasets\old-dataset\frames_unique\BV1EN4y1j7rN,0.6900302767753601,0.01314854808151722,0.27513357996940613,0.02168753370642662,0,0,0.9570769742131233
BV1EP4y1g7aS,1,0.6113049387931824,0.4528007507324219,test,True,asr,2,E:\m-hvc\datasets\old-dataset\frames_unique\BV1EP4y1g7aS,0.9900059103965759,0.0018449657363817096,0.006608541123569012,0.0015406499151140451,1,0,0.6113049387931824
BV1EP4y1p7az,1,0.4683220088481903,-0.1268819123506546,train,True,asr,2,E:\m-hvc\datasets\old-dataset\frames_unique\BV1EP4y1p7az,0.9732261300086975,0.002950057154521346,0.021545544266700745,0.0022783256135880947,1,0,0.5316779911518097
BV1EU4y1M7dd,0,0.015975462272763252,-4.120596885681152,train,True,asr,0,E:\m-hvc\datasets\old-dataset\frames_unique\BV1EU4y1M7dd,0.9840428233146667,0.0018460422288626432,0.012442207895219326,0.0016689103795215487,0,0,0.9840245377272367
BV1EW411o75g,0,0.012284986674785614,-4.387016296386719,val,True,asr,0,E:\m-hvc\datasets\old-dataset\frames_unique\BV1EW411o75g,0.9748367667198181,0.0032069110311567783,0.018772639334201813,0.003183694090694189,0,0,0.9877150133252144
BV1EY4y1V7WP,0,0.009698574431240559,-4.626030445098877,test,True,asr,0,E:\m-hvc\datasets\old-dataset\frames_unique\BV1EY4y1V7WP,0.9935737252235413,0.0012069555232301354,0.004187377635389566,0.0010319192660972476,0,0,0.9903014255687594
BV1Ea411H71M,1,0.6133116483688354,0.46125397086143494,train,True,asr,2,E:\m-hvc\datasets\old-dataset\frames_unique\BV1Ea411H71M,0.9729943871498108,0.0032359319739043713,0.02065584436058998,0.003113863756880164,1,0,0.6133116483688354
BV1Ed4y1J7bF,0,0.058585040271282196,-2.776904582977295,train,True,asr,0,E:\m-hvc\datasets\old-dataset\frames_unique\BV1Ed4y1J7bF,0.8749344348907471,0.004727827850729227,0.11416643112897873,0.006171314977109432,0,0,0.9414149597287178
BV1Es4y1m7AT,0,0.06694870442152023,-2.634533405303955,val,True,asr,0,E:\m-hvc\datasets\old-dataset\frames_unique\BV1Es4y1m7AT,0.8721778988838196,0.005362785886973143,0.11621850728988647,0.006240813992917538,0,0,0.9330512955784798
BV1F24y1i7ox,0,0.009901466779410839,-4.605121612548828,val,True,asr,0,E:\m-hvc\datasets\old-dataset\frames_unique\BV1F24y1i7ox,0.9932297468185425,0.0015159097965806723,0.003976117819547653,0.0012783161364495754,0,0,0.9900985332205892
BV1F4411P7xp,0,0.010213815607130527,-4.573747634887695,train,True,asr,0,E:\m-hvc\datasets\old-dataset\frames_unique\BV1F4411P7xp,0.9949623346328735,0.0009236347978003323,0.003343576332554221,0.0007704976596869528,0,0,0.9897861843928695
BV1FG411j7YT,0,0.1683516651391983,-1.5973546504974365,test,False,missing,0,E:\m-hvc\datasets\old-dataset\frames_unique\BV1FG411j7YT,0.7912904620170593,0.03212137147784233,0.14634956419467926,0.03023858554661274,0,0,0.8316483348608017
BV1FJ411c7ui,1,0.23815162479877472,-1.1628400087356567,train,True,asr,2,E:\m-hvc\datasets\old-dataset\frames_unique\BV1FJ411c7ui,0.9965026378631592,0.0007849439862184227,0.002167511498555541,0.0005449042655527592,0,0,0.7618483752012253
BV1FN41167Ei,0,0.010975590907037258,-4.501045227050781,val,True,asr,0,E:\m-hvc\datasets\old-dataset\frames_unique\BV1FN41167Ei,0.9948334693908691,0.0008843663381412625,0.0035861560609191656,0.0006960532627999783,0,0,0.9890244090929627
BV1FY411u7Je,0,0.013455497100949287,-4.294820785522461,train,True,asr,0,E:\m-hvc\datasets\old-dataset\frames_unique\BV1FY411u7Je,0.9956998825073242,0.0008870395249687135,0.0026264849584549665,0.0007866037776693702,0,0,0.9865445028990507
BV1Fa4y1B79W,0,0.044746290892362595,-3.0609683990478516,train,True,asr,0,E:\m-hvc\datasets\old-dataset\frames_unique\BV1Fa4y1B79W,0.9961017370223999,0.0005796210025437176,0.0028340015560388565,0.00048468285240232944,0,0,0.9552537091076374
BV1Ff4y1T7hU,1,0.9487377405166626,2.9181766510009766,train,True,asr,2,E:\m-hvc\datasets\old-dataset\frames_unique\BV1Ff4y1T7hU,0.14149558544158936,0.025509895756840706,0.7060765624046326,0.12691794335842133,1,2,0.9487377405166626
BV1Ff4y1f7C4,0,0.017598263919353485,-4.022200107574463,val,True,asr,0,E:\m-hvc\datasets\old-dataset\frames_unique\BV1Ff4y1f7C4,0.9957141280174255,0.0009393147192895412,0.0025865717325359583,0.000759956194087863,0,0,0.9824017360806465
BV1Fg411Z7UE,0,0.05258967727422714,-2.8912124633789062,train,False,missing,0,E:\m-hvc\datasets\old-dataset\frames_unique\BV1Fg411Z7UE,0.8366211652755737,0.030801797285676003,0.0998304933309555,0.03274654597043991,0,0,0.9474103227257729
BV1Fi42117Sj,1,0.9426249265670776,2.7990598678588867,train,True,asr,2,E:\m-hvc\datasets\old-dataset\frames_unique\BV1Fi42117Sj,0.13582922518253326,0.018011750653386116,0.8108881711959839,0.03527088835835457,1,2,0.9426249265670776
BV1Fi4y1e7LM,0,0.009862561710178852,-4.609097957611084,train,True,asr,0,E:\m-hvc\datasets\old-dataset\frames_unique\BV1Fi4y1e7LM,0.9924077987670898,0.0011520164553076029,0.005352433305233717,0.0010877007152885199,0,0,0.9901374382898211
BV1Fm411D7Lr,1,0.9769027233123779,3.7446727752685547,train,False,missing,2,E:\m-hvc\datasets\old-dataset\frames_unique\BV1Fm411D7Lr,0.22916214168071747,0.12154774367809296,0.4001386761665344,0.24915140867233276,1,2,0.9769027233123779
BV1Fs4y1i7wM,0,0.9395993947982788,2.744454860687256,val,True,asr,0,E:\m-hvc\datasets\old-dataset\frames_unique\BV1Fs4y1i7wM,0.5206575393676758,0.031937312334775925,0.40155601501464844,0.04584919661283493,1,0,0.9395993947982788
BV1Fw411c7mX,0,0.08371283113956451,-2.392937421798706,test,True,asr,0,E:\m-hvc\datasets\old-dataset\frames_unique\BV1Fw411c7mX,0.9861911535263062,0.0011531858472153544,0.011693630367517471,0.0009619734482839704,0,0,0.9162871688604355
BV1G24y187Fh,0,0.23449349403381348,-1.1831098794937134,train,True,asr,0,E:\m-hvc\datasets\old-dataset\frames_unique\BV1G24y187Fh,0.7969732880592346,0.006346152164041996,0.18960940837860107,0.007071141619235277,0,0,0.7655065059661865
BV1GB4y16758,1,0.02330884151160717,-3.735337734222412,train,True,asr,2,E:\m-hvc\datasets\old-dataset\frames_unique\BV1GB4y16758,0.9967203736305237,0.0006746735889464617,0.002101801335811615,0.0005031226319260895,0,0,0.9766911584883928
BV1GB4y1M7y1,0,0.014382165856659412,-4.2272796630859375,val,True,asr,0,E:\m-hvc\datasets\old-dataset\frames_unique\BV1GB4y1M7y1,0.9955354928970337,0.00105179229285568,0.0026314875576645136,0.000781202397774905,0,0,0.9856178341433406
BV1GD4y127wf,0,0.009621222503483295,-4.634116172790527,test,True,asr,0,E:\m-hvc\datasets\old-dataset\frames_unique\BV1GD4y127wf,0.9905484318733215,0.001869906554929912,0.006052938289940357,0.0015287756687030196,0,0,0.9903787774965167
BV1GD4y187g7,0,0.01045372523367405,-4.550288200378418,train,True,asr,0,E:\m-hvc\datasets\old-dataset\frames_unique\BV1GD4y187g7,0.9847949147224426,0.0027259590569883585,0.0101621113717556,0.0023170793429017067,0,0,0.989546274766326
BV1GD4y1R7jX,0,0.03647564351558685,-3.2739529609680176,val,True,asr,0,E:\m-hvc\datasets\old-dataset\frames_unique\BV1GD4y1R7jX,0.730495810508728,0.010694935917854309,0.24350515007972717,0.015304027125239372,0,0,0.9635243564844131
BV1GD4y1u7Yf,1,0.9713993072509766,3.5253050327301025,test,False,missing,2,E:\m-hvc\datasets\old-dataset\frames_unique\BV1GD4y1u7Yf,0.26036325097084045,0.14191235601902008,0.3493425250053406,0.24838188290596008,1,2,0.9713993072509766
BV1GK4y137t4,0,0.027914829552173615,-3.5502853393554688,val,False,missing,0,E:\m-hvc\datasets\old-dataset\frames_unique\BV1GK4y137t4,0.8473033308982849,0.03310586139559746,0.08459950238466263,0.03499123454093933,0,0,0.9720851704478264
BV1GL411G7SG,0,0.009995284490287304,-4.5955963134765625,test,True,asr,0,E:\m-hvc\datasets\old-dataset\frames_unique\BV1GL411G7SG,0.992800235748291,0.0016547299455851316,0.004226649645715952,0.0013184099225327373,0,0,0.9900047155097127
BV1GL411q7rm,0,0.054878298193216324,-2.846195697784424,train,True,asr,0,E:\m-hvc\datasets\old-dataset\frames_unique\BV1GL411q7rm,0.9705228209495544,0.003946176264435053,0.021122384816408157,0.004408646374940872,0,0,0.9451217018067837
BV1GN41157rE,1,0.8377037644386292,1.6412415504455566,train,True,asr,2,E:\m-hvc\datasets\old-dataset\frames_unique\BV1GN41157rE,0.9608660936355591,0.006523574702441692,0.02689150720834732,0.0057188174687325954,1,0,0.8377037644386292
BV1GN411y7fq,0,0.010971181094646454,-4.50145149230957,train,True,asr,0,E:\m-hvc\datasets\old-dataset\frames_unique\BV1GN411y7fq,0.9947353005409241,0.0010303003946319222,0.0034065833315253258,0.0008277354063466191,0,0,0.9890288189053535
BV1GQ4y1w7P2,0,0.011413920670747757,-4.461441993713379,val,True,asr,0,E:\m-hvc\datasets\old-dataset\frames_unique\BV1GQ4y1w7P2,0.9876136779785156,0.0017471377504989505,0.00910403486341238,0.0015351223992183805,0,0,0.9885860793292522
BV1GW4y1v7Qi,0,0.06410247087478638,-2.681023120880127,train,True,asr,0,E:\m-hvc\datasets\old-dataset\frames_unique\BV1GW4y1v7Qi,0.9961310625076294,0.0007650369079783559,0.0025739308912307024,0.0005299404729157686,0,0,0.9358975291252136
BV1Gb411o7Fr,0,0.009700612165033817,-4.625818252563477,val,True,asr,0,E:\m-hvc\datasets\old-dataset\frames_unique\BV1Gb411o7Fr,0.9921854138374329,0.001413030200637877,0.0052336654625833035,0.0011679149465635419,0,0,0.9902993878349662
BV1Gj411s7Cb,0,0.027684958651661873,-3.558790683746338,train,True,asr,0,E:\m-hvc\datasets\old-dataset\frames_unique\BV1Gj411s7Cb,0.857177197933197,0.008326010778546333,0.12470249086618423,0.009794280864298344,0,0,0.9723150413483381
BV1Gk4y1p71q,0,0.0357065312564373,-3.2960619926452637,train,True,asr,0,E:\m-hvc\datasets\old-dataset\frames_unique\BV1Gk4y1p71q,0.9974579215049744,0.0005451211472973228,0.0016229782486334443,0.00037401565350592136,0,0,0.9642934687435627
BV1Go4y1J7ZA,0,0.012437224388122559,-4.374546051025391,train,True,asr,0,E:\m-hvc\datasets\old-dataset\frames_unique\BV1Go4y1J7ZA,0.9953102469444275,0.000717856572009623,0.0033646030351519585,0.000607383728493005,0,0,0.9875627756118774
BV1Go4y1p7RS,0,0.010108105838298798,-4.584258079528809,val,True,asr,0,E:\m-hvc\datasets\old-dataset\frames_unique\BV1Go4y1p7RS,0.9936680197715759,0.0014355145394802094,0.003680662252008915,0.0012158389436081052,0,0,0.9898918941617012
BV1Gu411A7py,0,0.28953513503074646,-0.8976427912712097,train,True,asr,0,E:\m-hvc\datasets\old-dataset\frames_unique\BV1Gu411A7py,0.9964851140975952,0.0007842350751161575,0.002180602867156267,0.0005500660045072436,0,0,0.7104648649692535
BV1Gv411E772,0,0.02206500992178917,-3.791450023651123,train,True,asr,0,E:\m-hvc\datasets\old-dataset\frames_unique\BV1Gv411E772,0.8536815643310547,0.01061960868537426,0.12161572277545929,0.014083033427596092,0,0,0.9779349900782108
BV1Gw411E7i2,0,0.04839150607585907,-2.9788293838500977,val,True,asr,0,E:\m-hvc\datasets\old-dataset\frames_unique\BV1Gw411E7i2,0.8415847420692444,0.006140160374343395,0.14413093030452728,0.008144218474626541,0,0,0.9516084939241409
BV1H94y1C7U7,0,0.28742775321006775,-0.9079096913337708,val,False,missing,0,E:\m-hvc\datasets\old-dataset\frames_unique\BV1H94y1C7U7,0.7854908108711243,0.03559137508273125,0.14249169826507568,0.036426108330488205,0,0,0.7125722467899323
BV1HA411d7mr,1,0.5786383152008057,0.3171861469745636,train,True,asr,2,E:\m-hvc\datasets\old-dataset\frames_unique\BV1HA411d7mr,0.9901615381240845,0.0021755110938102007,0.006143354810774326,0.0015196164604276419,1,0,0.5786383152008057
BV1Ha411H75C,0,0.5475229024887085,0.1906670778989792,val,True,asr,0,E:\m-hvc\datasets\old-dataset\frames_unique\BV1Ha411H75C,0.9702543020248413,0.0041229333728551865,0.022162333130836487,0.003460402600467205,1,0,0.5475229024887085
BV1Hd4y1k7RJ,0,0.11416056752204895,-2.0489296913146973,val,True,asr,0,E:\m-hvc\datasets\old-dataset\frames_unique\BV1Hd4y1k7RJ,0.9189643263816833,0.003956494852900505,0.0725487694144249,0.004530415404587984,0,0,0.885839432477951
BV1He411k7EL,1,0.15292571485042572,-1.7118360996246338,train,True,asr,2,E:\m-hvc\datasets\old-dataset\frames_unique\BV1He411k7EL,0.9877501130104065,0.0013114113826304674,0.009951800107955933,0.0009867058834061027,0,0,0.8470742851495743
BV1Hg41147vd,0,0.010407223366200924,-4.554793357849121,train,True,asr,0,E:\m-hvc\datasets\old-dataset\frames_unique\BV1Hg41147vd,0.99090975522995,0.0014168760972097516,0.006297704763710499,0.0013756001135334373,0,0,0.9895927766337991
BV1Hv41147NT,0,0.02704951912164688,-3.5826640129089355,train,False,missing,0,E:\m-hvc\datasets\old-dataset\frames_unique\BV1Hv41147NT,0.8690697550773621,0.02508160099387169,0.0782015323638916,0.027647200971841812,0,0,0.9729504808783531
BV1Hy4y1E7g2,1,0.01489650085568428,-4.191620349884033,train,True,asr,2,E:\m-hvc\datasets\old-dataset\frames_unique\BV1Hy4y1E7g2,0.9947220087051392,0.0008246396901085973,0.0037060140166431665,0.0007473973091691732,0,0,0.9851034991443157
BV1J3411B7Ag,0,0.022510433569550514,-3.7710087299346924,train,True,asr,0,E:\m-hvc\datasets\old-dataset\frames_unique\BV1J3411B7Ag,0.993645191192627,0.0007929690182209015,0.004885468166321516,0.00067645322997123,0,0,0.9774895664304495
BV1J84y1M7Wi,0,0.023981347680091858,-3.706205368041992,train,True,asr,0,E:\m-hvc\datasets\old-dataset\frames_unique\BV1J84y1M7Wi,0.900827169418335,0.005709031131118536,0.08576782047748566,0.007695954758673906,0,0,0.9760186523199081
BV1JL411z7TM,0,0.020323455333709717,-3.8754467964172363,train,True,asr,0,E:\m-hvc\datasets\old-dataset\frames_unique\BV1JL411z7TM,0.9812155365943909,0.0018561168108135462,0.015033004805445671,0.001895393244922161,0,0,0.9796765446662903
BV1JV4y157qo,0,0.013182577677071095,-4.31558895111084,train,True,asr,0,E:\m-hvc\datasets\old-dataset\frames_unique\BV1JV4y157qo,0.9798332452774048,0.0019139493815600872,0.0165532398968935,0.0016995896585285664,0,0,0.9868174223229289
BV1JX4y1x7nT,0,0.008855628781020641,-4.717806816101074,train,True,asr,0,E:\m-hvc\datasets\old-dataset\frames_unique\BV1JX4y1x7nT,0.9953248500823975,0.0009037225972861052,0.003046152414754033,0.0007252410287037492,0,0,0.9911443712189794
BV1JZ421z7Y7,0,0.009608934633433819,-4.635406494140625,train,True,asr,0,E:\m-hvc\datasets\old-dataset\frames_unique\BV1JZ421z7Y7,0.9945741295814514,0.0010890353005379438,0.0034423964098095894,0.0008945107110776007,0,0,0.9903910653665662
BV1Jm4y1G7fx,0,0.012674177996814251,-4.355433464050293,train,True,asr,0,E:\m-hvc\datasets\old-dataset\frames_unique\BV1Jm4y1G7fx,0.9915223121643066,0.0016234280774369836,0.005588009022176266,0.0012663084780797362,0,0,0.9873258220031857
BV1Jp4y1R7Au,0,0.01480041816830635,-4.198188781738281,train,True,asr,0,E:\m-hvc\datasets\old-dataset\frames_unique\BV1Jp4y1R7Au,0.9482663869857788,0.0052450308576226234,0.040518853813409805,0.005969722289592028,0,0,0.9851995818316936
BV1Js4y1z7fR,0,0.011029105633497238,-4.496127128601074,train,True,asr,0,E:\m-hvc\datasets\old-dataset\frames_unique\BV1Js4y1z7fR,0.9952751398086548,0.0008113315561786294,0.0032811863347887993,0.0006323265261016786,0,0,0.9889708943665028
BV1Jw411j7oC,0,0.009651265107095242,-4.63096809387207,train,True,asr,0,E:\m-hvc\datasets\old-dataset\frames_unique\BV1Jw411j7oC,0.993279755115509,0.0011064846767112613,0.004592434037476778,0.0010213505011051893,0,0,0.9903487348929048
BV1Jz411q73E,0,0.011039289645850658,-4.495193958282471,train,True,asr,0,E:\m-hvc\datasets\old-dataset\frames_unique\BV1Jz411q73E,0.9730957746505737,0.0034077558666467667,0.020196910947561264,0.0032996421214193106,0,0,0.9889607103541493
BV1K8411C7m9,0,0.008754842914640903,-4.7293548583984375,train,True,asr,0,E:\m-hvc\datasets\old-dataset\frames_unique\BV1K8411C7m9,0.9953272342681885,0.0008727589738555253,0.0030618628952652216,0.0007382186013273895,0,0,0.9912451570853591
BV1K8411Q7W4,0,0.02706676535308361,-3.5820088386535645,train,False,missing,0,E:\m-hvc\datasets\old-dataset\frames_unique\BV1K8411Q7W4,0.8518768548965454,0.030434809625148773,0.08619008213281631,0.03149816393852234,0,0,0.9729332346469164
BV1K8411u7WV,0,0.009396899491548538,-4.657934188842773,train,True,asr,0,E:\m-hvc\datasets\old-dataset\frames_unique\BV1K8411u7WV,0.9938257932662964,0.0013718887930735946,0.0036861752159893513,0.0011161406291648746,0,0,0.9906031005084515
BV1KK411P7uJ,0,0.015347857028245926,-4.161312580108643,train,True,asr,0,E:\m-hvc\datasets\old-dataset\frames_unique\BV1KK411P7uJ,0.9875826239585876,0.001379505731165409,0.009731277823448181,0.0013065892271697521,0,0,0.9846521429717541
BV1KN411v7pm,0,0.03675662353634834,-3.2659876346588135,val,True,asr,0,E:\m-hvc\datasets\old-dataset\frames_unique\BV1KN411v7pm,0.9973847270011902,0.00046851160004734993,0.0018315481720492244,0.00031525889062322676,0,0,0.9632433764636517
BV1KS4y147N8,0,0.010043669492006302,-4.5907182693481445,test,True,asr,0,E:\m-hvc\datasets\old-dataset\frames_unique\BV1KS4y147N8,0.9822683334350586,0.002967661712318659,0.01219935342669487,0.0025646062567830086,0,0,0.9899563305079937
BV1KT4y127UC,0,0.00943210069090128,-4.6541595458984375,train,True,asr,0,E:\m-hvc\datasets\old-dataset\frames_unique\BV1KT4y127UC,0.9931551814079285,0.0012384363217279315,0.004592245910316706,0.0010140935191884637,0,0,0.9905678993090987
BV1KU4y117ZF,0,0.8809173703193665,2.0011465549468994,train,True,asr,0,E:\m-hvc\datasets\old-dataset\frames_unique\BV1KU4y117ZF,0.9576140642166138,0.008605726063251495,0.02656332403421402,0.007216963451355696,1,0,0.8809173703193665
BV1KY4y147Ud,0,0.011556003242731094,-4.44892692565918,train,True,asr,0,E:\m-hvc\datasets\old-dataset\frames_unique\BV1KY4y147Ud,0.9847144484519958,0.0023025537375360727,0.011028409935534,0.0019546151161193848,0,0,0.9884439967572689
BV1Kh411T7FJ,1,0.1049199104309082,-2.1437158584594727,train,True,asr,2,E:\m-hvc\datasets\old-dataset\frames_unique\BV1Kh411T7FJ,0.9635056853294373,0.0020999836269766092,0.03202575072646141,0.0023686224594712257,0,0,0.8950800895690918
BV1Km4y1u7ri,0,0.036322496831417084,-3.2783193588256836,train,True,asr,0,E:\m-hvc\datasets\old-dataset\frames_unique\BV1Km4y1u7ri,0.9937615990638733,0.0007350442465394735,0.004953544586896896,0.0005498537211678922,0,0,0.9636775031685829
BV1Kq4y1j7Af,0,0.010665060952305794,-4.530059814453125,train,True,asr,0,E:\m-hvc\datasets\old-dataset\frames_unique\BV1Kq4y1j7Af,0.9950531125068665,0.000928303285036236,0.0032970032189041376,0.0007216308149509132,0,0,0.9893349390476942
BV1Kq4y1q7P1,0,0.0914175882935524,-2.29644775390625,train,True,asr,0,E:\m-hvc\datasets\old-dataset\frames_unique\BV1Kq4y1q7P1,0.6505545973777771,0.011025396175682545,0.32082152366638184,0.017598450183868408,0,0,0.9085824117064476
BV1L4411Z72N,0,0.009837507270276546,-4.611666679382324,train,True,asr,0,E:\m-hvc\datasets\old-dataset\frames_unique\BV1L4411Z72N,0.9923393726348877,0.0012167715467512608,0.005362359341233969,0.0010814917040988803,0,0,0.9901624927297235
BV1L94y1e7bV,0,0.03832963854074478,-3.2224483489990234,train,False,missing,0,E:\m-hvc\datasets\old-dataset\frames_unique\BV1L94y1e7bV,0.8738613724708557,0.0242251418530941,0.07689734548330307,0.0250160563737154,0,0,0.9616703614592552
BV1LA4y1D75Q,0,0.013010879047214985,-4.328873157501221,train,True,asr,0,E:\m-hvc\datasets\old-dataset\frames_unique\BV1LA4y1D75Q,0.9805541038513184,0.002978531178086996,0.013739325106143951,0.002728050807490945,0,0,0.986989120952785
BV1LG41187u5,1,0.6999311447143555,0.8469698429107666,train,True,asr,2,E:\m-hvc\datasets\old-dataset\frames_unique\BV1LG41187u5,0.9896214008331299,0.002481394913047552,0.005833422765135765,0.0020637894049286842,1,0,0.6999311447143555
BV1LJ411y7QX,1,0.4432680308818817,-0.22790946066379547,train,True,asr,2,E:\m-hvc\datasets\old-dataset\frames_unique\BV1LJ411y7QX,0.9447375535964966,0.005417461972683668,0.044513408094644547,0.005331544671207666,1,0,0.5567319691181183
BV1LN4y1477F,0,0.011388005688786507,-4.463741302490234,train,True,asr,0,E:\m-hvc\datasets\old-dataset\frames_unique\BV1LN4y1477F,0.978691577911377,0.0029031080193817616,0.015862228348851204,0.002543107373639941,0,0,0.9886119943112135
BV1LW4y1J7eY,1,0.0199643075466156,-3.8936429023742676,train,True,asr,2,E:\m-hvc\datasets\old-dataset\frames_unique\BV1LW4y1J7eY,0.9941869974136353,0.0010994193144142628,0.003798223566263914,0.000915377982892096,0,0,0.9800356924533844
BV1LZ4y1v7FB,0,0.04082648828625679,-3.15674090385437,train,True,asr,0,E:\m-hvc\datasets\old-dataset\frames_unique\BV1LZ4y1v7FB,0.8775544762611389,0.0058177500031888485,0.10753565281629562,0.00909215584397316,0,0,0.9591735117137432
BV1Le411J7LZ,0,0.009708063676953316,-4.625042915344238,train,True,asr,0,E:\m-hvc\datasets\old-dataset\frames_unique\BV1Le411J7LZ,0.9923464059829712,0.001425074297003448,0.0051006232388317585,0.0011279250029474497,0,0,0.9902919363230467
BV1Le411f78S,1,0.11820145696401596,-2.009573221206665,train,True,asr,2,E:\m-hvc\datasets\old-dataset\frames_unique\BV1Le411f78S,0.9938522577285767,0.0009481816668994725,0.004526684992015362,0.0006729189190082252,0,0,0.881798543035984
BV1Lf4y1f7a3,0,0.03199227154254913,-3.409745693206787,train,False,missing,0,E:\m-hvc\datasets\old-dataset\frames_unique\BV1Lf4y1f7a3,0.865534782409668,0.02536541037261486,0.08304253965616226,0.026057317852973938,0,0,0.9680077284574509
BV1Lj411D76g,1,0.9859600067138672,4.251710891723633,train,True,asr,3,E:\m-hvc\datasets\old-dataset\frames_unique\BV1Lj411D76g,0.011822683736681938,0.02295582741498947,0.08612921088933945,0.879092276096344,1,3,0.9859600067138672
BV1Lz4y1S7U5,0,0.011953318491578102,-4.4147210121154785,train,True,asr,0,E:\m-hvc\datasets\old-dataset\frames_unique\BV1Lz4y1S7U5,0.9935978651046753,0.0009958959417417645,0.004543407820165157,0.0008629202493466437,0,0,0.9880466815084219
BV1Lz4y1T7rn,0,0.010026824660599232,-4.592413902282715,train,True,asr,0,E:\m-hvc\datasets\old-dataset\frames_unique\BV1Lz4y1T7rn,0.9929012060165405,0.001177620841190219,0.004894969053566456,0.001026224228553474,0,0,0.9899731753394008
BV1M34y1n7FT,0,0.008251684717833996,-4.7890520095825195,train,True,asr,0,E:\m-hvc\datasets\old-dataset\frames_unique\BV1M34y1n7FT,0.9941980838775635,0.001153269549831748,0.0036388610024005175,0.0010097797494381666,0,0,0.991748315282166
BV1MN411Z7Ra,0,0.07401112467050552,-2.526646852493286,train,True,asr,0,E:\m-hvc\datasets\old-dataset\frames_unique\BV1MN411Z7Ra,0.762143075466156,0.007498564198613167,0.21956492960453033,0.010793439112603664,0,0,0.9259888753294945
BV1MP41197h9,1,0.05001502111554146,-2.944122791290283,train,True,asr,2,E:\m-hvc\datasets\old-dataset\frames_unique\BV1MP41197h9,0.9929682612419128,0.0009362309938296676,0.005441592540591955,0.0006538445595651865,0,0,0.9499849788844585
BV1MQ4y1K7Jb,0,0.07711096107959747,-2.4822635650634766,train,True,asr,0,E:\m-hvc\datasets\old-dataset\frames_unique\BV1MQ4y1K7Jb,0.5574579238891602,0.22848226130008698,0.12577536702156067,0.0882844477891922,0,0,0.9228890389204025
BV1MQ4y1N77K,0,0.02507227100431919,-3.6606009006500244,train,True,asr,0,E:\m-hvc\datasets\old-dataset\frames_unique\BV1MQ4y1N77K,0.9708361625671387,0.012170779518783092,0.012353412806987762,0.004639595281332731,0,0,0.9749277289956808
BV1MU4y1D7Ks,0,0.07420964539051056,-2.5237536430358887,train,True,asr,0,E:\m-hvc\datasets\old-dataset\frames_unique\BV1MU4y1D7Ks,0.7452430129051208,0.007794706150889397,0.23668545484542847,0.010276847518980503,0,0,0.9257903546094894
BV1Md4y1f7dn,1,0.029372788965702057,-3.4978737831115723,train,True,asr,2,E:\m-hvc\datasets\old-dataset\frames_unique\BV1Md4y1f7dn,0.9964014291763306,0.0005861975369043648,0.002607391681522131,0.0004050485440529883,0,0,0.9706272110342979
BV1Me411J74o,0,0.36865490674972534,-0.5379917025566101,train,True,asr,0,E:\m-hvc\datasets\old-dataset\frames_unique\BV1Me411J74o,0.9942461848258972,0.0015017699915915728,0.003378527006134391,0.0008735563023947179,1,0,0.6313450932502747
BV1Mi4y1u7WX,0,0.012717283330857754,-4.351994514465332,test,True,asr,0,E:\m-hvc\datasets\old-dataset\frames_unique\BV1Mi4y1u7WX,0.9966462254524231,0.0005938634276390076,0.0022919385228306055,0.0004679664853028953,0,0,0.9872827166691422
BV1Mp421f7MK,0,0.1578787863254547,-1.6740964651107788,val,False,missing,0,E:\m-hvc\datasets\old-dataset\frames_unique\BV1Mp421f7MK,0.8129501938819885,0.03317848592996597,0.12002205848693848,0.03384927660226822,0,0,0.8421212136745453
BV1Mt4y1u77X,0,0.008342454209923744,-4.77802038192749,train,True,asr,0,E:\m-hvc\datasets\old-dataset\frames_unique\BV1Mt4y1u77X,0.994212806224823,0.0011736935703083873,0.003685438074171543,0.0009280555532313883,0,0,0.9916575457900763
BV1Mw411B7uJ,0,0.013364901766180992,-4.301668167114258,train,True,asr,0,E:\m-hvc\datasets\old-dataset\frames_unique\BV1Mw411B7uJ,0.9954884648323059,0.0007571492460556328,0.0031254517380148172,0.0006289802258834243,0,0,0.986635098233819
BV1N14y1a7Pq,0,0.010861529968678951,-4.5116071701049805,test,True,asr,0,E:\m-hvc\datasets\old-dataset\frames_unique\BV1N14y1a7Pq,0.9867183566093445,0.0021238417830318213,0.00935783889144659,0.0017999181291088462,0,0,0.989138470031321
BV1N8411R7h7,0,0.008493523113429546,-4.759921550750732,val,True,asr,0,E:\m-hvc\datasets\old-dataset\frames_unique\BV1N8411R7h7,0.993439257144928,0.0010908885160461068,0.004550727549940348,0.0009191363351419568,0,0,0.9915064768865705
BV1N94y1a73A,0,0.02848649024963379,-3.5294251441955566,test,True,asr,0,E:\m-hvc\datasets\old-dataset\frames_unique\BV1N94y1a73A,0.8793967962265015,0.006099256686866283,0.10594159364700317,0.008562339469790459,0,0,0.9715135097503662
BV1NJ41177A9,0,0.022857164964079857,-3.755368232727051,train,True,asr,0,E:\m-hvc\datasets\old-dataset\frames_unique\BV1NJ41177A9,0.991452693939209,0.0012664110399782658,0.006114121526479721,0.0011667859507724643,0,0,0.9771428350359201
BV1NM41137FM,0,0.018322821706533432,-3.9811151027679443,val,True,asr,0,E:\m-hvc\datasets\old-dataset\frames_unique\BV1NM41137FM,0.9787992238998413,0.0018103063339367509,0.01753194071352482,0.0018584788776934147,0,0,0.9816771782934666
BV1NV4y1y7Kv,0,0.028056103736162186,-3.5450918674468994,test,True,asr,0,E:\m-hvc\datasets\old-dataset\frames_unique\BV1NV4y1y7Kv,0.9376509785652161,0.0036946095060557127,0.05418696627020836,0.004467409569770098,0,0,0.9719438962638378
BV1NX4y177c8,0,0.015497484244406223,-4.151458740234375,train,True,asr,0,E:\m-hvc\datasets\old-dataset\frames_unique\BV1NX4y177c8,0.99098140001297,0.0012748166918754578,0.0066901096142828465,0.001053777989000082,0,0,0.9845025157555938
BV1NZ421r7eh,1,0.5424134135246277,0.17006240785121918,train,True,asr,2,E:\m-hvc\datasets\old-dataset\frames_unique\BV1NZ421r7eh,0.9445305466651917,0.004420609213411808,0.04656965658068657,0.004479112569242716,1,0,0.5424134135246277
BV1Nc411J7JG,0,0.010950819589197636,-4.503329753875732,train,True,asr,0,E:\m-hvc\datasets\old-dataset\frames_unique\BV1Nc411J7JG,0.9776642918586731,0.0032193027436733246,0.01608775183558464,0.0030286856926977634,0,0,0.9890491804108024
BV1Ns411f7oq,1,0.9699134826660156,3.473127841949463,val,False,missing,2,E:\m-hvc\datasets\old-dataset\frames_unique\BV1Ns411f7oq,0.27502647042274475,0.11388289928436279,0.3935077488422394,0.2175828069448471,1,2,0.9699134826660156
BV1Nt411N7bA,1,0.03941543772816658,-3.1933844089508057,train,True,asr,2,E:\m-hvc\datasets\old-dataset\frames_unique\BV1Nt411N7bA,0.9973896145820618,0.0004633691569324583,0.001807979540899396,0.00033902848372235894,0,0,0.9605845622718334
BV1Nw411X7Xj,0,0.034303199499845505,-3.337611198425293,train,True,asr,0,E:\m-hvc\datasets\old-dataset\frames_unique\BV1Nw411X7Xj,0.9005265235900879,0.005120295565575361,0.0881754606962204,0.006177755072712898,0,0,0.9656968005001545
BV1P64y1a7R5,0,0.050735026597976685,-2.9290714263916016,val,True,asr,0,E:\m-hvc\datasets\old-dataset\frames_unique\BV1P64y1a7R5,0.9340839385986328,0.00330450851470232,0.058599404990673065,0.004012122750282288,0,0,0.9492649734020233
BV1PK4y1B7BF,1,0.12773388624191284,-1.9211454391479492,train,False,missing,2,E:\m-hvc\datasets\old-dataset\frames_unique\BV1PK4y1B7BF,0.8545779585838318,0.018544625490903854,0.10709065198898315,0.019786760210990906,0,0,0.8722661137580872
BV1PN411275K,1,0.6063443422317505,0.43197137117385864,train,True,asr,2,E:\m-hvc\datasets\old-dataset\frames_unique\BV1PN411275K,0.989866316318512,0.002158073941245675,0.00672810897231102,0.0012476129923015833,1,0,0.6063443422317505
BV1PV411N7VV,0,0.023646311834454536,-3.7206177711486816,train,True,asr,0,E:\m-hvc\datasets\old-dataset\frames_unique\BV1PV411N7VV,0.9770801067352295,0.0020342909265309572,0.018591972067952156,0.0022936214227229357,0,0,0.9763536881655455
BV1PW4y1x7kS,1,0.9142716526985168,2.3669440746307373,train,True,asr,2,E:\m-hvc\datasets\old-dataset\frames_unique\BV1PW4y1x7kS,0.8805973529815674,0.015561954118311405,0.08667760342359543,0.017163090407848358,1,0,0.9142716526985168
BV1Pe411Y7c5,0,0.010955236852169037,-4.502922058105469,train,True,asr,0,E:\m-hvc\datasets\old-dataset\frames_unique\BV1Pe411Y7c5,0.9780704379081726,0.0030397146474570036,0.01592678390443325,0.002963094739243388,0,0,0.989044763147831
BV1Pj411N7Mb,1,0.05518700182437897,-2.840259552001953,train,True,asr,2,E:\m-hvc\datasets\old-dataset\frames_unique\BV1Pj411N7Mb,0.6241899132728577,0.013181227259337902,0.3449684977531433,0.017660338431596756,0,0,0.944812998175621
BV1Pz4y1c7Rd,0,0.010972107760608196,-4.501366138458252,train,True,asr,0,E:\m-hvc\datasets\old-dataset\frames_unique\BV1Pz4y1c7Rd,0.983304500579834,0.002218799199908972,0.012421938590705395,0.002054771175608039,0,0,0.9890278922393918
BV1Q4411X7ZX,0,0.041670624166727066,-3.135395050048828,train,True,asr,0,E:\m-hvc\datasets\old-dataset\frames_unique\BV1Q4411X7ZX,0.9679852724075317,0.0025778559502214193,0.026823028922080994,0.002613755874335766,0,0,0.9583293758332729
BV1QJ4m1P7xo,0,0.012152000330388546,-4.398035049438477,val,True,asr,0,E:\m-hvc\datasets\old-dataset\frames_unique\BV1QJ4m1P7xo,0.9838044047355652,0.0020283206831663847,0.012143908999860287,0.002023352775722742,0,0,0.9878479996696115
BV1QP411h7zp,0,0.035909950733184814,-3.290170192718506,train,True,asr,0,E:\m-hvc\datasets\old-dataset\frames_unique\BV1QP411h7zp,0.9974950551986694,0.00041167152812704444,0.001766237081028521,0.00032707880018278956,0,0,0.9640900492668152
BV1QT41127um,0,0.015446973033249378,-4.1547746658325195,test,True,asr,0,E:\m-hvc\datasets\old-dataset\frames_unique\BV1QT41127um,0.9915909767150879,0.0011968337930738926,0.0061417510733008385,0.0010704162996262312,0,0,0.9845530269667506
BV1Qa4y1W7xv,0,0.009550834074616432,-4.6415300369262695,train,True,asr,0,E:\m-hvc\datasets\old-dataset\frames_unique\BV1Qa4y1W7xv,0.994576096534729,0.0010981726227328181,0.003439994528889656,0.000885694520547986,0,0,0.9904491659253836
BV1Qb4y197h5,0,0.00940800178796053,-4.656742095947266,train,True,asr,0,E:\m-hvc\datasets\old-dataset\frames_unique\BV1Qb4y197h5,0.993251383304596,0.0015764543786644936,0.0038877164479345083,0.0012844663579016924,0,0,0.9905919982120395
BV1Qe411Q7Dr,0,0.01923956722021103,-3.93135929107666,train,True,asr,0,E:\m-hvc\datasets\old-dataset\frames_unique\BV1Qe411Q7Dr,0.9113905429840088,0.007050250191241503,0.07308942824602127,0.008469720371067524,0,0,0.980760432779789
BV1Qj411a7wg,0,0.010937281884253025,-4.504580497741699,test,True,asr,0,E:\m-hvc\datasets\old-dataset\frames_unique\BV1Qj411a7wg,0.982235312461853,0.0024494274985045195,0.012852185405790806,0.0024629971012473106,0,0,0.989062718115747
BV1Qk4y1g7PM,0,0.020644064992666245,-3.8594672679901123,val,True,asr,0,E:\m-hvc\datasets\old-dataset\frames_unique\BV1Qk4y1g7PM,0.9888383150100708,0.001080137095414102,0.009037687443196774,0.001043971162289381,0,0,0.9793559350073338
BV1Qu411t7vm,0,0.011886442080140114,-4.420399188995361,val,True,asr,0,E:\m-hvc\datasets\old-dataset\frames_unique\BV1Qu411t7vm,0.9940220713615417,0.0013973989989608526,0.0035395862068980932,0.0010408577509224415,0,0,0.9881135579198599
BV1Qv4y1H7La,1,0.9676619172096252,3.3986358642578125,train,False,missing,2,E:\m-hvc\datasets\old-dataset\frames_unique\BV1Qv4y1H7La,0.3240584433078766,0.10804447531700134,0.382935494184494,0.18496158719062805,1,2,0.9676619172096252
BV1Qx411V7tT,0,0.9375224709510803,2.7084336280822754,train,False,missing,0,E:\m-hvc\datasets\old-dataset\frames_unique\BV1Qx411V7tT,0.49233323335647583,0.08654318749904633,0.3114861845970154,0.10963735729455948,1,0,0.9375224709510803
BV1R341127r6,1,0.7415190935134888,1.0538787841796875,train,True,asr,2,E:\m-hvc\datasets\old-dataset\frames_unique\BV1R341127r6,0.9785052537918091,0.005184530280530453,0.012395326979458332,0.003914871718734503,1,0,0.7415190935134888
BV1R4411v7Z8,0,0.01606159470975399,-4.1151323318481445,train,True,asr,0,E:\m-hvc\datasets\old-dataset\frames_unique\BV1R4411v7Z8,0.9966757297515869,0.0006191560532897711,0.002209328580647707,0.0004957913188263774,0,0,0.983938405290246
BV1R54y1V73E,0,0.014639119617640972,-4.209310531616211,train,True,asr,0,E:\m-hvc\datasets\old-dataset\frames_unique\BV1R54y1V73E,0.9962595701217651,0.0006113098352216184,0.002592038130387664,0.000537171377800405,0,0,0.985360880382359
BV1R64y1f78D,1,0.10534042865037918,-2.1392459869384766,train,True,asr,2,E:\m-hvc\datasets\old-dataset\frames_unique\BV1R64y1f78D,0.4810096025466919,0.009922507219016552,0.4931890368461609,0.015878818929195404,0,2,0.8946595713496208
BV1R8411N7m6,1,0.22647243738174438,-1.2283380031585693,train,True,asr,2,E:\m-hvc\datasets\old-dataset\frames_unique\BV1R8411N7m6,0.966103732585907,0.0028010897804051638,0.028471611440181732,0.00262353103607893,0,0,0.7735275626182556
BV1R84y1q7AT,0,0.016704626381397247,-4.075223922729492,test,True,asr,0,E:\m-hvc\datasets\old-dataset\frames_unique\BV1R84y1q7AT,0.9950793981552124,0.0007393021369352937,0.00354658137075603,0.0006347076850943267,0,0,0.9832953736186028
BV1RC4y1Q7KU,0,0.012959896586835384,-4.332850933074951,val,True,asr,0,E:\m-hvc\datasets\old-dataset\frames_unique\BV1RC4y1Q7KU,0.967129647731781,0.0038486490957438946,0.025186389684677124,0.003835308365523815,0,0,0.9870401034131646
BV1RH4y1i7Lu,0,0.017486095428466797,-4.028708457946777,train,True,asr,0,E:\m-hvc\datasets\old-dataset\frames_unique\BV1RH4y1i7Lu,0.9967137575149536,0.0005709113902412355,0.0022446673829108477,0.00047062343219295144,0,0,0.9825139045715332
BV1RV411X777,0,0.010874374769628048,-4.510412216186523,train,True,asr,0,E:\m-hvc\datasets\old-dataset\frames_unique\BV1RV411X777,0.9792494177818298,0.002804328454658389,0.015287172049283981,0.0026591289788484573,0,0,0.989125625230372
BV1RV4y1b7vk,0,0.013202914968132973,-4.314026832580566,val,True,asr,0,E:\m-hvc\datasets\old-dataset\frames_unique\BV1RV4y1b7vk,0.9959445595741272,0.0007946645491756499,0.002603755332529545,0.0006569874240085483,0,0,0.986797085031867
BV1RW4y1A7i6,0,0.016216019168496132,-4.105406761169434,train,True,asr,0,E:\m-hvc\datasets\old-dataset\frames_unique\BV1RW4y1A7i6,0.9282918572425842,0.006143820006400347,0.058074526488780975,0.00748969241976738,0,0,0.9837839808315039
BV1RW4y1D7rD,1,0.6954729557037354,0.8258323669433594,train,True,asr,2,E:\m-hvc\datasets\old-dataset\frames_unique\BV1RW4y1D7rD,0.9869253635406494,0.002663741819560528,0.007892337627708912,0.0025184829719364643,1,0,0.6954729557037354
BV1RY411A7ZQ,1,0.054979145526885986,-2.8442530632019043,train,True,asr,1,E:\m-hvc\datasets\old-dataset\frames_unique\BV1RY411A7ZQ,0.7537762522697449,0.09988100826740265,0.10297293961048126,0.043369751423597336,0,0,0.945020854473114
BV1Ra4y1V7Ji,1,0.9207862019538879,2.4530773162841797,val,True,asr,2,E:\m-hvc\datasets\old-dataset\frames_unique\BV1Ra4y1V7Ji,0.9321128129959106,0.014746047556400299,0.03922826796770096,0.013912924565374851,1,0,0.9207862019538879
BV1Rc411u7sJ,1,0.44272977113723755,-0.23009081184864044,train,True,asr,2,E:\m-hvc\datasets\old-dataset\frames_unique\BV1Rc411u7sJ,0.9944105744361877,0.0013014677679166198,0.0035022618249058723,0.000785693118814379,1,0,0.5572702288627625
BV1Rg411T7eN,0,0.04076210409402847,-3.15838623046875,train,False,missing,0,E:\m-hvc\datasets\old-dataset\frames_unique\BV1Rg411T7eN,0.8587454557418823,0.026686126366257668,0.0843663290143013,0.030202027410268784,0,0,0.9592378959059715
BV1Ro4y1q7Jo,0,0.028051117435097694,-3.5452747344970703,train,False,missing,0,E:\m-hvc\datasets\old-dataset\frames_unique\BV1Ro4y1q7Jo,0.8796643614768982,0.022852182388305664,0.07290197908878326,0.024581488221883774,0,0,0.9719488825649023
BV1Rq4y157fL,1,0.012384215369820595,-4.378870964050293,train,True,asr,2,E:\m-hvc\datasets\old-dataset\frames_unique\BV1Rq4y157fL,0.9941374063491821,0.0011665779165923595,0.0038545234128832817,0.0008414530311711133,0,0,0.9876157846301794
BV1Rs411u7EH,0,0.6639035940170288,0.6807390451431274,train,True,asr,0,E:\m-hvc\datasets\old-dataset\frames_unique\BV1Rs411u7EH,0.9882683157920837,0.002192166168242693,0.00784459337592125,0.001695056795142591,1,0,0.6639035940170288
BV1Rt4y1U78p,1,0.3243615925312042,-0.733799159526825,train,True,asr,2,E:\m-hvc\datasets\old-dataset\frames_unique\BV1Rt4y1U78p,0.9948221445083618,0.0008313436410389841,0.003620730945840478,0.000725724152289331,1,0,0.6756384074687958
BV1Rv4y1C7x8,0,0.0335206612944603,-3.3614978790283203,train,True,asr,0,E:\m-hvc\datasets\old-dataset\frames_unique\BV1Rv4y1C7x8,0.9939320087432861,0.0008424051338806748,0.004565524868667126,0.0006601150380447507,0,0,0.9664793387055397
BV1Rw411T76e,1,0.9695703387260437,3.4614341259002686,train,False,missing,2,E:\m-hvc\datasets\old-dataset\frames_unique\BV1Rw411T76e,0.2601965367794037,0.12468857318162918,0.41870924830436707,0.19640563428401947,1,2,0.9695703387260437
BV1S84y1R7B4,0,0.01590554229915142,-4.125054359436035,train,True,asr,0,E:\m-hvc\datasets\old-dataset\frames_unique\BV1S84y1R7B4,0.9286087155342102,0.007284181192517281,0.05619877949357033,0.007908339612185955,0,0,0.9840944577008486
BV1SH4y1D7kF,0,0.008771783672273159,-4.727404594421387,train,True,asr,0,E:\m-hvc\datasets\old-dataset\frames_unique\BV1SH4y1D7kF,0.9940620064735413,0.0011559114791452885,0.0038615709636360407,0.0009204988018609583,0,0,0.9912282163277268
BV1SL411L7nB,0,0.013389265164732933,-4.2998223304748535,val,True,asr,0,E:\m-hvc\datasets\old-dataset\frames_unique\BV1SL411L7nB,0.9887911081314087,0.0016899225302040577,0.00798802450299263,0.001530912471935153,0,0,0.9866107348352671
BV1SM41117HN,1,0.02080543525516987,-3.851516008377075,train,True,asr,2,E:\m-hvc\datasets\old-dataset\frames_unique\BV1SM41117HN,0.9736773371696472,0.0036484634038060904,0.020392118021845818,0.0022820529993623495,0,0,0.9791945647448301
BV1SY411A7jM,0,0.2693466544151306,-0.9979398250579834,train,True,asr,0,E:\m-hvc\datasets\old-dataset\frames_unique\BV1SY411A7jM,0.5312741994857788,0.010798509232699871,0.44212478399276733,0.015802530571818352,0,0,0.7306533455848694
BV1Sh4y1L74E,0,0.009430657140910625,-4.654314041137695,test,True,asr,0,E:\m-hvc\datasets\old-dataset\frames_unique\BV1Sh4y1L74E,0.9910336136817932,0.0017659064615145326,0.0057333046570420265,0.0014671508688479662,0,0,0.9905693428590894
BV1Sk4y1B7Cr,0,0.011675323359668255,-4.438533782958984,train,True,asr,0,E:\m-hvc\datasets\old-dataset\frames_unique\BV1Sk4y1B7Cr,0.995815098285675,0.0007055902970023453,0.0028803967870771885,0.0005989223718643188,0,0,0.9883246766403317
BV1Sk4y1U7qt,0,0.9260450601577759,2.5274665355682373,test,True,asr,0,E:\m-hvc\datasets\old-dataset\frames_unique\BV1Sk4y1U7qt,0.5911658406257629,0.02421385422348976,0.3367125689983368,0.04790772125124931,1,0,0.9260450601577759
BV1So4y1c7cw,0,0.01210701186209917,-4.401789665222168,train,True,asr,0,E:\m-hvc\datasets\old-dataset\frames_unique\BV1So4y1c7cw,0.9958438277244568,0.0006386550958268344,0.002960674464702606,0.0005568109336309135,0,0,0.9878929881379008
BV1Ss41167Ga,1,0.15233945846557617,-1.7163690328598022,train,True,asr,2,E:\m-hvc\datasets\old-dataset\frames_unique\BV1Ss41167Ga,0.9959701299667358,0.0006503682234324515,0.002832027617841959,0.0005474534700624645,0,0,0.8476605415344238
BV1St421E7Rm,0,0.01241915300488472,-4.376018524169922,train,True,asr,0,E:\m-hvc\datasets\old-dataset\frames_unique\BV1St421E7Rm,0.9741365313529968,0.002937783719971776,0.02008160948753357,0.00284408126026392,0,0,0.9875808469951153
BV1T44y1R7fk,1,0.9791316986083984,3.8484373092651367,train,False,missing,2,E:\m-hvc\datasets\old-dataset\frames_unique\BV1T44y1R7fk,0.25140219926834106,0.12112855166196823,0.3870156705379486,0.24045352637767792,1,2,0.9791316986083984
BV1TA411t7FJ,0,0.00907678622752428,-4.6929168701171875,train,True,asr,0,E:\m-hvc\datasets\old-dataset\frames_unique\BV1TA411t7FJ,0.9938704967498779,0.0012706650886684656,0.003814828349277377,0.0010440878104418516,0,0,0.9909232137724757
BV1TC4y197wx,0,0.008997988887131214,-4.701715469360352,train,True,asr,0,E:\m-hvc\datasets\old-dataset\frames_unique\BV1TC4y197wx,0.9895992279052734,0.001828567823395133,0.006910040974617004,0.0016621726099401712,0,0,0.9910020111128688
BV1TP411173t,0,0.032841507345438004,-3.38266921043396,train,True,asr,0,E:\m-hvc\datasets\old-dataset\frames_unique\BV1TP411173t,0.836383044719696,0.00776788592338562,0.14480580389499664,0.011043314822018147,0,0,0.967158492654562
BV1TP411s7VM,0,0.00828615017235279,-4.784849166870117,train,True,asr,0,E:\m-hvc\datasets\old-dataset\frames_unique\BV1TP411s7VM,0.9942141175270081,0.0011929015163332224,0.00363354105502367,0.0009593747090548277,0,0,0.9917138498276472
BV1TS4y1r7m6,0,0.009986030869185925,-4.596531867980957,train,True,asr,0,E:\m-hvc\datasets\old-dataset\frames_unique\BV1TS4y1r7m6,0.9929071664810181,0.0014354499289765954,0.004591847769916058,0.001065539545379579,0,0,0.9900139691308141
BV1TX4y1c7KX,0,0.9317554235458374,2.613971710205078,train,False,missing,0,E:\m-hvc\datasets\old-dataset\frames_unique\BV1TX4y1c7KX,0.41928741335868835,0.08369144052267075,0.37807610630989075,0.11894502490758896,1,0,0.9317554235458374
BV1Te411m7PS,0,0.010014213621616364,-4.593685150146484,val,True,asr,0,E:\m-hvc\datasets\old-dataset\frames_unique\BV1Te411m7PS,0.9957988858222961,0.0008504673605784774,0.0026619774289429188,0.0006886759656481445,0,0,0.9899857863783836
BV1Tf4y1k7rM,0,0.029893504455685616,-3.479764699935913,train,False,missing,0,E:\m-hvc\datasets\old-dataset\frames_unique\BV1Tf4y1k7rM,0.8916994333267212,0.02095929905772209,0.06655450910329819,0.02078673429787159,0,0,0.9701064955443144
BV1Tp4y1k7HG,0,0.009169800207018852,-4.6826276779174805,train,True,asr,0,E:\m-hvc\datasets\old-dataset\frames_unique\BV1Tp4y1k7HG,0.9906850457191467,0.001507871551439166,0.0065085189417004585,0.0012984646018594503,0,0,0.9908301997929811
BV1Ts4y1A7XN,0,0.008386637084186077,-4.772693634033203,test,True,asr,0,E:\m-hvc\datasets\old-dataset\frames_unique\BV1Ts4y1A7XN,0.9941680431365967,0.0011683764168992639,0.003721684217453003,0.0009419251582585275,0,0,0.9916133629158139
BV1Tz4y1c7Vg,0,0.261653870344162,-1.0373902320861816,val,True,asr,0,E:\m-hvc\datasets\old-dataset\frames_unique\BV1Tz4y1c7Vg,0.9938404560089111,0.0016957571497187018,0.003603143384680152,0.0008605935727246106,0,0,0.738346129655838
BV1U24y1n7kh,0,0.009732749313116074,-4.622478485107422,train,True,asr,0,E:\m-hvc\datasets\old-dataset\frames_unique\BV1U24y1n7kh,0.9950815439224243,0.0010291808284819126,0.0030096364207565784,0.0008796851616352797,0,0,0.9902672506868839
BV1U94y1b7Q8,1,0.7257592082023621,0.9732118248939514,train,True,asr,2,E:\m-hvc\datasets\old-dataset\frames_unique\BV1U94y1b7Q8,0.8754526972770691,0.009495298378169537,0.10443349182605743,0.010618526488542557,1,0,0.7257592082023621
BV1UK4y1j7N9,0,0.031466834247112274,-3.4268486499786377,train,True,asr,0,E:\m-hvc\datasets\old-dataset\frames_unique\BV1UK4y1j7N9,0.9070037007331848,0.005002374295145273,0.08154015988111496,0.0064537012949585915,0,0,0.9685331657528877
BV1UL411n7Pe,1,0.9574365615844727,3.113262414932251,train,False,missing,2,E:\m-hvc\datasets\old-dataset\frames_unique\BV1UL411n7Pe,0.4130508005619049,0.09852998703718185,0.34497183561325073,0.14344742894172668,1,0,0.9574365615844727
BV1UN4y1i76c,0,0.026966126635670662,-3.5858373641967773,train,False,missing,0,E:\m-hvc\datasets\old-dataset\frames_unique\BV1UN4y1i76c,0.8727049827575684,0.02519405446946621,0.07484768331050873,0.02725328505039215,0,0,0.9730338733643293
BV1US4y1k7tq,1,0.48593059182167053,-0.05629269406199455,train,True,asr,2,E:\m-hvc\datasets\old-dataset\frames_unique\BV1US4y1k7tq,0.9845805764198303,0.0029107837472110987,0.010178088210523129,0.0023305618669837713,1,0,0.5140694081783295
BV1UT4y1p7WS,0,0.010030251927673817,-4.592068672180176,val,True,asr,0,E:\m-hvc\datasets\old-dataset\frames_unique\BV1UT4y1p7WS,0.9839486479759216,0.0023921264801174402,0.011348018422722816,0.0023111682385206223,0,0,0.9899697480723262
BV1Ua4y1z7qi,0,0.029512926936149597,-3.4929697513580322,train,True,asr,0,E:\m-hvc\datasets\old-dataset\frames_unique\BV1Ua4y1z7qi,0.9758257269859314,0.0018114930717274547,0.020485159009695053,0.0018775516655296087,0,0,0.9704870730638504
BV1Ug411K7Ps,0,0.008517888374626637,-4.75703239440918,test,True,asr,0,E:\m-hvc\datasets\old-dataset\frames_unique\BV1Ug411K7Ps,0.9923816323280334,0.0014824868412688375,0.0048750885762274265,0.0012607688549906015,0,0,0.9914821116253734
BV1Uh411p7nE,0,0.49508756399154663,-0.019650425761938095,train,True,asr,0,E:\m-hvc\datasets\old-dataset\frames_unique\BV1Uh411p7nE,0.09664934873580933,0.11774762719869614,0.17444731295108795,0.6111556887626648,1,3,0.5049124360084534
BV1Uk4y1F73H,0,0.032459039241075516,-3.3947787284851074,train,True,asr,0,E:\m-hvc\datasets\old-dataset\frames_unique\BV1Uk4y1F73H,0.9807987809181213,0.0015765170101076365,0.016014061868190765,0.001610641716979444,0,0,0.9675409607589245
BV1Um4y1G7Dy,0,0.013246527872979641,-4.310684680938721,train,True,asr,0,E:\m-hvc\datasets\old-dataset\frames_unique\BV1Um4y1G7Dy,0.9869059920310974,0.0019782816525548697,0.00918664038181305,0.0019290890777483582,0,0,0.9867534721270204
BV1Us411K7va,0,0.008669418282806873,-4.739246368408203,test,True,asr,0,E:\m-hvc\datasets\old-dataset\frames_unique\BV1Us411K7va,0.9942489862442017,0.0012555797584354877,0.003444201312959194,0.0010511957807466388,0,0,0.9913305817171931
BV1Uu411o7YR,0,0.012380833737552166,-4.379147529602051,test,True,asr,0,E:\m-hvc\datasets\old-dataset\frames_unique\BV1Uu411o7YR,0.995776355266571,0.0008367706323042512,0.0026926964055746794,0.0006941459723748267,0,0,0.9876191662624478
BV1Uw411v7w1,0,0.009409437887370586,-4.656588077545166,val,True,asr,0,E:\m-hvc\datasets\old-dataset\frames_unique\BV1Uw411v7w1,0.9939002990722656,0.0010304247261956334,0.004222331568598747,0.0008469254244118929,0,0,0.9905905621126294
BV1Uz4y1q7XQ,0,0.01037196908146143,-4.55822229385376,val,True,asr,0,E:\m-hvc\datasets\old-dataset\frames_unique\BV1Uz4y1q7XQ,0.9857451915740967,0.0023173033259809017,0.009881962090730667,0.0020554971415549517,0,0,0.9896280309185386
BV1Uz4y1y7qZ,0,0.016583982855081558,-4.082594871520996,train,True,asr,0,E:\m-hvc\datasets\old-dataset\frames_unique\BV1Uz4y1y7qZ,0.9761068820953369,0.002227039309218526,0.01961427927017212,0.002051836345344782,0,0,0.9834160171449184
BV1VC4y1H73M,1,0.4719963073730469,-0.11213214695453644,train,False,missing,2,E:\m-hvc\datasets\old-dataset\frames_unique\BV1VC4y1H73M,0.7809856534004211,0.03641899675130844,0.14633208513259888,0.03626322001218796,1,0,0.5280036926269531
BV1VG411o7NR,1,0.14999808371067047,-1.7346160411834717,train,True,asr,2,E:\m-hvc\datasets\old-dataset\frames_unique\BV1VG411o7NR,0.6155039668083191,0.04381218180060387,0.3240916132926941,0.016592269763350487,0,0,0.8500019162893295
BV1VG4y177A5,1,0.7746314406394958,1.2346503734588623,test,True,asr,2,E:\m-hvc\datasets\old-dataset\frames_unique\BV1VG4y177A5,0.628019392490387,0.01181986927986145,0.3421795070171356,0.01798129640519619,1,0,0.7746314406394958
BV1VJ411378e,0,0.019740218296647072,-3.9051594734191895,test,True,asr,0,E:\m-hvc\datasets\old-dataset\frames_unique\BV1VJ411378e,0.9869345426559448,0.0015509305521845818,0.009837150573730469,0.0016774542164057493,0,0,0.9802597817033529
BV1VX4y1q7Mc,0,0.011038190685212612,-4.495294570922852,train,True,asr,0,E:\m-hvc\datasets\old-dataset\frames_unique\BV1VX4y1q7Mc,0.9867444038391113,0.001867608050815761,0.009676244109869003,0.0017116771778091788,0,0,0.9889618093147874
BV1Vy4y1p7x2,0,0.021783923730254173,-3.804558277130127,val,True,asr,0,E:\m-hvc\datasets\old-dataset\frames_unique\BV1Vy4y1p7x2,0.9881427884101868,0.001389630138874054,0.009131046012043953,0.0013365090126171708,0,0,0.9782160762697458
BV1Vz4y1G7ky,0,0.012726242654025555,-4.35128116607666,train,True,asr,0,E:\m-hvc\datasets\old-dataset\frames_unique\BV1Vz4y1G7ky,0.9891291856765747,0.0018195576267316937,0.007492473348975182,0.0015587734524160624,0,0,0.9872737573459744
BV1WF411r7Sn,1,0.9207480549812317,2.452554225921631,train,True,asr,2,E:\m-hvc\datasets\old-dataset\frames_unique\BV1WF411r7Sn,0.07472838461399078,0.013568932190537453,0.8784797787666321,0.03322287276387215,1,2,0.9207480549812317
BV1WV4y1L7yu,0,0.030231734737753868,-3.4681649208068848,train,True,asr,0,E:\m-hvc\datasets\old-dataset\frames_unique\BV1WV4y1L7yu,0.8396753668785095,0.008641419932246208,0.13948054611682892,0.012202683836221695,0,0,0.9697682652622461
BV1Wa4y1A7Kq,0,0.01655018888413906,-4.08466911315918,train,True,asr,0,E:\m-hvc\datasets\old-dataset\frames_unique\BV1Wa4y1A7Kq,0.9966611862182617,0.0006754961796104908,0.0021194738801568747,0.0005438168300315738,0,0,0.9834498111158609
BV1Wd4y1C7Nk,0,0.011324672028422356,-4.469382286071777,test,True,asr,0,E:\m-hvc\datasets\old-dataset\frames_unique\BV1Wd4y1C7Nk,0.9852043390274048,0.002403127495199442,0.010395411401987076,0.0019970526918768883,0,0,0.9886753279715776
BV1We411D7sc,0,0.009109515696763992,-4.689284324645996,train,True,asr,0,E:\m-hvc\datasets\old-dataset\frames_unique\BV1We411D7sc,0.9879984855651855,0.002040751511231065,0.0082013588398695,0.0017593275988474488,0,0,0.990890484303236
BV1Wm4y1S7xc,0,0.008857500739395618,-4.717593669891357,train,True,asr,0,E:\m-hvc\datasets\old-dataset\frames_unique\BV1Wm4y1S7xc,0.9949830770492554,0.0010666168527677655,0.0031023763585835695,0.0008478966192342341,0,0,0.9911424992606044
BV1Wp4y1z7Dr,0,0.053876545280218124,-2.865677833557129,test,True,asr,0,E:\m-hvc\datasets\old-dataset\frames_unique\BV1Wp4y1z7Dr,0.8715664148330688,0.005920476280152798,0.11581409722566605,0.006698952056467533,0,0,0.9461234547197819
BV1X34y1u77R,0,0.03194702789187431,-3.411207675933838,val,True,asr,0,E:\m-hvc\datasets\old-dataset\frames_unique\BV1X34y1u77R,0.8974921703338623,0.007710091304033995,0.08451966941356659,0.010278073139488697,0,0,0.9680529721081257
BV1X5411s76j,0,0.029127568006515503,-3.506510019302368,train,True,asr,0,E:\m-hvc\datasets\old-dataset\frames_unique\BV1X5411s76j,0.9554742574691772,0.0029616476967930794,0.03793422877788544,0.0036299063358455896,0,0,0.9708724319934845
BV1X84y1m7j7,0,0.09308107197284698,-2.2765822410583496,train,True,asr,0,E:\m-hvc\datasets\old-dataset\frames_unique\BV1X84y1m7j7,0.2045283168554306,0.01580423302948475,0.7582704424858093,0.021396957337856293,0,2,0.906918928027153
BV1XC4y1C7s7,0,0.023855723440647125,-3.7115862369537354,train,True,asr,0,E:\m-hvc\datasets\old-dataset\frames_unique\BV1XC4y1C7s7,0.9972108006477356,0.000446087185991928,0.001989851240068674,0.0003532336850184947,0,0,0.9761442765593529
BV1XG4y1a7c1,0,0.025716258212924004,-3.6345791816711426,train,True,asr,0,E:\m-hvc\datasets\old-dataset\frames_unique\BV1XG4y1a7c1,0.8787687420845032,0.009259182959794998,0.1005227193236351,0.011449315585196018,0,0,0.974283741787076
BV1XN4y1U7fj,0,0.32909655570983887,-0.7122740745544434,val,True,asr,0,E:\m-hvc\datasets\old-dataset\frames_unique\BV1XN4y1U7fj,0.9947234392166138,0.0009050173102878034,0.003777935402467847,0.0005935559747740626,1,0,0.6709034442901611
BV1XP411F7Bm,0,0.009504067711532116,-4.646485805511475,train,True,asr,0,E:\m-hvc\datasets\old-dataset\frames_unique\BV1XP411F7Bm,0.9954456090927124,0.0009740311070345342,0.0028018662706017494,0.0007785719353705645,0,0,0.9904959322884679
BV1XQ4y117qV,1,0.3250291347503662,-0.7307547330856323,val,True,asr,2,E:\m-hvc\datasets\old-dataset\frames_unique\BV1XQ4y117qV,0.9961733222007751,0.0007564817206002772,0.002549543045461178,0.0005206523928791285,1,0,0.6749708652496338
BV1XR4y1E75t,0,0.015347416512668133,-4.161341667175293,train,True,asr,0,E:\m-hvc\datasets\old-dataset\frames_unique\BV1XR4y1E75t,0.9975186586380005,0.0004609506286215037,0.001665331656113267,0.0003550617548171431,0,0,0.9846525834873319
BV1XV4y1D75H,0,0.028664574027061462,-3.523009777069092,train,False,missing,0,E:\m-hvc\datasets\old-dataset\frames_unique\BV1XV4y1D75H,0.8443511724472046,0.03205367177724838,0.08931933343410492,0.03427582234144211,0,0,0.9713354259729385
BV1XY4y1L72E,0,0.009701496921479702,-4.625726222991943,test,True,asr,0,E:\m-hvc\datasets\old-dataset\frames_unique\BV1XY4y1L72E,0.9926521182060242,0.0016322802985087037,0.004473851062357426,0.0012418266851454973,0,0,0.9902985030785203
BV1Xa4y1u7Bq,0,0.02421506866812706,-3.6962671279907227,train,False,missing,0,E:\m-hvc\datasets\old-dataset\frames_unique\BV1Xa4y1u7Bq,0.8548410534858704,0.03021102398633957,0.08289028704166412,0.03205756098031998,0,0,0.9757849313318729
BV1Xc411U7pj,1,0.8665755987167358,1.87101411819458,val,True,asr,2,E:\m-hvc\datasets\old-dataset\frames_unique\BV1Xc411U7pj,0.25408610701560974,0.018867958337068558,0.686862051486969,0.04018377512693405,1,2,0.8665755987167358
BV1Xc411y7rj,0,0.01860959827899933,-3.9652929306030273,val,True,asr,0,E:\m-hvc\datasets\old-dataset\frames_unique\BV1Xc411y7rj,0.9798123836517334,0.0018088651122525334,0.016633767634630203,0.0017449677689000964,0,0,0.9813904017210007
BV1Xg4y147aM,0,0.008375105448067188,-4.774081230163574,train,True,asr,0,E:\m-hvc\datasets\old-dataset\frames_unique\BV1Xg4y147aM,0.9953527450561523,0.0009125272044911981,0.002991595072671771,0.0007431841222569346,0,0,0.9916248945519328
BV1Xr4y1F7wr,0,0.456708699464798,-0.17360001802444458,train,False,missing,0,E:\m-hvc\datasets\old-dataset\frames_unique\BV1Xr4y1F7wr,0.6411218047142029,0.052452441304922104,0.2511334717273712,0.055292267352342606,1,0,0.543291300535202
BV1Xv411G7ur,0,0.015744468197226524,-4.135396480560303,train,True,asr,0,E:\m-hvc\datasets\old-dataset\frames_unique\BV1Xv411G7ur,0.9537051916122437,0.0041360328905284405,0.037532057613134384,0.00462670624256134,0,0,0.9842555318027735
BV1Xz4y1N77w,0,0.09607972949743271,-2.241562843322754,test,False,missing,0,E:\m-hvc\datasets\old-dataset\frames_unique\BV1Xz4y1N77w,0.8783203959465027,0.01829652674496174,0.08558430522680283,0.01779874786734581,0,0,0.9039202705025673
BV1Y44y1v7uy,0,0.11962440609931946,-1.9959917068481445,train,True,asr,0,E:\m-hvc\datasets\old-dataset\frames_unique\BV1Y44y1v7uy,0.8063231110572815,0.005772239062935114,0.1812909096479416,0.006613790523260832,0,0,0.8803755939006805
BV1Y541157m6,0,0.008554079569876194,-4.752756118774414,train,True,asr,0,E:\m-hvc\datasets\old-dataset\frames_unique\BV1Y541157m6,0.9955365657806396,0.0008994758827611804,0.0028171432204544544,0.0007467720424756408,0,0,0.9914459204301238
BV1YA411r78E,1,0.5405880808830261,0.16271032392978668,train,True,asr,2,E:\m-hvc\datasets\old-dataset\frames_unique\BV1YA411r78E,0.9215232729911804,0.005615232978016138,0.06643015891313553,0.0064313397742807865,1,0,0.5405880808830261
BV1YF411Q7hD,0,0.027488548308610916,-3.5661122798919678,train,True,asr,0,E:\m-hvc\datasets\old-dataset\frames_unique\BV1YF411Q7hD,0.9539989233016968,0.004037290345877409,0.03816346824169159,0.0038003185763955116,0,0,0.9725114516913891
BV1YQ4y1C7gV,1,0.07819820195436478,-2.46708345413208,train,True,asr,2,E:\m-hvc\datasets\old-dataset\frames_unique\BV1YQ4y1C7gV,0.9959808588027954,0.0005967154866084456,0.0029913210310041904,0.0004310902440920472,0,0,0.9218017980456352
BV1YQ4y1b7rr,0,0.009296814911067486,-4.668743133544922,val,True,asr,0,E:\m-hvc\datasets\old-dataset\frames_unique\BV1YQ4y1b7rr,0.9876319766044617,0.002039711456745863,0.008580510504543781,0.0017478601075708866,0,0,0.9907031850889325
BV1YW4y127gs,0,0.01614960841834545,-4.1095781326293945,train,True,asr,0,E:\m-hvc\datasets\old-dataset\frames_unique\BV1YW4y127gs,0.9523057341575623,0.004202921874821186,0.03883691877126694,0.004654373973608017,0,0,0.9838503915816545
BV1Ya4y1M7Ye,1,0.09686107933521271,-2.2325985431671143,train,True,asr,2,E:\m-hvc\datasets\old-dataset\frames_unique\BV1Ya4y1M7Ye,0.9954924583435059,0.001232423703186214,0.002426290884613991,0.0008489029132761061,0,0,0.9031389206647873
BV1Yb4y1g7f1,0,0.014074997045099735,-4.249180316925049,val,True,asr,0,E:\m-hvc\datasets\old-dataset\frames_unique\BV1Yb4y1g7f1,0.9604963064193726,0.004480812232941389,0.030635517090559006,0.00438732048496604,0,0,0.9859250029549003
BV1Ye411Z73C,0,0.012079655192792416,-4.404079437255859,train,True,asr,0,E:\m-hvc\datasets\old-dataset\frames_unique\BV1Ye411Z73C,0.9958183169364929,0.0009056583512574434,0.00259185372851789,0.0006842601578682661,0,0,0.9879203448072076
BV1Yf4y1n7fF,1,0.04137871414422989,-3.1427295207977295,train,True,asr,2,E:\m-hvc\datasets\old-dataset\frames_unique\BV1Yf4y1n7fF,0.9852781891822815,0.0013545436086133122,0.011960477568209171,0.0014068546006456017,0,0,0.9586212858557701
BV1Yh411B7XD,0,0.12690456211566925,-1.9286096096038818,test,True,asr,0,E:\m-hvc\datasets\old-dataset\frames_unique\BV1Yh411B7XD,0.9951938986778259,0.0008662344189360738,0.0033263445366173983,0.0006134761497378349,0,0,0.8730954378843307
BV1Yo4y1A7G2,0,0.017000269144773483,-4.057379722595215,train,True,asr,0,E:\m-hvc\datasets\old-dataset\frames_unique\BV1Yo4y1A7G2,0.916816234588623,0.00677071139216423,0.06882337480783463,0.007589684799313545,0,0,0.9829997308552265
BV1Yo4y1o7Wn,0,0.02465100772678852,-3.6779775619506836,train,True,asr,0,E:\m-hvc\datasets\old-dataset\frames_unique\BV1Yo4y1o7Wn,0.9946774244308472,0.0007503032102249563,0.003958175890147686,0.0006140779587440193,0,0,0.9753489922732115
BV1Yp4y13771,0,0.025457190349698067,-3.644970178604126,val,True,asr,0,E:\m-hvc\datasets\old-dataset\frames_unique\BV1Yp4y13771,0.9961769580841064,0.0005488297319971025,0.0028440796304494143,0.00043011779780499637,0,0,0.9745428096503019
BV1Yp4y1R7fS,0,0.009584379382431507,-4.6379899978637695,train,True,asr,0,E:\m-hvc\datasets\old-dataset\frames_unique\BV1Yp4y1R7fS,0.9916120767593384,0.0013811875833198428,0.005807836540043354,0.0011988080805167556,0,0,0.9904156206175685
BV1Yt411T7Fr,0,0.00979657843708992,-4.615877151489258,train,True,asr,0,E:\m-hvc\datasets\old-dataset\frames_unique\BV1Yt411T7Fr,0.9956423044204712,0.0007949364371597767,0.002927563851699233,0.0006351593765430152,0,0,0.9902034215629101
BV1ZV4y1a7uV,0,0.17764456570148468,-1.5323879718780518,test,True,asr,0,E:\m-hvc\datasets\old-dataset\frames_unique\BV1ZV4y1a7uV,0.4505385458469391,0.010318021290004253,0.5259210467338562,0.013222371228039265,0,2,0.8223554342985153
BV1ZW4y1L7rT,0,0.013694641180336475,-4.276961326599121,train,True,asr,0,E:\m-hvc\datasets\old-dataset\frames_unique\BV1ZW4y1L7rT,0.9865992069244385,0.0018704327521845698,0.009649493731558323,0.0018809490138664842,0,0,0.9863053588196635
BV1Ze411h7yw,0,0.008339563384652138,-4.778369903564453,val,True,asr,0,E:\m-hvc\datasets\old-dataset\frames_unique\BV1Ze411h7yw,0.9940681457519531,0.001265599625185132,0.003598626470193267,0.001067615463398397,0,0,0.9916604366153479
BV1Zg4y1H7ih,1,0.8817830681800842,2.009424924850464,test,True,asr,2,E:\m-hvc\datasets\old-dataset\frames_unique\BV1Zg4y1H7ih,0.9686630964279175,0.00664445711299777,0.01923603005707264,0.005456321872770786,1,0,0.8817830681800842
BV1Zk4y1W7mz,0,0.04706992954015732,-3.0079071521759033,test,True,asr,0,E:\m-hvc\datasets\old-dataset\frames_unique\BV1Zk4y1W7mz,0.6456220746040344,0.012747078202664852,0.32232168316841125,0.019309209659695625,0,0,0.9529300704598427
BV1Zm4y1z7sE,0,0.02318660356104374,-3.7407209873199463,train,True,asr,0,E:\m-hvc\datasets\old-dataset\frames_unique\BV1Zm4y1z7sE,0.891476571559906,0.0064199864864349365,0.09403058141469955,0.008072890341281891,0,0,0.9768133964389563
BV1Zo4y1x7dF,0,0.058001559227705,-2.787533760070801,train,True,asr,0,E:\m-hvc\datasets\old-dataset\frames_unique\BV1Zo4y1x7dF,0.980453372001648,0.0020525327417999506,0.01543127279728651,0.0020628066267818213,0,0,0.941998440772295
BV1a14y1n712,0,0.04094943031668663,-3.1536059379577637,train,False,missing,0,E:\m-hvc\datasets\old-dataset\frames_unique\BV1a14y1n712,0.813350260257721,0.03722472861409187,0.11022467166185379,0.039200395345687866,0,0,0.9590505696833134
BV1a24y1w79M,0,0.03217991441488266,-3.4037036895751953,train,True,asr,0,E:\m-hvc\datasets\old-dataset\frames_unique\BV1a24y1w79M,0.9965683221817017,0.0006635626195929945,0.0023098639212548733,0.00045824304106645286,0,0,0.9678200855851173
BV1a34y1p7xu,1,0.7266629934310913,0.9777572751045227,test,True,asr,2,E:\m-hvc\datasets\old-dataset\frames_unique\BV1a34y1p7xu,0.9855334162712097,0.003523626597598195,0.008385881781578064,0.0025571188889443874,1,0,0.7266629934310913
BV1aE411F77P,0,0.009592299349606037,-4.637156009674072,train,True,asr,0,E:\m-hvc\datasets\old-dataset\frames_unique\BV1aE411F77P,0.9956102967262268,0.0008936494123190641,0.0027735631447285414,0.0007224891451187432,0,0,0.990407700650394
BV1aF411x7Xt,0,0.011898954398930073,-4.419334411621094,test,True,asr,0,E:\m-hvc\datasets\old-dataset\frames_unique\BV1aF411x7Xt,0.9921078085899353,0.0011500921100378036,0.005690288729965687,0.0010518163908272982,0,0,0.9881010456010699
BV1aG411S72h,0,0.012363895773887634,-4.380533695220947,train,True,asr,0,E:\m-hvc\datasets\old-dataset\frames_unique\BV1aG411S72h,0.9935746788978577,0.0014781089266762137,0.003866716753691435,0.0010805596830323339,0,0,0.9876361042261124
BV1aM41147V7,0,0.0187678225338459,-3.956665277481079,train,True,asr,0,E:\m-hvc\datasets\old-dataset\frames_unique\BV1aM41147V7,0.9908767342567444,0.001280918950214982,0.00678024347871542,0.0010621115798130631,0,0,0.9812321774661541
BV1aM4y1x7RU,0,0.08219961076974869,-2.4128293991088867,train,False,missing,0,E:\m-hvc\datasets\old-dataset\frames_unique\BV1aM4y1x7RU,0.8278080821037292,0.026396675035357475,0.11692535877227783,0.028869953006505966,0,0,0.9178003892302513
BV1aP41167kx,0,0.011172429658472538,-4.4830708503723145,train,True,asr,0,E:\m-hvc\datasets\old-dataset\frames_unique\BV1aP41167kx,0.9937226176261902,0.000989851774647832,0.004397161304950714,0.0008904023561626673,0,0,0.9888275703415275
BV1aP4y1E7PF,0,0.013777186162769794,-4.270868301391602,train,True,asr,0,E:\m-hvc\datasets\old-dataset\frames_unique\BV1aP4y1E7PF,0.9934466481208801,0.0009250261937268078,0.0047695217654109,0.0008586784242652357,0,0,0.9862228138372302
BV1aT4y1j73u,0,0.023668305948376656,-3.71966552734375,train,True,asr,0,E:\m-hvc\datasets\old-dataset\frames_unique\BV1aT4y1j73u,0.8895047307014465,0.0071281748823821545,0.09446784108877182,0.008899272419512272,0,0,0.9763316940516233
BV1aV4y1b7tA,0,0.009918730705976486,-4.603362083435059,test,True,asr,0,E:\m-hvc\datasets\old-dataset\frames_unique\BV1aV4y1b7tA,0.9930718541145325,0.0015438597183674574,0.004128658212721348,0.0012556608999148011,0,0,0.9900812692940235
BV1aa4y1m7DK,0,0.02522149309515953,-3.6545138359069824,train,True,asr,0,E:\m-hvc\datasets\old-dataset\frames_unique\BV1aa4y1m7DK,0.9679000973701477,0.0026885548140853643,0.026661036536097527,0.0027503191959112883,0,0,0.9747785069048405
BV1ad4y1Q7eL,0,0.008830736391246319,-4.720646858215332,test,True,asr,0,E:\m-hvc\datasets\old-dataset\frames_unique\BV1ad4y1Q7eL,0.9940574169158936,0.0012287800200283527,0.0036462906282395124,0.0010675459634512663,0,0,0.9911692636087537
BV1ad4y1p7Qz,1,0.7112076282501221,0.9012565016746521,train,True,asr,2,E:\m-hvc\datasets\old-dataset\frames_unique\BV1ad4y1p7Qz,0.016103526577353477,0.008047722280025482,0.9537585973739624,0.022090168669819832,1,2,0.7112076282501221
BV1aj411a7N8,0,0.020672354847192764,-3.8580689430236816,train,True,asr,0,E:\m-hvc\datasets\old-dataset\frames_unique\BV1aj411a7N8,0.9411510229110718,0.012423099018633366,0.03588737174868584,0.010538470931351185,0,0,0.9793276451528072
BV1am4y1s7RM,1,0.41733065247535706,-0.333741158246994,test,False,missing,2,E:\m-hvc\datasets\old-dataset\frames_unique\BV1am4y1s7RM,0.6640695929527283,0.048868920654058456,0.2396460622549057,0.04741543531417847,1,0,0.5826693475246429
BV1at4y1w7Yd,0,0.11797833442687988,-2.0117156505584717,val,True,asr,0,E:\m-hvc\datasets\old-dataset\frames_unique\BV1at4y1w7Yd,0.9964215755462646,0.0007672517676837742,0.0022759772837162018,0.0005352532025426626,0,0,0.8820216655731201
BV1au4y147Mr,0,0.013523692265152931,-4.289696216583252,train,True,asr,0,E:\m-hvc\datasets\old-dataset\frames_unique\BV1au4y147Mr,0.9641561508178711,0.005018336232751608,0.02620416320860386,0.004621344618499279,0,0,0.9864763077348471
BV1aw411y75E,0,0.0433785505592823,-3.093442678451538,train,True,asr,0,E:\m-hvc\datasets\old-dataset\frames_unique\BV1aw411y75E,0.892101526260376,0.004993761889636517,0.0959351435303688,0.0069696661084890366,0,0,0.9566214494407177
BV1b84y197NJ,0,0.010871226899325848,-4.51070499420166,test,True,asr,0,E:\m-hvc\datasets\old-dataset\frames_unique\BV1b84y197NJ,0.9868254065513611,0.0019848875235766172,0.009459421038627625,0.0017302666092291474,0,0,0.9891287731006742
BV1bA41137we,0,0.016527602449059486,-4.086057662963867,train,True,asr,0,E:\m-hvc\datasets\old-dataset\frames_unique\BV1bA41137we,0.9303101897239685,0.006747417151927948,0.05518437549471855,0.007757905405014753,0,0,0.9834723975509405
BV1bV4y1i74t,0,0.012107199989259243,-4.401773929595947,train,True,asr,0,E:\m-hvc\datasets\old-dataset\frames_unique\BV1bV4y1i74t,0.9869175553321838,0.0019343621097505093,0.009568069130182266,0.001579999690875411,0,0,0.9878928000107408
BV1bg4y1Z7ht,0,0.03438885509967804,-3.335028648376465,val,True,asr,0,E:\m-hvc\datasets\old-dataset\frames_unique\BV1bg4y1Z7ht,0.741108238697052,0.013156360015273094,0.22608044743537903,0.01965494081377983,0,0,0.965611144900322
BV1bh4y1173w,0,0.7330475449562073,1.0101399421691895,val,True,asr,0,E:\m-hvc\datasets\old-dataset\frames_unique\BV1bh4y1173w,0.9854162335395813,0.0035512486938387156,0.007990184240043163,0.0030423349235206842,1,0,0.7330475449562073
BV1bk4y1K7Eu,1,0.6917113661766052,0.8081324696540833,train,True,asr,2,E:\m-hvc\datasets\old-dataset\frames_unique\BV1bk4y1K7Eu,0.9889705181121826,0.002641721162945032,0.006513760890811682,0.0018740121740847826,1,0,0.6917113661766052
BV1bm4y1C75b,1,0.934357762336731,2.655640125274658,train,True,asr,1,E:\m-hvc\datasets\old-dataset\frames_unique\BV1bm4y1C75b,0.4474211037158966,0.24524684250354767,0.17155811190605164,0.13577395677566528,1,0,0.934357762336731
BV1bm4y1C7W4,0,0.10822612792253494,-2.108989715576172,train,True,asr,0,E:\m-hvc\datasets\old-dataset\frames_unique\BV1bm4y1C7W4,0.9968330264091492,0.000699673721101135,0.0019629686139523983,0.0005043166456744075,0,0,0.8917738720774651
BV1bp4y1h7m1,1,0.049450915306806564,-2.956059217453003,train,True,asr,2,E:\m-hvc\datasets\old-dataset\frames_unique\BV1bp4y1h7m1,0.997086226940155,0.0006047255010344088,0.0019466959638521075,0.00036234219442121685,0,0,0.9505490846931934
BV1bp4y1n7FC,1,0.9804239273071289,3.9136788845062256,val,False,missing,2,E:\m-hvc\datasets\old-dataset\frames_unique\BV1bp4y1n7FC,0.2063273787498474,0.1302652359008789,0.3407115340232849,0.32269591093063354,1,2,0.9804239273071289
BV1bw411V79d,1,0.34356769919395447,-0.6474354863166809,train,True,asr,3,E:\m-hvc\datasets\old-dataset\frames_unique\BV1bw411V79d,0.12645471096038818,0.1312146931886673,0.18974435329437256,0.5525861978530884,1,3,0.6564323008060455
BV1c3411m7nb,0,0.00947348028421402,-4.649740219116211,train,True,asr,0,E:\m-hvc\datasets\old-dataset\frames_unique\BV1c3411m7nb,0.9943830966949463,0.0010671698255464435,0.003665938274934888,0.0008837396744638681,0,0,0.990526519715786
BV1cC4y1J75j,0,0.01375232171267271,-4.27269983291626,test,True,asr,0,E:\m-hvc\datasets\old-dataset\frames_unique\BV1cC4y1J75j,0.9962202906608582,0.0006981022888794541,0.002508154371753335,0.0005733969155699015,0,0,0.9862476782873273
BV1cM411J7bN,0,0.07621811330318451,-2.4948768615722656,val,True,asr,0,E:\m-hvc\datasets\old-dataset\frames_unique\BV1cM411J7bN,0.3105549216270447,0.020113280043005943,0.6294767260551453,0.03985513374209404,0,2,0.9237818866968155
BV1cP41187kC,0,0.6161843538284302,0.4733838737010956,train,True,asr,0,E:\m-hvc\datasets\old-dataset\frames_unique\BV1cP41187kC,0.4500758647918701,0.011025585234165192,0.5228288769721985,0.016069674864411354,1,2,0.6161843538284302
BV1cR4y1m7YS,1,0.07141300290822983,-2.5651841163635254,train,False,missing,2,E:\m-hvc\datasets\old-dataset\frames_unique\BV1cR4y1m7YS,0.851858377456665,0.02388518862426281,0.09737060219049454,0.026885828003287315,0,0,0.9285869970917702
BV1cW4y1D756,1,0.021242806687951088,-3.8302652835845947,train,True,asr,2,E:\m-hvc\datasets\old-dataset\frames_unique\BV1cW4y1D756,0.9975070357322693,0.0005500406841747463,0.0015990107785910368,0.00034394790418446064,0,0,0.9787571933120489
BV1ca4y157Pi,0,0.014785602688789368,-4.19920539855957,train,True,asr,0,E:\m-hvc\datasets\old-dataset\frames_unique\BV1ca4y157Pi,0.9804587364196777,0.003037145594134927,0.013715898618102074,0.002788248471915722,0,0,0.9852143973112106
BV1ca4y1e7ud,1,0.7688167095184326,1.20164155960083,train,True,asr,2,E:\m-hvc\datasets\old-dataset\frames_unique\BV1ca4y1e7ud,0.9142412543296814,0.008952070027589798,0.06818577647209167,0.008620857261121273,1,0,0.7688167095184326
BV1cb411Q7c7,0,0.013042616657912731,-4.326404571533203,test,True,asr,0,E:\m-hvc\datasets\old-dataset\frames_unique\BV1cb411Q7c7,0.994624674320221,0.001610210514627397,0.0028456959407776594,0.0009194042650051415,0,0,0.9869573833420873
BV1cc411C7b4,1,0.6403513550758362,0.5768895745277405,val,False,missing,2,E:\m-hvc\datasets\old-dataset\frames_unique\BV1cc411C7b4,0.5080708861351013,0.08448553085327148,0.3345949351787567,0.07284867018461227,1,0,0.6403513550758362
BV1cf4y1K7QG,1,0.5107700824737549,0.04308702424168587,test,True,asr,2,E:\m-hvc\datasets\old-dataset\frames_unique\BV1cf4y1K7QG,0.9883381724357605,0.003508982015773654,0.005939800757914782,0.0022130608558654785,1,0,0.5107700824737549
BV1ch411L7VP,1,0.220510333776474,-1.2626948356628418,train,True,asr,2,E:\m-hvc\datasets\old-dataset\frames_unique\BV1ch411L7VP,0.9929189085960388,0.0009712772443890572,0.005419961642473936,0.0006899177678860724,0,0,0.779489666223526
BV1cp421o7gr,0,0.03688368573784828,-3.2624049186706543,train,True,asr,0,E:\m-hvc\datasets\old-dataset\frames_unique\BV1cp421o7gr,0.9971478581428528,0.0004901776555925608,0.00201993016526103,0.00034197777858935297,0,0,0.9631163142621517
BV1cs4y1Y7hn,0,0.017385950312018394,-4.0345540046691895,train,True,asr,0,E:\m-hvc\datasets\old-dataset\frames_unique\BV1cs4y1Y7hn,0.9964879751205444,0.0007148748845793307,0.002274809405207634,0.0005223705666139722,0,0,0.9826140496879816
BV1cu4y1g76S,0,0.020797748118638992,-3.851893424987793,train,True,asr,0,E:\m-hvc\datasets\old-dataset\frames_unique\BV1cu4y1g76S,0.9960280656814575,0.0005564825842157006,0.0029363776557147503,0.0004791820829268545,0,0,0.979202251881361
BV1cw41137uv,0,0.010067878291010857,-4.588286399841309,train,True,asr,0,E:\m-hvc\datasets\old-dataset\frames_unique\BV1cw41137uv,0.9884478449821472,0.0018583466298878193,0.008107432164251804,0.0015863289590924978,0,0,0.9899321217089891
BV1d24y1z73i,0,0.03072715550661087,-3.451399326324463,train,False,missing,0,E:\m-hvc\datasets\old-dataset\frames_unique\BV1d24y1z73i,0.8458088040351868,0.03422734513878822,0.08650284260511398,0.03346104174852371,0,0,0.9692728444933891
BV1dC4y1N73S,0,0.014122765511274338,-4.245743751525879,train,True,asr,0,E:\m-hvc\datasets\old-dataset\frames_unique\BV1dC4y1N73S,0.9838207960128784,0.0018746827263385057,0.012541077099740505,0.0017634443938732147,0,0,0.9858772344887257
BV1dM4m1d7FB,0,0.012046830728650093,-4.406833648681641,train,True,asr,0,E:\m-hvc\datasets\old-dataset\frames_unique\BV1dM4m1d7FB,0.9960801005363464,0.0007680688286200166,0.0025094172451645136,0.0006424356251955032,0,0,0.9879531692713499
BV1dM4y1x7rM,1,0.2215781807899475,-1.256493091583252,train,True,asr,2,E:\m-hvc\datasets\old-dataset\frames_unique\BV1dM4y1x7rM,0.3893650770187378,0.011799001134932041,0.575827419757843,0.023008504882454872,0,2,0.7784218192100525
BV1dN411p72h,0,0.01065011415630579,-4.531477451324463,train,True,asr,0,E:\m-hvc\datasets\old-dataset\frames_unique\BV1dN411p72h,0.9900208711624146,0.001730523887090385,0.0067451708018779755,0.0015035088872537017,0,0,0.9893498858436942
BV1dR4y1F78e,0,0.013869275338947773,-4.264112949371338,test,True,asr,0,E:\m-hvc\datasets\old-dataset\frames_unique\BV1dR4y1F78e,0.9646300077438354,0.003724111942574382,0.027853308245539665,0.0037925257347524166,0,0,0.9861307246610522
BV1dX4y1c7GG,0,0.022629283368587494,-3.7656211853027344,train,True,asr,0,E:\m-hvc\datasets\old-dataset\frames_unique\BV1dX4y1c7GG,0.9976333379745483,0.0004453447472769767,0.0015749904559925199,0.00034640077501535416,0,0,0.9773707166314125
BV1da411c76p,1,0.09227025508880615,-2.286224842071533,train,True,asr,2,E:\m-hvc\datasets\old-dataset\frames_unique\BV1da411c76p,0.9958343505859375,0.0008183521567843854,0.002776107518002391,0.0005712024285458028,0,0,0.9077297449111938
BV1de41127of,1,0.5726709961891174,0.29275721311569214,train,True,asr,2,E:\m-hvc\datasets\old-dataset\frames_unique\BV1de41127of,0.9850943088531494,0.00328327645547688,0.008474147878587246,0.0031482111662626266,1,0,0.5726709961891174
BV1dh411A7p3,0,0.8750965595245361,1.9467933177947998,train,False,missing,0,E:\m-hvc\datasets\old-dataset\frames_unique\BV1dh411A7p3,0.5962238907814026,0.07030743360519409,0.24247050285339355,0.09099821001291275,1,0,0.8750965595245361
BV1dm4y1r7Yn,0,0.02520223706960678,-3.65529727935791,val,True,asr,0,E:\m-hvc\datasets\old-dataset\frames_unique\BV1dm4y1r7Yn,0.9243606328964233,0.0049448162317276,0.06537778675556183,0.005316754337400198,0,0,0.9747977629303932
BV1dq4y1z78t,0,0.05805421248078346,-2.7865705490112305,val,False,missing,0,E:\m-hvc\datasets\old-dataset\frames_unique\BV1dq4y1z78t,0.8058180809020996,0.03158174455165863,0.1260358840227127,0.03656429424881935,0,0,0.9419457875192165
BV1du411g7tk,0,0.0096061946824193,-4.63569450378418,train,True,asr,0,E:\m-hvc\datasets\old-dataset\frames_unique\BV1du411g7tk,0.9960052371025085,0.0007728891214355826,0.002581064123660326,0.0006408524350263178,0,0,0.9903938053175807
BV1dw411f76v,1,0.05898931995034218,-2.7695980072021484,train,True,asr,2,E:\m-hvc\datasets\old-dataset\frames_unique\BV1dw411f76v,0.4545866847038269,0.016671080142259598,0.5022347569465637,0.026507500559091568,0,2,0.9410106800496578
BV1e24y1T7Z2,1,0.012983615510165691,-4.330998420715332,train,True,asr,2,E:\m-hvc\datasets\old-dataset\frames_unique\BV1e24y1T7Z2,0.9963996410369873,0.000645195075776428,0.0024670842103660107,0.00048802842502482235,0,0,0.9870163844898343
BV1eM4y1d7RX,0,0.027319658547639847,-3.572448968887329,train,True,asr,0,E:\m-hvc\datasets\old-dataset\frames_unique\BV1eM4y1d7RX,0.9711537957191467,0.002129477448761463,0.024554245173931122,0.0021625044755637646,0,0,0.9726803414523602
BV1eT4y1r73n,0,0.013927372172474861,-4.259873867034912,train,True,asr,0,E:\m-hvc\datasets\old-dataset\frames_unique\BV1eT4y1r73n,0.9409124255180359,0.005978177301585674,0.04654175415635109,0.006567622069269419,0,0,0.9860726278275251
BV1eV4y1Q7Ys,0,0.011505935341119766,-4.453319549560547,train,True,asr,0,E:\m-hvc\datasets\old-dataset\frames_unique\BV1eV4y1Q7Ys,0.9955782294273376,0.0009080464369617403,0.002808314049616456,0.0007054113666526973,0,0,0.9884940646588802
BV1eb411K7Bd,0,0.028926100581884384,-3.513658285140991,test,False,missing,0,E:\m-hvc\datasets\old-dataset\frames_unique\BV1eb411K7Bd,0.8761507272720337,0.025563066825270653,0.07175926864147186,0.02652689442038536,0,0,0.9710738994181156
BV1ec411i7DD,0,0.011715131811797619,-4.435089588165283,train,True,asr,0,E:\m-hvc\datasets\old-dataset\frames_unique\BV1ec411i7DD,0.9729116559028625,0.003207138041034341,0.02060895413160324,0.003272155998274684,0,0,0.9882848681882024
BV1eg4y1J7Zj,0,0.042015403509140015,-3.1267952919006348,train,True,asr,0,E:\m-hvc\datasets\old-dataset\frames_unique\BV1eg4y1J7Zj,0.996593177318573,0.0005128419725224376,0.0025265715084969997,0.00036733411252498627,0,0,0.95798459649086
BV1em4y1B7bQ,0,0.027114391326904297,-3.5802018642425537,train,False,missing,0,E:\m-hvc\datasets\old-dataset\frames_unique\BV1em4y1B7bQ,0.8721382021903992,0.02532343938946724,0.07542696595191956,0.02711140178143978,0,0,0.9728856086730957
BV1es4y167Q5,1,0.10381386429071426,-2.155548572540283,test,True,asr,2,E:\m-hvc\datasets\old-dataset\frames_unique\BV1es4y167Q5,0.5358825325965881,0.013247190974652767,0.4348161518573761,0.016054067760705948,0,0,0.8961861357092857
BV1ey4y1r7nP,0,0.014756109565496445,-4.201231956481934,train,True,asr,0,E:\m-hvc\datasets\old-dataset\frames_unique\BV1ey4y1r7nP,0.970858097076416,0.003012759378179908,0.02310151234269142,0.003027646103873849,0,0,0.9852438904345036
BV1f4411F7FC,0,0.0644756555557251,-2.6748194694519043,val,True,asr,0,E:\m-hvc\datasets\old-dataset\frames_unique\BV1f4411F7FC,0.9865691661834717,0.0013531841104850173,0.011062441393733025,0.00101520458701998,0,0,0.9355243444442749
BV1f4411V7of,1,0.41679027676582336,-0.3359636664390564,val,True,asr,2,E:\m-hvc\datasets\old-dataset\frames_unique\BV1f4411V7of,0.9889724850654602,0.0027789624873548746,0.006440115161240101,0.0018084656912833452,1,0,0.5832097232341766
BV1f64y117V2,0,0.011964208446443081,-4.413799285888672,test,True,asr,0,E:\m-hvc\datasets\old-dataset\frames_unique\BV1f64y117V2,0.9769405126571655,0.0031445971690118313,0.017105523496866226,0.0028093948494642973,0,0,0.9880357915535569
BV1f8411b7Xz,0,0.010922342538833618,-4.505962371826172,val,True,asr,0,E:\m-hvc\datasets\old-dataset\frames_unique\BV1f8411b7Xz,0.9949824810028076,0.0009982467163354158,0.0031811257358640432,0.0008380410145036876,0,0,0.9890776574611664
BV1fG411B7iM,0,0.012947648763656616,-4.333808898925781,val,True,asr,0,E:\m-hvc\datasets\old-dataset\frames_unique\BV1fG411B7iM,0.972764790058136,0.00321183237247169,0.021191036328673363,0.0028323878068476915,0,0,0.9870523512363434
BV1fG411p7g6,0,0.009045795537531376,-4.696368217468262,train,True,asr,0,E:\m-hvc\datasets\old-dataset\frames_unique\BV1fG411p7g6,0.9930920600891113,0.0011001172242686152,0.004831331316381693,0.0009764837450347841,0,0,0.9909542044624686
BV1fS4y1z7XE,0,0.03286962956190109,-3.381784200668335,train,True,asr,0,E:\m-hvc\datasets\old-dataset\frames_unique\BV1fS4y1z7XE,0.9795823097229004,0.0020123254507780075,0.01648854836821556,0.0019167887512594461,0,0,0.9671303704380989
BV1fU4y1X7Gu,0,0.012841049581766129,-4.342184066772461,train,True,asr,0,E:\m-hvc\datasets\old-dataset\frames_unique\BV1fU4y1X7Gu,0.9968695044517517,0.0005313570145517588,0.002171500585973263,0.00042763646342791617,0,0,0.9871589504182339
BV1fZ4y1A75h,0,0.06898854672908783,-2.6023311614990234,train,True,asr,0,E:\m-hvc\datasets\old-dataset\frames_unique\BV1fZ4y1A75h,0.9912257790565491,0.0008345397654920816,0.00725213810801506,0.0006875275284983218,0,0,0.9310114532709122
BV1fb4y197W1,0,0.011877871118485928,-4.42112922668457,train,True,asr,0,E:\m-hvc\datasets\old-dataset\frames_unique\BV1fb4y197W1,0.9901356101036072,0.0017700718017295003,0.00656958157196641,0.001524712541140616,0,0,0.9881221288815141
BV1fc411o7Rt,0,0.04205074533820152,-3.125917673110962,train,True,asr,0,E:\m-hvc\datasets\old-dataset\frames_unique\BV1fc411o7Rt,0.6636189818382263,0.010873768478631973,0.3088562786579132,0.01665099337697029,0,0,0.9579492546617985
BV1fg4y1x7Xt,0,0.00863467063754797,-4.743297576904297,train,True,asr,0,E:\m-hvc\datasets\old-dataset\frames_unique\BV1fg4y1x7Xt,0.9936835765838623,0.0012718328507617116,0.004067364614456892,0.0009772535413503647,0,0,0.991365329362452
BV1fh411K7kf,0,0.02517824061214924,-3.6562745571136475,train,True,asr,0,E:\m-hvc\datasets\old-dataset\frames_unique\BV1fh411K7kf,0.8157216310501099,0.011805485002696514,0.15617549419403076,0.016297467052936554,0,0,0.9748217593878508
BV1fp4y1M7HW,0,0.013040488585829735,-4.3265700340271,val,True,asr,0,E:\m-hvc\datasets\old-dataset\frames_unique\BV1fp4y1M7HW,0.9796001315116882,0.0023498956579715014,0.015772070735692978,0.002277835039421916,0,0,0.9869595114141703
BV1g14y1u7XD,1,0.0753570944070816,-2.507169485092163,train,True,asr,2,E:\m-hvc\datasets\old-dataset\frames_unique\BV1g14y1u7XD,0.9640708565711975,0.0023807259276509285,0.030898304656147957,0.002650223905220628,0,0,0.9246429055929184
BV1g8411Z791,0,0.009168686345219612,-4.682750225067139,train,True,asr,0,E:\m-hvc\datasets\old-dataset\frames_unique\BV1g8411Z791,0.9952666759490967,0.0009728340082801878,0.0029650372453033924,0.000795468280557543,0,0,0.9908313136547804
BV1gC4y1R7KF,1,0.13373839855194092,-1.868301272392273,test,False,missing,2,E:\m-hvc\datasets\old-dataset\frames_unique\BV1gC4y1R7KF,0.7566055655479431,0.043187499046325684,0.15362849831581116,0.046578388661146164,0,0,0.8662616014480591
BV1gP411W7fx,0,0.03283138573169708,-3.3829879760742188,train,False,missing,0,E:\m-hvc\datasets\old-dataset\frames_unique\BV1gP411W7fx,0.8880718946456909,0.020082859322428703,0.06950978934764862,0.022335471585392952,0,0,0.9671686142683029
BV1gT41167Jb,1,0.899629533290863,2.1931142807006836,train,True,asr,2,E:\m-hvc\datasets\old-dataset\frames_unique\BV1gT41167Jb,0.04088646173477173,0.010084223933517933,0.9363011121749878,0.012728285044431686,1,2,0.899629533290863
BV1gT411H7a3,0,0.06718473136425018,-2.63076114654541,test,False,missing,0,E:\m-hvc\datasets\old-dataset\frames_unique\BV1gT411H7a3,0.8776578307151794,0.020702825859189034,0.08043466508388519,0.021204721182584763,0,0,0.9328152686357498
BV1gT4y1Y7WY,0,0.06022458150982857,-2.7475602626800537,val,True,asr,0,E:\m-hvc\datasets\old-dataset\frames_unique\BV1gT4y1Y7WY,0.3893003463745117,0.044257961213588715,0.5380885004997253,0.028353216126561165,0,2,0.9397754184901714
BV1gV4y1a7HY,0,0.012017503380775452,-4.409300804138184,train,True,asr,0,E:\m-hvc\datasets\old-dataset\frames_unique\BV1gV4y1a7HY,0.9931097030639648,0.001515160663984716,0.0041215005330741405,0.0012535580899566412,0,0,0.9879824966192245
BV1gV4y1t7zi,0,0.46474704146385193,-0.14124609529972076,train,False,missing,0,E:\m-hvc\datasets\old-dataset\frames_unique\BV1gV4y1t7zi,0.7198972105979919,0.03646734356880188,0.2035263627767563,0.04010908678174019,1,0,0.5352529585361481
BV1gW4y127V2,0,0.014761886559426785,-4.20083475112915,test,True,asr,0,E:\m-hvc\datasets\old-dataset\frames_unique\BV1gW4y127V2,0.9952811598777771,0.0009346978622488678,0.0030253324657678604,0.0007588057778775692,0,0,0.9852381134405732
BV1gW4y1t7an,1,0.1683839112520218,-1.5971243381500244,train,True,asr,3,E:\m-hvc\datasets\old-dataset\frames_unique\BV1gW4y1t7an,0.5019257068634033,0.05591815710067749,0.13451549410820007,0.3076406717300415,0,0,0.8316160887479782
BV1gc411m7cN,0,0.016222676262259483,-4.104989528656006,train,True,asr,0,E:\m-hvc\datasets\old-dataset\frames_unique\BV1gc411m7cN,0.9924780130386353,0.0011126822791993618,0.005524108652025461,0.0008850905578583479,0,0,0.9837773237377405
BV1gf4y1A75S,0,0.013363254256546497,-4.301793098449707,train,True,asr,0,E:\m-hvc\datasets\old-dataset\frames_unique\BV1gf4y1A75S,0.9953990578651428,0.0006978748133406043,0.0033136846031993628,0.0005893261986784637,0,0,0.9866367457434535
BV1gh411Z7U8,1,0.38834235072135925,-0.45428553223609924,train,False,missing,2,E:\m-hvc\datasets\old-dataset\frames_unique\BV1gh411Z7U8,0.7850261926651001,0.032663360238075256,0.15162356197834015,0.030686838552355766,1,0,0.6116576492786407
BV1go4y1J7MX,1,0.3837439715862274,-0.4736868441104889,train,False,missing,2,E:\m-hvc\datasets\old-dataset\frames_unique\BV1go4y1J7MX,0.7933801412582397,0.0315854474902153,0.14502142369747162,0.030012957751750946,1,0,0.6162560284137726
BV1gr4y1h7T1,1,0.17743046581745148,-1.5338542461395264,train,True,asr,2,E:\m-hvc\datasets\old-dataset\frames_unique\BV1gr4y1h7T1,0.9910135865211487,0.0013007477391511202,0.006748969666659832,0.0009366836166009307,0,0,0.8225695341825485
BV1h64y1p7AY,0,0.1856013834476471,-1.4788486957550049,test,True,asr,0,E:\m-hvc\datasets\old-dataset\frames_unique\BV1h64y1p7AY,0.8614891767501831,0.004528421442955732,0.12776221334934235,0.006220255512744188,0,0,0.8143986165523529
BV1h8411i7ia,0,0.04018434137105942,-3.1732637882232666,test,True,asr,0,E:\m-hvc\datasets\old-dataset\frames_unique\BV1h8411i7ia,0.6878525614738464,0.013126864098012447,0.28005850315093994,0.018962055444717407,0,0,0.9598156586289406
BV1hB4y1t7Au,0,0.021379468962550163,-3.8237128257751465,train,True,asr,0,E:\m-hvc\datasets\old-dataset\frames_unique\BV1hB4y1t7Au,0.8757172226905823,0.007940016686916351,0.10636057704687119,0.00998214166611433,0,0,0.9786205310374498
BV1hC4y1Z7tH,0,0.009372713044285774,-4.66053581237793,train,True,asr,0,E:\m-hvc\datasets\old-dataset\frames_unique\BV1hC4y1Z7tH,0.9873714447021484,0.002034762641415,0.008756669238209724,0.0018371437909081578,0,0,0.9906272869557142
BV1hL4y1j7pp,1,0.0807778611779213,-2.4318249225616455,train,False,missing,2,E:\m-hvc\datasets\old-dataset\frames_unique\BV1hL4y1j7pp,0.770369291305542,0.039169393479824066,0.14605845510959625,0.044402942061424255,0,0,0.9192221388220787
BV1hQ4y1h7tb,0,0.02946428395807743,-3.4946694374084473,val,True,asr,0,E:\m-hvc\datasets\old-dataset\frames_unique\BV1hQ4y1h7tb,0.9063896536827087,0.005207487381994724,0.08273027092218399,0.005672624800354242,0,0,0.9705357160419226
BV1he4y1N76x,0,0.01866314373910427,-3.96236515045166,train,True,asr,0,E:\m-hvc\datasets\old-dataset\frames_unique\BV1he4y1N76x,0.9620937705039978,0.003312774933874607,0.031050721183419228,0.0035427724942564964,0,0,0.9813368562608957
BV1hf4y1Z7Pm,1,0.10810668021440506,-2.1102280616760254,train,True,asr,2,E:\m-hvc\datasets\old-dataset\frames_unique\BV1hf4y1Z7Pm,0.9931463599205017,0.0010206106817349792,0.005060700699687004,0.0007722724112682045,0,0,0.8918933197855949
BV1ho4y1G7sV,0,0.03441386669874191,-3.334275722503662,val,False,missing,0,E:\m-hvc\datasets\old-dataset\frames_unique\BV1ho4y1G7sV,0.8580779433250427,0.027443766593933105,0.08650942146778107,0.027968812733888626,0,0,0.9655861333012581
BV1ho4y1h7P8,0,0.014007511548697948,-4.254055023193359,test,True,asr,0,E:\m-hvc\datasets\old-dataset\frames_unique\BV1ho4y1h7P8,0.9951753616333008,0.0009478372521698475,0.003091715509071946,0.0007850098190829158,0,0,0.985992488451302
BV1hp4y1E7z8,1,0.9572755098342896,3.109318256378174,train,False,missing,2,E:\m-hvc\datasets\old-dataset\frames_unique\BV1hp4y1E7z8,0.456194132566452,0.08566972613334656,0.3223447799682617,0.1357913464307785,1,0,0.9572755098342896
BV1hr4y1T7EE,0,0.020902710035443306,-3.846752166748047,train,True,asr,0,E:\m-hvc\datasets\old-dataset\frames_unique\BV1hr4y1T7EE,0.9288217425346375,0.006004465743899345,0.05728387087583542,0.007889925502240658,0,0,0.9790972899645567
BV1hr4y1T7VM,0,0.020285921171307564,-3.877333641052246,test,True,asr,0,E:\m-hvc\datasets\old-dataset\frames_unique\BV1hr4y1T7VM,0.9851018190383911,0.0017318208701908588,0.011673019267618656,0.0014933173079043627,0,0,0.9797140788286924
BV1hu4y1f7Ni,1,0.09291592240333557,-2.2785401344299316,train,True,asr,2,E:\m-hvc\datasets\old-dataset\frames_unique\BV1hu4y1f7Ni,0.8645837306976318,0.00610743835568428,0.1221657544374466,0.007143131922930479,0,0,0.9070840775966644
BV1i24y1K7iC,0,0.008864314295351505,-4.716817855834961,train,True,asr,0,E:\m-hvc\datasets\old-dataset\frames_unique\BV1i24y1K7iC,0.9908784031867981,0.0016056837048381567,0.00611788360401988,0.001398074091412127,0,0,0.9911356857046485
BV1i34y1n7VT,0,0.11325139552354813,-2.0579514503479004,train,False,missing,0,E:\m-hvc\datasets\old-dataset\frames_unique\BV1i34y1n7VT,0.879002571105957,0.017924001440405846,0.08441701531410217,0.018656432628631592,0,0,0.8867486044764519
BV1i34y1p7jU,1,0.3258644640445709,-0.7269496321678162,train,False,missing,2,E:\m-hvc\datasets\old-dataset\frames_unique\BV1i34y1p7jU,0.8868448734283447,0.018903376534581184,0.07573886215686798,0.018512902781367302,1,0,0.6741355359554291
BV1iD4y1B7Sw,0,0.3453100621700287,-0.6397188901901245,train,True,asr,0,E:\m-hvc\datasets\old-dataset\frames_unique\BV1iD4y1B7Sw,0.12147236615419388,0.05914195999503136,0.17492172122001648,0.6444639563560486,1,3,0.6546899378299713
BV1iK4y1x72Q,0,0.014019330963492393,-4.253199577331543,train,True,asr,0,E:\m-hvc\datasets\old-dataset\frames_unique\BV1iK4y1x72Q,0.9974587559700012,0.00048777362098917365,0.001689223456196487,0.00036430166801437736,0,0,0.9859806690365076
BV1iP411B7fA,0,0.33914145827293396,-0.6671224236488342,train,True,asr,0,E:\m-hvc\datasets\old-dataset\frames_unique\BV1iP411B7fA,0.6202771067619324,0.0077203563414514065,0.36205777525901794,0.009944811463356018,1,0,0.660858541727066
BV1iQ4y197ww,0,0.013677160255610943,-4.278256416320801,train,True,asr,0,E:\m-hvc\datasets\old-dataset\frames_unique\BV1iQ4y197ww,0.9843819737434387,0.0019201153190806508,0.011791372671723366,0.0019064988009631634,0,0,0.9863228397443891
BV1iQ4y1X7qY,0,0.017296260222792625,-4.0398173332214355,train,True,asr,0,E:\m-hvc\datasets\old-dataset\frames_unique\BV1iQ4y1X7qY,0.9177674055099487,0.007550291251391172,0.06670144945383072,0.007980783469974995,0,0,0.9827037397772074
BV1iW411V7pN,0,0.016407040879130363,-4.093501567840576,train,True,asr,0,E:\m-hvc\datasets\old-dataset\frames_unique\BV1iW411V7pN,0.9394851922988892,0.005418785382062197,0.049443893134593964,0.005652028601616621,0,0,0.9835929591208696
BV1iW411k7xa,0,0.009111599996685982,-4.689053535461426,train,True,asr,0,E:\m-hvc\datasets\old-dataset\frames_unique\BV1iW411k7xa,0.9941516518592834,0.0011294984724372625,0.0037127018440514803,0.001006108708679676,0,0,0.990888400003314
BV1iW4y1j7Qi,0,0.021587472409009933,-3.8138182163238525,val,True,asr,0,E:\m-hvc\datasets\old-dataset\frames_unique\BV1iW4y1j7Qi,0.9976919889450073,0.00037866036291234195,0.0016567304264754057,0.0002725729427766055,0,0,0.9784125275909901
BV1ia411m7Yy,1,0.9112180471420288,2.328599452972412,val,True,asr,2,E:\m-hvc\datasets\old-dataset\frames_unique\BV1ia411m7Yy,0.9578636884689331,0.010149777866899967,0.022570306435227394,0.009416257962584496,1,0,0.9112180471420288
BV1ia4y1M7dJ,0,0.4571111798286438,-0.17197783291339874,train,True,asr,0,E:\m-hvc\datasets\old-dataset\frames_unique\BV1ia4y1M7dJ,0.8416392207145691,0.006621239241212606,0.1435386836528778,0.008200842887163162,1,0,0.5428888201713562
BV1ic411t7aJ,0,0.011111644096672535,-4.488587856292725,test,True,asr,0,E:\m-hvc\datasets\old-dataset\frames_unique\BV1ic411t7aJ,0.9863731861114502,0.0018704296089708805,0.010027511976659298,0.0017288875533267856,0,0,0.9888883559033275
BV1ie41157AN,0,0.017498094588518143,-4.028010368347168,train,True,asr,0,E:\m-hvc\datasets\old-dataset\frames_unique\BV1ie41157AN,0.9973164200782776,0.0005456663784570992,0.001706981798633933,0.00043088727397844195,0,0,0.9825019054114819
BV1ig41137ru,1,0.04007110372185707,-3.176203727722168,train,True,asr,2,E:\m-hvc\datasets\old-dataset\frames_unique\BV1ig41137ru,0.9976880550384521,0.00040596630424261093,0.001571006141602993,0.00033504024031572044,0,0,0.9599288962781429
BV1ig4y1A7uq,0,0.04955987259745598,-2.9537436962127686,train,True,asr,0,E:\m-hvc\datasets\old-dataset\frames_unique\BV1ig4y1A7uq,0.9958928823471069,0.0005899788811802864,0.0030856411904096603,0.0004314939142204821,0,0,0.950440127402544
BV1ij411H7xa,0,0.022559447214007378,-3.7687835693359375,val,True,asr,0,E:\m-hvc\datasets\old-dataset\frames_unique\BV1ij411H7xa,0.8735032677650452,0.009603642858564854,0.10622220486402512,0.010670948773622513,0,0,0.9774405527859926
BV1is4y167BW,1,0.18497103452682495,-1.4830243587493896,val,False,missing,2,E:\m-hvc\datasets\old-dataset\frames_unique\BV1is4y167BW,0.8401398062705994,0.023741114884614944,0.11511214822530746,0.021006889641284943,0,0,0.815028965473175
BV1iy4y1G7aD,0,0.029378525912761688,-3.4976725578308105,val,True,asr,0,E:\m-hvc\datasets\old-dataset\frames_unique\BV1iy4y1G7aD,0.9961400628089905,0.0007302668527700007,0.0025470738764852285,0.0005826294072903693,0,0,0.9706214740872383
BV1j24y1p7cy,0,0.008646114729344845,-4.741961479187012,train,True,asr,0,E:\m-hvc\datasets\old-dataset\frames_unique\BV1j24y1p7cy,0.9948017597198486,0.0009986832737922668,0.0033508073538541794,0.0008488253224641085,0,0,0.9913538852706552
BV1jE411V7cn,0,0.7865183353424072,1.3040649890899658,train,True,asr,0,E:\m-hvc\datasets\old-dataset\frames_unique\BV1jE411V7cn,0.01437178160995245,0.023173952475190163,0.9410089254379272,0.02144535630941391,1,2,0.7865183353424072
BV1jJ41147t5,0,0.030558135360479355,-3.45708966255188,test,True,asr,0,E:\m-hvc\datasets\old-dataset\frames_unique\BV1jJ41147t5,0.9973471164703369,0.00045870436588302255,0.0018259352073073387,0.00036824221024289727,0,0,0.9694418646395206
BV1jS4y1J74m,1,0.12094902247190475,-1.9834736585617065,train,True,asr,2,E:\m-hvc\datasets\old-dataset\frames_unique\BV1jS4y1J74m,0.9860923886299133,0.0013181330868974328,0.011506267823278904,0.0010831995168700814,0,0,0.8790509775280952
BV1jT4y1Q7qJ,0,0.048715800046920776,-2.9718093872070312,test,True,asr,0,E:\m-hvc\datasets\old-dataset\frames_unique\BV1jT4y1Q7qJ,0.8320422768592834,0.006516067776829004,0.1528615951538086,0.008580023422837257,0,0,0.9512841999530792
BV1jT4y1j7P6,1,0.11519116908311844,-2.03877854347229,test,False,missing,2,E:\m-hvc\datasets\old-dataset\frames_unique\BV1jT4y1j7P6,0.7737916111946106,0.0432552769780159,0.1439262479543686,0.0390268974006176,0,0,0.8848088309168816
BV1jW4y1n7fP,0,0.010468296706676483,-4.548880577087402,test,True,asr,0,E:\m-hvc\datasets\old-dataset\frames_unique\BV1jW4y1n7fP,0.9923900961875916,0.0013036917662248015,0.005221990402787924,0.0010842614574357867,0,0,0.9895317032933235
BV1ja4y1k7Y6,1,0.019418194890022278,-3.921935558319092,train,True,asr,2,E:\m-hvc\datasets\old-dataset\frames_unique\BV1ja4y1k7Y6,0.9933846592903137,0.00117796054109931,0.004551890771836042,0.0008854974876157939,0,0,0.9805818051099777
BV1jh411F7HB,0,0.02766326628625393,-3.5595967769622803,train,True,asr,0,E:\m-hvc\datasets\old-dataset\frames_unique\BV1jh411F7HB,0.8568353056907654,0.009010154753923416,0.12277087569236755,0.01138364803045988,0,0,0.9723367337137461
BV1jh4y1E7yZ,0,0.02751336060464382,-3.5651845932006836,train,True,asr,0,E:\m-hvc\datasets\old-dataset\frames_unique\BV1jh4y1E7yZ,0.9853636622428894,0.0015586494700983167,0.011791402474045753,0.0012862654402852058,0,0,0.9724866393953562
BV1jj411C7nk,0,0.01205078698694706,-4.406501293182373,val,True,asr,0,E:\m-hvc\datasets\old-dataset\frames_unique\BV1jj411C7nk,0.9952665567398071,0.0009671226725913584,0.00295612053014338,0.0008101508137769997,0,0,0.9879492130130529
BV1jk4y1Q7JZ,0,0.008490411564707756,-4.76029109954834,val,True,asr,0,E:\m-hvc\datasets\old-dataset\frames_unique\BV1jk4y1Q7JZ,0.9937795996665955,0.0015192200662568212,0.0035782307386398315,0.0011230153031647205,0,0,0.9915095884352922
BV1jp4y1m7sE,1,0.6490060091018677,0.6146728992462158,train,True,asr,2,E:\m-hvc\datasets\old-dataset\frames_unique\BV1jp4y1m7sE,0.9899771213531494,0.002444304060190916,0.005772783420979977,0.0018057007109746337,1,0,0.6490060091018677
BV1js4y1m7Xq,0,0.02406333014369011,-3.7027084827423096,train,True,asr,0,E:\m-hvc\datasets\old-dataset\frames_unique\BV1js4y1m7Xq,0.9088213443756104,0.005800253711640835,0.07837042212486267,0.007008024025708437,0,0,0.9759366698563099
BV1jz4y1P77v,1,0.5289085507392883,0.11576329171657562,train,True,asr,2,E:\m-hvc\datasets\old-dataset\frames_unique\BV1jz4y1P77v,0.6428333520889282,0.010362615808844566,0.33224737644195557,0.014556731097400188,1,0,0.5289085507392883
BV1kK411B7bL,0,0.0186692476272583,-3.962031841278076,train,True,asr,0,E:\m-hvc\datasets\old-dataset\frames_unique\BV1kK411B7bL,0.9426833987236023,0.0037898242007941008,0.048935212194919586,0.0045915693044662476,0,0,0.9813307523727417
BV1kN4y1e7NX,0,0.024844270199537277,-3.6699700355529785,train,True,asr,0,E:\m-hvc\datasets\old-dataset\frames_unique\BV1kN4y1e7NX,0.8015603423118591,0.010453778319060802,0.17369328439235687,0.01429251953959465,0,0,0.9751557298004627
BV1kQ4y1k72V,1,0.5880151987075806,0.3557663857936859,train,True,asr,2,E:\m-hvc\datasets\old-dataset\frames_unique\BV1kQ4y1k72V,0.9900386333465576,0.001844523474574089,0.006669990718364716,0.0014469074085354805,1,0,0.5880151987075806
BV1kT411m7Lm,1,0.031138624995946884,-3.4376726150512695,train,True,asr,2,E:\m-hvc\datasets\old-dataset\frames_unique\BV1kT411m7Lm,0.9040459394454956,0.00550377881154418,0.08312944322824478,0.00732085108757019,0,0,0.9688613750040531
BV1kT411t7ax,1,0.04664754867553711,-3.017364263534546,train,False,missing,2,E:\m-hvc\datasets\old-dataset\frames_unique\BV1kT411t7ax,0.8694038987159729,0.021098719909787178,0.08589685708284378,0.023600483313202858,0,0,0.9533524513244629
BV1ka4y1m7Ti,0,0.010021567344665527,-4.5929436683654785,train,True,asr,0,E:\m-hvc\datasets\old-dataset\frames_unique\BV1ka4y1m7Ti,0.984000027179718,0.0024059859570115805,0.011262615211308002,0.002331364434212446,0,0,0.9899784326553345
BV1ke41157yE,0,0.01743057370185852,-4.03194522857666,test,True,asr,0,E:\m-hvc\datasets\old-dataset\frames_unique\BV1ke41157yE,0.954306960105896,0.0045344471000134945,0.036544620990753174,0.004613914526998997,0,0,0.9825694262981415
BV1ke411n7vj,1,0.4933297038078308,-0.026682715862989426,test,True,asr,2,E:\m-hvc\datasets\old-dataset\frames_unique\BV1ke411n7vj,0.9906553626060486,0.002121494384482503,0.005617713090032339,0.001605526776984334,1,0,0.5066702961921692
BV1kj41157Je,0,0.010716310702264309,-4.525214195251465,train,True,asr,0,E:\m-hvc\datasets\old-dataset\frames_unique\BV1kj41157Je,0.9956087470054626,0.0009913258254528046,0.0026418252382427454,0.000758121139369905,0,0,0.9892836892977357
BV1ko4y187wP,0,0.3039872944355011,-0.8283818960189819,train,True,asr,0,E:\m-hvc\datasets\old-dataset\frames_unique\BV1ko4y187wP,0.2294321209192276,0.012724874541163445,0.7257153391838074,0.032127745449543,0,2,0.6960127055644989
BV1kq4y1d7L2,0,0.015410974621772766,-4.157144546508789,val,True,asr,0,E:\m-hvc\datasets\old-dataset\frames_unique\BV1kq4y1d7L2,0.9592864513397217,0.012865496799349785,0.02168412320315838,0.006163908634334803,0,0,0.9845890253782272
BV1m341167pW,0,0.03699704259634018,-3.259218454360962,train,False,missing,0,E:\m-hvc\datasets\old-dataset\frames_unique\BV1m341167pW,0.8888647556304932,0.01903196983039379,0.07122204452753067,0.02088114805519581,0,0,0.9630029574036598
BV1m741167yf,0,0.023528432473540306,-3.725736141204834,train,True,asr,0,E:\m-hvc\datasets\old-dataset\frames_unique\BV1m741167yf,0.9964609742164612,0.0007259774720296264,0.0022580844815820456,0.0005550148198381066,0,0,0.9764715675264597
BV1m8411z7mV,0,0.032004766166210175,-3.4093422889709473,val,True,asr,0,E:\m-hvc\datasets\old-dataset\frames_unique\BV1m8411z7mV,0.9976207613945007,0.00042332071461714804,0.0016371316742151976,0.0003187521651852876,0,0,0.9679952338337898
BV1mB421k7aq,0,0.00867603812366724,-4.738476276397705,train,True,asr,0,E:\m-hvc\datasets\old-dataset\frames_unique\BV1mB421k7aq,0.9937382936477661,0.001133361249230802,0.00416572904214263,0.0009625975508242846,0,0,0.9913239618763328
BV1mG411J7Gy,0,0.01619453728199005,-4.106754302978516,val,True,asr,0,E:\m-hvc\datasets\old-dataset\frames_unique\BV1mG411J7Gy,0.9528098106384277,0.004014657344669104,0.03899439051747322,0.004181079100817442,0,0,0.98380546271801
BV1mG411W753,0,0.01067101489752531,-4.529495716094971,train,True,asr,0,E:\m-hvc\datasets\old-dataset\frames_unique\BV1mG411W753,0.98847895860672,0.0019414102425798774,0.007895702496170998,0.0016838944284245372,0,0,0.9893289851024747
BV1mJ41187Gc,0,0.02896610088646412,-3.512235164642334,train,True,asr,0,E:\m-hvc\datasets\old-dataset\frames_unique\BV1mJ41187Gc,0.869222104549408,0.008427288383245468,0.11023186147212982,0.012118780054152012,0,0,0.9710338991135359
BV1mL411U7jj,0,0.009177549742162228,-4.681775093078613,train,True,asr,0,E:\m-hvc\datasets\old-dataset\frames_unique\BV1mL411U7jj,0.9905775785446167,0.0017759542679414153,0.006175576709210873,0.0014709592796862125,0,0,0.9908224502578378
BV1mL411x7dS,0,0.013546489179134369,-4.287988662719727,train,True,asr,0,E:\m-hvc\datasets\old-dataset\frames_unique\BV1mL411x7dS,0.9907659292221069,0.0012081479653716087,0.007020709570497274,0.0010051494464278221,0,0,0.9864535108208656
BV1mQ4y1r7GD,0,0.016659541055560112,-4.077972412109375,train,True,asr,0,E:\m-hvc\datasets\old-dataset\frames_unique\BV1mQ4y1r7GD,0.9306624531745911,0.006181382108479738,0.056602586060762405,0.006553581450134516,0,0,0.9833404589444399
BV1mX4y1Y79n,0,0.014927440322935581,-4.18951416015625,train,True,asr,0,E:\m-hvc\datasets\old-dataset\frames_unique\BV1mX4y1Y79n,0.9508059620857239,0.005353386513888836,0.03907093033194542,0.004769767168909311,0,0,0.9850725596770644
BV1ma4y1z7Kv,0,0.015440491028130054,-4.155200958251953,train,True,asr,0,E:\m-hvc\datasets\old-dataset\frames_unique\BV1ma4y1z7Kv,0.9374078512191772,0.005326612386852503,0.051577743142843246,0.005687802564352751,0,0,0.98455950897187
BV1me4y1S7Y1,0,0.016317225992679596,-4.099081993103027,train,True,asr,0,E:\m-hvc\datasets\old-dataset\frames_unique\BV1me4y1S7Y1,0.9944410920143127,0.0007919786730781198,0.004105253145098686,0.0006615847232751548,0,0,0.9836827740073204
BV1mp4y1E7QP,0,0.014407983049750328,-4.225460052490234,train,True,asr,0,E:\m-hvc\datasets\old-dataset\frames_unique\BV1mp4y1E7QP,0.9631270170211792,0.004345431923866272,0.027893291786313057,0.004634254612028599,0,0,0.9855920169502497
BV1mv4y197DG,1,0.6208151578903198,0.49300968647003174,train,False,missing,2,E:\m-hvc\datasets\old-dataset\frames_unique\BV1mv4y197DG,0.716604471206665,0.04631529375910759,0.19578726589679718,0.041292913258075714,1,0,0.6208151578903198
BV1nB4y1Q73J,0,0.011632055975496769,-4.442290306091309,test,True,asr,0,E:\m-hvc\datasets\old-dataset\frames_unique\BV1nB4y1Q73J,0.9840870499610901,0.0029148648027330637,0.01055597048252821,0.0024421405978500843,0,0,0.9883679440245032
BV1nJ4m1p7BG,0,0.00863695703446865,-4.743030548095703,test,True,asr,0,E:\m-hvc\datasets\old-dataset\frames_unique\BV1nJ4m1p7BG,0.9934027791023254,0.001333541003987193,0.004227884113788605,0.001035758526995778,0,0,0.9913630429655313
BV1nP4y1s75k,0,0.07863467931747437,-2.4610438346862793,train,True,asr,0,E:\m-hvc\datasets\old-dataset\frames_unique\BV1nP4y1s75k,0.9944965243339539,0.0007031670538708568,0.004204427823424339,0.0005959790432825685,0,0,0.9213653206825256
BV1nQ4y1A7Dy,1,0.0873199850320816,-2.346806049346924,train,True,asr,2,E:\m-hvc\datasets\old-dataset\frames_unique\BV1nQ4y1A7Dy,0.9959958791732788,0.0008679673192091286,0.0024952287785708904,0.0006408907356671989,0,0,0.9126800149679184
BV1nV411W7aY,1,0.043182123452425,-3.098186492919922,val,True,asr,2,E:\m-hvc\datasets\old-dataset\frames_unique\BV1nV411W7aY,0.9955833554267883,0.0007493976154364645,0.0030701705254614353,0.00059704011073336,0,0,0.956817876547575
BV1nV4y1B7co,0,0.027441538870334625,-3.5678722858428955,val,True,asr,0,E:\m-hvc\datasets\old-dataset\frames_unique\BV1nV4y1B7co,0.9393745064735413,0.004306642804294825,0.05012468993663788,0.006194157060235739,0,0,0.9725584611296654
BV1nY4y1B7h3,0,0.008475884795188904,-4.762018203735352,test,True,asr,0,E:\m-hvc\datasets\old-dataset\frames_unique\BV1nY4y1B7h3,0.9934102892875671,0.0013192673213779926,0.004125851206481457,0.0011445373529568315,0,0,0.9915241152048111
BV1nf4y1q7NV,0,0.27968350052833557,-0.9460319876670837,test,False,missing,0,E:\m-hvc\datasets\old-dataset\frames_unique\BV1nf4y1q7NV,0.6607145667076111,0.060804206877946854,0.20332832634449005,0.07515296339988708,0,0,0.7203164994716644
BV1nj411a7tK,0,0.015681788325309753,-4.139449119567871,train,True,asr,0,E:\m-hvc\datasets\old-dataset\frames_unique\BV1nj411a7tK,0.9931790828704834,0.0009543428313918412,0.00501215597614646,0.000854360987432301,0,0,0.9843182116746902
BV1o44y197Eu,0,0.06309407949447632,-2.697955846786499,train,True,asr,0,E:\m-hvc\datasets\old-dataset\frames_unique\BV1o44y197Eu,0.9968090653419495,0.0005789345595985651,0.00224655051715672,0.0003653729218058288,0,0,0.9369059205055237
BV1o54y157yg,0,0.15302668511867523,-1.7110568284988403,train,True,asr,0,E:\m-hvc\datasets\old-dataset\frames_unique\BV1o54y157yg,0.7561346292495728,0.006212702952325344,0.23014913499355316,0.007503508124500513,0,0,0.8469733148813248
BV1oJ411p7Hi,1,0.01730700396001339,-4.039185523986816,train,True,asr,2,E:\m-hvc\datasets\old-dataset\frames_unique\BV1oJ411p7Hi,0.9955089092254639,0.0006370499613694847,0.0032815863378345966,0.0005724565708078444,0,0,0.9826929960399866
BV1oK41127n4,1,0.9761372208595276,3.7112839221954346,train,False,missing,2,E:\m-hvc\datasets\old-dataset\frames_unique\BV1oK41127n4,0.2538943588733673,0.14831973612308502,0.3100336790084839,0.2877522110939026,1,2,0.9761372208595276
BV1oS4y1c7v3,1,0.01401890255510807,-4.253230571746826,train,True,asr,2,E:\m-hvc\datasets\old-dataset\frames_unique\BV1oS4y1c7v3,0.9922359585762024,0.001261465367861092,0.0054550450295209885,0.0010475803865119815,0,0,0.9859810974448919
BV1oT4y1b7fT,1,0.1516966074705124,-1.7213557958602905,test,True,asr,2,E:\m-hvc\datasets\old-dataset\frames_unique\BV1oT4y1b7fT,0.45770299434661865,0.013724219053983688,0.5070995688438416,0.021473266184329987,0,2,0.8483033925294876
BV1oV411D7dG,0,0.010076606646180153,-4.587410926818848,val,True,asr,0,E:\m-hvc\datasets\old-dataset\frames_unique\BV1oV411D7dG,0.9931678175926208,0.0010929852724075317,0.004744043108075857,0.0009951582178473473,0,0,0.9899233933538198
BV1oX4y1979H,1,0.9725050926208496,3.5658740997314453,train,False,missing,2,E:\m-hvc\datasets\old-dataset\frames_unique\BV1oX4y1979H,0.31522658467292786,0.1264176070690155,0.38642218708992004,0.1719336211681366,1,2,0.9725050926208496
BV1od4y1J7DX,0,0.011742896400392056,-4.432694435119629,train,True,asr,0,E:\m-hvc\datasets\old-dataset\frames_unique\BV1od4y1J7DX,0.9950763583183289,0.0011427709832787514,0.0028667461592704058,0.0009141862974502146,0,0,0.9882571035996079
BV1oi4y1g7fm,0,0.011887830682098866,-4.420280933380127,train,True,asr,0,E:\m-hvc\datasets\old-dataset\frames_unique\BV1oi4y1g7fm,0.9705426692962646,0.003742927685379982,0.02210564725100994,0.0036087415646761656,0,0,0.9881121693179011
BV1ok4y1N7tr,0,0.1936204433441162,-1.4266548156738281,val,True,asr,0,E:\m-hvc\datasets\old-dataset\frames_unique\BV1ok4y1N7tr,0.9963114857673645,0.000741116760764271,0.0024165951181203127,0.0005307980463840067,0,0,0.8063795566558838
BV1oq4y1X7bV,0,0.01481096912175417,-4.197465419769287,train,True,asr,0,E:\m-hvc\datasets\old-dataset\frames_unique\BV1oq4y1X7bV,0.9820368885993958,0.0026443328242748976,0.012891683727502823,0.002427131636068225,0,0,0.9851890308782458
BV1ot411h7my,0,0.011328868567943573,-4.46900749206543,train,True,asr,0,E:\m-hvc\datasets\old-dataset\frames_unique\BV1ot411h7my,0.9954237341880798,0.0010890804696828127,0.0026958275120705366,0.0007913668523542583,0,0,0.9886711314320564
BV1ou4y1n7vU,1,0.07645541429519653,-2.491511344909668,train,True,asr,2,E:\m-hvc\datasets\old-dataset\frames_unique\BV1ou4y1n7vU,0.996452808380127,0.0005305756931193173,0.0026096508372575045,0.00040697725489735603,0,0,0.9235445857048035
BV1ov4y1b7Yb,0,0.021875644102692604,-3.800262928009033,test,True,asr,0,E:\m-hvc\datasets\old-dataset\frames_unique\BV1ov4y1b7Yb,0.9951632022857666,0.0008379606297239661,0.003245321800932288,0.0007534812320955098,0,0,0.9781243558973074
BV1p14y1D7da,1,0.011985274963080883,-4.412018775939941,train,True,asr,2,E:\m-hvc\datasets\old-dataset\frames_unique\BV1p14y1D7da,0.9951417446136475,0.0009940522722899914,0.003044567070901394,0.0008196627022698522,0,0,0.9880147250369191
BV1pB4y1y7xu,0,0.014210944063961506,-4.239429950714111,train,True,asr,0,E:\m-hvc\datasets\old-dataset\frames_unique\BV1pB4y1y7xu,0.9814833998680115,0.002495366847142577,0.013702639378607273,0.0023185063619166613,0,0,0.9857890559360385
BV1pE411A787,1,0.010485376231372356,-4.5472331047058105,train,True,asr,2,E:\m-hvc\datasets\old-dataset\frames_unique\BV1pE411A787,0.9943432807922363,0.0010307894553989172,0.0037392545491456985,0.0008866491261869669,0,0,0.9895146237686276
BV1pK411G7vj,0,0.008545663207769394,-4.753748893737793,train,True,asr,0,E:\m-hvc\datasets\old-dataset\frames_unique\BV1pK411G7vj,0.9943791031837463,0.0011676887515932322,0.003487983252853155,0.0009651948348619044,0,0,0.9914543367922306
BV1pQ4y1o7aZ,0,0.039717867970466614,-3.1854259967803955,val,True,asr,0,E:\m-hvc\datasets\old-dataset\frames_unique\BV1pQ4y1o7aZ,0.9455240368843079,0.003456372069194913,0.04776284843683243,0.003256735857576132,0,0,0.9602821320295334
BV1pY4y187qh,1,0.9166417121887207,2.397568702697754,train,False,missing,2,E:\m-hvc\datasets\old-dataset\frames_unique\BV1pY4y187qh,0.35482120513916016,0.10046867281198502,0.40973249077796936,0.13497765362262726,1,2,0.9166417121887207
BV1pY4y1L7TN,0,0.025345206260681152,-3.64949369430542,train,False,missing,0,E:\m-hvc\datasets\old-dataset\frames_unique\BV1pY4y1L7TN,0.8512469530105591,0.03165878355503082,0.08442093431949615,0.032673269510269165,0,0,0.9746547937393188
BV1pc411y7qs,0,0.2918097972869873,-0.8866105675697327,val,True,asr,0,E:\m-hvc\datasets\old-dataset\frames_unique\BV1pc411y7qs,0.9593639373779297,0.0028442556504160166,0.034805912524461746,0.0029859566129744053,0,0,0.7081902027130127
BV1po4y1o7Fk,0,0.10039493441581726,-2.1928441524505615,train,True,asr,0,E:\m-hvc\datasets\old-dataset\frames_unique\BV1po4y1o7Fk,0.6415835022926331,0.009486855007708073,0.33514124155044556,0.013788379728794098,0,0,0.8996050655841827
BV1pr4y1H7fx,1,0.22939592599868774,-1.2117252349853516,train,True,asr,2,E:\m-hvc\datasets\old-dataset\frames_unique\BV1pr4y1H7fx,0.4154975712299347,0.00905065517872572,0.5581235289573669,0.017328189685940742,0,2,0.7706040740013123
BV1pv4y1a71S,0,0.009567507542669773,-4.639769077301025,train,True,asr,0,E:\m-hvc\datasets\old-dataset\frames_unique\BV1pv4y1a71S,0.9856235980987549,0.002419454976916313,0.009824441745877266,0.002132501918822527,0,0,0.9904324924573302
BV1q14y1M7ob,1,0.9571740031242371,3.106839179992676,val,True,asr,2,E:\m-hvc\datasets\old-dataset\frames_unique\BV1q14y1M7ob,0.29473641514778137,0.025059234350919724,0.6238111257553101,0.05639319866895676,1,2,0.9571740031242371
BV1q24y1V7G5,0,0.6524249911308289,0.6297159194946289,train,True,asr,0,E:\m-hvc\datasets\old-dataset\frames_unique\BV1q24y1V7G5,0.9856187701225281,0.003157920902594924,0.008785422891378403,0.0024379028473049402,1,0,0.6524249911308289
BV1q5411w7fX,0,0.00981724914163351,-4.613748550415039,train,True,asr,0,E:\m-hvc\datasets\old-dataset\frames_unique\BV1q5411w7fX,0.9947606921195984,0.000999600626528263,0.0034097889438271523,0.0008299500332213938,0,0,0.9901827508583665
BV1q54y1u73X,1,0.9066099524497986,2.2729272842407227,train,False,missing,2,E:\m-hvc\datasets\old-dataset\frames_unique\BV1q54y1u73X,0.48074379563331604,0.09390967339277267,0.32314687967300415,0.10219968855381012,1,0,0.9066099524497986
BV1q642137Ej,1,0.761572003364563,1.1613173484802246,train,True,asr,2,E:\m-hvc\datasets\old-dataset\frames_unique\BV1q642137Ej,0.9807430505752563,0.0032744663767516613,0.013261564075946808,0.002720975549891591,1,0,0.761572003364563
BV1q84y1e78M,1,0.24845688045024872,-1.1068593263626099,train,True,asr,2,E:\m-hvc\datasets\old-dataset\frames_unique\BV1q84y1e78M,0.9959455132484436,0.000987401232123375,0.0024167904630303383,0.0006502516916953027,0,0,0.7515431195497513
BV1q94y1L76j,0,0.011234317906200886,-4.477484226226807,train,True,asr,0,E:\m-hvc\datasets\old-dataset\frames_unique\BV1q94y1L76j,0.9952914714813232,0.0008015529019758105,0.0032469891011714935,0.0006599556072615087,0,0,0.9887656820937991
BV1qF411Z7Lj,1,0.4294452369213104,-0.2841149568557739,train,True,asr,2,E:\m-hvc\datasets\old-dataset\frames_unique\BV1qF411Z7Lj,0.9901747703552246,0.002295714570209384,0.005898632574826479,0.001630969811230898,1,0,0.5705547630786896
BV1qJ4m1J7Jo,1,0.08675795048475266,-2.353878974914551,train,True,asr,2,E:\m-hvc\datasets\old-dataset\frames_unique\BV1qJ4m1J7Jo,0.9854318499565125,0.0011392822489142418,0.012385577894747257,0.0010432681301608682,0,0,0.9132420495152473
BV1qK411H72N,0,0.017747534438967705,-4.013601779937744,train,True,asr,0,E:\m-hvc\datasets\old-dataset\frames_unique\BV1qK411H72N,0.917116641998291,0.00647125206887722,0.06851863116025925,0.00789349153637886,0,0,0.9822524655610323
BV1qT411a7CZ,0,0.009255454875528812,-4.673243522644043,train,True,asr,0,E:\m-hvc\datasets\old-dataset\frames_unique\BV1qT411a7CZ,0.9919586181640625,0.0014625851763412356,0.005244990810751915,0.001333831693045795,0,0,0.9907445451244712
BV1qT4y1B7xM,0,0.02315712720155716,-3.742023229598999,test,True,asr,0,E:\m-hvc\datasets\old-dataset\frames_unique\BV1qT4y1B7xM,0.989080548286438,0.0017492540646344423,0.00764187378808856,0.0015282871900126338,0,0,0.9768428727984428
BV1qV411w7t1,0,0.013689438812434673,-4.277346611022949,train,True,asr,0,E:\m-hvc\datasets\old-dataset\frames_unique\BV1qV411w7t1,0.9936987161636353,0.0009511554380878806,0.004536529537290335,0.0008135873358696699,0,0,0.9863105611875653
BV1qV4y1F7cQ,1,0.027869410812854767,-3.5519604682922363,train,True,asr,2,E:\m-hvc\datasets\old-dataset\frames_unique\BV1qV4y1F7cQ,0.9970393180847168,0.0006252878811210394,0.0019210544414818287,0.0004143587138969451,0,0,0.9721305891871452
BV1qZ4y1T71a,1,0.03560760244727135,-3.2989389896392822,train,True,asr,2,E:\m-hvc\datasets\old-dataset\frames_unique\BV1qZ4y1T71a,0.9976561069488525,0.00042320089414715767,0.0016057740431278944,0.00031492148991674185,0,0,0.9643923975527287
BV1qd4y1z75Z,1,0.11320504546165466,-2.058413028717041,train,True,asr,3,E:\m-hvc\datasets\old-dataset\frames_unique\BV1qd4y1z75Z,0.5428473949432373,0.0746050477027893,0.15085618197917938,0.2316914051771164,0,0,0.8867949545383453
BV1qe411r7Mg,0,0.013728735968470573,-4.274440288543701,train,True,asr,0,E:\m-hvc\datasets\old-dataset\frames_unique\BV1qe411r7Mg,0.9706432819366455,0.0029385744128376245,0.023311538621783257,0.003106527728959918,0,0,0.9862712640315294
BV1qm4y1B7QG,1,0.23697243630886078,-1.1693503856658936,train,True,asr,2,E:\m-hvc\datasets\old-dataset\frames_unique\BV1qm4y1B7QG,0.9958755373954773,0.000798034539911896,0.002793762367218733,0.0005326263490132987,0,0,0.7630275636911392
BV1qv4y1v7uo,0,0.011658592149615288,-4.4399847984313965,train,True,asr,0,E:\m-hvc\datasets\old-dataset\frames_unique\BV1qv4y1v7uo,0.9939761161804199,0.0009861838771030307,0.00421701418235898,0.0008206553757190704,0,0,0.9883414078503847
BV1r64y1H78r,0,0.9226827621459961,2.4793686866760254,val,True,asr,0,E:\m-hvc\datasets\old-dataset\frames_unique\BV1r64y1H78r,0.5224227905273438,0.02805560827255249,0.405889093875885,0.04363248124718666,1,0,0.9226827621459961
BV1rG411L7n6,1,0.07030200958251953,-2.582059383392334,val,True,asr,2,E:\m-hvc\datasets\old-dataset\frames_unique\BV1rG411L7n6,0.3431343138217926,0.018822012469172478,0.6040963530540466,0.03394729271531105,0,2,0.9296979904174805
BV1rG4y167RB,0,0.01041327603161335,-4.554205894470215,train,True,asr,0,E:\m-hvc\datasets\old-dataset\frames_unique\BV1rG4y167RB,0.9941800832748413,0.0010325426701456308,0.003906667698174715,0.0008807627600617707,0,0,0.9895867239683867
BV1rL411B7pD,0,0.01274974923580885,-4.349411964416504,train,True,asr,0,E:\m-hvc\datasets\old-dataset\frames_unique\BV1rL411B7pD,0.9693487286567688,0.0033671425189822912,0.024007923901081085,0.0032762212213128805,0,0,0.9872502507641912
BV1rV4y167VC,0,0.02978155016899109,-3.4836320877075195,train,False,missing,0,E:\m-hvc\datasets\old-dataset\frames_unique\BV1rV4y167VC,0.8565381169319153,0.02864186279475689,0.08489957451820374,0.029920415952801704,0,0,0.9702184498310089
BV1rh411y7gS,1,0.24268104135990143,-1.1380366086959839,train,True,asr,3,E:\m-hvc\datasets\old-dataset\frames_unique\BV1rh411y7gS,0.13932237029075623,0.05598403885960579,0.5594659447669983,0.24522759020328522,0,2,0.7573189586400986
BV1rq4y177j1,0,0.39548948407173157,-0.4242948591709137,val,True,asr,0,E:\m-hvc\datasets\old-dataset\frames_unique\BV1rq4y177j1,0.5411252379417419,0.009377353824675083,0.4369840621948242,0.01251331064850092,1,0,0.6045105159282684
BV1rt4y197Ma,0,0.009001025930047035,-4.7013750076293945,train,True,asr,0,E:\m-hvc\datasets\old-dataset\frames_unique\BV1rt4y197Ma,0.9924824833869934,0.0017839375650510192,0.004272432066500187,0.0014611778315156698,0,0,0.990998974069953
BV1ru411E7Ph,1,0.18771448731422424,-1.4649298191070557,train,True,asr,2,E:\m-hvc\datasets\old-dataset\frames_unique\BV1ru411E7Ph,0.9792259931564331,0.002798287896439433,0.015792274847626686,0.002183354925364256,0,0,0.8122855126857758
BV1ru411X7TR,1,0.05139908194541931,-2.915367841720581,train,True,asr,2,E:\m-hvc\datasets\old-dataset\frames_unique\BV1ru411X7TR,0.9067664742469788,0.0046862950548529625,0.08259285986423492,0.005954385735094547,0,0,0.9486009180545807
BV1ru4m1N7qy,1,0.9753642082214355,3.6786091327667236,test,False,missing,2,E:\m-hvc\datasets\old-dataset\frames_unique\BV1ru4m1N7qy,0.2809794545173645,0.12484241276979446,0.36249199509620667,0.23168613016605377,1,2,0.9753642082214355
BV1s14y1a7Z9,1,0.6776862144470215,0.743158757686615,train,True,asr,2,E:\m-hvc\datasets\old-dataset\frames_unique\BV1s14y1a7Z9,0.9899863600730896,0.002472168067470193,0.005865158513188362,0.001676371437497437,1,0,0.6776862144470215
BV1s24y1L7tr,1,0.9822224378585815,4.011880397796631,train,False,missing,2,E:\m-hvc\datasets\old-dataset\frames_unique\BV1s24y1L7tr,0.21808572113513947,0.1283351629972458,0.3479997515678406,0.30557942390441895,1,2,0.9822224378585815
BV1s3411f7Zr,0,0.009284907020628452,-4.670036792755127,train,True,asr,0,E:\m-hvc\datasets\old-dataset\frames_unique\BV1s3411f7Zr,0.993493378162384,0.0012853442458435893,0.004133389797061682,0.0010879116598516703,0,0,0.9907150929793715
BV1s3411j7Px,0,0.013750666752457619,-4.27282190322876,train,True,asr,0,E:\m-hvc\datasets\old-dataset\frames_unique\BV1s3411j7Px,0.9941701889038086,0.0010030464036390185,0.003990478347986937,0.0008363532251678407,0,0,0.9862493332475424
BV1s4411c7Xu,0,0.020405037328600883,-3.8713574409484863,train,True,asr,0,E:\m-hvc\datasets\old-dataset\frames_unique\BV1s4411c7Xu,0.9965956807136536,0.0005766156245954335,0.002403845079243183,0.000423875346314162,0,0,0.9795949626713991
BV1sH4y1m7S2,0,0.12036298960447311,-1.988997220993042,val,False,missing,0,E:\m-hvc\datasets\old-dataset\frames_unique\BV1sH4y1m7S2,0.8293249011039734,0.028755083680152893,0.1161731481552124,0.02574678510427475,0,0,0.8796370103955269
BV1sM4y1b7Jo,1,0.9501237869262695,2.947049617767334,train,False,missing,2,E:\m-hvc\datasets\old-dataset\frames_unique\BV1sM4y1b7Jo,0.35750874876976013,0.1036616712808609,0.400478333234787,0.13835127651691437,1,2,0.9501237869262695
BV1sP41167zR,1,0.020970022305846214,-3.843468427658081,val,True,asr,2,E:\m-hvc\datasets\old-dataset\frames_unique\BV1sP41167zR,0.9313571453094482,0.00476281251758337,0.05735272541642189,0.0065273866057395935,0,0,0.9790299776941538
BV1sQ4y1f7vn,0,0.029616715386509895,-3.489352226257324,train,True,asr,0,E:\m-hvc\datasets\old-dataset\frames_unique\BV1sQ4y1f7vn,0.8723964095115662,0.006201432552188635,0.11409568041563034,0.0073064398020505905,0,0,0.9703832846134901
BV1sU4y187tU,0,0.01794308051466942,-4.002444744110107,train,True,asr,0,E:\m-hvc\datasets\old-dataset\frames_unique\BV1sU4y187tU,0.9943472743034363,0.0007426886004395783,0.004315278492867947,0.0005946903256699443,0,0,0.9820569194853306
BV1sV4y117mE,0,0.01715674065053463,-4.04805850982666,val,True,asr,0,E:\m-hvc\datasets\old-dataset\frames_unique\BV1sV4y117mE,0.9217382669448853,0.006387151312083006,0.0648389458656311,0.007035622373223305,0,0,0.9828432593494654
BV1sa411U7wo,0,0.09963592141866684,-2.2012765407562256,train,True,asr,0,E:\m-hvc\datasets\old-dataset\frames_unique\BV1sa411U7wo,0.9953469634056091,0.0008354252204298973,0.0032741709146648645,0.0005434324266389012,0,0,0.9003640785813332
BV1sb411X7b5,1,0.9535419344902039,3.021632671356201,val,False,missing,2,E:\m-hvc\datasets\old-dataset\frames_unique\BV1sb411X7b5,0.39560467004776,0.12435026466846466,0.3139561712741852,0.16608889400959015,1,0,0.9535419344902039
BV1sb4y1Q794,0,0.015997134149074554,-4.1192193031311035,test,True,asr,0,E:\m-hvc\datasets\old-dataset\frames_unique\BV1sb4y1Q794,0.9809321165084839,0.0023681395687162876,0.014285331591963768,0.0024144586641341448,0,0,0.9840028658509254
BV1sg411i7Ft,0,0.009211929515004158,-4.678001403808594,train,True,asr,0,E:\m-hvc\datasets\old-dataset\frames_unique\BV1sg411i7Ft,0.9900143146514893,0.0017753464635461569,0.00667920708656311,0.00153113785199821,0,0,0.9907880704849958
BV1sh411w7bY,0,0.01677565649151802,-4.070908546447754,train,True,asr,0,E:\m-hvc\datasets\old-dataset\frames_unique\BV1sh411w7bY,0.931675136089325,0.005407384596765041,0.05695438012480736,0.005963117815554142,0,0,0.983224343508482
BV1so4y1L74Z,0,0.014298900030553341,-4.233170509338379,train,True,asr,0,E:\m-hvc\datasets\old-dataset\frames_unique\BV1so4y1L74Z,0.9761229157447815,0.0022843824699521065,0.01905216835439205,0.002540457295253873,0,0,0.9857010999694467
BV1sr4y1A7x7,0,0.008759147487580776,-4.728858947753906,train,True,asr,0,E:\m-hvc\datasets\old-dataset\frames_unique\BV1sr4y1A7x7,0.9944109320640564,0.001080147223547101,0.0035809853579849005,0.00092800467973575,0,0,0.9912408525124192
BV1ss411f7Vx,1,0.7180591225624084,0.9348546862602234,val,True,asr,2,E:\m-hvc\datasets\old-dataset\frames_unique\BV1ss411f7Vx,0.9496732354164124,0.004490998107939959,0.040894199162721634,0.004941591992974281,1,0,0.7180591225624084
BV1sy4y1X75j,0,0.009691400453448296,-4.626777648925781,train,True,asr,0,E:\m-hvc\datasets\old-dataset\frames_unique\BV1sy4y1X75j,0.9950985312461853,0.0010600058594718575,0.002987502608448267,0.0008539647678844631,0,0,0.9903085995465517
BV1t2421w7n9,0,0.012642919085919857,-4.357934474945068,train,True,asr,0,E:\m-hvc\datasets\old-dataset\frames_unique\BV1t2421w7n9,0.9762272834777832,0.003488207934424281,0.016972288489341736,0.003312155604362488,0,0,0.9873570809140801
BV1t44y1J7zD,0,0.009985615499317646,-4.596573829650879,train,True,asr,0,E:\m-hvc\datasets\old-dataset\frames_unique\BV1t44y1J7zD,0.9957259893417358,0.0009052105597220361,0.0026672519743442535,0.0007015237351879478,0,0,0.9900143845006824
BV1t5411h71N,0,0.031816333532333374,-3.4154419898986816,test,True,asr,0,E:\m-hvc\datasets\old-dataset\frames_unique\BV1t5411h71N,0.8571008443832397,0.011827505193650723,0.11178577691316605,0.01928592473268509,0,0,0.9681836664676666
BV1t84y1S7F7,0,0.010056787170469761,-4.589399814605713,train,True,asr,0,E:\m-hvc\datasets\old-dataset\frames_unique\BV1t84y1S7F7,0.993415117263794,0.001255223760381341,0.004351409152150154,0.0009782509878277779,0,0,0.9899432128295302
BV1tB421r7sX,0,0.008978505618870258,-4.703902721405029,train,True,asr,0,E:\m-hvc\datasets\old-dataset\frames_unique\BV1tB421r7sX,0.9940033555030823,0.0011932789348065853,0.0037383083254098892,0.0010651643387973309,0,0,0.9910214943811297
BV1tC4y187C9,0,0.029111484065651894,-3.5070788860321045,train,False,missing,0,E:\m-hvc\datasets\old-dataset\frames_unique\BV1tC4y187C9,0.8676133155822754,0.027703426778316498,0.07429379969835281,0.030389446765184402,0,0,0.9708885159343481
BV1tG411r7bD,1,0.5423923134803772,0.1699773520231247,train,True,asr,2,E:\m-hvc\datasets\old-dataset\frames_unique\BV1tG411r7bD,0.980981707572937,0.0028670697938650846,0.014490221627056599,0.0016609992599114776,1,0,0.5423923134803772
BV1tJ411y7xH,0,0.02957090549170971,-3.4909474849700928,test,False,missing,0,E:\m-hvc\datasets\old-dataset\frames_unique\BV1tJ411y7xH,0.8989449143409729,0.0206560380756855,0.05846144258975983,0.021937517449259758,0,0,0.9704290945082903
BV1tP41127dY,0,0.015284047462046146,-4.165543556213379,val,True,asr,0,E:\m-hvc\datasets\old-dataset\frames_unique\BV1tP41127dY,0.954677164554596,0.0043165115639567375,0.0362512543797493,0.004755088593810797,0,0,0.9847159525379539
BV1tP4y1b7NN,0,0.9158563017845154,2.387333869934082,val,True,asr,0,E:\m-hvc\datasets\old-dataset\frames_unique\BV1tP4y1b7NN,0.8289998173713684,0.019424421712756157,0.12509050965309143,0.026485158130526543,1,0,0.9158563017845154
BV1tV4y1j7NZ,0,0.025558847934007645,-3.640880584716797,train,False,missing,0,E:\m-hvc\datasets\old-dataset\frames_unique\BV1tV4y1j7NZ,0.8653865456581116,0.02842947095632553,0.07603383809328079,0.030150137841701508,0,0,0.9744411520659924
BV1tY411c7cc,0,0.0396670401096344,-3.1867594718933105,train,True,asr,0,E:\m-hvc\datasets\old-dataset\frames_unique\BV1tY411c7cc,0.87771075963974,0.00530766136944294,0.11093361675739288,0.0060479240491986275,0,0,0.9603329598903656
BV1te411D7zR,0,0.8374552130699158,1.6394143104553223,test,True,asr,0,E:\m-hvc\datasets\old-dataset\frames_unique\BV1te411D7zR,0.9652373790740967,0.008054210804402828,0.02057761326432228,0.006130807101726532,1,0,0.8374552130699158
BV1tf4y1U77w,0,0.011592268943786621,-4.445756912231445,train,True,asr,0,E:\m-hvc\datasets\old-dataset\frames_unique\BV1tf4y1U77w,0.9842273592948914,0.0022066363599151373,0.011517070233821869,0.0020489664748311043,0,0,0.9884077310562134
BV1to4y177df,0,0.07670186460018158,-2.4880261421203613,train,True,asr,0,E:\m-hvc\datasets\old-dataset\frames_unique\BV1to4y177df,0.9421226382255554,0.0031445156782865524,0.051362622529268265,0.0033702668733894825,0,0,0.9232981353998184
BV1tq4y1G74f,0,0.015147095546126366,-4.174683570861816,test,True,asr,0,E:\m-hvc\datasets\old-dataset\frames_unique\BV1tq4y1G74f,0.9904569983482361,0.0013772714883089066,0.006990497466176748,0.0011752564460039139,0,0,0.9848529044538736
BV1tr4y1Q79T,0,0.018275365233421326,-3.9837567806243896,train,True,asr,0,E:\m-hvc\datasets\old-dataset\frames_unique\BV1tr4y1Q79T,0.9891391396522522,0.0012608756078407168,0.008406891487538815,0.0011931083863601089,0,0,0.9817246347665787
BV1tw411g7Qh,0,0.01681811735033989,-4.068337440490723,train,True,asr,0,E:\m-hvc\datasets\old-dataset\frames_unique\BV1tw411g7Qh,0.9322652220726013,0.006074965000152588,0.05448130890727043,0.007178525906056166,0,0,0.9831818826496601
BV1uF411K7DZ,0,0.008471974171698093,-4.762483596801758,val,True,asr,0,E:\m-hvc\datasets\old-dataset\frames_unique\BV1uF411K7DZ,0.9948638081550598,0.0009967873338609934,0.0032813288271427155,0.0008581276633776724,0,0,0.9915280258283019
BV1uL41157ZA,0,0.009991226717829704,-4.596006393432617,train,True,asr,0,E:\m-hvc\datasets\old-dataset\frames_unique\BV1uL41157ZA,0.995930016040802,0.0007215345976874232,0.002772086765617132,0.0005764049710705876,0,0,0.9900087732821703
BV1uU4y1P7D3,0,0.04717487469315529,-3.0055699348449707,train,True,asr,0,E:\m-hvc\datasets\old-dataset\frames_unique\BV1uU4y1P7D3,0.9914789795875549,0.0009183634538203478,0.006769731640815735,0.0008329453412443399,0,0,0.9528251253068447
BV1uc41197AR,0,0.01089576818048954,-4.508425235748291,train,True,asr,0,E:\m-hvc\datasets\old-dataset\frames_unique\BV1uc41197AR,0.9840744733810425,0.002470469567924738,0.011086459271609783,0.0023685861378908157,0,0,0.9891042318195105
BV1ug411W74C,1,0.9194825887680054,2.4353373050689697,train,True,asr,2,E:\m-hvc\datasets\old-dataset\frames_unique\BV1ug411W74C,0.9102922677993774,0.03152574971318245,0.037994761019945145,0.020187214016914368,1,0,0.9194825887680054
BV1uk4y1D7JG,0,0.027766626328229904,-3.5557610988616943,test,True,asr,0,E:\m-hvc\datasets\old-dataset\frames_unique\BV1uk4y1D7JG,0.8554556965827942,0.0072797369211912155,0.12723171710968018,0.010032810270786285,0,0,0.9722333736717701
BV1v94y1C7r2,0,0.009596554562449455,-4.6367082595825195,train,True,asr,0,E:\m-hvc\datasets\old-dataset\frames_unique\BV1v94y1C7r2,0.9947750568389893,0.0009392009815201163,0.003500459250062704,0.0007853090646676719,0,0,0.9904034454375505
BV1v94y1u7nj,0,0.051032405346632004,-2.9229137897491455,test,True,asr,0,E:\m-hvc\datasets\old-dataset\frames_unique\BV1v94y1u7nj,0.7458893656730652,0.010622067376971245,0.22898158431053162,0.014506992883980274,0,0,0.948967594653368
BV1vC4y1K7E7,0,0.019678505137562752,-3.908353567123413,train,True,asr,0,E:\m-hvc\datasets\old-dataset\frames_unique\BV1vC4y1K7E7,0.9041554927825928,0.0077860793098807335,0.07802146673202515,0.010036896914243698,0,0,0.9803214948624372
BV1vK41177zi,0,0.014629026874899864,-4.210010528564453,train,True,asr,0,E:\m-hvc\datasets\old-dataset\frames_unique\BV1vK41177zi,0.9969858527183533,0.000507428718265146,0.0021107506472617388,0.00039598322473466396,0,0,0.9853709731251001
BV1vM411p7jy,0,0.03670720010995865,-3.2673845291137695,train,True,asr,0,E:\m-hvc\datasets\old-dataset\frames_unique\BV1vM411p7jy,0.980090320110321,0.0016353167593479156,0.016715146601200104,0.0015591703122481704,0,0,0.9632927998900414
BV1vQ4y1J7ZL,1,0.07850280404090881,-2.4628653526306152,test,False,missing,2,E:\m-hvc\datasets\old-dataset\frames_unique\BV1vQ4y1J7ZL,0.7683773040771484,0.04199947416782379,0.14185762405395508,0.04776555672287941,0,0,0.9214971959590912
BV1va4y1m72C,0,0.00981724914163351,-4.613748550415039,train,True,asr,0,E:\m-hvc\datasets\old-dataset\frames_unique\BV1va4y1m72C,0.9858291149139404,0.002170321997255087,0.00997486338019371,0.002025701804086566,0,0,0.9901827508583665
BV1vk4y1M7Ut,0,0.02039269730448723,-3.8719749450683594,train,True,asr,0,E:\m-hvc\datasets\old-dataset\frames_unique\BV1vk4y1M7Ut,0.9973727464675903,0.00042835695785470307,0.0018566165817901492,0.00034236101782880723,0,0,0.9796073026955128
BV1vo4y1b71W,1,0.976364016532898,3.7210628986358643,val,False,missing,2,E:\m-hvc\datasets\old-dataset\frames_unique\BV1vo4y1b71W,0.26248854398727417,0.11693092435598373,0.3809354305267334,0.2396450787782669,1,2,0.976364016532898
BV1vs4y127aA,0,0.009723208844661713,-4.62346887588501,train,True,asr,0,E:\m-hvc\datasets\old-dataset\frames_unique\BV1vs4y127aA,0.9957654476165771,0.0007822298794053495,0.0027792134787887335,0.0006730682216584682,0,0,0.9902767911553383
BV1vv411z7sj,0,0.026214662939310074,-3.6148719787597656,test,False,missing,0,E:\m-hvc\datasets\old-dataset\frames_unique\BV1vv411z7sj,0.8576672077178955,0.02824169211089611,0.08328437805175781,0.030806684866547585,0,0,0.9737853370606899
BV1vz4y1r7ot,0,0.00991905014961958,-4.603329658508301,train,True,asr,0,E:\m-hvc\datasets\old-dataset\frames_unique\BV1vz4y1r7ot,0.9925587177276611,0.001848188228905201,0.004160692915320396,0.0014324289513751864,0,0,0.9900809498503804
BV1w24y1n7qB,0,0.017251918092370033,-4.042429447174072,train,True,asr,0,E:\m-hvc\datasets\old-dataset\frames_unique\BV1w24y1n7qB,0.9960243701934814,0.0006157105672173202,0.0028694625943899155,0.0004904034431092441,0,0,0.98274808190763
BV1w64y11788,1,0.013381078839302063,-4.300442218780518,train,True,asr,2,E:\m-hvc\datasets\old-dataset\frames_unique\BV1w64y11788,0.985508382320404,0.001975409686565399,0.010707910172641277,0.001808379776775837,0,0,0.9866189211606979
BV1wE411f7y8,1,0.09239053726196289,-2.284789562225342,test,False,missing,2,E:\m-hvc\datasets\old-dataset\frames_unique\BV1wE411f7y8,0.7431706786155701,0.045725949108600616,0.16898854076862335,0.04211483895778656,0,0,0.9076094627380371
BV1wJ411U73M,0,0.015767058357596397,-4.133939743041992,test,True,asr,0,E:\m-hvc\datasets\old-dataset\frames_unique\BV1wJ411U73M,0.9923288226127625,0.0017001224914565682,0.0049025812186300755,0.001068493234924972,0,0,0.9842329416424036
BV1wK4y1d79P,0,0.018055090680718422,-3.996107578277588,test,True,asr,0,E:\m-hvc\datasets\old-dataset\frames_unique\BV1wK4y1d79P,0.9914029240608215,0.0011593375820666552,0.006460502278059721,0.0009772148914635181,0,0,0.9819449093192816
BV1wN411a7HT,0,0.011415454559028149,-4.461306095123291,test,True,asr,0,E:\m-hvc\datasets\old-dataset\frames_unique\BV1wN411a7HT,0.9962297081947327,0.000646673608571291,0.002562417881563306,0.0005612560780718923,0,0,0.9885845454409719
BV1wN411g7qt,0,0.030399689450860023,-3.462451457977295,val,False,missing,0,E:\m-hvc\datasets\old-dataset\frames_unique\BV1wN411g7qt,0.8843032717704773,0.021683357656002045,0.06973277032375336,0.02428051084280014,0,0,0.96960031054914
BV1wP411z7P9,0,0.014415799640119076,-4.224909782409668,train,True,asr,0,E:\m-hvc\datasets\old-dataset\frames_unique\BV1wP411z7P9,0.9680152535438538,0.003526238724589348,0.02483575977385044,0.0036228150129318237,0,0,0.9855842003598809
BV1wS4y1t7ws,0,0.012719918042421341,-4.351784706115723,train,True,asr,0,E:\m-hvc\datasets\old-dataset\frames_unique\BV1wS4y1t7ws,0.9736097455024719,0.006364649161696434,0.01520493719726801,0.004820554051548243,0,0,0.9872800819575787
BV1wX4y1R7WZ,1,0.969074010848999,3.4447436332702637,train,False,missing,2,E:\m-hvc\datasets\old-dataset\frames_unique\BV1wX4y1R7WZ,0.36210015416145325,0.11027631908655167,0.3643573224544525,0.16326622664928436,1,2,0.969074010848999
BV1wa411f7Xx,0,0.008966375142335892,-4.705266952514648,train,True,asr,0,E:\m-hvc\datasets\old-dataset\frames_unique\BV1wa411f7Xx,0.995477020740509,0.0008573956438340247,0.002930373651906848,0.0007352924440056086,0,0,0.9910336248576641
BV1wg411n7uj,0,0.03975444659590721,-3.184467315673828,train,True,asr,0,E:\m-hvc\datasets\old-dataset\frames_unique\BV1wg411n7uj,0.8842000961303711,0.00604431563988328,0.10131558775901794,0.008440040983259678,0,0,0.9602455534040928
BV1wh411f7qV,1,0.9377118349075317,2.7116713523864746,train,True,asr,1,E:\m-hvc\datasets\old-dataset\frames_unique\BV1wh411f7qV,0.07267158478498459,0.5983359813690186,0.14289964735507965,0.18609276413917542,1,1,0.9377118349075317
BV1wj411h7ZN,1,0.026494944468140602,-3.6039490699768066,test,True,asr,2,E:\m-hvc\datasets\old-dataset\frames_unique\BV1wj411h7ZN,0.9828900694847107,0.0017162574222311378,0.013793612830340862,0.0016001473413780332,0,0,0.9735050555318594
BV1wu411n7ot,1,0.6213718056678772,0.4953749179840088,train,True,asr,2,E:\m-hvc\datasets\old-dataset\frames_unique\BV1wu411n7ot,0.19241021573543549,0.011343380436301231,0.7669721245765686,0.02927430160343647,1,2,0.6213718056678772
BV1wz4y1L7jp,1,0.8525772094726562,1.7549591064453125,train,True,asr,2,E:\m-hvc\datasets\old-dataset\frames_unique\BV1wz4y1L7jp,0.8333001136779785,0.015263085253536701,0.13687162101268768,0.01456513162702322,1,0,0.8525772094726562
BV1x14y1k7ik,0,0.01503776852041483,-4.182038307189941,train,True,asr,0,E:\m-hvc\datasets\old-dataset\frames_unique\BV1x14y1k7ik,0.9958733916282654,0.0008337653707712889,0.0026443323586136103,0.0006485077901743352,0,0,0.9849622314795852
BV1x54y1X7kE,0,0.03732529282569885,-3.250044345855713,test,True,asr,0,E:\m-hvc\datasets\old-dataset\frames_unique\BV1x54y1X7kE,0.92252117395401,0.036295127123594284,0.029146866872906685,0.012036879546940327,0,0,0.9626747071743011
BV1x94y1F7zR,1,0.7474734783172607,1.0851829051971436,train,True,asr,2,E:\m-hvc\datasets\old-dataset\frames_unique\BV1x94y1F7zR,0.765020489692688,0.011140884831547737,0.21113866567611694,0.012699965387582779,1,0,0.7474734783172607
BV1xC4y1P7nR,0,0.04513336345553398,-3.051949977874756,train,False,missing,0,E:\m-hvc\datasets\old-dataset\frames_unique\BV1xC4y1P7nR,0.8874099254608154,0.020744862034916878,0.07104736566543579,0.02079794555902481,0,0,0.954866636544466
BV1xE411Y7Dv,1,0.38203999400138855,-0.4808984398841858,test,True,asr,2,E:\m-hvc\datasets\old-dataset\frames_unique\BV1xE411Y7Dv,0.02202741801738739,0.007940931245684624,0.9559244513511658,0.014107244089245796,1,2,0.6179600059986115
BV1xN411u7Jh,0,0.010554063133895397,-4.5406341552734375,test,True,asr,0,E:\m-hvc\datasets\old-dataset\frames_unique\BV1xN411u7Jh,0.9852867126464844,0.002350238151848316,0.01029438991099596,0.0020686753559857607,0,0,0.9894459368661046
BV1xV4y1m723,0,0.009659327566623688,-4.630125045776367,test,True,asr,0,E:\m-hvc\datasets\old-dataset\frames_unique\BV1xV4y1m723,0.9883684515953064,0.001962524838745594,0.007934979163110256,0.0017339888727292418,0,0,0.9903406724333763
BV1xZ4y117VY,0,0.011285481974482536,-4.472888469696045,train,True,asr,0,E:\m-hvc\datasets\old-dataset\frames_unique\BV1xZ4y117VY,0.9866531491279602,0.0017791938735172153,0.010059754364192486,0.0015079100849106908,0,0,0.9887145180255175
BV1xe4y1w7vP,0,0.031892742961645126,-3.412964344024658,train,False,missing,0,E:\m-hvc\datasets\old-dataset\frames_unique\BV1xe4y1w7vP,0.8246857523918152,0.035464607179164886,0.1005568653345108,0.03929273039102554,0,0,0.9681072570383549
BV1xo4y1w7u7,1,0.2196296751499176,-1.2678258419036865,train,True,asr,2,E:\m-hvc\datasets\old-dataset\frames_unique\BV1xo4y1w7u7,0.9512175917625427,0.0027180940378457308,0.043675899505615234,0.002388350898399949,0,0,0.7803703248500824
BV1xt411X7GM,0,0.1663190871477127,-1.6119425296783447,train,True,asr,0,E:\m-hvc\datasets\old-dataset\frames_unique\BV1xt411X7GM,0.9879822134971619,0.0011580036953091621,0.009690752252936363,0.0011689808452501893,0,0,0.8336809128522873
BV1xt4y1R7Kd,1,0.9619571566581726,3.230257987976074,train,False,missing,2,E:\m-hvc\datasets\old-dataset\frames_unique\BV1xt4y1R7Kd,0.37847453355789185,0.12152570486068726,0.31975629925727844,0.18024343252182007,1,0,0.9619571566581726
BV1y541117g1,0,0.019159946590662003,-3.9355874061584473,train,True,asr,0,E:\m-hvc\datasets\old-dataset\frames_unique\BV1y541117g1,0.9372062683105469,0.004876673687249422,0.05202510952949524,0.0058919694274663925,0,0,0.980840053409338
BV1y8411o7Gc,1,0.018567606806755066,-3.967594623565674,train,True,asr,2,E:\m-hvc\datasets\old-dataset\frames_unique\BV1y8411o7Gc,0.988145112991333,0.0035426763352006674,0.0067690229043364525,0.0015431222273036838,0,0,0.9814323931932449
BV1yA4y197TA,0,0.014431280083954334,-4.223820686340332,train,True,asr,0,E:\m-hvc\datasets\old-dataset\frames_unique\BV1yA4y197TA,0.995252251625061,0.0008524489239789546,0.0032465143594890833,0.0006487111677415669,0,0,0.9855687199160457
BV1yC4y1T7Bm,0,0.12488581240177155,-1.9469544887542725,train,True,asr,0,E:\m-hvc\datasets\old-dataset\frames_unique\BV1yC4y1T7Bm,0.7858121991157532,0.006115552969276905,0.20090140402317047,0.007170905824750662,0,0,0.8751141875982285
BV1yK421C7j2,0,0.03595694899559021,-3.288813591003418,train,False,missing,0,E:\m-hvc\datasets\old-dataset\frames_unique\BV1yK421C7j2,0.8609282970428467,0.023919247090816498,0.08867697417736053,0.026475459337234497,0,0,0.9640430510044098
BV1yK4y1z7Wc,0,0.010237851180136204,-4.571372985839844,test,True,asr,0,E:\m-hvc\datasets\old-dataset\frames_unique\BV1yK4y1z7Wc,0.9957875609397888,0.0008085783920250833,0.002770782448351383,0.0006331122131086886,0,0,0.9897621488198638
BV1yW41117ME,0,0.01532942708581686,-4.162532806396484,val,True,asr,0,E:\m-hvc\datasets\old-dataset\frames_unique\BV1yW41117ME,0.9963712692260742,0.000648506626021117,0.002473643282428384,0.0005065873847343028,0,0,0.9846705729141831
BV1yW4y1Z76C,0,0.035235289484262466,-3.3098361492156982,train,True,asr,0,E:\m-hvc\datasets\old-dataset\frames_unique\BV1yW4y1Z76C,0.7470356822013855,0.011722135357558727,0.22359563410282135,0.017646560445427895,0,0,0.9647647105157375
BV1yd4y1c7nm,0,0.012260357849299908,-4.389048099517822,train,True,asr,0,E:\m-hvc\datasets\old-dataset\frames_unique\BV1yd4y1c7nm,0.9955118298530579,0.000800704990979284,0.0029701252933591604,0.0007172146579250693,0,0,0.9877396421507001
BV1yk4y1j7f4,0,0.026809411123394966,-3.591826915740967,train,False,missing,0,E:\m-hvc\datasets\old-dataset\frames_unique\BV1yk4y1j7f4,0.8575074076652527,0.028197888284921646,0.08370951563119888,0.030585238710045815,0,0,0.973190588876605
BV1yq4y1D7mz,0,0.010672248899936676,-4.529378890991211,train,True,asr,0,E:\m-hvc\datasets\old-dataset\frames_unique\BV1yq4y1D7mz,0.9893173575401306,0.0018142735352739692,0.007336121052503586,0.0015323321567848325,0,0,0.9893277511000633
BV1yu41137bC,0,0.013734502717852592,-4.274014472961426,train,True,asr,0,E:\m-hvc\datasets\old-dataset\frames_unique\BV1yu41137bC,0.9635147452354431,0.005695302039384842,0.02479787915945053,0.005992040038108826,0,0,0.9862654972821474
BV1yy4y1j7Qm,0,0.07070229947566986,-2.575951099395752,test,True,asr,0,E:\m-hvc\datasets\old-dataset\frames_unique\BV1yy4y1j7Qm,0.9913909435272217,0.0012465924955904484,0.006462088320404291,0.0009002696024253964,0,0,0.9292977005243301
BV1z34y1u7Dg,0,0.01209297776222229,-4.402963638305664,val,True,asr,0,E:\m-hvc\datasets\old-dataset\frames_unique\BV1z34y1u7Dg,0.9862076044082642,0.002015810925513506,0.010002669878304005,0.0017739245668053627,0,0,0.9879070222377777
BV1z441137YL,0,0.030742939561605453,-3.450869560241699,train,True,asr,0,E:\m-hvc\datasets\old-dataset\frames_unique\BV1z441137YL,0.9963983297348022,0.0006796462694182992,0.002453181194141507,0.0004688584594987333,0,0,0.9692570604383945
BV1z4411q7KK,0,0.02416997402906418,-3.6981773376464844,train,True,asr,0,E:\m-hvc\datasets\old-dataset\frames_unique\BV1z4411q7KK,0.9932942390441895,0.0008997787372209132,0.00508122006431222,0.0007247570902109146,0,0,0.9758300259709358
BV1z84y1L7mP,1,0.9074111580848694,2.2824277877807617,train,True,asr,2,E:\m-hvc\datasets\old-dataset\frames_unique\BV1z84y1L7mP,0.9341801404953003,0.010511256754398346,0.04448341950774193,0.010825223289430141,1,0,0.9074111580848694
BV1z84y1W7qa,0,0.012578349560499191,-4.363120079040527,val,True,asr,0,E:\m-hvc\datasets\old-dataset\frames_unique\BV1z84y1W7qa,0.981331467628479,0.0028114868327975273,0.01322405505925417,0.0026329008396714926,0,0,0.9874216504395008
BV1zD4y1Y7ec,1,0.9252375364303589,2.515735149383545,train,True,asr,2,E:\m-hvc\datasets\old-dataset\frames_unique\BV1zD4y1Y7ec,0.610356867313385,0.02048773318529129,0.33915895223617554,0.029996531084179878,1,0,0.9252375364303589
BV1zP4y1U7Hm,0,0.009236454963684082,-4.675317764282227,train,True,asr,0,E:\m-hvc\datasets\old-dataset\frames_unique\BV1zP4y1U7Hm,0.9916267395019531,0.001544189522974193,0.00548371160402894,0.0013453576248139143,0,0,0.9907635450363159
BV1zT4y1b7d7,1,0.37297767400741577,-0.5194636583328247,train,True,asr,2,E:\m-hvc\datasets\old-dataset\frames_unique\BV1zT4y1b7d7,0.9493038654327393,0.003127083647996187,0.044382426887750626,0.003186660585924983,1,0,0.6270223259925842
BV1zb411M7g3,0,0.011471927165985107,-4.4563140869140625,train,True,asr,0,E:\m-hvc\datasets\old-dataset\frames_unique\BV1zb411M7g3,0.9934991598129272,0.0016346642514690757,0.003576825140044093,0.0012894037645310163,0,0,0.9885280728340149
BV1zc411d7LH,0,0.008808044716715813,-4.72324275970459,train,True,asr,0,E:\m-hvc\datasets\old-dataset\frames_unique\BV1zc411d7LH,0.9934764504432678,0.0013640481047332287,0.00405395170673728,0.0011056526564061642,0,0,0.9911919552832842
BV1ze4y1q7mk,0,0.012273073196411133,-4.387998580932617,val,True,asr,0,E:\m-hvc\datasets\old-dataset\frames_unique\BV1ze4y1q7mk,0.9809685945510864,0.0034120483323931694,0.01217500027269125,0.003444341477006674,0,0,0.9877269268035889
BV1zm41197YD,0,0.012933541089296341,-4.33491325378418,val,True,asr,0,E:\m-hvc\datasets\old-dataset\frames_unique\BV1zm41197YD,0.992241382598877,0.0011764601804316044,0.005493830889463425,0.0010883446084335446,0,0,0.9870664589107037
BV1zq4y137xA,0,0.009237811900675297,-4.675169467926025,test,True,asr,0,E:\m-hvc\datasets\old-dataset\frames_unique\BV1zq4y137xA,0.99505615234375,0.0010153385810554028,0.0031069701071828604,0.0008215423440560699,0,0,0.9907621880993247
BV1zu41117e3,1,0.4459058940410614,-0.2172265648841858,train,True,asr,1,E:\m-hvc\datasets\old-dataset\frames_unique\BV1zu41117e3,0.2387477457523346,0.23310615122318268,0.44911953806877136,0.07902653515338898,1,2,0.5540941059589386
BV1zx4y1o7iS,0,0.010316316038370132,-4.563658714294434,train,True,asr,0,E:\m-hvc\datasets\old-dataset\frames_unique\BV1zx4y1o7iS,0.9898188710212708,0.0015843051951378584,0.007160909473896027,0.001435855869203806,0,0,0.9896836839616299
R_hate_video_001,1,0.9560876488685608,3.080653190612793,train,True,asr,1,E:\m-hvc\datasets\old-dataset\frames_unique\R_hate_video_001,0.09534796327352524,0.5544700026512146,0.14708936214447021,0.20309269428253174,1,1,0.9560876488685608
R_hate_video_002,1,0.8940556645393372,2.1328539848327637,train,True,asr,2,E:\m-hvc\datasets\old-dataset\frames_unique\R_hate_video_002,0.12609419226646423,0.014600700698792934,0.8431923389434814,0.016112778335809708,1,2,0.8940556645393372
R_hate_video_003,1,0.9734249114990234,3.6008458137512207,train,True,asr,2,E:\m-hvc\datasets\old-dataset\frames_unique\R_hate_video_003,0.01131115760654211,0.011706254445016384,0.9211094379425049,0.05587311461567879,1,2,0.9734249114990234
R_hate_video_004,1,0.967875599861145,3.405487537384033,train,True,asr,3,E:\m-hvc\datasets\old-dataset\frames_unique\R_hate_video_004,0.029317516833543777,0.10597455501556396,0.15870365500450134,0.7060042023658752,1,3,0.967875599861145
R_hate_video_005,1,0.941974937915802,2.7871031761169434,test,True,asr,1,E:\m-hvc\datasets\old-dataset\frames_unique\R_hate_video_005,0.08411390334367752,0.6018233299255371,0.16214488446712494,0.15191787481307983,1,1,0.941974937915802
R_hate_video_006,1,0.7128291726112366,0.9091644287109375,train,True,asr,2,E:\m-hvc\datasets\old-dataset\frames_unique\R_hate_video_006,0.9878005981445312,0.0033288008999079466,0.0067395493388175964,0.002131034852936864,1,0,0.7128291726112366
R_hate_video_007,1,0.7842061519622803,1.2903484106063843,test,True,asr,2,E:\m-hvc\datasets\old-dataset\frames_unique\R_hate_video_007,0.7361487746238708,0.02045433036983013,0.13680870831012726,0.10658816248178482,1,0,0.7842061519622803
R_hate_video_008,0,0.5204305052757263,0.08176746964454651,train,True,asr,0,E:\m-hvc\datasets\old-dataset\frames_unique\R_hate_video_008,0.3790587782859802,0.014069462195038795,0.5953736305236816,0.011498168110847473,1,2,0.5204305052757263
R_hate_video_009,1,0.9867470264434814,4.310189723968506,train,True,asr,3,E:\m-hvc\datasets\old-dataset\frames_unique\R_hate_video_009,0.016727838665246964,0.026792874559760094,0.06517791748046875,0.8913013935089111,1,3,0.9867470264434814
R_hate_video_010,1,0.98441481590271,4.145726203918457,train,True,asr,3,E:\m-hvc\datasets\old-dataset\frames_unique\R_hate_video_010,0.057335615158081055,0.13141486048698425,0.3255467712879181,0.4857028126716614,1,3,0.98441481590271
R_hate_video_011,1,0.3743410110473633,-0.5136382579803467,train,True,asr,2,E:\m-hvc\datasets\old-dataset\frames_unique\R_hate_video_011,0.02830662578344345,0.0089720468968153,0.9503145217895508,0.012406743131577969,1,2,0.6256589889526367
R_hate_video_012,1,0.7219533920288086,0.9541717767715454,train,True,asr,2,E:\m-hvc\datasets\old-dataset\frames_unique\R_hate_video_012,0.013005267828702927,0.005252510774880648,0.9724679589271545,0.009274245239794254,1,2,0.7219533920288086
R_hate_video_013,1,0.16175539791584015,-1.6452245712280273,train,True,asr,2,E:\m-hvc\datasets\old-dataset\frames_unique\R_hate_video_013,0.9937175512313843,0.0014851425075903535,0.0034740178380161524,0.0013232872588559985,0,0,0.8382446020841599
R_hate_video_014,1,0.8343207836151123,1.6165645122528076,test,True,asr,2,E:\m-hvc\datasets\old-dataset\frames_unique\R_hate_video_014,0.9539879560470581,0.010530464351177216,0.027041349560022354,0.00844019278883934,1,0,0.8343207836151123
R_hate_video_015,1,0.8528124094009399,1.756831407546997,train,True,asr,2,E:\m-hvc\datasets\old-dataset\frames_unique\R_hate_video_015,0.966608464717865,0.008938975632190704,0.017181184142827988,0.007271346170455217,1,0,0.8528124094009399
R_hate_video_016,1,0.24955898523330688,-1.1009657382965088,train,True,asr,2,E:\m-hvc\datasets\old-dataset\frames_unique\R_hate_video_016,0.049583353102207184,0.012602336704730988,0.9125499129295349,0.025264304131269455,0,2,0.7504410147666931
R_hate_video_017,1,0.8433886170387268,1.6836602687835693,test,True,asr,2,E:\m-hvc\datasets\old-dataset\frames_unique\R_hate_video_017,0.050914086401462555,0.026599545031785965,0.6708199977874756,0.251666396856308,1,2,0.8433886170387268
R_hate_video_018,1,0.9157556295394897,2.3860280513763428,train,True,asr,2,E:\m-hvc\datasets\old-dataset\frames_unique\R_hate_video_018,0.015321614220738411,0.007222610991448164,0.9649003148078918,0.01255547534674406,1,2,0.9157556295394897
R_hate_video_019,1,0.48437726497650146,-0.06251128017902374,train,True,asr,2,E:\m-hvc\datasets\old-dataset\frames_unique\R_hate_video_019,0.9935145378112793,0.0016291056526824832,0.003603116376325488,0.0012532452819868922,1,0,0.5156227350234985
R_hate_video_020,1,0.9681445956230164,3.4141733646392822,train,True,asr,1,E:\m-hvc\datasets\old-dataset\frames_unique\R_hate_video_020,0.15922124683856964,0.26195815205574036,0.21672144532203674,0.36209917068481445,1,3,0.9681445956230164
R_hate_video_021,1,0.031475480645895004,-3.426564931869507,test,True,asr,2,E:\m-hvc\datasets\old-dataset\frames_unique\R_hate_video_021,0.9779713749885559,0.0027207715902477503,0.017474105581641197,0.0018337880028411746,0,0,0.968524519354105
R_hate_video_022,1,0.7622066736221313,1.1648156642913818,train,True,asr,2,E:\m-hvc\datasets\old-dataset\frames_unique\R_hate_video_022,0.9891499876976013,0.002924947999417782,0.005724282469600439,0.002200823975726962,1,0,0.7622066736221313
R_hate_video_023,1,0.9881688952445984,4.425118446350098,train,True,asr,3,E:\m-hvc\datasets\old-dataset\frames_unique\R_hate_video_023,0.016966229304671288,0.02347312867641449,0.0832187831401825,0.8763418793678284,1,3,0.9881688952445984
R_hate_video_024,1,0.9380564093589783,2.7175869941711426,train,True,asr,2,E:\m-hvc\datasets\old-dataset\frames_unique\R_hate_video_024,0.6229356527328491,0.0338558629155159,0.30975890159606934,0.03344956785440445,1,0,0.9380564093589783
R_hate_video_025,1,0.8642461895942688,1.8510150909423828,train,True,asr,2,E:\m-hvc\datasets\old-dataset\frames_unique\R_hate_video_025,0.017246637493371964,0.00850769318640232,0.9616573452949524,0.012588265351951122,1,2,0.8642461895942688
R_hate_video_026,1,0.8224711418151855,1.533180594444275,train,True,asr,2,E:\m-hvc\datasets\old-dataset\frames_unique\R_hate_video_026,0.737219512462616,0.016810879111289978,0.23235610127449036,0.013613455928862095,1,0,0.8224711418151855
R_hate_video_027,1,0.8364464640617371,1.6320223808288574,train,True,asr,2,E:\m-hvc\datasets\old-dataset\frames_unique\R_hate_video_027,0.9818812012672424,0.004478511866182089,0.01017792522907257,0.0034623448736965656,1,0,0.8364464640617371
R_hate_video_028,1,0.8657399415969849,1.863806128501892,train,True,asr,2,E:\m-hvc\datasets\old-dataset\frames_unique\R_hate_video_028,0.8990676999092102,0.014184101484715939,0.07605909556150436,0.010689162649214268,1,0,0.8657399415969849
R_hate_video_029,1,0.89344722032547,2.1264469623565674,train,True,asr,2,E:\m-hvc\datasets\old-dataset\frames_unique\R_hate_video_029,0.8556507229804993,0.018465863540768623,0.061535052955150604,0.06434835493564606,1,0,0.89344722032547
R_hate_video_030,1,0.9391573667526245,2.7366926670074463,test,True,asr,1,E:\m-hvc\datasets\old-dataset\frames_unique\R_hate_video_030,0.049521367996931076,0.40330442786216736,0.2325163334608078,0.3146578073501587,1,1,0.9391573667526245
R_hate_video_031,1,0.9618042707443237,3.2260870933532715,test,True,asr,2,E:\m-hvc\datasets\old-dataset\frames_unique\R_hate_video_031,0.014559128321707249,0.01055225171148777,0.9519796967506409,0.022908994928002357,1,2,0.9618042707443237
R_hate_video_032,1,0.9123343825340271,2.3424768447875977,train,True,asr,2,E:\m-hvc\datasets\old-dataset\frames_unique\R_hate_video_032,0.010968565009534359,0.007648446597158909,0.967691957950592,0.013691076077520847,1,2,0.9123343825340271
R_hate_video_033,1,0.6752107739448547,0.7318484783172607,train,True,asr,2,E:\m-hvc\datasets\old-dataset\frames_unique\R_hate_video_033,0.9913871884346008,0.0022792164236307144,0.004811258986592293,0.0015223415102809668,1,0,0.6752107739448547
R_hate_video_034,1,0.947050929069519,2.8840224742889404,train,True,asr,2,E:\m-hvc\datasets\old-dataset\frames_unique\R_hate_video_034,0.9016093015670776,0.023682748898863792,0.04143514484167099,0.033272884786129,1,0,0.947050929069519
R_hate_video_035,1,0.9641472101211548,3.291823387145996,test,False,missing,2,E:\m-hvc\datasets\old-dataset\frames_unique\R_hate_video_035,0.42627570033073425,0.0959896594285965,0.2976413071155548,0.18009339272975922,1,0,0.9641472101211548
R_hate_video_036,1,0.9684897661209106,3.425424098968506,train,False,missing,2,E:\m-hvc\datasets\old-dataset\frames_unique\R_hate_video_036,0.39583125710487366,0.10469107329845428,0.330335408449173,0.16914229094982147,1,0,0.9684897661209106
R_hate_video_037,1,0.9817327857017517,3.9842090606689453,test,False,missing,2,E:\m-hvc\datasets\old-dataset\frames_unique\R_hate_video_037,0.3010663688182831,0.11954350024461746,0.3431907296180725,0.23619945347309113,1,2,0.9817327857017517
R_hate_video_038,1,0.5158102512359619,0.06326206028461456,train,True,asr,1,E:\m-hvc\datasets\old-dataset\frames_unique\R_hate_video_038,0.11017239093780518,0.688386082649231,0.11073998361825943,0.09070152789354324,1,1,0.5158102512359619
R_hate_video_039,1,0.9287698268890381,2.5679433345794678,train,True,asr,2,E:\m-hvc\datasets\old-dataset\frames_unique\R_hate_video_039,0.010244260542094707,0.009228176437318325,0.9567026495933533,0.023824995383620262,1,2,0.9287698268890381
R_hate_video_040,1,0.7670019268989563,1.1914591789245605,train,True,asr,1,E:\m-hvc\datasets\old-dataset\frames_unique\R_hate_video_040,0.053767383098602295,0.49108001589775085,0.35805296897888184,0.09709963947534561,1,1,0.7670019268989563
R_hate_video_041,1,0.9197667241096497,2.439180850982666,train,True,asr,2,E:\m-hvc\datasets\old-dataset\frames_unique\R_hate_video_041,0.007950574159622192,0.007425923831760883,0.9568899273872375,0.027733564376831055,1,2,0.9197667241096497
R_hate_video_042,1,0.9886267781257629,4.465052604675293,val,True,asr,3,E:\m-hvc\datasets\old-dataset\frames_unique\R_hate_video_042,0.020679468289017677,0.023197229951620102,0.38225263357162476,0.5738706588745117,1,3,0.9886267781257629
R_hate_video_043,1,0.9411470890045166,2.7720589637756348,train,True,asr,2,E:\m-hvc\datasets\old-dataset\frames_unique\R_hate_video_043,0.9389626979827881,0.014429129660129547,0.030435774475336075,0.01617250218987465,1,0,0.9411470890045166
R_hate_video_044,1,0.9828542470932007,4.048709392547607,test,False,missing,2,E:\m-hvc\datasets\old-dataset\frames_unique\R_hate_video_044,0.27505677938461304,0.11974392086267471,0.35730284452438354,0.2478964477777481,1,2,0.9828542470932007
R_hate_video_045,1,0.9476179480552673,2.895388126373291,train,True,asr,2,E:\m-hvc\datasets\old-dataset\frames_unique\R_hate_video_045,0.24271757900714874,0.04007144272327423,0.6725473403930664,0.04466358944773674,1,2,0.9476179480552673
R_hate_video_046,1,0.977310299873352,3.762890577316284,val,False,missing,2,E:\m-hvc\datasets\old-dataset\frames_unique\R_hate_video_046,0.3594662547111511,0.11685409396886826,0.30578306317329407,0.21789655089378357,1,0,0.977310299873352
R_hate_video_047,1,0.9814401268959045,3.96801495552063,train,False,missing,2,E:\m-hvc\datasets\old-dataset\frames_unique\R_hate_video_047,0.3258698582649231,0.11231911927461624,0.3397613763809204,0.22204960882663727,1,2,0.9814401268959045
R_hate_video_048,1,0.9061116576194763,2.267056941986084,val,True,asr,2,E:\m-hvc\datasets\old-dataset\frames_unique\R_hate_video_048,0.9607364535331726,0.009153429418802261,0.0208226777613163,0.009287356398999691,1,0,0.9061116576194763
R_hate_video_049,1,0.8958805799484253,2.1522679328918457,train,True,asr,2,E:\m-hvc\datasets\old-dataset\frames_unique\R_hate_video_049,0.9710971117019653,0.006864105351269245,0.0151276346296072,0.006911037024110556,1,0,0.8958805799484253
R_hate_video_050,1,0.6658262610435486,0.6893678903579712,train,True,asr,2,E:\m-hvc\datasets\old-dataset\frames_unique\R_hate_video_050,0.9923871755599976,0.0017730491235852242,0.0045213052071630955,0.0013184950221329927,1,0,0.6658262610435486
R_hate_video_051,1,0.3151399791240692,-0.776197612285614,train,True,asr,2,E:\m-hvc\datasets\old-dataset\frames_unique\R_hate_video_051,0.9742546081542969,0.0025270951446145773,0.021441645920276642,0.0017765724333003163,1,0,0.6848600208759308
R_hate_video_052,1,0.9828652143478394,4.0493621826171875,val,False,missing,2,E:\m-hvc\datasets\old-dataset\frames_unique\R_hate_video_052,0.24870911240577698,0.12174151837825775,0.3553370535373688,0.2742123603820801,1,2,0.9828652143478394
R_hate_video_053,1,0.9795441031455994,3.868816375732422,val,False,missing,2,E:\m-hvc\datasets\old-dataset\frames_unique\R_hate_video_053,0.36373597383499146,0.10950344800949097,0.3417581021785736,0.18500249087810516,1,0,0.9795441031455994
R_hate_video_054,1,0.9825400710105896,4.030235290527344,train,False,missing,2,E:\m-hvc\datasets\old-dataset\frames_unique\R_hate_video_054,0.26338136196136475,0.12487876415252686,0.3484329879283905,0.2633068859577179,1,2,0.9825400710105896
R_hate_video_055,1,0.9814731478691101,3.9698331356048584,test,False,missing,2,E:\m-hvc\datasets\old-dataset\frames_unique\R_hate_video_055,0.2791988253593445,0.11904884874820709,0.3642403781414032,0.23751194775104523,1,2,0.9814731478691101
R_hate_video_056,1,0.971575915813446,3.5316848754882812,train,False,missing,2,E:\m-hvc\datasets\old-dataset\frames_unique\R_hate_video_056,0.43954041600227356,0.0967479720711708,0.3046961724758148,0.15901543200016022,1,0,0.971575915813446
R_hate_video_057,1,0.9806114435195923,3.923490524291992,train,False,missing,2,E:\m-hvc\datasets\old-dataset\frames_unique\R_hate_video_057,0.30909398198127747,0.11631593108177185,0.3386983871459961,0.2358916848897934,1,2,0.9806114435195923
R_hate_video_058,1,0.9801648855209351,3.900266170501709,train,False,missing,2,E:\m-hvc\datasets\old-dataset\frames_unique\R_hate_video_058,0.2979831099510193,0.12376544624567032,0.3115024268627167,0.26674899458885193,1,2,0.9801648855209351
R_hate_video_059,1,0.9722626209259033,3.556847095489502,train,False,missing,2,E:\m-hvc\datasets\old-dataset\frames_unique\R_hate_video_059,0.42779237031936646,0.0991116613149643,0.29356124997138977,0.1795346736907959,1,0,0.9722626209259033
R_hate_video_060,1,0.9808048605918884,3.9337122440338135,test,False,missing,2,E:\m-hvc\datasets\old-dataset\frames_unique\R_hate_video_060,0.2630782127380371,0.12516923248767853,0.3235809803009033,0.28817155957221985,1,2,0.9808048605918884
R_hate_video_061,1,0.9556712508201599,3.0707802772521973,train,True,asr,2,E:\m-hvc\datasets\old-dataset\frames_unique\R_hate_video_061,0.8736851811408997,0.02216498553752899,0.055208928883075714,0.048940930515527725,1,0,0.9556712508201599
R_hate_video_062,1,0.982333242893219,4.018243312835693,train,False,missing,2,E:\m-hvc\datasets\old-dataset\frames_unique\R_hate_video_062,0.28079259395599365,0.11475718766450882,0.3552985191345215,0.24915167689323425,1,2,0.982333242893219
R_hate_video_063,1,0.9819598197937012,3.9969482421875,train,False,missing,2,E:\m-hvc\datasets\old-dataset\frames_unique\R_hate_video_063,0.2604760527610779,0.12817901372909546,0.32608669996261597,0.2852582037448883,1,2,0.9819598197937012
R_hate_video_064,1,0.9825990200042725,4.033677101135254,train,False,missing,2,E:\m-hvc\datasets\old-dataset\frames_unique\R_hate_video_064,0.29003068804740906,0.12440979480743408,0.33482176065444946,0.2507377564907074,1,2,0.9825990200042725
R_hate_video_065,1,0.9760828018188477,3.708951950073242,train,False,missing,2,E:\m-hvc\datasets\old-dataset\frames_unique\R_hate_video_065,0.4161493182182312,0.09921147674322128,0.3085746169090271,0.1760646551847458,1,0,0.9760828018188477
R_hate_video_066,1,0.9828932881355286,4.051030158996582,val,False,missing,2,E:\m-hvc\datasets\old-dataset\frames_unique\R_hate_video_066,0.2546287477016449,0.12297730892896652,0.3430721163749695,0.2793218493461609,1,2,0.9828932881355286
R_hate_video_067,0,0.0758015364408493,-2.5008082389831543,train,False,missing,0,E:\m-hvc\datasets\old-dataset\frames_unique\R_hate_video_067,0.8777642846107483,0.020638156682252884,0.08216602355241776,0.019431542605161667,0,0,0.9241984635591507
R_hate_video_068,1,0.9804660677909851,3.9158754348754883,train,False,missing,2,E:\m-hvc\datasets\old-dataset\frames_unique\R_hate_video_068,0.27250707149505615,0.12819063663482666,0.3252803087234497,0.2740219831466675,1,2,0.9804660677909851
R_hate_video_069,1,0.9779291749000549,3.7911829948425293,train,False,missing,2,E:\m-hvc\datasets\old-dataset\frames_unique\R_hate_video_069,0.32684293389320374,0.12115749716758728,0.31045493483543396,0.241544708609581,1,0,0.9779291749000549
R_hate_video_070,1,0.9848158359527588,4.172202110290527,train,True,asr,3,E:\m-hvc\datasets\old-dataset\frames_unique\R_hate_video_070,0.016568880528211594,0.02564535103738308,0.05689220875501633,0.90089350938797,1,3,0.9848158359527588
R_hate_video_071,1,0.9333611726760864,2.6395058631896973,val,True,asr,2,E:\m-hvc\datasets\old-dataset\frames_unique\R_hate_video_071,0.936360776424408,0.015854690223932266,0.03308385610580444,0.014700638130307198,1,0,0.9333611726760864
R_hate_video_072,1,0.9286632537841797,2.5663352012634277,train,True,asr,2,E:\m-hvc\datasets\old-dataset\frames_unique\R_hate_video_072,0.23349566757678986,0.022898713126778603,0.7159450650215149,0.027660474181175232,1,2,0.9286632537841797
R_hate_video_073,1,0.8918195366859436,2.1094627380371094,train,True,asr,2,E:\m-hvc\datasets\old-dataset\frames_unique\R_hate_video_073,0.9681251645088196,0.008177909068763256,0.016560513526201248,0.0071365125477313995,1,0,0.8918195366859436
R_hate_video_074,1,0.9894192218780518,4.538076400756836,train,True,asr,3,E:\m-hvc\datasets\old-dataset\frames_unique\R_hate_video_074,0.01682441309094429,0.02245725318789482,0.14257213473320007,0.8181462287902832,1,3,0.9894192218780518
R_hate_video_075,1,0.9861881136894226,4.268317222595215,train,True,asr,3,E:\m-hvc\datasets\old-dataset\frames_unique\R_hate_video_075,0.06879205256700516,0.039099160581827164,0.3757320046424866,0.516376793384552,1,3,0.9861881136894226
R_hate_video_076,1,0.930483877658844,2.5941457748413086,train,True,asr,2,E:\m-hvc\datasets\old-dataset\frames_unique\R_hate_video_076,0.9520750045776367,0.011157495900988579,0.02631859853863716,0.010448891669511795,1,0,0.930483877658844
R_hate_video_077,1,0.9817687273025513,3.9862170219421387,train,False,missing,2,E:\m-hvc\datasets\old-dataset\frames_unique\R_hate_video_077,0.2958458960056305,0.12302792072296143,0.344412624835968,0.23671357333660126,1,2,0.9817687273025513
R_hate_video_078,1,0.8861347436904907,2.051853656768799,train,True,asr,2,E:\m-hvc\datasets\old-dataset\frames_unique\R_hate_video_078,0.930449903011322,0.016772106289863586,0.038109805434942245,0.014668077230453491,1,0,0.8861347436904907
R_hate_video_079,1,0.9758333563804626,3.698317766189575,train,False,missing,2,E:\m-hvc\datasets\old-dataset\frames_unique\R_hate_video_079,0.3798125684261322,0.10015755891799927,0.3540615737438202,0.16596828401088715,1,0,0.9758333563804626
R_hate_video_080,1,0.9720212817192078,3.547935962677002,test,False,missing,2,E:\m-hvc\datasets\old-dataset\frames_unique\R_hate_video_080,0.34586837887763977,0.10696428269147873,0.35623762011528015,0.19092969596385956,1,2,0.9720212817192078
R_hate_video_081,1,0.9032838940620422,2.2342567443847656,train,True,asr,2,E:\m-hvc\datasets\old-dataset\frames_unique\R_hate_video_081,0.8750497102737427,0.029328828677535057,0.07020270079374313,0.025418726727366447,1,0,0.9032838940620422
R_hate_video_082,1,0.46598127484321594,-0.13628534972667694,train,True,asr,2,E:\m-hvc\datasets\old-dataset\frames_unique\R_hate_video_082,0.9944013953208923,0.0014098379760980606,0.003314364468678832,0.0008744228398427367,1,0,0.5340187251567841
R_hate_video_083,1,0.47141602635383606,-0.11446072161197662,train,True,asr,2,E:\m-hvc\datasets\old-dataset\frames_unique\R_hate_video_083,0.9950398802757263,0.0012544250348582864,0.0029112123884260654,0.0007944994140416384,1,0,0.5285839736461639
R_hate_video_084,1,0.9541396498680115,3.0352089405059814,train,True,asr,2,E:\m-hvc\datasets\old-dataset\frames_unique\R_hate_video_084,0.7621784806251526,0.03479791805148125,0.09642058610916138,0.10660306364297867,1,0,0.9541396498680115
R_hate_video_085,1,0.17887139320373535,-1.5240126848220825,test,True,asr,3,E:\m-hvc\datasets\old-dataset\frames_unique\R_hate_video_085,0.372814416885376,0.04911067336797714,0.2811136245727539,0.29696124792099,0,0,0.8211286067962646
R_hate_video_086,1,0.9720903635025024,3.5504770278930664,test,False,missing,2,E:\m-hvc\datasets\old-dataset\frames_unique\R_hate_video_086,0.363819420337677,0.10519570857286453,0.35873734951019287,0.17224755883216858,1,0,0.9720903635025024
R_hate_video_087,1,0.9656416177749634,3.3359453678131104,val,True,asr,3,E:\m-hvc\datasets\old-dataset\frames_unique\R_hate_video_087,0.016703346744179726,0.025272898375988007,0.06365787982940674,0.8943659663200378,1,3,0.9656416177749634
R_hate_video_088,1,0.9221451878547668,2.4718570709228516,train,True,asr,2,E:\m-hvc\datasets\old-dataset\frames_unique\R_hate_video_088,0.9622522592544556,0.008525613695383072,0.021015020087361336,0.008207202889025211,1,0,0.9221451878547668
R_hate_video_089,1,0.935121476650238,2.668158531188965,train,True,asr,2,E:\m-hvc\datasets\old-dataset\frames_unique\R_hate_video_089,0.5032423138618469,0.02762746438384056,0.43840721249580383,0.030722934752702713,1,0,0.935121476650238
R_hate_video_090,1,0.902336597442627,2.2234606742858887,train,True,asr,2,E:\m-hvc\datasets\old-dataset\frames_unique\R_hate_video_090,0.9621384739875793,0.00896636676043272,0.01811750791966915,0.010777762159705162,1,0,0.902336597442627
R_hate_video_091,1,0.9814938306808472,3.970974922180176,train,False,missing,2,E:\m-hvc\datasets\old-dataset\frames_unique\R_hate_video_091,0.29832133650779724,0.11979368329048157,0.35354137420654297,0.22834356129169464,1,2,0.9814938306808472
R_hate_video_092,1,0.9858781099319458,4.245807647705078,train,True,asr,3,E:\m-hvc\datasets\old-dataset\frames_unique\R_hate_video_092,0.10376820713281631,0.05786009132862091,0.2105381190776825,0.6278336048126221,1,3,0.9858781099319458
R_hate_video_093,1,0.9869288206100464,4.324193000793457,train,True,asr,3,E:\m-hvc\datasets\old-dataset\frames_unique\R_hate_video_093,0.051893290132284164,0.043635979294776917,0.18855808675289154,0.7159126400947571,1,3,0.9869288206100464
R_hate_video_094,1,0.9823055863380432,4.016653060913086,val,False,missing,2,E:\m-hvc\datasets\old-dataset\frames_unique\R_hate_video_094,0.2898012399673462,0.11402368545532227,0.36287790536880493,0.2332971841096878,1,2,0.9823055863380432
R_hate_video_095,1,0.9460212588310242,2.8636741638183594,train,True,asr,2,E:\m-hvc\datasets\old-dataset\frames_unique\R_hate_video_095,0.9285783767700195,0.016563259065151215,0.03654607757925987,0.018312212079763412,1,0,0.9460212588310242
R_hate_video_096,1,0.9531904458999634,3.0137271881103516,train,True,asr,2,E:\m-hvc\datasets\old-dataset\frames_unique\R_hate_video_096,0.9112287759780884,0.019904576241970062,0.0428304597735405,0.026036199182271957,1,0,0.9531904458999634
R_hate_video_097,1,0.9863784313201904,4.282382965087891,val,True,asr,3,E:\m-hvc\datasets\old-dataset\frames_unique\R_hate_video_097,0.06399324536323547,0.040855348110198975,0.16767707467079163,0.7274742722511292,1,3,0.9863784313201904
R_hate_video_098,1,0.9525858163833618,3.000258207321167,train,True,asr,2,E:\m-hvc\datasets\old-dataset\frames_unique\R_hate_video_098,0.9096186757087708,0.02145657129585743,0.04386702924966812,0.025057729333639145,1,0,0.9525858163833618
R_hate_video_099,1,0.965299129486084,3.3256754875183105,train,True,asr,2,E:\m-hvc\datasets\old-dataset\frames_unique\R_hate_video_099,0.8031260967254639,0.03851107507944107,0.0775211825966835,0.08084166049957275,1,0,0.965299129486084
R_hate_video_100,1,0.9223134517669678,2.474203109741211,test,True,human,2,E:\m-hvc\datasets\old-dataset\frames_unique\R_hate_video_100,0.9250636100769043,0.022926580160856247,0.03306019678711891,0.01894952915608883,1,0,0.9223134517669678
R_hate_video_101,1,0.9315322637557983,2.6104679107666016,train,True,asr,2,E:\m-hvc\datasets\old-dataset\frames_unique\R_hate_video_101,0.824164628982544,0.026774458587169647,0.12148268520832062,0.027578294277191162,1,0,0.9315322637557983
R_hate_video_102,1,0.9816685318946838,3.9806318283081055,train,False,missing,2,E:\m-hvc\datasets\old-dataset\frames_unique\R_hate_video_102,0.28169184923171997,0.1268201470375061,0.3528008460998535,0.2386871576309204,1,2,0.9816685318946838
R_hate_video_103,1,0.8404574990272522,1.6616358757019043,train,True,human,2,E:\m-hvc\datasets\old-dataset\frames_unique\R_hate_video_103,0.9740714430809021,0.006783173885196447,0.013237116858363152,0.005908267106860876,1,0,0.8404574990272522
R_hate_video_104,1,0.7406443953514099,1.0493204593658447,train,False,missing,2,E:\m-hvc\datasets\old-dataset\frames_unique\R_hate_video_104,0.7079894542694092,0.052579667419195175,0.1882367879152298,0.05119413137435913,1,0,0.7406443953514099
R_hate_video_105,1,0.9769021272659302,3.7446467876434326,train,True,human,3,E:\m-hvc\datasets\old-dataset\frames_unique\R_hate_video_105,0.08714970201253891,0.13974037766456604,0.3473701477050781,0.42573970556259155,1,3,0.9769021272659302
R_hate_video_106,0,0.045473095029592514,-3.044095039367676,val,False,missing,0,E:\m-hvc\datasets\old-dataset\frames_unique\R_hate_video_106,0.8755435347557068,0.02332013100385666,0.07668284326791763,0.024453451856970787,0,0,0.9545269049704075
R_hate_video_107,1,0.9126207232475281,2.346062421798706,train,True,human,2,E:\m-hvc\datasets\old-dataset\frames_unique\R_hate_video_107,0.9582038521766663,0.011126404628157616,0.020609591156244278,0.010060188360512257,1,0,0.9126207232475281
R_hate_video_108,1,0.9800094962120056,3.892303228378296,train,False,missing,2,E:\m-hvc\datasets\old-dataset\frames_unique\R_hate_video_108,0.3147895932197571,0.12203814089298248,0.34856393933296204,0.21460828185081482,1,2,0.9800094962120056
R_hate_video_109,1,0.9815542697906494,3.974301815032959,train,False,missing,2,E:\m-hvc\datasets\old-dataset\frames_unique\R_hate_video_109,0.29324570298194885,0.12208075076341629,0.33124157786369324,0.2534320056438446,1,2,0.9815542697906494
R_hate_video_110,1,0.4636857807636261,-0.14551310241222382,test,True,human,2,E:\m-hvc\datasets\old-dataset\frames_unique\R_hate_video_110,0.8896418213844299,0.024632707238197327,0.07196362316608429,0.013761896640062332,1,0,0.5363142192363739
R_hate_video_111,1,0.14577680826187134,-1.768115758895874,train,False,missing,2,E:\m-hvc\datasets\old-dataset\frames_unique\R_hate_video_111,0.8243783116340637,0.027025502175092697,0.12194760888814926,0.02664859965443611,0,0,0.8542231917381287
R_hate_video_112,1,0.8153699040412903,1.4852876663208008,test,False,missing,2,E:\m-hvc\datasets\old-dataset\frames_unique\R_hate_video_112,0.5623759031295776,0.080914206802845,0.2628277838230133,0.09388211369514465,1,0,0.8153699040412903
R_hate_video_113,1,0.9532850384712219,3.0158486366271973,train,True,asr,2,E:\m-hvc\datasets\old-dataset\frames_unique\R_hate_video_113,0.8970440626144409,0.023783132433891296,0.049423426389694214,0.02974930964410305,1,0,0.9532850384712219
R_hate_video_114,1,0.959045946598053,3.153487205505371,train,True,human,3,E:\m-hvc\datasets\old-dataset\frames_unique\R_hate_video_114,0.02226291224360466,0.03955058753490448,0.05186861380934715,0.8863179087638855,1,3,0.959045946598053
R_hate_video_115,0,0.013301895931363106,-4.30645751953125,train,True,human,0,E:\m-hvc\datasets\old-dataset\frames_unique\R_hate_video_115,0.9847924709320068,0.004105924163013697,0.00881749577820301,0.0022840469609946012,0,0,0.9866981040686369
R_hate_video_116,1,0.9760629534721375,3.7081003189086914,train,False,missing,2,E:\m-hvc\datasets\old-dataset\frames_unique\R_hate_video_116,0.4236448109149933,0.09126390516757965,0.3278519809246063,0.15723928809165955,1,0,0.9760629534721375
R_hate_video_117,1,0.9811083674430847,3.9499659538269043,test,False,missing,2,E:\m-hvc\datasets\old-dataset\frames_unique\R_hate_video_117,0.2683495879173279,0.1254473626613617,0.35357028245925903,0.2526327073574066,1,2,0.9811083674430847
R_hate_video_118,1,0.9806035161018372,3.923074960708618,train,False,missing,2,E:\m-hvc\datasets\old-dataset\frames_unique\R_hate_video_118,0.33130139112472534,0.10577639937400818,0.3342861831188202,0.22863607108592987,1,2,0.9806035161018372
R_hate_video_119,1,0.9700148701667786,3.476609945297241,test,False,missing,2,E:\m-hvc\datasets\old-dataset\frames_unique\R_hate_video_119,0.4319876730442047,0.08765148371458054,0.34565839171409607,0.1347024291753769,1,0,0.9700148701667786
R_hate_video_120,1,0.9744265079498291,3.640291690826416,train,False,missing,2,E:\m-hvc\datasets\old-dataset\frames_unique\R_hate_video_120,0.37507152557373047,0.10996828228235245,0.31211692094802856,0.20284327864646912,1,0,0.9744265079498291
R_hate_video_121,1,0.8254008293151855,1.5533760786056519,train,True,asr,2,E:\m-hvc\datasets\old-dataset\frames_unique\R_hate_video_121,0.976331353187561,0.005399341695010662,0.014483023434877396,0.003786239540204406,1,0,0.8254008293151855
R_hate_video_122,1,0.047280654311180115,-3.0032191276550293,val,True,asr,2,E:\m-hvc\datasets\old-dataset\frames_unique\R_hate_video_122,0.9964902997016907,0.0007587396539747715,0.002184743992984295,0.0005661646137014031,0,0,0.9527193456888199
R_hate_video_123,1,0.9794807434082031,3.8656585216522217,val,False,missing,2,E:\m-hvc\datasets\old-dataset\frames_unique\R_hate_video_123,0.3245522081851959,0.116572305560112,0.3455977439880371,0.21327778697013855,1,2,0.9794807434082031
R_hate_video_124,1,0.978124737739563,3.8002824783325195,val,False,missing,2,E:\m-hvc\datasets\old-dataset\frames_unique\R_hate_video_124,0.30299097299575806,0.1222456619143486,0.3431311547756195,0.23163217306137085,1,2,0.978124737739563
R_hate_video_125,1,0.9754624962806702,3.6827080249786377,train,True,human,2,E:\m-hvc\datasets\old-dataset\frames_unique\R_hate_video_125,0.24554458260536194,0.1793413609266281,0.2915373146533966,0.28357672691345215,1,2,0.9754624962806702
R_hate_video_126,1,0.9776761531829834,3.779521942138672,test,False,missing,2,E:\m-hvc\datasets\old-dataset\frames_unique\R_hate_video_126,0.3289680480957031,0.11281556636095047,0.33655980229377747,0.22165663540363312,1,2,0.9776761531829834
R_hate_video_127,1,0.9851778149604797,4.196694850921631,train,True,human,3,E:\m-hvc\datasets\old-dataset\frames_unique\R_hate_video_127,0.02158355340361595,0.02973926067352295,0.07101882249116898,0.8776583671569824,1,3,0.9851778149604797
R_hate_video_128,1,0.7815079689025879,1.2744758129119873,val,True,human,2,E:\m-hvc\datasets\old-dataset\frames_unique\R_hate_video_128,0.97586989402771,0.005618673283606768,0.014702798798680305,0.0038085798732936382,1,0,0.7815079689025879
R_hate_video_129,1,0.7961081862449646,1.3621457815170288,train,True,human,2,E:\m-hvc\datasets\old-dataset\frames_unique\R_hate_video_129,0.9809069037437439,0.005552890244871378,0.010027076117694378,0.003513169474899769,1,0,0.7961081862449646
R_hate_video_130,0,0.012564747594296932,-4.364215850830078,train,True,human,0,E:\m-hvc\datasets\old-dataset\frames_unique\R_hate_video_130,0.9973123073577881,0.0005597173585556448,0.0017220353474840522,0.00040606132824905217,0,0,0.9874352524057031
R_hate_video_131,1,0.9758257269859314,3.697995662689209,train,False,missing,2,E:\m-hvc\datasets\old-dataset\frames_unique\R_hate_video_131,0.3493254780769348,0.11448144167661667,0.32204872369766235,0.21414436399936676,1,0,0.9758257269859314
R_hate_video_132,1,0.966693103313446,3.3681180477142334,train,False,missing,2,E:\m-hvc\datasets\old-dataset\frames_unique\R_hate_video_132,0.44771304726600647,0.09341242909431458,0.31704655289649963,0.14182792603969574,1,0,0.966693103313446
R_hate_video_133,1,0.7431319952011108,1.0623115301132202,train,True,asr,2,E:\m-hvc\datasets\old-dataset\frames_unique\R_hate_video_133,0.9837358593940735,0.003874314483255148,0.008792346343398094,0.0035974793136119843,1,0,0.7431319952011108
R_hate_video_134,1,0.015360263176262379,-4.160491943359375,train,True,human,2,E:\m-hvc\datasets\old-dataset\frames_unique\R_hate_video_134,0.9693788290023804,0.00453639030456543,0.02272460050880909,0.003360216971486807,0,0,0.9846397368237376
R_hate_video_135,1,0.019760211929678917,-3.9041268825531006,train,True,asr,2,E:\m-hvc\datasets\old-dataset\frames_unique\R_hate_video_135,0.9975957274436951,0.0005311427521519363,0.001491138944402337,0.00038191559724509716,0,0,0.9802397880703211
R_hate_video_136,0,0.009508642368018627,-4.645999908447266,train,True,human,0,E:\m-hvc\datasets\old-dataset\frames_unique\R_hate_video_136,0.9902772903442383,0.0021666805259883404,0.006107706110924482,0.0014483985723927617,0,0,0.9904913576319814
R_hate_video_137,1,0.33737462759017944,-0.675015926361084,train,True,human,3,E:\m-hvc\datasets\old-dataset\frames_unique\R_hate_video_137,0.14630526304244995,0.06909564137458801,0.1446620523929596,0.6399370431900024,1,3,0.6626253724098206
R_hate_video_138,1,0.17190022766590118,-1.5722193717956543,train,True,human,2,E:\m-hvc\datasets\old-dataset\frames_unique\R_hate_video_138,0.8113870620727539,0.0548352375626564,0.1039058268070221,0.029871858656406403,0,0,0.8280997723340988
R_hate_video_139,1,0.9361830353736877,2.685791492462158,train,True,human,2,E:\m-hvc\datasets\old-dataset\frames_unique\R_hate_video_139,0.8631693720817566,0.034912385046482086,0.06124768406152725,0.040670543909072876,1,0,0.9361830353736877
R_hate_video_140,1,0.9813601970672607,3.9636387825012207,train,False,missing,2,E:\m-hvc\datasets\old-dataset\frames_unique\R_hate_video_140,0.27860695123672485,0.12276298552751541,0.3447054326534271,0.25392454862594604,1,2,0.9813601970672607
R_hate_video_141,1,0.8633045554161072,1.8430120944976807,test,True,asr,2,E:\m-hvc\datasets\old-dataset\frames_unique\R_hate_video_141,0.9782410860061646,0.005505886860191822,0.011353868059813976,0.004899139050394297,1,0,0.8633045554161072
R_hate_video_142,1,0.6608691215515137,0.6671697497367859,train,True,human,2,E:\m-hvc\datasets\old-dataset\frames_unique\R_hate_video_142,0.9596933126449585,0.008009144105017185,0.02482878416776657,0.007468757685273886,1,0,0.6608691215515137
R_hate_video_143,1,0.9836373925209045,4.096257209777832,train,True,asr,3,E:\m-hvc\datasets\old-dataset\frames_unique\R_hate_video_143,0.014811531640589237,0.020697811618447304,0.05476873740553856,0.9097219705581665,1,3,0.9836373925209045
R_hate_video_144,1,0.6020949482917786,0.4142015874385834,train,True,human,2,E:\m-hvc\datasets\old-dataset\frames_unique\R_hate_video_144,0.9923434853553772,0.00197186809964478,0.004043715540319681,0.0016409425297752023,1,0,0.6020949482917786
R_hate_video_145,1,0.5905461311340332,0.3662235140800476,train,True,human,2,E:\m-hvc\datasets\old-dataset\frames_unique\R_hate_video_145,0.9905545115470886,0.002787509234622121,0.004591366276144981,0.002066646935418248,1,0,0.5905461311340332
R_hate_video_146,1,0.6789343953132629,0.748879075050354,train,True,human,2,E:\m-hvc\datasets\old-dataset\frames_unique\R_hate_video_146,0.9794660806655884,0.004882012028247118,0.012686654925346375,0.0029652677476406097,1,0,0.6789343953132629
R_hate_video_147,1,0.9816111922264099,3.9774537086486816,train,False,missing,2,E:\m-hvc\datasets\old-dataset\frames_unique\R_hate_video_147,0.24709688127040863,0.12357357889413834,0.3285658359527588,0.30076366662979126,1,2,0.9816111922264099
R_hate_video_148,1,0.9230532050132751,2.484572172164917,train,True,human,2,E:\m-hvc\datasets\old-dataset\frames_unique\R_hate_video_148,0.9364166855812073,0.016657935455441475,0.031454890966415405,0.015470551326870918,1,0,0.9230532050132751
R_hate_video_149,1,0.22351759672164917,-1.245283842086792,test,True,human,2,E:\m-hvc\datasets\old-dataset\frames_unique\R_hate_video_149,0.9950457811355591,0.0012603633804246783,0.0028648979496210814,0.0008289860561490059,0,0,0.7764824032783508
R_hate_video_150,1,0.9263710975646973,2.5322370529174805,train,True,asr,2,E:\m-hvc\datasets\old-dataset\frames_unique\R_hate_video_150,0.9540810585021973,0.011639808304607868,0.02182425558567047,0.012454894371330738,1,0,0.9263710975646973
R_hate_video_151,1,0.12251219898462296,-1.9688524007797241,train,True,asr,2,E:\m-hvc\datasets\old-dataset\frames_unique\R_hate_video_151,0.9931693077087402,0.0011930118780583143,0.00484508415684104,0.0007925824611447752,0,0,0.877487801015377
R_hate_video_152,1,0.12677690386772156,-1.9297621250152588,train,True,asr,2,E:\m-hvc\datasets\old-dataset\frames_unique\R_hate_video_152,0.9968546628952026,0.0007235750090330839,0.001937235938385129,0.00048453049384988844,0,0,0.8732230961322784
R_hate_video_153,1,0.7310953736305237,1.0001871585845947,train,True,human,2,E:\m-hvc\datasets\old-dataset\frames_unique\R_hate_video_153,0.9868223667144775,0.003511434653773904,0.0072331298142671585,0.002433088608086109,1,0,0.7310953736305237
R_hate_video_154,0,0.010034509003162384,-4.591639995574951,train,True,asr,0,E:\m-hvc\datasets\old-dataset\frames_unique\R_hate_video_154,0.9946314096450806,0.0010973510798066854,0.003368602367118001,0.0009026741026900709,0,0,0.9899654909968376
R_hate_video_155,1,0.9001521468162537,2.198915958404541,train,True,human,2,E:\m-hvc\datasets\old-dataset\frames_unique\R_hate_video_155,0.04164816066622734,0.017991436645388603,0.9098958969116211,0.03046451508998871,1,2,0.9001521468162537
R_hate_video_156,1,0.9287480115890503,2.567615270614624,train,True,asr,2,E:\m-hvc\datasets\old-dataset\frames_unique\R_hate_video_156,0.9524291157722473,0.011728554964065552,0.02427891083061695,0.011563392356038094,1,0,0.9287480115890503
R_hate_video_157,1,0.9540499448776245,3.0331614017486572,train,False,missing,2,E:\m-hvc\datasets\old-dataset\frames_unique\R_hate_video_157,0.47141778469085693,0.08307474851608276,0.34150633215904236,0.10400118678808212,1,0,0.9540499448776245
R_hate_video_158,1,0.3772616684436798,-0.5011874437332153,val,True,asr,2,E:\m-hvc\datasets\old-dataset\frames_unique\R_hate_video_158,0.9951367974281311,0.0010815290734171867,0.0030148138757795095,0.0007667847094126046,1,0,0.6227383315563202
R_hate_video_159,1,0.734254002571106,1.016313910484314,train,True,human,2,E:\m-hvc\datasets\old-dataset\frames_unique\R_hate_video_159,0.9870432019233704,0.0036337359342724085,0.007024263497442007,0.00229874555952847,1,0,0.734254002571106
R_hate_video_160,1,0.9817684888839722,3.9862022399902344,train,False,missing,2,E:\m-hvc\datasets\old-dataset\frames_unique\R_hate_video_160,0.3028016984462738,0.11503124982118607,0.3517252504825592,0.23044177889823914,1,2,0.9817684888839722
R_hate_video_161,1,0.11044444143772125,-2.086209297180176,train,True,human,2,E:\m-hvc\datasets\old-dataset\frames_unique\R_hate_video_161,0.9971389770507812,0.0006622534710913897,0.0017799511551856995,0.0004188912862446159,0,0,0.8895555585622787
R_hate_video_162,1,0.7040008902549744,0.8664234280586243,train,False,missing,2,E:\m-hvc\datasets\old-dataset\frames_unique\R_hate_video_162,0.6618814468383789,0.05791453272104263,0.2097248136997223,0.07047920674085617,1,0,0.7040008902549744
R_hate_video_163,1,0.9777894020080566,3.784726142883301,train,False,missing,2,E:\m-hvc\datasets\old-dataset\frames_unique\R_hate_video_163,0.34980693459510803,0.11790865659713745,0.3228001594543457,0.20948432385921478,1,0,0.9777894020080566
R_hate_video_164,1,0.41983604431152344,-0.32344651222229004,test,False,missing,2,E:\m-hvc\datasets\old-dataset\frames_unique\R_hate_video_164,0.6882854700088501,0.05752650648355484,0.20064611732959747,0.05354192852973938,1,0,0.5801639556884766
R_hate_video_165,1,0.972639799118042,3.570925712585449,val,False,missing,2,E:\m-hvc\datasets\old-dataset\frames_unique\R_hate_video_165,0.33376529812812805,0.11530865728855133,0.34861212968826294,0.20231395959854126,1,2,0.972639799118042
R_hate_video_166,1,0.9530988335609436,3.011676549911499,train,True,human,1,E:\m-hvc\datasets\old-dataset\frames_unique\R_hate_video_166,0.1353885382413864,0.5316692590713501,0.14413094520568848,0.1888113170862198,1,1,0.9530988335609436
R_hate_video_167,1,0.6788748502731323,0.7486059069633484,train,True,asr,2,E:\m-hvc\datasets\old-dataset\frames_unique\R_hate_video_167,0.9905038475990295,0.002286475384607911,0.005542495287954807,0.0016670877812430263,1,0,0.6788748502731323
R_hate_video_168,1,0.8993090391159058,2.189570426940918,train,True,asr,2,E:\m-hvc\datasets\old-dataset\frames_unique\R_hate_video_168,0.9680357575416565,0.0076440321281552315,0.017237957566976547,0.007082249969244003,1,0,0.8993090391159058
R_hate_video_169,1,0.9284343719482422,2.5628843307495117,train,False,missing,2,E:\m-hvc\datasets\old-dataset\frames_unique\R_hate_video_169,0.4113655686378479,0.10417719185352325,0.3515038788318634,0.13295340538024902,1,0,0.9284343719482422
R_hate_video_170,1,0.9560856819152832,3.080606460571289,train,False,missing,2,E:\m-hvc\datasets\old-dataset\frames_unique\R_hate_video_170,0.38976752758026123,0.10216668993234634,0.3518976867198944,0.1561681479215622,1,0,0.9560856819152832
R_hate_video_171,1,0.9671991467475891,3.383949041366577,train,True,human,2,E:\m-hvc\datasets\old-dataset\frames_unique\R_hate_video_171,0.030931323766708374,0.018041858449578285,0.9121265411376953,0.03890028968453407,1,2,0.9671991467475891
R_hate_video_172,1,0.9783515334129333,3.810936212539673,train,True,asr,3,E:\m-hvc\datasets\old-dataset\frames_unique\R_hate_video_172,0.21371802687644958,0.05376239866018295,0.22163568437099457,0.5108839273452759,1,3,0.9783515334129333
R_hate_video_173,1,0.9798649549484253,3.8849544525146484,train,True,asr,3,E:\m-hvc\datasets\old-dataset\frames_unique\R_hate_video_173,0.031364843249320984,0.03329696133732796,0.1097925677895546,0.8255456686019897,1,3,0.9798649549484253
R_hate_video_174,1,0.10639925301074982,-2.1280605792999268,train,True,human,2,E:\m-hvc\datasets\old-dataset\frames_unique\R_hate_video_174,0.9973729848861694,0.0006027158815413713,0.001633460633456707,0.0003907342324964702,0,0,0.8936007469892502
R_hate_video_175,1,0.7104179263114929,0.8974146842956543,train,True,asr,2,E:\m-hvc\datasets\old-dataset\frames_unique\R_hate_video_175,0.9876876473426819,0.0028812617529183626,0.007060202769935131,0.0023708029184490442,1,0,0.7104179263114929
R_hate_video_176,1,0.9558711051940918,3.0755069255828857,train,False,missing,2,E:\m-hvc\datasets\old-dataset\frames_unique\R_hate_video_176,0.46246254444122314,0.07368841022253036,0.3591442406177521,0.10470476746559143,1,0,0.9558711051940918
R_hate_video_177,1,0.9791156053543091,3.8476476669311523,train,False,missing,2,E:\m-hvc\datasets\old-dataset\frames_unique\R_hate_video_177,0.32136446237564087,0.11539094150066376,0.35216042399406433,0.21108414232730865,1,2,0.9791156053543091
R_hate_video_178,1,0.9672712683677673,3.3862247467041016,train,False,missing,2,E:\m-hvc\datasets\old-dataset\frames_unique\R_hate_video_178,0.44784826040267944,0.09578661620616913,0.30913060903549194,0.14723451435565948,1,0,0.9672712683677673
R_hate_video_179,1,0.671057939529419,0.7129738330841064,train,True,human,2,E:\m-hvc\datasets\old-dataset\frames_unique\R_hate_video_179,0.9900830388069153,0.002663379767909646,0.0055213067680597305,0.0017322582425549626,1,0,0.671057939529419
R_hate_video_180,1,0.9316255450248718,2.6119325160980225,val,True,human,1,E:\m-hvc\datasets\old-dataset\frames_unique\R_hate_video_180,0.41049885749816895,0.25617581605911255,0.20187035202980042,0.13145503401756287,1,0,0.9316255450248718
R_hate_video_181,1,0.9687633514404297,3.434427261352539,train,False,missing,2,E:\m-hvc\datasets\old-dataset\frames_unique\R_hate_video_181,0.2762480676174164,0.13431663811206818,0.35597550868988037,0.23345981538295746,1,2,0.9687633514404297
R_hate_video_182,1,0.9772828221321106,3.7616546154022217,train,False,missing,2,E:\m-hvc\datasets\old-dataset\frames_unique\R_hate_video_182,0.3034583032131195,0.11699571460485458,0.3736259639263153,0.20592001080513,1,2,0.9772828221321106
R_hate_video_183,1,0.9536346197128296,3.023728370666504,test,True,human,1,E:\m-hvc\datasets\old-dataset\frames_unique\R_hate_video_183,0.12901617586612701,0.5287535786628723,0.16342121362686157,0.1788090616464615,1,1,0.9536346197128296
R_hate_video_184,1,0.595499575138092,0.38674789667129517,test,True,human,2,E:\m-hvc\datasets\old-dataset\frames_unique\R_hate_video_184,0.9926160573959351,0.001955766463652253,0.004211129620671272,0.0012170573463663459,1,0,0.595499575138092
R_hate_video_185,1,0.9668079614639282,3.3716909885406494,train,True,human,2,E:\m-hvc\datasets\old-dataset\frames_unique\R_hate_video_185,0.04911009967327118,0.08645790815353394,0.7925350666046143,0.07189692556858063,1,2,0.9668079614639282
R_hate_video_186,1,0.9745274782180786,3.6443517208099365,train,True,human,2,E:\m-hvc\datasets\old-dataset\frames_unique\R_hate_video_186,0.022932110354304314,0.01724531315267086,0.9215671420097351,0.03825536370277405,1,2,0.9745274782180786
R_hate_video_187,1,0.9567650556564331,3.096909999847412,train,False,missing,2,E:\m-hvc\datasets\old-dataset\frames_unique\R_hate_video_187,0.4703141152858734,0.0846211239695549,0.3028058707714081,0.1422588974237442,1,0,0.9567650556564331
R_hate_video_188,1,0.9320924878120422,2.6192851066589355,train,True,asr,2,E:\m-hvc\datasets\old-dataset\frames_unique\R_hate_video_188,0.9471732974052429,0.01253332570195198,0.027795759961009026,0.01249765045940876,1,0,0.9320924878120422
R_hate_video_189,1,0.8650326132774353,1.857734203338623,train,True,human,2,E:\m-hvc\datasets\old-dataset\frames_unique\R_hate_video_189,0.9651780128479004,0.009837906807661057,0.017970198765397072,0.007013850379735231,1,0,0.8650326132774353
R_hate_video_190,1,0.31125688552856445,-0.7942497730255127,val,True,human,2,E:\m-hvc\datasets\old-dataset\frames_unique\R_hate_video_190,0.9959931373596191,0.001087381038814783,0.0023452704772353172,0.0005741659551858902,1,0,0.6887431144714355
R_hate_video_191,1,0.19204366207122803,-1.4367852210998535,train,True,human,2,E:\m-hvc\datasets\old-dataset\frames_unique\R_hate_video_191,0.06235091760754585,0.010548872873187065,0.907336950302124,0.019763261079788208,0,2,0.807956337928772
R_hate_video_192,1,0.11382592469453812,-2.052243232727051,val,True,human,2,E:\m-hvc\datasets\old-dataset\frames_unique\R_hate_video_192,0.29154229164123535,0.015431605279445648,0.6651856303215027,0.027840444818139076,0,2,0.8861740753054619
R_hate_video_193,1,0.9686397314071655,3.430349349975586,train,True,asr,3,E:\m-hvc\datasets\old-dataset\frames_unique\R_hate_video_193,0.014315759763121605,0.024267887696623802,0.05580762401223183,0.9056087732315063,1,3,0.9686397314071655
R_hate_video_194,1,0.9052667021751404,2.2571640014648438,train,True,asr,2,E:\m-hvc\datasets\old-dataset\frames_unique\R_hate_video_194,0.9391024708747864,0.014831414446234703,0.03455835580825806,0.011507824063301086,1,0,0.9052667021751404
R_hate_video_195,1,0.9463049173355103,2.86924409866333,train,True,asr,2,E:\m-hvc\datasets\old-dataset\frames_unique\R_hate_video_195,0.5177010297775269,0.03133581578731537,0.41586393117904663,0.03509921580553055,1,0,0.9463049173355103
R_hate_video_196,1,0.467732310295105,-0.12925030291080475,train,True,human,2,E:\m-hvc\datasets\old-dataset\frames_unique\R_hate_video_196,0.991104245185852,0.0022584116086363792,0.005500243045389652,0.00113702192902565,1,0,0.532267689704895
R_hate_video_197,1,0.9812864661216736,3.9596211910247803,train,False,missing,2,E:\m-hvc\datasets\old-dataset\frames_unique\R_hate_video_197,0.32875511050224304,0.11152375489473343,0.33989039063453674,0.21983075141906738,1,2,0.9812864661216736
R_hate_video_198,1,0.9432181715965271,2.8100805282592773,test,False,missing,2,E:\m-hvc\datasets\old-dataset\frames_unique\R_hate_video_198,0.4697342813014984,0.08450455218553543,0.305067241191864,0.14069390296936035,1,0,0.9432181715965271
R_hate_video_199,1,0.9860252737998962,4.256433010101318,train,True,asr,3,E:\m-hvc\datasets\old-dataset\frames_unique\R_hate_video_199,0.019497673958539963,0.02635359950363636,0.3725840151309967,0.581564724445343,1,3,0.9860252737998962
R_hate_video_200,1,0.9803335070610046,3.90897798538208,test,False,missing,2,E:\m-hvc\datasets\old-dataset\frames_unique\R_hate_video_200,0.28701332211494446,0.12016694247722626,0.3267795443534851,0.26604020595550537,1,2,0.9803335070610046
R_hate_video_201,0,0.008433615788817406,-4.767060279846191,train,True,human,0,E:\m-hvc\datasets\old-dataset\frames_unique\R_hate_video_201,0.9962234497070312,0.0008448901353403926,0.0022814166732132435,0.0006503221811726689,0,0,0.9915663842111826
R_hate_video_202,1,0.9794576168060303,3.8645124435424805,val,True,human,2,E:\m-hvc\datasets\old-dataset\frames_unique\R_hate_video_202,0.06222596764564514,0.0971716120839119,0.5538824796676636,0.2867199778556824,1,2,0.9794576168060303
R_hate_video_203,1,0.9802150726318359,3.9028542041778564,train,True,asr,3,E:\m-hvc\datasets\old-dataset\frames_unique\R_hate_video_203,0.08139800280332565,0.04633196070790291,0.21272340416908264,0.6595466136932373,1,3,0.9802150726318359
R_hate_video_204,1,0.9329588413238525,2.633054494857788,train,True,asr,2,E:\m-hvc\datasets\old-dataset\frames_unique\R_hate_video_204,0.6905759572982788,0.028965096920728683,0.24803906679153442,0.03241981938481331,1,0,0.9329588413238525
R_hate_video_205,1,0.9822292327880859,4.012267112731934,train,True,human,3,E:\m-hvc\datasets\old-dataset\frames_unique\R_hate_video_205,0.023073021322488785,0.03333123028278351,0.06328900158405304,0.8803067207336426,1,3,0.9822292327880859
R_hate_video_206,1,0.9847363829612732,4.166903495788574,train,True,asr,3,E:\m-hvc\datasets\old-dataset\frames_unique\R_hate_video_206,0.038578011095523834,0.03468833491206169,0.13302068412303925,0.7937129735946655,1,3,0.9847363829612732
R_hate_video_207,0,0.02830331213772297,-3.536064863204956,val,True,asr,0,E:\m-hvc\datasets\old-dataset\frames_unique\R_hate_video_207,0.996995210647583,0.0006448589265346527,0.0018401261186227202,0.00051976676331833,0,0,0.971696687862277
R_hate_video_208,1,0.17625315487384796,-1.5419420003890991,train,True,human,2,E:\m-hvc\datasets\old-dataset\frames_unique\R_hate_video_208,0.9949571490287781,0.0010786749189719558,0.0031894391868263483,0.0007747015915811062,0,0,0.823746845126152
R_hate_video_209,1,0.9612080454826355,3.209980010986328,val,True,human,2,E:\m-hvc\datasets\old-dataset\frames_unique\R_hate_video_209,0.09212887287139893,0.052470140159130096,0.7949541807174683,0.06044682487845421,1,2,0.9612080454826355
R_hate_video_210,1,0.3674175441265106,-0.543311595916748,val,True,human,2,E:\m-hvc\datasets\old-dataset\frames_unique\R_hate_video_210,0.9938308000564575,0.0017421325901523232,0.003499772399663925,0.0009272850584238768,1,0,0.6325824558734894
R_hate_video_211,1,0.9793997406959534,3.8616385459899902,val,True,asr,3,E:\m-hvc\datasets\old-dataset\frames_unique\R_hate_video_211,0.0651705265045166,0.04783027619123459,0.14586201310157776,0.7411372065544128,1,3,0.9793997406959534
R_hate_video_212,1,0.7760455012321472,1.2427681684494019,test,True,human,2,E:\m-hvc\datasets\old-dataset\frames_unique\R_hate_video_212,0.9120947122573853,0.012223062105476856,0.06819256395101547,0.007489718496799469,1,0,0.7760455012321472
R_hate_video_213,1,0.9316686987876892,2.612609386444092,train,True,asr,2,E:\m-hvc\datasets\old-dataset\frames_unique\R_hate_video_213,0.9468005895614624,0.01331570465117693,0.025598227977752686,0.014285413548350334,1,0,0.9316686987876892
R_hate_video_214,1,0.5400415062904358,0.16050975024700165,train,True,human,2,E:\m-hvc\datasets\old-dataset\frames_unique\R_hate_video_214,0.9934707880020142,0.0015015422832220793,0.004045051988214254,0.0009826504392549396,1,0,0.5400415062904358
R_hate_video_215,1,0.8947733044624329,2.1404531002044678,val,True,human,2,E:\m-hvc\datasets\old-dataset\frames_unique\R_hate_video_215,0.9633828401565552,0.010712606832385063,0.018369236961007118,0.007535308133810759,1,0,0.8947733044624329
R_hate_video_216,1,0.9293649792671204,2.5769755840301514,train,True,asr,2,E:\m-hvc\datasets\old-dataset\frames_unique\R_hate_video_216,0.8973772525787354,0.02002773806452751,0.0629790723323822,0.01961597613990307,1,0,0.9293649792671204
R_hate_video_217,1,0.03661089017987251,-3.270111560821533,test,True,human,2,E:\m-hvc\datasets\old-dataset\frames_unique\R_hate_video_217,0.6275672912597656,0.013893761672079563,0.3408709764480591,0.017668014392256737,0,0,0.9633891098201275
R_hate_video_218,1,0.5147923827171326,0.059186894446611404,train,True,human,2,E:\m-hvc\datasets\old-dataset\frames_unique\R_hate_video_218,0.9916404485702515,0.0024425953160971403,0.004516444634646177,0.0014004436088725924,1,0,0.5147923827171326
R_hate_video_219,0,0.009837029501795769,-4.611715793609619,train,True,human,0,E:\m-hvc\datasets\old-dataset\frames_unique\R_hate_video_219,0.9869711399078369,0.0034523841459304094,0.0073637580499053,0.0022127521224319935,0,0,0.9901629704982042
R_hate_video_220,1,0.8371688723564148,1.6373119354248047,train,True,human,2,E:\m-hvc\datasets\old-dataset\frames_unique\R_hate_video_220,0.9571304321289062,0.008690901100635529,0.027825521305203438,0.006353089585900307,1,0,0.8371688723564148
R_hate_video_221,1,0.8917233347892761,2.1084659099578857,train,True,human,2,E:\m-hvc\datasets\old-dataset\frames_unique\R_hate_video_221,0.9217969179153442,0.015172459185123444,0.049628254026174545,0.013402367010712624,1,0,0.8917233347892761
R_hate_video_222,0,0.0238355603069067,-3.7124524116516113,val,True,human,0,E:\m-hvc\datasets\old-dataset\frames_unique\R_hate_video_222,0.9980699419975281,0.0003999443433713168,0.0012355633080005646,0.0002945286105386913,0,0,0.9761644396930933
R_hate_video_223,1,0.3694598376750946,-0.5345348715782166,train,True,human,2,E:\m-hvc\datasets\old-dataset\frames_unique\R_hate_video_223,0.9961286783218384,0.0010049212723970413,0.0022068549878895283,0.0006595662562176585,1,0,0.6305401623249054
R_hate_video_224,1,0.6044737100601196,0.42414093017578125,test,True,human,2,E:\m-hvc\datasets\old-dataset\frames_unique\R_hate_video_224,0.9924248456954956,0.0019411426037549973,0.0043475441634655,0.0012865137541666627,1,0,0.6044737100601196
R_hate_video_225,1,0.009597714059054852,-4.6365861892700195,train,True,human,2,E:\m-hvc\datasets\old-dataset\frames_unique\R_hate_video_225,0.9958558678627014,0.0009249643189832568,0.0024901381693780422,0.0007289749337360263,0,0,0.9904022859409451
R_hate_video_226,1,0.5478546619415283,0.19200633466243744,train,True,human,2,E:\m-hvc\datasets\old-dataset\frames_unique\R_hate_video_226,0.9858245849609375,0.004590087570250034,0.006359512452036142,0.0032258317805826664,1,0,0.5478546619415283
R_hate_video_228,1,0.03535693883895874,-3.3062634468078613,test,True,human,2,E:\m-hvc\datasets\old-dataset\frames_unique\R_hate_video_228,0.7983478307723999,0.03630722314119339,0.14412343502044678,0.021221518516540527,0,0,0.9646430611610413
R_hate_video_229,1,0.7815754413604736,1.2748711109161377,test,True,human,2,E:\m-hvc\datasets\old-dataset\frames_unique\R_hate_video_229,0.8269210457801819,0.021327311173081398,0.1322370320558548,0.019514624029397964,1,0,0.7815754413604736
R_hate_video_230,1,0.6556029915809631,0.6437602043151855,train,True,human,2,E:\m-hvc\datasets\old-dataset\frames_unique\R_hate_video_230,0.9815539121627808,0.00425570085644722,0.011152415536344051,0.0030379772651940584,1,0,0.6556029915809631
R_hate_video_231,1,0.35149121284484863,-0.6124907732009888,val,True,human,2,E:\m-hvc\datasets\old-dataset\frames_unique\R_hate_video_231,0.9941931366920471,0.0015045764157548547,0.003383376868441701,0.0009188519325107336,1,0,0.6485087871551514
R_hate_video_232,1,0.054221078753471375,-2.8589391708374023,test,True,human,2,E:\m-hvc\datasets\old-dataset\frames_unique\R_hate_video_232,0.9964136481285095,0.0007380960742011666,0.002433739835396409,0.0004145066486671567,0,0,0.9457789212465286
R_hate_video_233,0,0.010388015769422054,-4.556660175323486,train,True,human,0,E:\m-hvc\datasets\old-dataset\frames_unique\R_hate_video_233,0.9896610975265503,0.001547483610920608,0.0075806197710335255,0.001210802118293941,0,0,0.989611984230578
R_hate_video_234,1,0.9187814593315125,2.4259047508239746,train,True,asr,2,E:\m-hvc\datasets\old-dataset\frames_unique\R_hate_video_234,0.06506011635065079,0.044151172041893005,0.7063244581222534,0.18446427583694458,1,2,0.9187814593315125
R_hate_video_235,1,0.9700969457626343,3.4794366359710693,train,False,missing,2,E:\m-hvc\datasets\old-dataset\frames_unique\R_hate_video_235,0.4467103183269501,0.09511803090572357,0.3010879456996918,0.1570836901664734,1,0,0.9700969457626343
R_hate_video_236,1,0.8456032276153564,1.7005245685577393,val,True,asr,2,E:\m-hvc\datasets\old-dataset\frames_unique\R_hate_video_236,0.9813666343688965,0.004238242283463478,0.010518434457480907,0.0038767759688198566,1,0,0.8456032276153564
R_hate_video_237,1,0.9716272354125977,3.533543109893799,train,True,asr,3,E:\m-hvc\datasets\old-dataset\frames_unique\R_hate_video_237,0.07308899611234665,0.0454440638422966,0.2772707939147949,0.6041961312294006,1,3,0.9716272354125977
R_hate_video_238,1,0.38210153579711914,-0.4806378185749054,train,True,asr,2,E:\m-hvc\datasets\old-dataset\frames_unique\R_hate_video_238,0.9943675398826599,0.0013812819961458445,0.0031491739209741354,0.00110191002022475,1,0,0.6178984642028809
R_hate_video_239,1,0.8079836964607239,1.4369616508483887,train,True,human,2,E:\m-hvc\datasets\old-dataset\frames_unique\R_hate_video_239,0.8962334394454956,0.024987567216157913,0.05178025737404823,0.02699870988726616,1,0,0.8079836964607239
R_hate_video_240,1,0.779876708984375,1.2649478912353516,test,True,asr,2,E:\m-hvc\datasets\old-dataset\frames_unique\R_hate_video_240,0.9861968159675598,0.003355186665430665,0.007607587613165379,0.002840390196070075,1,0,0.779876708984375
R_hate_video_241,1,0.9748120903968811,3.655879020690918,val,True,human,2,E:\m-hvc\datasets\old-dataset\frames_unique\R_hate_video_241,0.028154270723462105,0.052384741604328156,0.8487935662269592,0.07066749036312103,1,2,0.9748120903968811
R_hate_video_242,1,0.9741498827934265,3.6292481422424316,test,False,missing,2,E:\m-hvc\datasets\old-dataset\frames_unique\R_hate_video_242,0.3885660469532013,0.10886550694704056,0.31396594643592834,0.18860255181789398,1,0,0.9741498827934265
R_hate_video_243,1,0.8565313816070557,1.7867743968963623,train,True,human,2,E:\m-hvc\datasets\old-dataset\frames_unique\R_hate_video_243,0.9032732844352722,0.03255414217710495,0.04894638806581497,0.015226166695356369,1,0,0.8565313816070557
R_hate_video_244,1,0.9684414863586426,3.4238433837890625,train,True,asr,2,E:\m-hvc\datasets\old-dataset\frames_unique\R_hate_video_244,0.6816777586936951,0.047087859362363815,0.11655566841363907,0.15467871725559235,1,0,0.9684414863586426
R_hate_video_245,1,0.9776716828346252,3.7793188095092773,train,True,human,2,E:\m-hvc\datasets\old-dataset\frames_unique\R_hate_video_245,0.02320888265967369,0.018505366519093513,0.9118026494979858,0.0464831180870533,1,2,0.9776716828346252
R_hate_video_246,1,0.9715234041213989,3.5297839641571045,val,True,human,2,E:\m-hvc\datasets\old-dataset\frames_unique\R_hate_video_246,0.01773826964199543,0.014904774725437164,0.9228665828704834,0.044490374624729156,1,2,0.9715234041213989
R_hate_video_247,1,0.04864328354597092,-2.9733753204345703,train,False,missing,2,E:\m-hvc\datasets\old-dataset\frames_unique\R_hate_video_247,0.8651055693626404,0.02248598076403141,0.08877366781234741,0.02363474667072296,0,0,0.9513567164540291
R_hate_video_248,1,0.9677237868309021,3.400615930557251,train,False,missing,2,E:\m-hvc\datasets\old-dataset\frames_unique\R_hate_video_248,0.4822376072406769,0.0836557000875473,0.3027399778366089,0.1313667744398117,1,0,0.9677237868309021
R_hate_video_249,1,0.01419739704579115,-4.2403974533081055,val,True,human,2,E:\m-hvc\datasets\old-dataset\frames_unique\R_hate_video_249,0.9975360631942749,0.00045717001194134355,0.0016607859870418906,0.0003460041480138898,0,0,0.9858026029542089
R_hate_video_250,1,0.05541636422276497,-2.835869312286377,test,False,missing,2,E:\m-hvc\datasets\old-dataset\frames_unique\R_hate_video_250,0.8552111387252808,0.02319260686635971,0.09563340991735458,0.025962872430682182,0,0,0.944583635777235
R_hate_video_251,1,0.9445890188217163,2.8359713554382324,train,True,asr,2,E:\m-hvc\datasets\old-dataset\frames_unique\R_hate_video_251,0.09330331534147263,0.023034285753965378,0.8531709313392639,0.030491426587104797,1,2,0.9445890188217163
R_hate_video_252,1,0.4867551624774933,-0.052991729229688644,train,True,human,2,E:\m-hvc\datasets\old-dataset\frames_unique\R_hate_video_252,0.9948809146881104,0.0012567557860165834,0.0030300207436084747,0.0008323753136210144,1,0,0.5132448375225067
R_hate_video_253,1,0.968711793422699,3.4327259063720703,train,False,missing,2,E:\m-hvc\datasets\old-dataset\frames_unique\R_hate_video_253,0.46775349974632263,0.08903973549604416,0.3074660897254944,0.13574065268039703,1,0,0.968711793422699
R_hate_video_254,1,0.9797606468200684,3.8796815872192383,train,False,missing,2,E:\m-hvc\datasets\old-dataset\frames_unique\R_hate_video_254,0.29095983505249023,0.11932573467493057,0.34203672409057617,0.247677743434906,1,2,0.9797606468200684
R_hate_video_255,1,0.8883599638938904,2.074097156524658,test,False,missing,2,E:\m-hvc\datasets\old-dataset\frames_unique\R_hate_video_255,0.6463972330093384,0.05879983678460121,0.23093681037425995,0.06386611610651016,1,0,0.8883599638938904
R_hate_video_256,1,0.4692580997943878,-0.12312282621860504,val,False,missing,2,E:\m-hvc\datasets\old-dataset\frames_unique\R_hate_video_256,0.7822205424308777,0.035615596920251846,0.15175357460975647,0.0304102785885334,1,0,0.5307419002056122
R_hate_video_257,1,0.7977795600891113,1.3724738359451294,train,True,asr,2,E:\m-hvc\datasets\old-dataset\frames_unique\R_hate_video_257,0.9845817685127258,0.0036310625728219748,0.008518369868397713,0.0032688367646187544,1,0,0.7977795600891113
R_hate_video_258,1,0.9468684792518616,2.880390167236328,train,True,human,2,E:\m-hvc\datasets\old-dataset\frames_unique\R_hate_video_258,0.34382733702659607,0.03184826299548149,0.5764847993850708,0.04783958941698074,1,2,0.9468684792518616
R_hate_video_259,1,0.9818119406700134,3.988636016845703,val,False,missing,2,E:\m-hvc\datasets\old-dataset\frames_unique\R_hate_video_259,0.3092995882034302,0.11841519922018051,0.35924002528190613,0.2130451798439026,1,2,0.9818119406700134
R_hate_video_260,1,0.8582236766815186,1.8006142377853394,val,True,human,2,E:\m-hvc\datasets\old-dataset\frames_unique\R_hate_video_260,0.9792870283126831,0.005462500732392073,0.011060304008424282,0.004190163686871529,1,0,0.8582236766815186
R_hate_video_261,1,0.7956840395927429,1.3595346212387085,train,True,human,1,E:\m-hvc\datasets\old-dataset\frames_unique\R_hate_video_261,0.12886546552181244,0.6638588309288025,0.11169987916946411,0.09557584673166275,1,1,0.7956840395927429
R_hate_video_262,1,0.9550482630729675,3.0561723709106445,train,True,human,3,E:\m-hvc\datasets\old-dataset\frames_unique\R_hate_video_262,0.02935664914548397,0.031042106449604034,0.11209545284509659,0.8275057673454285,1,3,0.9550482630729675
R_non_hate_video_001,0,0.010375556536018848,-4.557872772216797,train,True,human,0,E:\m-hvc\datasets\old-dataset\frames_unique\R_non_hate_video_001,0.9961764812469482,0.0008032533223740757,0.002392819384112954,0.0006275345222093165,0,0,0.9896244434639812
R_non_hate_video_002,0,0.011846794746816158,-4.42378044128418,test,True,asr,0,E:\m-hvc\datasets\old-dataset\frames_unique\R_non_hate_video_002,0.9961780309677124,0.0008078662795014679,0.002389167668297887,0.0006249070866033435,0,0,0.9881532052531838
R_non_hate_video_003,0,0.012848992832005024,-4.341557502746582,train,True,asr,0,E:\m-hvc\datasets\old-dataset\frames_unique\R_non_hate_video_003,0.9950516819953918,0.0009905027691274881,0.0031307791359722614,0.0008271068218164146,0,0,0.987151007167995
R_non_hate_video_004,0,0.008675037883222103,-4.738592624664307,train,True,human,0,E:\m-hvc\datasets\old-dataset\frames_unique\R_non_hate_video_004,0.9946364760398865,0.0011393643217161298,0.003284047357738018,0.0009401454590260983,0,0,0.9913249621167779
R_non_hate_video_005,0,0.19723615050315857,-1.4036588668823242,train,True,asr,0,E:\m-hvc\datasets\old-dataset\frames_unique\R_non_hate_video_005,0.98976069688797,0.0018738906364887953,0.006499625276774168,0.0018658153712749481,0,0,0.8027638494968414
R_non_hate_video_006,0,0.010992244817316532,-4.499512195587158,train,True,asr,0,E:\m-hvc\datasets\old-dataset\frames_unique\R_non_hate_video_006,0.9958254098892212,0.0009099541930481791,0.0025538995396345854,0.0007107587298378348,0,0,0.9890077551826835
R_non_hate_video_007,0,0.02960033528506756,-3.489922285079956,val,True,asr,0,E:\m-hvc\datasets\old-dataset\frames_unique\R_non_hate_video_007,0.996019184589386,0.0006377333775162697,0.002813408151268959,0.0005296715535223484,0,0,0.9703996647149324
R_non_hate_video_008,0,0.012187966145575047,-4.39504337310791,train,True,human,0,E:\m-hvc\datasets\old-dataset\frames_unique\R_non_hate_video_008,0.9934278130531311,0.0009640649659559131,0.0048650652170181274,0.0007430489058606327,0,0,0.987812033854425
R_non_hate_video_009,0,0.061829499900341034,-2.7195510864257812,train,True,human,0,E:\m-hvc\datasets\old-dataset\frames_unique\R_non_hate_video_009,0.8096224069595337,0.04291117936372757,0.09888945519924164,0.0485769622027874,0,0,0.938170500099659
R_non_hate_video_010,0,0.011010267771780491,-4.4978556632995605,train,True,human,0,E:\m-hvc\datasets\old-dataset\frames_unique\R_non_hate_video_010,0.9965344667434692,0.0006541418842971325,0.0022608195431530476,0.0005505923763848841,0,0,0.9889897322282195
R_non_hate_video_011,0,0.010465797036886215,-4.549121856689453,val,True,human,0,E:\m-hvc\datasets\old-dataset\frames_unique\R_non_hate_video_011,0.996360719203949,0.0006827710312791169,0.0023773405700922012,0.0005792591255158186,0,0,0.9895342029631138
R_non_hate_video_012,0,0.023112766444683075,-3.743986129760742,train,True,asr,0,E:\m-hvc\datasets\old-dataset\frames_unique\R_non_hate_video_012,0.9970486760139465,0.0005591034423559904,0.0019665590953081846,0.00042558854329399765,0,0,0.9768872335553169
R_non_hate_video_013,0,0.01227022334933281,-4.388233661651611,train,True,asr,0,E:\m-hvc\datasets\old-dataset\frames_unique\R_non_hate_video_013,0.9962072372436523,0.0007730661891400814,0.0023983055725693703,0.0006213357555679977,0,0,0.9877297766506672
R_non_hate_video_014,1,0.9545144438743591,3.0438077449798584,test,True,human,2,E:\m-hvc\datasets\old-dataset\frames_unique\R_non_hate_video_014,0.023403368890285492,0.026352137327194214,0.062182776629924774,0.8880617022514343,1,3,0.9545144438743591
R_non_hate_video_015,1,0.9747284054756165,3.6524782180786133,test,False,missing,2,E:\m-hvc\datasets\old-dataset\frames_unique\R_non_hate_video_015,0.3864077627658844,0.11824450641870499,0.28883087635040283,0.20651687681674957,1,0,0.9747284054756165
R_non_hate_video_016,0,0.013498441316187382,-4.291590690612793,train,True,asr,0,E:\m-hvc\datasets\old-dataset\frames_unique\R_non_hate_video_016,0.9960380792617798,0.0007532840245403349,0.00257509876973927,0.0006336222286336124,0,0,0.9865015586838126
R_non_hate_video_017,0,0.4345965087413788,-0.26312145590782166,train,True,human,0,E:\m-hvc\datasets\old-dataset\frames_unique\R_non_hate_video_017,0.9949434399604797,0.0012368002207949758,0.0030710690189152956,0.0007486696122214198,1,0,0.5654034912586212
R_non_hate_video_018,0,0.018962055444717407,-3.946171283721924,val,True,human,0,E:\m-hvc\datasets\old-dataset\frames_unique\R_non_hate_video_018,0.9971068501472473,0.0006863923626951873,0.001768238376826048,0.0004384831408970058,0,0,0.9810379445552826
R_non_hate_video_019,0,0.05551166087388992,-2.834050178527832,train,True,human,0,E:\m-hvc\datasets\old-dataset\frames_unique\R_non_hate_video_019,0.9847753643989563,0.0016397025901824236,0.012279704213142395,0.001305291661992669,0,0,0.9444883391261101
R_non_hate_video_020,0,0.009207403287291527,-4.678497314453125,train,True,human,0,E:\m-hvc\datasets\old-dataset\frames_unique\R_non_hate_video_020,0.9944304823875427,0.0011771536665037274,0.003437562845647335,0.0009547637891955674,0,0,0.9907925967127085
R_non_hate_video_021,0,0.12264729291200638,-1.9675962924957275,test,True,human,0,E:\m-hvc\datasets\old-dataset\frames_unique\R_non_hate_video_021,0.14399389922618866,0.013499032706022263,0.8223747611045837,0.020132407546043396,0,2,0.8773527070879936
R_non_hate_video_022,0,0.22094149887561798,-1.260188102722168,test,True,human,0,E:\m-hvc\datasets\old-dataset\frames_unique\R_non_hate_video_022,0.23962056636810303,0.06258081644773483,0.17529644072055817,0.5225021839141846,0,3,0.779058501124382
R_non_hate_video_023,0,0.012739872559905052,-4.350196838378906,train,True,asr,0,E:\m-hvc\datasets\old-dataset\frames_unique\R_non_hate_video_023,0.9921236634254456,0.0016480544582009315,0.0046809702180325985,0.0015472348313778639,0,0,0.987260127440095
R_non_hate_video_024,0,0.06213779374957085,-2.7142486572265625,train,True,human,0,E:\m-hvc\datasets\old-dataset\frames_unique\R_non_hate_video_024,0.99566650390625,0.0010294215753674507,0.0027161205653101206,0.0005879240343347192,0,0,0.9378622062504292
R_non_hate_video_025,0,0.008098519407212734,-4.8079423904418945,train,True,human,0,E:\m-hvc\datasets\old-dataset\frames_unique\R_non_hate_video_025,0.9952164888381958,0.0009830468334257603,0.0029863540548831224,0.0008141177240759134,0,0,0.9919014805927873
R_non_hate_video_026,0,0.01617429591715336,-4.108025550842285,train,True,asr,0,E:\m-hvc\datasets\old-dataset\frames_unique\R_non_hate_video_026,0.9974019527435303,0.0005278336466290057,0.0016472990391775966,0.00042282865615561604,0,0,0.9838257040828466
R_non_hate_video_027,0,0.019806189462542534,-3.9017558097839355,train,True,human,0,E:\m-hvc\datasets\old-dataset\frames_unique\R_non_hate_video_027,0.9954270124435425,0.001145684625953436,0.0027099712751805782,0.0007173005724325776,0,0,0.9801938105374575
R_non_hate_video_028,0,0.009356928989291191,-4.662237167358398,train,True,human,0,E:\m-hvc\datasets\old-dataset\frames_unique\R_non_hate_video_028,0.9961923360824585,0.0008408440044149756,0.0023600768763571978,0.0006068309885449708,0,0,0.9906430710107088
R_non_hate_video_029,0,0.01133760530501604,-4.468227863311768,train,True,human,0,E:\m-hvc\datasets\old-dataset\frames_unique\R_non_hate_video_029,0.9965115189552307,0.0006797059322707355,0.002281015506014228,0.0005277178715914488,0,0,0.988662394694984
R_non_hate_video_030,0,0.020147264003753662,-3.884333848953247,train,True,human,0,E:\m-hvc\datasets\old-dataset\frames_unique\R_non_hate_video_030,0.9977865219116211,0.00046490877866744995,0.001430307631380856,0.000318284728564322,0,0,0.9798527359962463
R_non_hate_video_031,0,0.007965143769979477,-4.82468318939209,train,True,human,0,E:\m-hvc\datasets\old-dataset\frames_unique\R_non_hate_video_031,0.9951674938201904,0.0010597700020298362,0.0029148554895073175,0.0008579689310863614,0,0,0.9920348562300205
R_non_hate_video_032,0,0.0275331549346447,-3.5644450187683105,val,True,human,0,E:\m-hvc\datasets\old-dataset\frames_unique\R_non_hate_video_032,0.9977039694786072,0.0005173870013095438,0.001426968490704894,0.00035171362105757,0,0,0.9724668450653553
R_non_hate_video_033,0,0.8660808801651001,1.8667417764663696,val,True,asr,0,E:\m-hvc\datasets\old-dataset\frames_unique\R_non_hate_video_033,0.9786010384559631,0.0052224514074623585,0.011626416817307472,0.0045501189306378365,1,0,0.8660808801651001
R_non_hate_video_034,0,0.19710758328437805,-1.4044710397720337,train,True,human,0,E:\m-hvc\datasets\old-dataset\frames_unique\R_non_hate_video_034,0.8710370659828186,0.011107971891760826,0.10621874034404755,0.011636226437985897,0,0,0.802892416715622
R_non_hate_video_035,1,0.8974745273590088,2.169473648071289,test,True,human,2,E:\m-hvc\datasets\old-dataset\frames_unique\R_non_hate_video_035,0.01782238483428955,0.01337071880698204,0.9534994959831238,0.015307479538023472,1,2,0.8974745273590088
R_non_hate_video_036,0,0.1272640973329544,-1.9253685474395752,val,True,human,0,E:\m-hvc\datasets\old-dataset\frames_unique\R_non_hate_video_036,0.6419512629508972,0.15722644329071045,0.14215248823165894,0.05866976082324982,0,0,0.8727359026670456
R_non_hate_video_037,1,0.9709463119506836,3.5091233253479004,train,True,human,2,E:\m-hvc\datasets\old-dataset\frames_unique\R_non_hate_video_037,0.31140315532684326,0.12073902785778046,0.37088754773139954,0.19697028398513794,1,2,0.9709463119506836
R_non_hate_video_038,0,0.009305814281105995,-4.667766571044922,val,True,human,0,E:\m-hvc\datasets\old-dataset\frames_unique\R_non_hate_video_038,0.993768572807312,0.0010624167043715715,0.004329351242631674,0.0008397125639021397,0,0,0.990694185718894
R_non_hate_video_039,0,0.01730082556605339,-4.039548873901367,train,True,human,0,E:\m-hvc\datasets\old-dataset\frames_unique\R_non_hate_video_039,0.9539908170700073,0.004467875696718693,0.03766357898712158,0.0038777953013777733,0,0,0.9826991744339466
R_non_hate_video_040,0,0.009285332635045052,-4.669990539550781,val,True,human,0,E:\m-hvc\datasets\old-dataset\frames_unique\R_non_hate_video_040,0.9959797859191895,0.0008576433174312115,0.0024784933775663376,0.0006840247078798711,0,0,0.990714667364955
R_non_hate_video_041,0,0.7397750616073608,1.0447998046875,test,True,asr,0,E:\m-hvc\datasets\old-dataset\frames_unique\R_non_hate_video_041,0.9845784306526184,0.003961045295000076,0.008500329218804836,0.0029602465219795704,1,0,0.7397750616073608
R_non_hate_video_042,0,0.8697870373725891,1.8990774154663086,train,True,human,0,E:\m-hvc\datasets\old-dataset\frames_unique\R_non_hate_video_042,0.03873666003346443,0.040246788412332535,0.058523789048194885,0.8624928593635559,1,3,0.8697870373725891
R_non_hate_video_043,0,0.8944197297096252,2.1367034912109375,train,True,human,0,E:\m-hvc\datasets\old-dataset\frames_unique\R_non_hate_video_043,0.03436494991183281,0.016845598816871643,0.9306545853614807,0.018134815618395805,1,2,0.8944197297096252
R_non_hate_video_044,0,0.03654728829860687,-3.271916389465332,val,True,human,0,E:\m-hvc\datasets\old-dataset\frames_unique\R_non_hate_video_044,0.9944137334823608,0.001433144323527813,0.0030726264230906963,0.0010804975172504783,0,0,0.9634527117013931
R_non_hate_video_045,0,0.023084307089447975,-3.7452473640441895,train,True,human,0,E:\m-hvc\datasets\old-dataset\frames_unique\R_non_hate_video_045,0.9973145127296448,0.0006466559134423733,0.001624403172172606,0.0004144525737501681,0,0,0.976915692910552
R_non_hate_video_046,0,0.02397971786558628,-3.70627498626709,val,True,human,0,E:\m-hvc\datasets\old-dataset\frames_unique\R_non_hate_video_046,0.9949129819869995,0.0008716107695363462,0.003609764389693737,0.0006055713165551424,0,0,0.9760202821344137
R_non_hate_video_047,0,0.8162900805473328,1.4914116859436035,train,True,human,0,E:\m-hvc\datasets\old-dataset\frames_unique\R_non_hate_video_047,0.9817554950714111,0.004542540293186903,0.009891214780509472,0.003810763591900468,1,0,0.8162900805473328
R_non_hate_video_048,0,0.02037401683628559,-3.872910499572754,train,True,human,0,E:\m-hvc\datasets\old-dataset\frames_unique\R_non_hate_video_048,0.9924633502960205,0.002173538552597165,0.004080160520970821,0.0012828703038394451,0,0,0.9796259831637144
R_non_hate_video_049,0,0.00970860943198204,-4.624986171722412,train,True,human,0,E:\m-hvc\datasets\old-dataset\frames_unique\R_non_hate_video_049,0.9964781403541565,0.0007227527676150203,0.0022574602626264095,0.0005416256608441472,0,0,0.990291390568018
R_non_hate_video_050,0,0.017752546817064285,-4.013314247131348,val,True,human,0,E:\m-hvc\datasets\old-dataset\frames_unique\R_non_hate_video_050,0.9964261651039124,0.0006838321569375694,0.0022958770859986544,0.0005942146526649594,0,0,0.9822474531829357
R_non_hate_video_051,0,0.0126096336171031,-4.360604286193848,train,True,human,0,E:\m-hvc\datasets\old-dataset\frames_unique\R_non_hate_video_051,0.9881738424301147,0.003266755258664489,0.006615940015763044,0.0019434039713814855,0,0,0.9873903663828969
R_non_hate_video_052,0,0.08612477034330368,-2.3618969917297363,val,True,human,0,E:\m-hvc\datasets\old-dataset\frames_unique\R_non_hate_video_052,0.8270517587661743,0.01572427712380886,0.1475549191236496,0.009669039398431778,0,0,0.9138752296566963
R_non_hate_video_053,0,0.26802852749824524,-1.0046480894088745,val,True,human,0,E:\m-hvc\datasets\old-dataset\frames_unique\R_non_hate_video_053,0.29610753059387207,0.01097052451223135,0.6745573282241821,0.018364649266004562,0,2,0.7319714725017548
R_non_hate_video_054,0,0.012307444587349892,-4.385167121887207,val,True,human,0,E:\m-hvc\datasets\old-dataset\frames_unique\R_non_hate_video_054,0.9968771934509277,0.0006049938383512199,0.0020509869791567326,0.00046678175567649305,0,0,0.9876925554126501
R_non_hate_video_055,0,0.025126894935965538,-3.6583685874938965,train,True,human,0,E:\m-hvc\datasets\old-dataset\frames_unique\R_non_hate_video_055,0.9960833787918091,0.0007128635770641267,0.00275112665258348,0.0004525350232142955,0,0,0.9748731050640345
R_non_hate_video_056,0,0.14723500609397888,-1.7564539909362793,train,True,asr,0,E:\m-hvc\datasets\old-dataset\frames_unique\R_non_hate_video_056,0.9966135621070862,0.0008141265716403723,0.0020243723411113024,0.0005480093532241881,0,0,0.8527649939060211
R_non_hate_video_057,0,0.015610347501933575,-4.144087791442871,train,True,human,0,E:\m-hvc\datasets\old-dataset\frames_unique\R_non_hate_video_057,0.9973025321960449,0.0006087663932703435,0.0016858610324561596,0.00040286651346832514,0,0,0.9843896524980664
R_non_hate_video_058,0,0.03228868916630745,-3.400216817855835,train,True,human,0,E:\m-hvc\datasets\old-dataset\frames_unique\R_non_hate_video_058,0.9328188896179199,0.020229000598192215,0.03782305493950844,0.009129105135798454,0,0,0.9677113108336926
R_non_hate_video_059,0,0.01831170730292797,-3.9817333221435547,train,True,human,0,E:\m-hvc\datasets\old-dataset\frames_unique\R_non_hate_video_059,0.9880644679069519,0.0015711275627836585,0.009050828404724598,0.0013135526096448302,0,0,0.981688292697072
R_non_hate_video_060,1,0.9820554852485657,4.00236177444458,train,True,asr,2,E:\m-hvc\datasets\old-dataset\frames_unique\R_non_hate_video_060,0.014896024949848652,0.019467994570732117,0.05731773376464844,0.908318281173706,1,3,0.9820554852485657
R_non_hate_video_061,0,0.9433226585388184,2.8120336532592773,train,True,human,0,E:\m-hvc\datasets\old-dataset\frames_unique\R_non_hate_video_061,0.785057008266449,0.036999620497226715,0.1074354276061058,0.0705079585313797,1,0,0.9433226585388184
R_non_hate_video_062,0,0.7757489681243896,1.2410626411437988,train,True,human,0,E:\m-hvc\datasets\old-dataset\frames_unique\R_non_hate_video_062,0.015326341614127159,0.006497511174529791,0.960379421710968,0.017796624451875687,1,2,0.7757489681243896
R_non_hate_video_063,1,0.986447811126709,4.287562370300293,val,True,asr,2,E:\m-hvc\datasets\old-dataset\frames_unique\R_non_hate_video_063,0.035157106816768646,0.05351502448320389,0.2957509756088257,0.6155769228935242,1,3,0.986447811126709
R_non_hate_video_064,1,0.9696009159088135,3.4624719619750977,val,True,human,2,E:\m-hvc\datasets\old-dataset\frames_unique\R_non_hate_video_064,0.18307854235172272,0.29948896169662476,0.28618666529655457,0.23124577105045319,1,1,0.9696009159088135
R_non_hate_video_065,0,0.13467708230018616,-1.8602228164672852,test,True,human,0,E:\m-hvc\datasets\old-dataset\frames_unique\R_non_hate_video_065,0.9975971579551697,0.0005840586964040995,0.001434157369658351,0.00038453034358099103,0,0,0.8653229176998138
R_non_hate_video_066,0,0.017099281772971153,-4.051471710205078,train,True,human,0,E:\m-hvc\datasets\old-dataset\frames_unique\R_non_hate_video_066,0.9911196827888489,0.0013073892332613468,0.006561395712196827,0.001011500833556056,0,0,0.9829007182270288
R_non_hate_video_067,0,0.049929335713386536,-2.945927619934082,train,True,asr,0,E:\m-hvc\datasets\old-dataset\frames_unique\R_non_hate_video_067,0.9975888729095459,0.0005161488079465926,0.0015394029906019568,0.0003555887960828841,0,0,0.9500706642866135
R_non_hate_video_068,0,0.00777828274294734,-4.848610877990723,train,True,human,0,E:\m-hvc\datasets\old-dataset\frames_unique\R_non_hate_video_068,0.9914959669113159,0.001533106085844338,0.005775220226496458,0.001195691293105483,0,0,0.9922217172570527
R_non_hate_video_069,0,0.02300838567316532,-3.748619318008423,val,True,human,0,E:\m-hvc\datasets\old-dataset\frames_unique\R_non_hate_video_069,0.8086159825325012,0.02189662493765354,0.15340039134025574,0.01608702354133129,0,0,0.9769916143268347
R_non_hate_video_070,0,0.017099136486649513,-4.051480293273926,train,True,human,0,E:\m-hvc\datasets\old-dataset\frames_unique\R_non_hate_video_070,0.9694914221763611,0.0034123510122299194,0.024119164794683456,0.0029770461842417717,0,0,0.9829008635133505
R_non_hate_video_071,0,0.009844723157584667,-4.610926151275635,train,True,human,0,E:\m-hvc\datasets\old-dataset\frames_unique\R_non_hate_video_071,0.9966292977333069,0.0006977744633331895,0.0021446915343403816,0.0005281681660562754,0,0,0.9901552768424153
R_non_hate_video_072,1,0.9189074635505676,2.4275941848754883,val,True,human,2,E:\m-hvc\datasets\old-dataset\frames_unique\R_non_hate_video_072,0.03220275416970253,0.024978848174214363,0.9193055629730225,0.02351287379860878,1,2,0.9189074635505676
R_non_hate_video_073,0,0.01081458106637001,-4.515986442565918,train,True,human,0,E:\m-hvc\datasets\old-dataset\frames_unique\R_non_hate_video_073,0.990546703338623,0.002017202088609338,0.005977535620331764,0.0014586059842258692,0,0,0.98918541893363
R_non_hate_video_074,0,0.019136464223265648,-3.936837673187256,train,True,human,0,E:\m-hvc\datasets\old-dataset\frames_unique\R_non_hate_video_074,0.9968998432159424,0.0006622866494581103,0.002001435961574316,0.00043654427281580865,0,0,0.9808635357767344
R_non_hate_video_075,0,0.07523848861455917,-2.5088729858398438,train,True,human,0,E:\m-hvc\datasets\old-dataset\frames_unique\R_non_hate_video_075,0.9979350566864014,0.0005263039493001997,0.0012254322646185756,0.00031322857830673456,0,0,0.9247615113854408
R_non_hate_video_076,0,0.019139381125569344,-3.9366822242736816,val,True,human,0,E:\m-hvc\datasets\old-dataset\frames_unique\R_non_hate_video_076,0.9977273344993591,0.0004552949976641685,0.001474617631174624,0.0003427972842473537,0,0,0.9808606188744307
R_non_hate_video_077,0,0.009654674679040909,-4.630611419677734,train,True,human,0,E:\m-hvc\datasets\old-dataset\frames_unique\R_non_hate_video_077,0.9957488775253296,0.000945402542129159,0.0026112801861017942,0.0006943625630810857,0,0,0.9903453253209591
R_non_hate_video_078,0,0.24867017567157745,-1.1057171821594238,train,True,human,0,E:\m-hvc\datasets\old-dataset\frames_unique\R_non_hate_video_078,0.35933974385261536,0.06363283097743988,0.3225114345550537,0.25451594591140747,0,0,0.7513298243284225
R_non_hate_video_079,0,0.013898320496082306,-4.261991500854492,train,True,human,0,E:\m-hvc\datasets\old-dataset\frames_unique\R_non_hate_video_079,0.9808167815208435,0.0023938564117997885,0.014876378700137138,0.001913020620122552,0,0,0.9861016795039177
R_non_hate_video_080,0,0.03709739074110985,-3.2564055919647217,train,False,missing,0,E:\m-hvc\datasets\old-dataset\frames_unique\R_non_hate_video_080,0.8956637978553772,0.018203143030405045,0.06892337650060654,0.017209680750966072,0,0,0.9629026092588902
R_non_hate_video_081,0,0.00828892458230257,-4.784511566162109,val,True,human,0,E:\m-hvc\datasets\old-dataset\frames_unique\R_non_hate_video_081,0.9964237809181213,0.0007836642325855792,0.002199669135734439,0.0005928674363531172,0,0,0.9917110754176974
R_non_hate_video_082,0,0.40512311458587646,-0.38416343927383423,train,True,asr,0,E:\m-hvc\datasets\old-dataset\frames_unique\R_non_hate_video_082,0.16790534555912018,0.04189123585820198,0.41805392503738403,0.3721494972705841,1,2,0.5948768854141235
R_non_hate_video_083,0,0.02964462712407112,-3.4883813858032227,train,True,human,0,E:\m-hvc\datasets\old-dataset\frames_unique\R_non_hate_video_083,0.6042345762252808,0.01629485748708248,0.3584560751914978,0.02101452462375164,0,0,0.9703553728759289
R_non_hate_video_084,0,0.010067273862659931,-4.5883469581604,train,True,asr,0,E:\m-hvc\datasets\old-dataset\frames_unique\R_non_hate_video_084,0.9950078725814819,0.0011520402040332556,0.003007448511198163,0.000832612975500524,0,0,0.9899327261373401
R_non_hate_video_085,0,0.01049704197794199,-4.546109199523926,val,True,human,0,E:\m-hvc\datasets\old-dataset\frames_unique\R_non_hate_video_085,0.9913040399551392,0.002032315358519554,0.005503277759999037,0.0011603767052292824,0,0,0.989502958022058
R_non_hate_video_086,0,0.02349713444709778,-3.7270991802215576,val,True,human,0,E:\m-hvc\datasets\old-dataset\frames_unique\R_non_hate_video_086,0.9964356422424316,0.0006395357777364552,0.002527592470869422,0.00039718596963211894,0,0,0.9765028655529022
R_non_hate_video_087,0,0.0175204798579216,-4.026709079742432,val,True,human,0,E:\m-hvc\datasets\old-dataset\frames_unique\R_non_hate_video_087,0.9974225759506226,0.000556367973331362,0.0016172945033758879,0.0004037469916511327,0,0,0.9824795201420784
R_non_hate_video_088,0,0.00770671758800745,-4.857926368713379,test,True,human,0,E:\m-hvc\datasets\old-dataset\frames_unique\R_non_hate_video_088,0.9952026605606079,0.0010385628556832671,0.0030048834159970284,0.0007539665093645453,0,0,0.9922932824119925
R_non_hate_video_089,0,0.21352176368236542,-1.3038263320922852,train,True,human,0,E:\m-hvc\datasets\old-dataset\frames_unique\R_non_hate_video_089,0.05156179890036583,0.009947465732693672,0.9240614771842957,0.014429210685193539,0,2,0.7864782363176346
R_non_hate_video_090,0,0.024490224197506905,-3.6846861839294434,val,True,human,0,E:\m-hvc\datasets\old-dataset\frames_unique\R_non_hate_video_090,0.9966763257980347,0.0005381253431551158,0.002387481974437833,0.00039813853800296783,0,0,0.9755097758024931
R_non_hate_video_091,0,0.01263817586004734,-4.358314514160156,train,True,human,0,E:\m-hvc\datasets\old-dataset\frames_unique\R_non_hate_video_091,0.9908576607704163,0.0011949772015213966,0.006982828956097364,0.0009644973906688392,0,0,0.9873618241399527
R_non_hate_video_092,0,0.015203094109892845,-4.170936584472656,test,True,human,0,E:\m-hvc\datasets\old-dataset\frames_unique\R_non_hate_video_092,0.8972592949867249,0.008308261632919312,0.08606704324483871,0.008365429006516933,0,0,0.9847969058901072
R_non_hate_video_093,0,0.10461269319057465,-2.146991491317749,train,True,human,0,E:\m-hvc\datasets\old-dataset\frames_unique\R_non_hate_video_093,0.9978448152542114,0.000489507510792464,0.0013501064386218786,0.0003155980375595391,0,0,0.8953873068094254
R_non_hate_video_094,0,0.01229541189968586,-4.386157512664795,train,True,human,0,E:\m-hvc\datasets\old-dataset\frames_unique\R_non_hate_video_094,0.9978628754615784,0.00047299766447395086,0.0013320967555046082,0.00033212421112693846,0,0,0.9877045881003141
R_non_hate_video_095,0,0.007179804611951113,-4.929277420043945,train,True,human,0,E:\m-hvc\datasets\old-dataset\frames_unique\R_non_hate_video_095,0.9908215999603271,0.00157866848167032,0.006311200093477964,0.0012884255265817046,0,0,0.9928201953880489
R_non_hate_video_096,0,0.014902898110449314,-4.1911845207214355,test,True,human,0,E:\m-hvc\datasets\old-dataset\frames_unique\R_non_hate_video_096,0.9975920915603638,0.00048389521543867886,0.0015824667643755674,0.00034153013257309794,0,0,0.9850971018895507
R_non_hate_video_097,0,0.008478931151330471,-4.761655807495117,train,True,human,0,E:\m-hvc\datasets\old-dataset\frames_unique\R_non_hate_video_097,0.9962571859359741,0.0008646849310025573,0.0022520930506289005,0.000626041553914547,0,0,0.9915210688486695
R_non_hate_video_098,0,0.04448647052049637,-3.067063808441162,train,True,human,0,E:\m-hvc\datasets\old-dataset\frames_unique\R_non_hate_video_098,0.9953474402427673,0.0012247086269780993,0.0027533196844160557,0.0006746118888258934,0,0,0.9555135294795036
R_non_hate_video_099,0,0.9404534697532654,2.7596044540405273,test,True,human,0,E:\m-hvc\datasets\old-dataset\frames_unique\R_non_hate_video_099,0.7309711575508118,0.03248613327741623,0.20324644446372986,0.03329627588391304,1,0,0.9404534697532654
R_non_hate_video_100,0,0.17577986419200897,-1.5452052354812622,train,True,human,0,E:\m-hvc\datasets\old-dataset\frames_unique\R_non_hate_video_100,0.9869667291641235,0.003932608757168055,0.007622578646987677,0.0014781849458813667,0,0,0.824220135807991
R_non_hate_video_101,0,0.15167652070522308,-1.7215118408203125,val,True,human,0,E:\m-hvc\datasets\old-dataset\frames_unique\R_non_hate_video_101,0.0911940410733223,0.013682794757187366,0.8754763603210449,0.01964673027396202,0,2,0.8483234792947769
R_non_hate_video_102,0,0.25275924801826477,-1.0839500427246094,train,True,human,0,E:\m-hvc\datasets\old-dataset\frames_unique\R_non_hate_video_102,0.048963893204927444,0.008268735371530056,0.9291719198226929,0.013595505617558956,0,2,0.7472407519817352
R_non_hate_video_103,0,0.011407449841499329,-4.462015628814697,train,True,human,0,E:\m-hvc\datasets\old-dataset\frames_unique\R_non_hate_video_103,0.9944504499435425,0.0010666961316019297,0.0035527695436030626,0.0009301471873186529,0,0,0.9885925501585007
R_non_hate_video_104,0,0.008219505660235882,-4.792991638183594,train,True,human,0,E:\m-hvc\datasets\old-dataset\frames_unique\R_non_hate_video_104,0.9943965673446655,0.0012109746458008885,0.0034045251086354256,0.0009879851713776588,0,0,0.9917804943397641
R_non_hate_video_105,0,0.0606633722782135,-2.7398338317871094,train,True,human,0,E:\m-hvc\datasets\old-dataset\frames_unique\R_non_hate_video_105,0.508296012878418,0.0343567356467247,0.36794906854629517,0.08939819037914276,0,0,0.9393366277217865
R_non_hate_video_106,0,0.008900448679924011,-4.712713241577148,train,True,human,0,E:\m-hvc\datasets\old-dataset\frames_unique\R_non_hate_video_106,0.9942810535430908,0.0013734390959143639,0.003359414404258132,0.0009861045982688665,0,0,0.991099551320076
R_non_hate_video_107,0,0.0720992162823677,-2.5548815727233887,train,True,human,0,E:\m-hvc\datasets\old-dataset\frames_unique\R_non_hate_video_107,0.2227865755558014,0.018506130203604698,0.7351546883583069,0.023552648723125458,0,2,0.9279007837176323
R_non_hate_video_108,0,0.020707953721284866,-3.8563120365142822,val,True,human,0,E:\m-hvc\datasets\old-dataset\frames_unique\R_non_hate_video_108,0.8119115829467773,0.013199863024055958,0.1621672511100769,0.012721228413283825,0,0,0.9792920462787151
R_non_hate_video_109,0,0.006964850705116987,-4.959889888763428,train,True,human,0,E:\m-hvc\datasets\old-dataset\frames_unique\R_non_hate_video_109,0.9950588941574097,0.0009639920317567885,0.0032182231079787016,0.0007589590386487544,0,0,0.993035149294883
R_non_hate_video_110,0,0.007693819236010313,-4.859614372253418,train,True,human,0,E:\m-hvc\datasets\old-dataset\frames_unique\R_non_hate_video_110,0.9948509335517883,0.001062797731719911,0.0031862910836935043,0.0008999414276331663,0,0,0.9923061807639897
R_non_hate_video_111,0,0.008167890831828117,-4.799343109130859,train,True,human,0,E:\m-hvc\datasets\old-dataset\frames_unique\R_non_hate_video_111,0.9940294027328491,0.0012616951717063785,0.0036226045340299606,0.00108633516356349,0,0,0.9918321091681719
R_non_hate_video_112,0,0.008181383833289146,-4.7976789474487305,train,True,human,0,E:\m-hvc\datasets\old-dataset\frames_unique\R_non_hate_video_112,0.9940648674964905,0.0012780079850926995,0.0035858447663486004,0.0010712799848988652,0,0,0.9918186161667109
R_non_hate_video_113,0,0.00832062866538763,-4.7806620597839355,test,True,human,0,E:\m-hvc\datasets\old-dataset\frames_unique\R_non_hate_video_113,0.9937232136726379,0.0013274962548166513,0.003825153224170208,0.0011242326581850648,0,0,0.9916793713346124
R_non_hate_video_114,0,0.007384921424090862,-4.90090274810791,train,True,human,0,E:\m-hvc\datasets\old-dataset\frames_unique\R_non_hate_video_114,0.9946580529212952,0.0011352489236742258,0.0032736589200794697,0.0009329899912700057,0,0,0.9926150785759091
R_non_hate_video_115,0,0.008154366165399551,-4.801013946533203,train,True,human,0,E:\m-hvc\datasets\old-dataset\frames_unique\R_non_hate_video_115,0.9950673580169678,0.000999835436232388,0.003087016986683011,0.0008458011434413493,0,0,0.9918456338346004
R_non_hate_video_116,0,0.011129394173622131,-4.486973762512207,train,True,human,0,E:\m-hvc\datasets\old-dataset\frames_unique\R_non_hate_video_116,0.9960045218467712,0.0007931964937597513,0.0026302167680114508,0.0005720655317418277,0,0,0.9888706058263779
R_non_hate_video_117,0,0.04113107919692993,-3.1489903926849365,val,True,human,0,E:\m-hvc\datasets\old-dataset\frames_unique\R_non_hate_video_117,0.7990474104881287,0.013687405735254288,0.15681776404380798,0.03044740855693817,0,0,0.9588689208030701
R_non_hate_video_118,0,0.006845998112112284,-4.977221488952637,train,True,human,0,E:\m-hvc\datasets\old-dataset\frames_unique\R_non_hate_video_118,0.9947994947433472,0.0011659295996651053,0.0031237744260579348,0.0009108638623729348,0,0,0.9931540018878877
R_non_hate_video_119,0,0.009176456369459629,-4.6818952560424805,train,True,human,0,E:\m-hvc\datasets\old-dataset\frames_unique\R_non_hate_video_119,0.9903640151023865,0.0021617182064801455,0.0057530514895915985,0.0017212341772392392,0,0,0.9908235436305404
R_non_hate_video_120,0,0.043570294976234436,-3.088831663131714,train,True,asr,0,E:\m-hvc\datasets\old-dataset\frames_unique\R_non_hate_video_120,0.7145129442214966,0.07661857455968857,0.13545294106006622,0.07341554760932922,0,0,0.9564297050237656
R_non_hate_video_121,0,0.00813231710344553,-4.803743839263916,val,True,human,0,E:\m-hvc\datasets\old-dataset\frames_unique\R_non_hate_video_121,0.984965443611145,0.0029333257116377354,0.009968063794076443,0.0021331235766410828,0,0,0.9918676828965545
R_non_hate_video_122,0,0.0067036086693406105,-4.998383045196533,test,True,human,0,E:\m-hvc\datasets\old-dataset\frames_unique\R_non_hate_video_122,0.9943875670433044,0.0012354003265500069,0.0033846080768853426,0.0009924733312800527,0,0,0.9932963913306594
R_non_hate_video_123,0,0.007724528666585684,-4.855599880218506,test,True,human,0,E:\m-hvc\datasets\old-dataset\frames_unique\R_non_hate_video_123,0.9926888346672058,0.0019321368308737874,0.003999845590442419,0.001379151362925768,0,0,0.9922754713334143
R_non_hate_video_124,0,0.008464103564620018,-4.763421058654785,train,True,asr,0,E:\m-hvc\datasets\old-dataset\frames_unique\R_non_hate_video_124,0.9953200221061707,0.0010502176592126489,0.0028163183014839888,0.0008134088711813092,0,0,0.99153589643538
R_non_hate_video_125,0,0.015683408826589584,-4.139344215393066,val,True,human,0,E:\m-hvc\datasets\old-dataset\frames_unique\R_non_hate_video_125,0.9504187703132629,0.015461712144315243,0.026471037417650223,0.007648501079529524,0,0,0.9843165911734104
R_non_hate_video_126,0,0.09378688037395477,-2.26824951171875,val,True,human,0,E:\m-hvc\datasets\old-dataset\frames_unique\R_non_hate_video_126,0.17262987792491913,0.01885107345879078,0.7876801490783691,0.020838839933276176,0,2,0.9062131196260452
R_non_hate_video_127,0,0.008042520843446255,-4.814937591552734,train,True,human,0,E:\m-hvc\datasets\old-dataset\frames_unique\R_non_hate_video_127,0.9926804900169373,0.0018280427902936935,0.0041792551055550575,0.0013121358351781964,0,0,0.9919574791565537
R_non_hate_video_128,0,0.024552922695875168,-3.682065010070801,train,True,human,0,E:\m-hvc\datasets\old-dataset\frames_unique\R_non_hate_video_128,0.7347581386566162,0.03317146748304367,0.2091272622346878,0.02294318936765194,0,0,0.9754470773041248
R_non_hate_video_129,0,0.007986793294548988,-4.82194709777832,train,True,human,0,E:\m-hvc\datasets\old-dataset\frames_unique\R_non_hate_video_129,0.9950879216194153,0.0010726848850026727,0.002964366227388382,0.0008749869302846491,0,0,0.992013206705451
R_non_hate_video_130,0,0.009589876979589462,-4.637411117553711,train,True,human,0,E:\m-hvc\datasets\old-dataset\frames_unique\R_non_hate_video_130,0.9905124306678772,0.0024008103646337986,0.005342274904251099,0.001744390930980444,0,0,0.9904101230204105
R_non_hate_video_131,0,0.009640201926231384,-4.632126331329346,test,True,asr,0,E:\m-hvc\datasets\old-dataset\frames_unique\R_non_hate_video_131,0.9950860142707825,0.001103056943975389,0.0029414657037705183,0.0008693746058270335,0,0,0.9903597980737686
R_non_hate_video_132,0,0.007944906130433083,-4.827247619628906,train,True,asr,0,E:\m-hvc\datasets\old-dataset\frames_unique\R_non_hate_video_132,0.9949657320976257,0.0011786130489781499,0.0029658458661288023,0.0008898373343981802,0,0,0.9920550938695669
R_non_hate_video_133,0,0.009311389178037643,-4.66716194152832,train,True,human,0,E:\m-hvc\datasets\old-dataset\frames_unique\R_non_hate_video_133,0.975288987159729,0.004531306214630604,0.01724766381084919,0.0029320274479687214,0,0,0.9906886108219624
R_non_hate_video_134,0,0.05714938044548035,-2.803239345550537,train,True,human,0,E:\m-hvc\datasets\old-dataset\frames_unique\R_non_hate_video_134,0.669426441192627,0.17300498485565186,0.10827410966157913,0.04929447919130325,0,0,0.9428506195545197
R_non_hate_video_135,0,0.0074725947342813015,-4.889012336730957,test,True,human,0,E:\m-hvc\datasets\old-dataset\frames_unique\R_non_hate_video_135,0.9945289492607117,0.0012641707435250282,0.0032336453441530466,0.000973226095084101,0,0,0.9925274052657187
R_non_hate_video_136,0,0.07219479978084564,-2.5534536838531494,train,True,human,0,E:\m-hvc\datasets\old-dataset\frames_unique\R_non_hate_video_136,0.1931743323802948,0.01712748594582081,0.766612708568573,0.023085474967956543,0,2,0.9278052002191544
R_non_hate_video_137,0,0.03217906877398491,-3.403730869293213,train,True,asr,0,E:\m-hvc\datasets\old-dataset\frames_unique\R_non_hate_video_137,0.868141770362854,0.042020685970783234,0.07450322806835175,0.015334269031882286,0,0,0.9678209312260151
R_non_hate_video_138,0,0.008055198937654495,-4.813349723815918,train,True,human,0,E:\m-hvc\datasets\old-dataset\frames_unique\R_non_hate_video_138,0.9933295249938965,0.001544289756566286,0.004003703594207764,0.0011225201888009906,0,0,0.9919448010623455
R_non_hate_video_139,0,0.00788036361336708,-4.835469722747803,train,True,human,0,E:\m-hvc\datasets\old-dataset\frames_unique\R_non_hate_video_139,0.993444561958313,0.0013431314146146178,0.004087465349584818,0.00112495431676507,0,0,0.9921196363866329
R_non_hate_video_140,0,0.010127132758498192,-4.582358360290527,train,True,human,0,E:\m-hvc\datasets\old-dataset\frames_unique\R_non_hate_video_140,0.9804229736328125,0.004884565714746714,0.011310780420899391,0.003381641348823905,0,0,0.9898728672415018
R_non_hate_video_141,0,0.02391216903924942,-3.709165096282959,train,True,human,0,E:\m-hvc\datasets\old-dataset\frames_unique\R_non_hate_video_141,0.8969686031341553,0.036172833293676376,0.04481823369860649,0.022040385752916336,0,0,0.9760878309607506
R_non_hate_video_142,0,0.00879762601107359,-4.7244367599487305,train,True,human,0,E:\m-hvc\datasets\old-dataset\frames_unique\R_non_hate_video_142,0.9842244386672974,0.004232294857501984,0.008807297796010971,0.0027359193190932274,0,0,0.9912023739889264
R_non_hate_video_143,0,0.006826960947364569,-4.980025291442871,train,True,human,0,E:\m-hvc\datasets\old-dataset\frames_unique\R_non_hate_video_143,0.994144856929779,0.0012689532013610005,0.003617652924731374,0.0009684948017820716,0,0,0.9931730390526354
R_non_hate_video_144,0,0.007126467302441597,-4.9367876052856445,test,True,human,0,E:\m-hvc\datasets\old-dataset\frames_unique\R_non_hate_video_144,0.9945095181465149,0.0011978039983659983,0.0032991988118737936,0.000993523164652288,0,0,0.9928735326975584
R_non_hate_video_145,0,0.08720532059669495,-2.348245620727539,val,True,human,0,E:\m-hvc\datasets\old-dataset\frames_unique\R_non_hate_video_145,0.45989933609962463,0.11888846755027771,0.24673104286193848,0.1744810789823532,0,0,0.912794679403305
R_non_hate_video_146,0,0.009751232340931892,-4.620562553405762,train,True,human,0,E:\m-hvc\datasets\old-dataset\frames_unique\R_non_hate_video_146,0.9904590845108032,0.0028221847023814917,0.004941392689943314,0.0017773284344002604,0,0,0.9902487676590681
R_non_hate_video_147,0,0.021919269114732742,-3.7982261180877686,train,True,human,0,E:\m-hvc\datasets\old-dataset\frames_unique\R_non_hate_video_147,0.8347308039665222,0.026970149949193,0.11607304215431213,0.02222604863345623,0,0,0.9780807308852673
R_non_hate_video_148,0,0.008980228565633297,-4.703709125518799,train,True,asr,0,E:\m-hvc\datasets\old-dataset\frames_unique\R_non_hate_video_148,0.9955964684486389,0.0009711047750897706,0.002672468079254031,0.0007600337848998606,0,0,0.9910197714343667
R_non_hate_video_149,0,0.008763827383518219,-4.728320121765137,train,True,human,0,E:\m-hvc\datasets\old-dataset\frames_unique\R_non_hate_video_149,0.9942010045051575,0.0012800409458577633,0.0034512111451476812,0.0010676787933334708,0,0,0.9912361726164818
R_non_hate_video_150,0,0.02436341904103756,-3.690007448196411,train,False,missing,0,E:\m-hvc\datasets\old-dataset\frames_unique\R_non_hate_video_150,0.8756135106086731,0.028187766671180725,0.06850510835647583,0.02769354172050953,0,0,0.9756365809589624
R_non_hate_video_151,0,0.007871253415942192,-4.836635589599609,train,True,human,0,E:\m-hvc\datasets\old-dataset\frames_unique\R_non_hate_video_151,0.994045078754425,0.0012590250698849559,0.0036025980953127146,0.0010933593148365617,0,0,0.9921287465840578
R_non_hate_video_152,0,0.0074836090207099915,-4.887528419494629,train,True,human,0,E:\m-hvc\datasets\old-dataset\frames_unique\R_non_hate_video_152,0.9946225881576538,0.001144856447353959,0.0032608325127512217,0.0009717396460473537,0,0,0.99251639097929
R_non_hate_video_153,0,0.008191109634935856,-4.796481132507324,val,True,human,0,E:\m-hvc\datasets\old-dataset\frames_unique\R_non_hate_video_153,0.9932087063789368,0.0014623544411733747,0.004061020445078611,0.001267974846996367,0,0,0.9918088903650641
R_non_hate_video_154,0,0.007585334591567516,-4.873924255371094,train,True,human,0,E:\m-hvc\datasets\old-dataset\frames_unique\R_non_hate_video_154,0.9938697814941406,0.0014046418946236372,0.003636440262198448,0.0010890994453802705,0,0,0.9924146654084325
R_non_hate_video_155,0,0.028583936393260956,-3.525909900665283,train,True,human,0,E:\m-hvc\datasets\old-dataset\frames_unique\R_non_hate_video_155,0.7915596961975098,0.046476736664772034,0.1404876410961151,0.02147597447037697,0,0,0.971416063606739
R_non_hate_video_156,0,0.01123760174959898,-4.477188587188721,train,True,human,0,E:\m-hvc\datasets\old-dataset\frames_unique\R_non_hate_video_156,0.9636530876159668,0.008280694484710693,0.022334333509206772,0.005731855984777212,0,0,0.988762398250401
R_non_hate_video_157,0,0.009901030920445919,-4.605165958404541,val,True,human,0,E:\m-hvc\datasets\old-dataset\frames_unique\R_non_hate_video_157,0.9847005605697632,0.003361026057973504,0.009674862958490849,0.00226348964497447,0,0,0.9900989690795541
R_non_hate_video_158,0,0.009084723889827728,-4.692034721374512,train,True,human,0,E:\m-hvc\datasets\old-dataset\frames_unique\R_non_hate_video_158,0.9872204661369324,0.0030697262845933437,0.0076706428080797195,0.0020390988793224096,0,0,0.9909152761101723
R_non_hate_video_159,0,0.007679772563278675,-4.861455917358398,train,True,human,0,E:\m-hvc\datasets\old-dataset\frames_unique\R_non_hate_video_159,0.9928508996963501,0.001690576784312725,0.00413292134180665,0.001325626508332789,0,0,0.9923202274367213
R_non_hate_video_160,0,0.154440775513649,-1.7001875638961792,train,True,asr,0,E:\m-hvc\datasets\old-dataset\frames_unique\R_non_hate_video_160,0.26486727595329285,0.3852655291557312,0.1868038922548294,0.16306330263614655,0,1,0.845559224486351
R_non_hate_video_161,0,0.009938778355717659,-4.601322650909424,train,True,human,0,E:\m-hvc\datasets\old-dataset\frames_unique\R_non_hate_video_161,0.9673464894294739,0.006193712819367647,0.022303113713860512,0.004156650044023991,0,0,0.9900612216442823
R_non_hate_video_162,0,0.018702255561947823,-3.9602317810058594,test,True,human,0,E:\m-hvc\datasets\old-dataset\frames_unique\R_non_hate_video_162,0.8848145008087158,0.034634701907634735,0.06363940984010696,0.016911355778574944,0,0,0.9812977444380522
R_non_hate_video_163,0,0.007445506751537323,-4.89267110824585,train,True,human,0,E:\m-hvc\datasets\old-dataset\frames_unique\R_non_hate_video_163,0.9921494722366333,0.001813103212043643,0.0046963621862232685,0.0013410358224064112,0,0,0.9925544932484627
R_non_hate_video_164,0,0.026202457025647163,-3.6153502464294434,train,False,missing,0,E:\m-hvc\datasets\old-dataset\frames_unique\R_non_hate_video_164,0.8724761009216309,0.026784701272845268,0.07381373643875122,0.02692551724612713,0,0,0.9737975429743528
R_non_hate_video_165,0,0.01033330149948597,-4.5619964599609375,val,True,asr,0,E:\m-hvc\datasets\old-dataset\frames_unique\R_non_hate_video_165,0.9955083131790161,0.001124257338233292,0.0025771516375243664,0.000790316320490092,0,0,0.989666698500514
R_non_hate_video_166,0,0.008098045364022255,-4.808001518249512,train,True,asr,0,E:\m-hvc\datasets\old-dataset\frames_unique\R_non_hate_video_166,0.9949117302894592,0.0011073878267779946,0.003096889005973935,0.0008841154049150646,0,0,0.9919019546359777
R_non_hate_video_167,0,0.00765971839427948,-4.864090919494629,test,True,human,0,E:\m-hvc\datasets\old-dataset\frames_unique\R_non_hate_video_167,0.9949002861976624,0.0011207932839170098,0.003145769005641341,0.0008331086719408631,0,0,0.9923402816057205
R_non_hate_video_168,0,0.009633047506213188,-4.632875919342041,train,True,human,0,E:\m-hvc\datasets\old-dataset\frames_unique\R_non_hate_video_168,0.984975278377533,0.0027455370873212814,0.01021417137235403,0.002065015956759453,0,0,0.9903669524937868
R_non_hate_video_169,0,0.008234461769461632,-4.791158676147461,train,True,human,0,E:\m-hvc\datasets\old-dataset\frames_unique\R_non_hate_video_169,0.9938726425170898,0.0014090519398450851,0.0036266667302697897,0.0010916799074038863,0,0,0.9917655382305384
R_non_hate_video_170,0,0.00866782758384943,-4.739431381225586,train,True,human,0,E:\m-hvc\datasets\old-dataset\frames_unique\R_non_hate_video_170,0.9915519952774048,0.0019073213916271925,0.005044648423790932,0.0014961317647248507,0,0,0.9913321724161506
R_non_hate_video_171,0,0.011232194490730762,-4.477675437927246,train,True,human,0,E:\m-hvc\datasets\old-dataset\frames_unique\R_non_hate_video_171,0.9882218241691589,0.0023106064181774855,0.007064425852149725,0.0024030935019254684,0,0,0.9887678055092692
R_non_hate_video_172,0,0.021415304392576218,-3.8220014572143555,train,True,human,0,E:\m-hvc\datasets\old-dataset\frames_unique\R_non_hate_video_172,0.8375153541564941,0.020725032314658165,0.1261093020439148,0.015650296583771706,0,0,0.9785846956074238
R_non_hate_video_173,0,0.1897200644016266,-1.4518301486968994,train,True,human,0,E:\m-hvc\datasets\old-dataset\frames_unique\R_non_hate_video_173,0.16299086809158325,0.03778316080570221,0.5977411866188049,0.2014847844839096,0,2,0.8102799355983734
R_non_hate_video_174,0,0.008539742790162563,-4.754447937011719,train,True,human,0,E:\m-hvc\datasets\old-dataset\frames_unique\R_non_hate_video_174,0.9930930137634277,0.0015646320534870028,0.004053718410432339,0.0012885320466011763,0,0,0.9914602572098374
R_non_hate_video_175,0,0.006909921299666166,-4.967863082885742,train,True,human,0,E:\m-hvc\datasets\old-dataset\frames_unique\R_non_hate_video_175,0.9929470419883728,0.001592906890437007,0.004300222732126713,0.0011598158162087202,0,0,0.9930900787003338
R_non_hate_video_176,0,0.008846267126500607,-4.718873977661133,train,True,asr,0,E:\m-hvc\datasets\old-dataset\frames_unique\R_non_hate_video_176,0.9925368428230286,0.00140709790866822,0.004866762086749077,0.0011892536422237754,0,0,0.9911537328734994
R_non_hate_video_177,0,0.017705578356981277,-4.0160112380981445,train,True,human,0,E:\m-hvc\datasets\old-dataset\frames_unique\R_non_hate_video_177,0.9966002106666565,0.0007487449911423028,0.002088565146550536,0.000562512781471014,0,0,0.9822944216430187
R_non_hate_video_178,0,0.2830732464790344,-0.9292680025100708,train,True,human,0,E:\m-hvc\datasets\old-dataset\frames_unique\R_non_hate_video_178,0.24048151075839996,0.3468015193939209,0.2747497856616974,0.13796716928482056,0,1,0.7169267535209656
R_non_hate_video_179,0,0.008250459097325802,-4.789201736450195,train,True,human,0,E:\m-hvc\datasets\old-dataset\frames_unique\R_non_hate_video_179,0.9953494668006897,0.0009423944866284728,0.002942511113360524,0.0007656587404198945,0,0,0.9917495409026742
R_non_hate_video_180,0,0.059692371636629105,-2.757002830505371,train,True,asr,0,E:\m-hvc\datasets\old-dataset\frames_unique\R_non_hate_video_180,0.9929941296577454,0.001407652162015438,0.004322719294577837,0.0012755629140883684,0,0,0.9403076283633709
R_non_hate_video_181,0,0.1345953345298767,-1.860924482345581,train,True,human,0,E:\m-hvc\datasets\old-dataset\frames_unique\R_non_hate_video_181,0.3683406114578247,0.10019395500421524,0.4874568581581116,0.04400857910513878,0,2,0.8654046654701233
R_non_hate_video_182,0,0.26204970479011536,-1.0353423357009888,train,True,asr,0,E:\m-hvc\datasets\old-dataset\frames_unique\R_non_hate_video_182,0.11977054923772812,0.03378962352871895,0.5665611624717712,0.2798786461353302,0,2,0.7379502952098846
R_non_hate_video_183,0,0.00963909924030304,-4.632241725921631,train,True,human,0,E:\m-hvc\datasets\old-dataset\frames_unique\R_non_hate_video_183,0.9832678437232971,0.0038307553622871637,0.010647325776517391,0.0022541312500834465,0,0,0.990360900759697
R_non_hate_video_184,0,0.02920880727469921,-3.503641128540039,train,True,asr,0,E:\m-hvc\datasets\old-dataset\frames_unique\R_non_hate_video_184,0.8908414840698242,0.0136389946565032,0.07016949355602264,0.025349978357553482,0,0,0.9707911927253008
R_non_hate_video_185,0,0.009594986215233803,-4.636873245239258,train,True,asr,0,E:\m-hvc\datasets\old-dataset\frames_unique\R_non_hate_video_185,0.9953115582466125,0.0010426114313304424,0.0028558908961713314,0.0007899596239440143,0,0,0.9904050137847662
R_non_hate_video_186,0,0.2916373014450073,-0.8874452710151672,train,True,human,0,E:\m-hvc\datasets\old-dataset\frames_unique\R_non_hate_video_186,0.032688044011592865,0.009819962084293365,0.9427230358123779,0.014768932946026325,0,2,0.7083626985549927
R_non_hate_video_187,0,0.1385134756565094,-1.827691674232483,test,True,human,0,E:\m-hvc\datasets\old-dataset\frames_unique\R_non_hate_video_187,0.0797349363565445,0.01600228063762188,0.8824480772018433,0.021814746782183647,0,2,0.8614865243434906
R_non_hate_video_188,0,0.008570886217057705,-4.750776290893555,test,True,asr,0,E:\m-hvc\datasets\old-dataset\frames_unique\R_non_hate_video_188,0.9944402575492859,0.0010842299088835716,0.0037024938501417637,0.0007730138022452593,0,0,0.9914291137829423
R_non_hate_video_189,0,0.007170965429395437,-4.93051815032959,train,True,human,0,E:\m-hvc\datasets\old-dataset\frames_unique\R_non_hate_video_189,0.993282675743103,0.0014924033312126994,0.004098975565284491,0.0011259849416092038,0,0,0.9928290345706046
R_non_hate_video_190,0,0.013255251571536064,-4.3100175857543945,test,True,human,0,E:\m-hvc\datasets\old-dataset\frames_unique\R_non_hate_video_190,0.9615619778633118,0.01279360055923462,0.018355801701545715,0.007288666442036629,0,0,0.9867447484284639
R_non_hate_video_191,0,0.0077283564023673534,-4.855100631713867,val,True,human,0,E:\m-hvc\datasets\old-dataset\frames_unique\R_non_hate_video_191,0.9939077496528625,0.0013196886284276843,0.0037151591386646032,0.001057403045706451,0,0,0.9922716435976326
R_non_hate_video_192,0,0.011595329269766808,-4.445489883422852,train,True,asr,0,E:\m-hvc\datasets\old-dataset\frames_unique\R_non_hate_video_192,0.9961052536964417,0.0008076947997324169,0.002469518454745412,0.0006174443988129497,0,0,0.9884046707302332
R_non_hate_video_193,0,0.007905645295977592,-4.832241058349609,train,True,human,0,E:\m-hvc\datasets\old-dataset\frames_unique\R_non_hate_video_193,0.9947578310966492,0.0012280456721782684,0.0030851915944367647,0.0009289013687521219,0,0,0.9920943547040224
R_non_hate_video_194,0,0.007658797316253185,-4.8642120361328125,train,True,human,0,E:\m-hvc\datasets\old-dataset\frames_unique\R_non_hate_video_194,0.995153546333313,0.0010707542533054948,0.0029897300992161036,0.0007859952747821808,0,0,0.9923412026837468
R_non_hate_video_195,0,0.043030064553022385,-3.1018729209899902,train,True,human,0,E:\m-hvc\datasets\old-dataset\frames_unique\R_non_hate_video_195,0.4752426743507385,0.021290669217705727,0.47712242603302,0.02634427510201931,0,2,0.9569699354469776
R_non_hate_video_196,0,0.09531857818365097,-2.2503581047058105,train,True,human,0,E:\m-hvc\datasets\old-dataset\frames_unique\R_non_hate_video_196,0.1464344561100006,0.018024224787950516,0.8129967451095581,0.02254451997578144,0,2,0.904681421816349
R_non_hate_video_197,0,0.008002683520317078,-4.819943428039551,train,True,human,0,E:\m-hvc\datasets\old-dataset\frames_unique\R_non_hate_video_197,0.9955688118934631,0.0009962853509932756,0.002683422528207302,0.0007515856996178627,0,0,0.9919973164796829
R_non_hate_video_198,0,0.03652528300881386,-3.2725415229797363,test,True,human,0,E:\m-hvc\datasets\old-dataset\frames_unique\R_non_hate_video_198,0.8134409189224243,0.09965328872203827,0.06268530339002609,0.024220537394285202,0,0,0.9634747169911861
R_non_hate_video_199,0,0.008205369114875793,-4.794727325439453,train,True,human,0,E:\m-hvc\datasets\old-dataset\frames_unique\R_non_hate_video_199,0.995039165019989,0.0012236639158800244,0.0029024514369666576,0.0008347075199708343,0,0,0.9917946308851242
R_non_hate_video_200,0,0.008760224096477032,-4.728734970092773,train,True,human,0,E:\m-hvc\datasets\old-dataset\frames_unique\R_non_hate_video_200,0.9879204034805298,0.003479222534224391,0.006619544234126806,0.00198075152002275,0,0,0.991239775903523
R_non_hate_video_201,0,0.16663627326488495,-1.609656810760498,test,True,asr,0,E:\m-hvc\datasets\old-dataset\frames_unique\R_non_hate_video_201,0.09926499426364899,0.03548138588666916,0.8086955547332764,0.05655801668763161,0,2,0.833363726735115
R_non_hate_video_202,0,0.009326577186584473,-4.6655168533325195,test,True,asr,0,E:\m-hvc\datasets\old-dataset\frames_unique\R_non_hate_video_202,0.994787335395813,0.0011401524534448981,0.003167902585119009,0.0009045572951436043,0,0,0.9906734228134155
R_non_hate_video_203,0,0.010088162496685982,-4.5862531661987305,test,True,human,0,E:\m-hvc\datasets\old-dataset\frames_unique\R_non_hate_video_203,0.9961238503456116,0.0008278716704808176,0.0024197762832045555,0.0006284613627940416,0,0,0.989911837503314
R_non_hate_video_204,0,0.011721675284206867,-4.4345245361328125,train,True,human,0,E:\m-hvc\datasets\old-dataset\frames_unique\R_non_hate_video_204,0.9879221320152283,0.0030079048592597246,0.006990613881498575,0.0020793837029486895,0,0,0.9882783247157931
R_non_hate_video_205,0,0.007654979359358549,-4.864714622497559,train,True,human,0,E:\m-hvc\datasets\old-dataset\frames_unique\R_non_hate_video_205,0.9915633201599121,0.0018158196471631527,0.005177584011107683,0.0014433249598369002,0,0,0.9923450206406415
R_non_hate_video_206,0,0.014380436390638351,-4.2274017333984375,test,True,human,0,E:\m-hvc\datasets\old-dataset\frames_unique\R_non_hate_video_206,0.9583810567855835,0.012100297026336193,0.023105034604668617,0.006413616705685854,0,0,0.9856195636093616
R_non_hate_video_207,0,0.007526656612753868,-4.881749153137207,test,True,human,0,E:\m-hvc\datasets\old-dataset\frames_unique\R_non_hate_video_207,0.9947137236595154,0.0010904852533712983,0.003285796847194433,0.0009099250310100615,0,0,0.9924733433872461
R_non_hate_video_208,0,0.009057746268808842,-4.695035934448242,train,True,asr,0,E:\m-hvc\datasets\old-dataset\frames_unique\R_non_hate_video_208,0.9936953186988831,0.0014434573240578175,0.0037203175015747547,0.0011408760910853744,0,0,0.9909422537311912
R_non_hate_video_209,0,0.011219088919460773,-4.478856086730957,train,True,human,0,E:\m-hvc\datasets\old-dataset\frames_unique\R_non_hate_video_209,0.9719013571739197,0.005944547709077597,0.017598900943994522,0.004555279389023781,0,0,0.9887809110805392
R_non_hate_video_210,0,0.0097145214676857,-4.624371528625488,val,True,human,0,E:\m-hvc\datasets\old-dataset\frames_unique\R_non_hate_video_210,0.9840213656425476,0.004062083549797535,0.009047558531165123,0.0028689424507319927,0,0,0.9902854785323143
R_non_hate_video_211,0,0.008440118283033371,-4.76628303527832,train,True,asr,0,E:\m-hvc\datasets\old-dataset\frames_unique\R_non_hate_video_211,0.9947304725646973,0.0012386564631015062,0.0030994550324976444,0.0009313235059380531,0,0,0.9915598817169666
R_non_hate_video_212,0,0.1696849763393402,-1.5878615379333496,train,True,asr,0,E:\m-hvc\datasets\old-dataset\frames_unique\R_non_hate_video_212,0.06013704091310501,0.012502525933086872,0.9039788246154785,0.023381631821393967,0,2,0.8303150236606598
R_non_hate_video_213,0,0.10669590532779694,-2.1249442100524902,val,True,human,0,E:\m-hvc\datasets\old-dataset\frames_unique\R_non_hate_video_213,0.36095130443573,0.28216856718063354,0.24120184779167175,0.11567826569080353,0,0,0.8933040946722031
R_non_hate_video_214,0,0.07963524013757706,-2.4473133087158203,train,True,asr,0,E:\m-hvc\datasets\old-dataset\frames_unique\R_non_hate_video_214,0.527081310749054,0.04732976108789444,0.22599515318870544,0.19959378242492676,0,0,0.9203647598624229
R_non_hate_video_215,0,0.029273590072989464,-3.501358985900879,train,True,asr,0,E:\m-hvc\datasets\old-dataset\frames_unique\R_non_hate_video_215,0.8546173572540283,0.021138301119208336,0.08505328744649887,0.03919094428420067,0,0,0.9707264099270105
R_non_hate_video_216,0,0.08943106979131699,-2.320601463317871,train,True,human,0,E:\m-hvc\datasets\old-dataset\frames_unique\R_non_hate_video_216,0.2714298963546753,0.07153312861919403,0.5892384648323059,0.06779855489730835,0,2,0.910568930208683
R_non_hate_video_217,0,0.1820216178894043,-1.5027104616165161,test,True,asr,0,E:\m-hvc\datasets\old-dataset\frames_unique\R_non_hate_video_217,0.19677969813346863,0.046041090041399,0.505940318107605,0.2512389123439789,0,2,0.8179783821105957
R_non_hate_video_218,0,0.2038610428571701,-1.3623350858688354,train,True,asr,0,E:\m-hvc\datasets\old-dataset\frames_unique\R_non_hate_video_218,0.19918833673000336,0.059418853372335434,0.37993323802948,0.36145955324172974,0,2,0.7961389571428299
R_non_hate_video_219,0,0.007897242903709412,-4.83331298828125,train,True,human,0,E:\m-hvc\datasets\old-dataset\frames_unique\R_non_hate_video_219,0.9931361675262451,0.0015532639808952808,0.00410752696916461,0.0012029457138851285,0,0,0.9921027570962906
R_non_hate_video_220,0,0.013965491205453873,-4.257102012634277,test,True,human,0,E:\m-hvc\datasets\old-dataset\frames_unique\R_non_hate_video_220,0.9224354028701782,0.014383153058588505,0.0524594821035862,0.010721995495259762,0,0,0.9860345087945461
R_non_hate_video_221,0,0.010306096635758877,-4.56466007232666,val,True,human,0,E:\m-hvc\datasets\old-dataset\frames_unique\R_non_hate_video_221,0.995960533618927,0.0009010981302708387,0.0024626008234918118,0.0006757098599337041,0,0,0.9896939033642411
R_non_hate_video_222,0,0.030763857066631317,-3.450167655944824,train,True,human,0,E:\m-hvc\datasets\old-dataset\frames_unique\R_non_hate_video_222,0.8227133750915527,0.0425749197602272,0.0977306067943573,0.03698103129863739,0,0,0.9692361429333687
R_non_hate_video_223,0,0.009326471015810966,-4.665528297424316,train,True,human,0,E:\m-hvc\datasets\old-dataset\frames_unique\R_non_hate_video_223,0.9939405918121338,0.0012695774203166366,0.003730084514245391,0.0010597947984933853,0,0,0.990673528984189
R_non_hate_video_224,0,0.01666363514959812,-4.077722549438477,train,True,human,0,E:\m-hvc\datasets\old-dataset\frames_unique\R_non_hate_video_224,0.9593443870544434,0.010544347576797009,0.023221487179398537,0.006889798678457737,0,0,0.9833363648504019
R_non_hate_video_225,0,0.12990891933441162,-1.9017642736434937,val,True,human,0,E:\m-hvc\datasets\old-dataset\frames_unique\R_non_hate_video_225,0.08951435983181,0.017677918076515198,0.8711490035057068,0.021658778190612793,0,2,0.8700910806655884
R_non_hate_video_226,0,0.021915705874562263,-3.7983922958374023,train,True,human,0,E:\m-hvc\datasets\old-dataset\frames_unique\R_non_hate_video_226,0.9169313907623291,0.027788618579506874,0.0431511327624321,0.012128897942602634,0,0,0.9780842941254377
R_non_hate_video_227,0,0.008329340256750584,-4.779606819152832,train,True,human,0,E:\m-hvc\datasets\old-dataset\frames_unique\R_non_hate_video_227,0.9953973889350891,0.0009686604607850313,0.0028604099061340094,0.0007735021645203233,0,0,0.9916706597432494
R_non_hate_video_228,0,0.011698002927005291,-4.436570167541504,train,True,human,0,E:\m-hvc\datasets\old-dataset\frames_unique\R_non_hate_video_228,0.9957079887390137,0.0008905295981094241,0.0026659565046429634,0.0007355629350058734,0,0,0.9883019970729947
R_non_hate_video_229,0,0.009004870429635048,-4.700943946838379,train,True,human,0,E:\m-hvc\datasets\old-dataset\frames_unique\R_non_hate_video_229,0.9950992465019226,0.0010873721912503242,0.0029251440428197384,0.0008882236434146762,0,0,0.990995129570365
R_non_hate_video_230,0,0.718617856502533,0.9376159310340881,val,False,missing,0,E:\m-hvc\datasets\old-dataset\frames_unique\R_non_hate_video_230,0.6333505511283875,0.05581364408135414,0.24591822922229767,0.06491764634847641,1,0,0.718617856502533
R_non_hate_video_231,0,0.7811564803123474,1.27241849899292,test,True,human,0,E:\m-hvc\datasets\old-dataset\frames_unique\R_non_hate_video_231,0.986930251121521,0.0038028687704354525,0.006839183624833822,0.0024277609772980213,1,0,0.7811564803123474
R_non_hate_video_232,0,0.060169678181409836,-2.748530864715576,train,True,human,0,E:\m-hvc\datasets\old-dataset\frames_unique\R_non_hate_video_232,0.29678550362586975,0.018017936497926712,0.6537736654281616,0.03142286837100983,0,2,0.9398303218185902
R_non_hate_video_233,0,0.021556347608566284,-3.8152928352355957,train,True,human,0,E:\m-hvc\datasets\old-dataset\frames_unique\R_non_hate_video_233,0.8744249939918518,0.03361695259809494,0.07019016891717911,0.02176794223487377,0,0,0.9784436523914337
R_non_hate_video_234,0,0.01598956063389778,-4.1197004318237305,train,True,human,0,E:\m-hvc\datasets\old-dataset\frames_unique\R_non_hate_video_234,0.8911924958229065,0.012086541391909122,0.08686555176973343,0.009855461306869984,0,0,0.9840104393661022
R_non_hate_video_235,0,0.07930239289999008,-2.4518632888793945,train,True,human,0,E:\m-hvc\datasets\old-dataset\frames_unique\R_non_hate_video_235,0.23151233792304993,0.025352686643600464,0.7169150114059448,0.026219969615340233,0,2,0.9206976071000099
R_non_hate_video_236,0,0.007614447269588709,-4.8700642585754395,train,True,human,0,E:\m-hvc\datasets\old-dataset\frames_unique\R_non_hate_video_236,0.9937969446182251,0.0013111633015796542,0.0037255478091537952,0.0011663890909403563,0,0,0.9923855527304113
R_non_hate_video_237,0,0.0988374873995781,-2.2102086544036865,val,True,asr,0,E:\m-hvc\datasets\old-dataset\frames_unique\R_non_hate_video_237,0.4738408327102661,0.04513785243034363,0.26229655742645264,0.21872471272945404,0,0,0.9011625126004219
R_non_hate_video_238,0,0.02775193564593792,-3.556305408477783,train,True,asr,0,E:\m-hvc\datasets\old-dataset\frames_unique\R_non_hate_video_238,0.8348787426948547,0.019453080371022224,0.11116116493940353,0.03450698405504227,0,0,0.9722480643540621
R_non_hate_video_239,0,0.00949344877153635,-4.647614479064941,train,True,human,0,E:\m-hvc\datasets\old-dataset\frames_unique\R_non_hate_video_239,0.986310601234436,0.003683921415358782,0.007260283455252647,0.002745195524767041,0,0,0.9905065512284636
R_non_hate_video_240,0,0.049551259726285934,-2.9539265632629395,train,True,human,0,E:\m-hvc\datasets\old-dataset\frames_unique\R_non_hate_video_240,0.44342660903930664,0.048047054558992386,0.4575117528438568,0.05101453885436058,0,2,0.9504487402737141
R_non_hate_video_241,0,0.008785455487668514,-4.725833415985107,train,True,asr,0,E:\m-hvc\datasets\old-dataset\frames_unique\R_non_hate_video_241,0.9929008483886719,0.001640542410314083,0.004125392995774746,0.0013332581147551537,0,0,0.9912145445123315
R_non_hate_video_242,0,0.006951858755201101,-4.961770057678223,test,True,human,0,E:\m-hvc\datasets\old-dataset\frames_unique\R_non_hate_video_242,0.9906824827194214,0.0018765662098303437,0.005968964193016291,0.0014720187755301595,0,0,0.9930481412447989
R_non_hate_video_243,0,0.007652537431567907,-4.8650360107421875,train,True,human,0,E:\m-hvc\datasets\old-dataset\frames_unique\R_non_hate_video_243,0.9939613342285156,0.001370175275951624,0.0035438446793705225,0.001124675734899938,0,0,0.9923474625684321
R_non_hate_video_244,0,0.07827937602996826,-2.4659578800201416,train,True,asr,0,E:\m-hvc\datasets\old-dataset\frames_unique\R_non_hate_video_244,0.44431763887405396,0.055335722863674164,0.34555187821388245,0.15479476749897003,0,0,0.9217206239700317
R_non_hate_video_245,0,0.007719750050455332,-4.8562235832214355,train,True,human,0,E:\m-hvc\datasets\old-dataset\frames_unique\R_non_hate_video_245,0.9915522336959839,0.0016246462473645806,0.0055080740712583065,0.0013149869628250599,0,0,0.9922802499495447
R_non_hate_video_246,0,0.1756715476512909,-1.5459530353546143,val,True,asr,0,E:\m-hvc\datasets\old-dataset\frames_unique\R_non_hate_video_246,0.29266589879989624,0.051368795335292816,0.3042178153991699,0.35174745321273804,0,3,0.8243284523487091
R_non_hate_video_247,0,0.009339520707726479,-4.664116859436035,test,True,human,0,E:\m-hvc\datasets\old-dataset\frames_unique\R_non_hate_video_247,0.9849062561988831,0.00290161045268178,0.010074850171804428,0.0021172743290662766,0,0,0.9906604792922735
R_non_hate_video_248,0,0.009315107017755508,-4.666759014129639,train,True,asr,0,E:\m-hvc\datasets\old-dataset\frames_unique\R_non_hate_video_248,0.9935649037361145,0.0014524563448503613,0.0037742480635643005,0.0012083543697372079,0,0,0.9906848929822445
R_non_hate_video_249,0,0.010496582835912704,-4.546153545379639,train,True,asr,0,E:\m-hvc\datasets\old-dataset\frames_unique\R_non_hate_video_249,0.9939822554588318,0.0016124248504638672,0.0032870792783796787,0.0011181862792000175,0,0,0.9895034171640873
R_non_hate_video_250,0,0.007848894223570824,-4.839502811431885,train,True,human,0,E:\m-hvc\datasets\old-dataset\frames_unique\R_non_hate_video_250,0.9937054514884949,0.0013597370125353336,0.0037906025536358356,0.0011442906688898802,0,0,0.9921511057764292
R_non_hate_video_251,0,0.019194727763533592,-3.9337382316589355,train,True,human,0,E:\m-hvc\datasets\old-dataset\frames_unique\R_non_hate_video_251,0.8967362642288208,0.030891096219420433,0.05557553097605705,0.01679714396595955,0,0,0.9808052722364664
R_non_hate_video_252,0,0.007774864789098501,-4.849053859710693,train,True,human,0,E:\m-hvc\datasets\old-dataset\frames_unique\R_non_hate_video_252,0.9933269023895264,0.0014133668737486005,0.0041023786179721355,0.0011574263917282224,0,0,0.9922251352109015
R_non_hate_video_253,0,0.026963643729686737,-3.5859320163726807,test,True,asr,0,E:\m-hvc\datasets\old-dataset\frames_unique\R_non_hate_video_253,0.7269930243492126,0.01730733923614025,0.241097554564476,0.014602161943912506,0,0,0.9730363562703133
R_non_hate_video_254,0,0.008305654861032963,-4.782478332519531,train,True,human,0,E:\m-hvc\datasets\old-dataset\frames_unique\R_non_hate_video_254,0.9908168315887451,0.0024162058252841234,0.005254089366644621,0.0015128494706004858,0,0,0.991694345138967
R_non_hate_video_255,0,0.01032346487045288,-4.562958717346191,train,True,human,0,E:\m-hvc\datasets\old-dataset\frames_unique\R_non_hate_video_255,0.9575527310371399,0.005461975932121277,0.032637838274240494,0.004347490146756172,0,0,0.9896765351295471
R_non_hate_video_256,0,0.008867527358233929,-4.716452121734619,train,True,asr,0,E:\m-hvc\datasets\old-dataset\frames_unique\R_non_hate_video_256,0.9942176342010498,0.0012832378270104527,0.003485415130853653,0.0010136241326108575,0,0,0.9911324726417661
R_non_hate_video_257,0,0.04455002769827843,-3.0655696392059326,train,True,human,0,E:\m-hvc\datasets\old-dataset\frames_unique\R_non_hate_video_257,0.6399270296096802,0.05229359120130539,0.2752089500427246,0.032570358365774155,0,0,0.9554499723017216
R_non_hate_video_258,0,0.021216772496700287,-3.8315181732177734,val,True,asr,0,E:\m-hvc\datasets\old-dataset\frames_unique\R_non_hate_video_258,0.9586324095726013,0.007240119390189648,0.022775666788220406,0.0113517502322793,0,0,0.9787832275032997
R_non_hate_video_259,0,0.015018846839666367,-4.183316707611084,train,True,human,0,E:\m-hvc\datasets\old-dataset\frames_unique\R_non_hate_video_259,0.8884153366088867,0.010222058743238449,0.09205396473407745,0.00930864829570055,0,0,0.9849811531603336
R_non_hate_video_260,0,0.0067721144296228886,-4.988146781921387,val,True,human,0,E:\m-hvc\datasets\old-dataset\frames_unique\R_non_hate_video_260,0.9935850501060486,0.0014345153467729688,0.003938515670597553,0.0010419321479275823,0,0,0.9932278855703771
R_non_hate_video_261,0,0.0075295777060091496,-4.8813581466674805,train,True,human,0,E:\m-hvc\datasets\old-dataset\frames_unique\R_non_hate_video_261,0.9938336610794067,0.001446181326173246,0.003702273592352867,0.0010178916854783893,0,0,0.9924704222939909
R_non_hate_video_262,0,0.007958854548633099,-4.825479507446289,train,True,human,0,E:\m-hvc\datasets\old-dataset\frames_unique\R_non_hate_video_262,0.9936407208442688,0.0015722158132120967,0.0036567803472280502,0.001130271004512906,0,0,0.9920411454513669
R_non_hate_video_263,0,0.022171519696712494,-3.7865257263183594,train,True,human,0,E:\m-hvc\datasets\old-dataset\frames_unique\R_non_hate_video_263,0.9154767990112305,0.03229392692446709,0.03857314586639404,0.013656130991876125,0,0,0.9778284803032875
R_non_hate_video_264,0,0.008480871096253395,-4.761425018310547,train,True,human,0,E:\m-hvc\datasets\old-dataset\frames_unique\R_non_hate_video_264,0.9933347702026367,0.0018054009415209293,0.0036685855593532324,0.0011911890469491482,0,0,0.9915191289037466
R_non_hate_video_265,0,0.011107824742794037,-4.488935470581055,train,True,asr,0,E:\m-hvc\datasets\old-dataset\frames_unique\R_non_hate_video_265,0.9949710369110107,0.0011864164844155312,0.0028805076144635677,0.000961961573921144,0,0,0.988892175257206
R_non_hate_video_266,0,0.025839582085609436,-3.6296684741973877,train,True,human,0,E:\m-hvc\datasets\old-dataset\frames_unique\R_non_hate_video_266,0.8714652061462402,0.04455343633890152,0.0641261488199234,0.01985516957938671,0,0,0.9741604179143906
R_non_hate_video_267,0,0.010100427083671093,-4.585025787353516,train,True,human,0,E:\m-hvc\datasets\old-dataset\frames_unique\R_non_hate_video_267,0.9951810240745544,0.0011650415835902095,0.002800446003675461,0.000853366800583899,0,0,0.9898995729163289
R_non_hate_video_268,0,0.02301730029284954,-3.748222827911377,train,True,asr,0,E:\m-hvc\datasets\old-dataset\frames_unique\R_non_hate_video_268,0.9227795004844666,0.024586092680692673,0.03834829106926918,0.014286093413829803,0,0,0.9769826997071505
R_non_hate_video_269,0,0.01233619824051857,-4.3828043937683105,train,True,asr,0,E:\m-hvc\datasets\old-dataset\frames_unique\R_non_hate_video_269,0.9962353110313416,0.0009302166872657835,0.0022720000706613064,0.0005624659243039787,0,0,0.9876638017594814
R_non_hate_video_270,0,0.008019739761948586,-4.8177971839904785,test,True,human,0,E:\m-hvc\datasets\old-dataset\frames_unique\R_non_hate_video_270,0.9945151805877686,0.001240569748915732,0.0032693715766072273,0.0009749120799824595,0,0,0.9919802602380514
R_non_hate_video_271,0,0.009228524751961231,-4.67618465423584,train,True,asr,0,E:\m-hvc\datasets\old-dataset\frames_unique\R_non_hate_video_271,0.9949238896369934,0.0013005248038098216,0.002875059610232711,0.0009005741449072957,0,0,0.9907714752480388
R_non_hate_video_272,0,0.007847019471228123,-4.839743614196777,train,True,human,0,E:\m-hvc\datasets\old-dataset\frames_unique\R_non_hate_video_272,0.992974042892456,0.0016127928392961621,0.004122820217162371,0.0012904065661132336,0,0,0.9921529805287719
R_non_hate_video_273,0,0.025577908381819725,-3.64011549949646,train,True,human,0,E:\m-hvc\datasets\old-dataset\frames_unique\R_non_hate_video_273,0.9055456519126892,0.02689080499112606,0.03705857694149017,0.030504902824759483,0,0,0.9744220916181803
R_non_hate_video_274,0,0.09041109681129456,-2.3086256980895996,train,True,asr,0,E:\m-hvc\datasets\old-dataset\frames_unique\R_non_hate_video_274,0.4626004695892334,0.05474459379911423,0.2584080100059509,0.22424696385860443,0,0,0.9095889031887054
R_non_hate_video_275,0,0.008576102554798126,-4.750162601470947,val,True,human,0,E:\m-hvc\datasets\old-dataset\frames_unique\R_non_hate_video_275,0.9940846562385559,0.0013182975817471743,0.0035285952035337687,0.0010684631997719407,0,0,0.9914238974452019
R_non_hate_video_276,0,0.007348644081503153,-4.9058637619018555,train,True,human,0,E:\m-hvc\datasets\old-dataset\frames_unique\R_non_hate_video_276,0.9947456121444702,0.0011782904621213675,0.0031759189441800117,0.0009002758306451142,0,0,0.9926513559184968
R_non_hate_video_277,0,0.0077968682162463665,-4.846205711364746,test,True,human,0,E:\m-hvc\datasets\old-dataset\frames_unique\R_non_hate_video_277,0.9925891160964966,0.0016135212499648333,0.004667253699153662,0.001130108954384923,0,0,0.9922031317837536
R_non_hate_video_278,0,0.03459707647562027,-3.3287763595581055,train,True,human,0,E:\m-hvc\datasets\old-dataset\frames_unique\R_non_hate_video_278,0.6208747625350952,0.038057100027799606,0.30599990487098694,0.03506826236844063,0,0,0.9654029235243797
R_non_hate_video_279,0,0.007563648745417595,-4.876809120178223,train,True,human,0,E:\m-hvc\datasets\old-dataset\frames_unique\R_non_hate_video_279,0.991303563117981,0.001943708397448063,0.005221264902502298,0.001531544723547995,0,0,0.9924363512545824
R_non_hate_video_280,0,0.007966003380715847,-4.8245744705200195,test,True,human,0,E:\m-hvc\datasets\old-dataset\frames_unique\R_non_hate_video_280,0.9923255443572998,0.0017473341431468725,0.004698597826063633,0.0012285347329452634,0,0,0.9920339966192842
R_non_hate_video_281,0,0.0070540327578783035,-4.947076797485352,val,True,human,0,E:\m-hvc\datasets\old-dataset\frames_unique\R_non_hate_video_281,0.9947174191474915,0.0010803687619045377,0.003334751585498452,0.0008675632416270673,0,0,0.9929459672421217
R_non_hate_video_282,0,0.009073715656995773,-4.693258285522461,train,True,human,0,E:\m-hvc\datasets\old-dataset\frames_unique\R_non_hate_video_282,0.996056318283081,0.0008132827351801097,0.002501829294487834,0.0006286174175329506,0,0,0.9909262843430042
R_non_hate_video_283,0,0.050273504108190536,-2.9386959075927734,train,True,asr,0,E:\m-hvc\datasets\old-dataset\frames_unique\R_non_hate_video_283,0.7121903896331787,0.036630887538194656,0.15745723247528076,0.09372147172689438,0,0,0.9497264958918095
R_non_hate_video_284,0,0.1323046088218689,-1.8807337284088135,train,True,human,0,E:\m-hvc\datasets\old-dataset\frames_unique\R_non_hate_video_284,0.08452241122722626,0.01568053849041462,0.8761041760444641,0.023692889139056206,0,2,0.8676953911781311
R_non_hate_video_285,0,0.0997888371348381,-2.199573040008545,train,True,human,0,E:\m-hvc\datasets\old-dataset\frames_unique\R_non_hate_video_285,0.4481580853462219,0.08612202107906342,0.17247729003429413,0.29324257373809814,0,0,0.9002111628651619
R_non_hate_video_286,0,0.017157036811113358,-4.048040866851807,train,True,human,0,E:\m-hvc\datasets\old-dataset\frames_unique\R_non_hate_video_286,0.8731290102005005,0.011761432513594627,0.10447771102190018,0.010631822980940342,0,0,0.9828429631888866
R_non_hate_video_287,0,0.008280713111162186,-4.785511016845703,train,True,human,0,E:\m-hvc\datasets\old-dataset\frames_unique\R_non_hate_video_287,0.9965996146202087,0.0007007097010500729,0.0021345242857933044,0.0005650973762385547,0,0,0.9917192868888378
R_non_hate_video_288,0,0.02191593125462532,-3.798381805419922,train,True,asr,0,E:\m-hvc\datasets\old-dataset\frames_unique\R_non_hate_video_288,0.8153154850006104,0.01090015284717083,0.1633937656879425,0.010390643030405045,0,0,0.9780840687453747
R_non_hate_video_289,0,0.00882619246840477,-4.721166133880615,test,True,asr,0,E:\m-hvc\datasets\old-dataset\frames_unique\R_non_hate_video_289,0.9932262301445007,0.0015167315723374486,0.003993400372564793,0.0012635837774723768,0,0,0.9911738075315952
R_non_hate_video_290,0,0.010884740389883518,-4.509449005126953,train,True,human,0,E:\m-hvc\datasets\old-dataset\frames_unique\R_non_hate_video_290,0.9662943482398987,0.006761027500033379,0.02234448306262493,0.0046002063900232315,0,0,0.9891152596101165
R_non_hate_video_291,0,0.26776838302612305,-1.005974531173706,train,True,human,0,E:\m-hvc\datasets\old-dataset\frames_unique\R_non_hate_video_291,0.15932685136795044,0.057443469762802124,0.23600877821445465,0.5472208857536316,0,3,0.732231616973877
R_non_hate_video_292,0,0.051452185958623886,-2.9142792224884033,train,True,asr,0,E:\m-hvc\datasets\old-dataset\frames_unique\R_non_hate_video_292,0.3795148432254791,0.019844379276037216,0.5763363242149353,0.02430444210767746,0,2,0.9485478140413761
R_non_hate_video_293,0,0.008503274992108345,-4.758764266967773,train,True,human,0,E:\m-hvc\datasets\old-dataset\frames_unique\R_non_hate_video_293,0.996351957321167,0.0007531394949182868,0.0022969217970967293,0.0005979157867841423,0,0,0.9914967250078917
R_non_hate_video_294,0,0.007731560617685318,-4.854682922363281,test,True,human,0,E:\m-hvc\datasets\old-dataset\frames_unique\R_non_hate_video_294,0.9941636919975281,0.0013111801818013191,0.003517542267218232,0.001007536193355918,0,0,0.9922684393823147
R_non_hate_video_295,0,0.008252023719251156,-4.789010524749756,train,True,human,0,E:\m-hvc\datasets\old-dataset\frames_unique\R_non_hate_video_295,0.9945400357246399,0.0010776147246360779,0.0035472000017762184,0.0008351891301572323,0,0,0.9917479762807488
R_non_hate_video_296,0,0.007595140486955643,-4.872622489929199,test,True,human,0,E:\m-hvc\datasets\old-dataset\frames_unique\R_non_hate_video_296,0.9925011992454529,0.0018246403196826577,0.004438959527760744,0.001235252944752574,0,0,0.9924048595130444
R_non_hate_video_297,0,0.009927576407790184,-4.602461814880371,train,True,human,0,E:\m-hvc\datasets\old-dataset\frames_unique\R_non_hate_video_297,0.9916582703590393,0.0018636526074260473,0.004746089223772287,0.0017319327453151345,0,0,0.9900724235922098
R_non_hate_video_298,0,0.008533737622201443,-4.755157470703125,train,True,human,0,E:\m-hvc\datasets\old-dataset\frames_unique\R_non_hate_video_298,0.996340274810791,0.0007355458801612258,0.0023442513775080442,0.0005799437058158219,0,0,0.9914662623777986
R_non_hate_video_299,0,0.008506796322762966,-4.7583465576171875,val,True,human,0,E:\m-hvc\datasets\old-dataset\frames_unique\R_non_hate_video_299,0.9878658652305603,0.002107134321704507,0.008351453579962254,0.0016755315009504557,0,0,0.991493203677237
R_non_hate_video_300,0,0.009111509658396244,-4.689063549041748,train,True,human,0,E:\m-hvc\datasets\old-dataset\frames_unique\R_non_hate_video_300,0.9963874816894531,0.0007062150398269296,0.0023236742708832026,0.0005826691049151123,0,0,0.9908884903416038
R_non_hate_video_301,0,0.007756608072668314,-4.851423263549805,train,True,human,0,E:\m-hvc\datasets\old-dataset\frames_unique\R_non_hate_video_301,0.9950154423713684,0.0011063299607485533,0.0029912926256656647,0.0008870471501722932,0,0,0.9922433919273317
R_non_hate_video_302,0,0.008938858285546303,-4.708368301391602,train,True,human,0,E:\m-hvc\datasets\old-dataset\frames_unique\R_non_hate_video_302,0.9955665469169617,0.0009375101653859019,0.0027282109949737787,0.0007676391396671534,0,0,0.9910611417144537
R_non_hate_video_303,0,0.021360063925385475,-3.8246407508850098,train,True,human,0,E:\m-hvc\datasets\old-dataset\frames_unique\R_non_hate_video_303,0.9969925880432129,0.0005893140332773328,0.001986474497243762,0.00043159196502529085,0,0,0.9786399360746145
R_non_hate_video_304,0,0.17484250664710999,-1.5516886711120605,train,True,asr,0,E:\m-hvc\datasets\old-dataset\frames_unique\R_non_hate_video_304,0.06504916399717331,0.011982148513197899,0.8946672677993774,0.028301360085606575,0,2,0.82515749335289
R_non_hate_video_305,0,0.0451212152838707,-3.052231788635254,val,True,human,0,E:\m-hvc\datasets\old-dataset\frames_unique\R_non_hate_video_305,0.3971947431564331,0.01750863343477249,0.5622777938842773,0.023018818348646164,0,2,0.9548787847161293
R_non_hate_video_306,0,0.007999974302947521,-4.820284843444824,train,True,human,0,E:\m-hvc\datasets\old-dataset\frames_unique\R_non_hate_video_306,0.9936810731887817,0.0013913707807660103,0.003779696300625801,0.0011479011736810207,0,0,0.9920000256970525
R_non_hate_video_307,0,0.0344974659383297,-3.3317627906799316,val,True,human,0,E:\m-hvc\datasets\old-dataset\frames_unique\R_non_hate_video_307,0.7899630069732666,0.0875122994184494,0.08882921189069748,0.0336955264210701,0,0,0.9655025340616703
R_non_hate_video_308,0,0.12686501443386078,-1.9289665222167969,train,True,human,0,E:\m-hvc\datasets\old-dataset\frames_unique\R_non_hate_video_308,0.0905955508351326,0.017442716285586357,0.8664446473121643,0.025516990572214127,0,2,0.8731349855661392
R_non_hate_video_309,0,0.007212959695607424,-4.9246368408203125,val,True,human,0,E:\m-hvc\datasets\old-dataset\frames_unique\R_non_hate_video_309,0.9943596720695496,0.0011547491885721684,0.0034694101195782423,0.0010161035461351275,0,0,0.9927870403043926
R_non_hate_video_310,0,0.10704353451728821,-2.1213021278381348,train,True,human,0,E:\m-hvc\datasets\old-dataset\frames_unique\R_non_hate_video_310,0.1164461150765419,0.015751933678984642,0.8447056412696838,0.023096255958080292,0,2,0.8929564654827118
R_non_hate_video_311,0,0.39920738339424133,-0.40876877307891846,train,True,human,0,E:\m-hvc\datasets\old-dataset\frames_unique\R_non_hate_video_311,0.12876521050930023,0.05694564804434776,0.15200050175189972,0.6622886061668396,1,3,0.6007926166057587
R_non_hate_video_312,0,0.24099820852279663,-1.147214651107788,train,True,human,0,E:\m-hvc\datasets\old-dataset\frames_unique\R_non_hate_video_312,0.1683393269777298,0.0625603049993515,0.22768139839172363,0.5414190292358398,0,3,0.7590017914772034
R_non_hate_video_313,0,0.20581811666488647,-1.3503196239471436,val,True,human,0,E:\m-hvc\datasets\old-dataset\frames_unique\R_non_hate_video_313,0.1666061282157898,0.048488836735486984,0.4342746138572693,0.35063043236732483,0,2,0.7941818833351135
R_non_hate_video_314,0,0.010415306314826012,-4.554008960723877,train,True,human,0,E:\m-hvc\datasets\old-dataset\frames_unique\R_non_hate_video_314,0.9855033159255981,0.0035446560941636562,0.008886734023690224,0.0020652583334594965,0,0,0.989584693685174
R_non_hate_video_315,0,0.009138974361121655,-4.686026096343994,train,True,human,0,E:\m-hvc\datasets\old-dataset\frames_unique\R_non_hate_video_315,0.9964749217033386,0.0007648544851690531,0.002185320947319269,0.0005748604889959097,0,0,0.9908610256388783
R_non_hate_video_316,0,0.00791387353092432,-4.831192493438721,test,True,human,0,E:\m-hvc\datasets\old-dataset\frames_unique\R_non_hate_video_316,0.9943278431892395,0.0012447418412193656,0.0034505159128457308,0.0009769159369170666,0,0,0.9920861264690757
R_non_hate_video_317,0,0.008843219839036465,-4.719221591949463,train,True,asr,0,E:\m-hvc\datasets\old-dataset\frames_unique\R_non_hate_video_317,0.9924862384796143,0.0014243789482861757,0.005051908548921347,0.0010375363053753972,0,0,0.9911567801609635
R_non_hate_video_318,0,0.014381383545696735,-4.227334976196289,test,True,human,0,E:\m-hvc\datasets\old-dataset\frames_unique\R_non_hate_video_318,0.9505378603935242,0.017248332500457764,0.024020284414291382,0.00819348357617855,0,0,0.9856186164543033
R_non_hate_video_319,0,0.007642036769539118,-4.866419792175293,train,True,human,0,E:\m-hvc\datasets\old-dataset\frames_unique\R_non_hate_video_319,0.9950178265571594,0.0010881670750677586,0.0030721144285053015,0.0008219530573114753,0,0,0.9923579632304609
R_non_hate_video_320,0,0.008135783486068249,-4.803314208984375,train,True,asr,0,E:\m-hvc\datasets\old-dataset\frames_unique\R_non_hate_video_320,0.9941210150718689,0.0012540449388325214,0.003622323740273714,0.001002635806798935,0,0,0.9918642165139318
R_non_hate_video_321,0,0.009732188656926155,-4.622536659240723,train,True,human,0,E:\m-hvc\datasets\old-dataset\frames_unique\R_non_hate_video_321,0.9875926375389099,0.00206038448959589,0.008690968155860901,0.001655961968936026,0,0,0.9902678113430738
R_non_hate_video_322,0,0.007963897660374641,-4.824841022491455,train,True,human,0,E:\m-hvc\datasets\old-dataset\frames_unique\R_non_hate_video_322,0.9899011254310608,0.0018582455813884735,0.006817941553890705,0.0014226700877770782,0,0,0.9920361023396254
R_non_hate_video_323,0,0.20918074250221252,-1.3298707008361816,train,True,human,0,E:\m-hvc\datasets\old-dataset\frames_unique\R_non_hate_video_323,0.24681547284126282,0.08567959070205688,0.16535553336143494,0.5021494030952454,0,3,0.7908192574977875
R_non_hate_video_324,0,0.009385897777974606,-4.659116744995117,train,True,human,0,E:\m-hvc\datasets\old-dataset\frames_unique\R_non_hate_video_324,0.9958685636520386,0.000979037256911397,0.0025167830754071474,0.0006356188678182662,0,0,0.9906141022220254
R_non_hate_video_325,0,0.008078191429376602,-4.810476303100586,val,True,human,0,E:\m-hvc\datasets\old-dataset\frames_unique\R_non_hate_video_325,0.994772732257843,0.0010059962514787912,0.003473854623734951,0.0007473823498003185,0,0,0.9919218085706234
R_non_hate_video_326,0,0.024742968380451202,-3.6741597652435303,train,True,human,0,E:\m-hvc\datasets\old-dataset\frames_unique\R_non_hate_video_326,0.9970270991325378,0.000552702636923641,0.0019852619152516127,0.000435037276474759,0,0,0.9752570316195488
R_non_hate_video_327,0,0.015658723190426826,-4.140944480895996,train,True,human,0,E:\m-hvc\datasets\old-dataset\frames_unique\R_non_hate_video_327,0.9830979704856873,0.0021453469526022673,0.012875709682703018,0.0018809476168826222,0,0,0.9843412768095732
R_non_hate_video_328,0,0.007297777105122805,-4.912860870361328,train,True,human,0,E:\m-hvc\datasets\old-dataset\frames_unique\R_non_hate_video_328,0.9942919015884399,0.001254661357961595,0.003444506088271737,0.0010090441210195422,0,0,0.9927022228948772
R_non_hate_video_329,0,0.051007531583309174,-2.9234275817871094,train,True,human,0,E:\m-hvc\datasets\old-dataset\frames_unique\R_non_hate_video_329,0.7667979598045349,0.038391221314668655,0.08020882308483124,0.1146019697189331,0,0,0.9489924684166908
R_non_hate_video_330,0,0.0074569047428667545,-4.891129970550537,train,True,human,0,E:\m-hvc\datasets\old-dataset\frames_unique\R_non_hate_video_330,0.9939596652984619,0.0013770819641649723,0.003559680888429284,0.0011036613723263144,0,0,0.9925430952571332
R_non_hate_video_331,0,0.008059277199208736,-4.812839508056641,test,True,human,0,E:\m-hvc\datasets\old-dataset\frames_unique\R_non_hate_video_331,0.9931631088256836,0.0016618208028376102,0.003871896071359515,0.0013032471761107445,0,0,0.9919407228007913
R_non_hate_video_332,0,0.008096161298453808,-4.808236122131348,train,True,human,0,E:\m-hvc\datasets\old-dataset\frames_unique\R_non_hate_video_332,0.9928613305091858,0.0015666258987039328,0.004232565872371197,0.00133944780100137,0,0,0.9919038387015462
R_non_hate_video_333,0,0.0073153297416865826,-4.910440921783447,train,True,human,0,E:\m-hvc\datasets\old-dataset\frames_unique\R_non_hate_video_333,0.9944590330123901,0.0011604143073782325,0.003409307450056076,0.0009712282917462289,0,0,0.9926846702583134
R_non_hate_video_334,0,0.007229299284517765,-4.922357559204102,train,True,human,0,E:\m-hvc\datasets\old-dataset\frames_unique\R_non_hate_video_334,0.9941785335540771,0.0012705965200439095,0.003492821240797639,0.0010580571833997965,0,0,0.9927707007154822
R_non_hate_video_335,0,0.007170204538851976,-4.930624961853027,train,True,human,0,E:\m-hvc\datasets\old-dataset\frames_unique\R_non_hate_video_335,0.9936656355857849,0.0013706734171137214,0.0038646303582936525,0.001098973210901022,0,0,0.992829795461148
R_non_hate_video_336,0,0.007253332529217005,-4.9190144538879395,train,True,human,0,E:\m-hvc\datasets\old-dataset\frames_unique\R_non_hate_video_336,0.9917449355125427,0.0017884642584249377,0.005069822072982788,0.001396759762428701,0,0,0.992746667470783
R_non_hate_video_337,0,0.007804065011441708,-4.84527587890625,train,True,human,0,E:\m-hvc\datasets\old-dataset\frames_unique\R_non_hate_video_337,0.9942428469657898,0.0012252854648977518,0.0035088600125163794,0.0010229976614937186,0,0,0.9921959349885583
R_non_hate_video_338,0,0.008048350922763348,-4.814207077026367,test,True,human,0,E:\m-hvc\datasets\old-dataset\frames_unique\R_non_hate_video_338,0.9938657879829407,0.00134452641941607,0.0036765739787369967,0.001113046077080071,0,0,0.9919516490772367
R_non_hate_video_339,0,0.007346501108258963,-4.906157493591309,train,True,human,0,E:\m-hvc\datasets\old-dataset\frames_unique\R_non_hate_video_339,0.9940938353538513,0.001292079919949174,0.003568135667592287,0.0010459276381880045,0,0,0.992653498891741
R_non_hate_video_340,0,0.00923400279134512,-4.675585746765137,val,True,human,0,E:\m-hvc\datasets\old-dataset\frames_unique\R_non_hate_video_340,0.9842702746391296,0.003960240166634321,0.009004322811961174,0.0027651742566376925,0,0,0.9907659972086549
R_non_hate_video_341,0,0.2730685770511627,-0.9791091084480286,train,True,human,0,E:\m-hvc\datasets\old-dataset\frames_unique\R_non_hate_video_341,0.03643187880516052,0.00971533078700304,0.9373523592948914,0.016500476747751236,0,2,0.7269314229488373
R_non_hate_video_342,0,0.04760054871439934,-2.996140241622925,train,True,human,0,E:\m-hvc\datasets\old-dataset\frames_unique\R_non_hate_video_342,0.5838911533355713,0.03743584081530571,0.30634671449661255,0.07232628762722015,0,0,0.9523994512856007
R_non_hate_video_343,0,0.008131437003612518,-4.8038530349731445,train,True,human,0,E:\m-hvc\datasets\old-dataset\frames_unique\R_non_hate_video_343,0.9945043325424194,0.0012229046551510692,0.003280521370470524,0.0009922281606122851,0,0,0.9918685629963875
R_non_hate_video_344,0,0.021282056346535683,-3.8283791542053223,test,True,asr,0,E:\m-hvc\datasets\old-dataset\frames_unique\R_non_hate_video_344,0.8753248453140259,0.037180714309215546,0.07174455374479294,0.015749957412481308,0,0,0.9787179436534643
R_non_hate_video_345,0,0.008217757567763329,-4.793206214904785,train,True,human,0,E:\m-hvc\datasets\old-dataset\frames_unique\R_non_hate_video_345,0.9926990866661072,0.0018631835700944066,0.004050605930387974,0.0013871260453015566,0,0,0.9917822424322367
R_non_hate_video_346,0,0.06665991246700287,-2.6391658782958984,train,True,human,0,E:\m-hvc\datasets\old-dataset\frames_unique\R_non_hate_video_346,0.21572226285934448,0.02231946960091591,0.7365725040435791,0.025385640561580658,0,2,0.9333400875329971
R_non_hate_video_347,0,0.008295536041259766,-4.783707618713379,train,True,asr,0,E:\m-hvc\datasets\old-dataset\frames_unique\R_non_hate_video_347,0.9944915771484375,0.0012278591748327017,0.0033019736874848604,0.000978644355200231,0,0,0.9917044639587402
R_non_hate_video_348,0,0.007924404926598072,-4.829852104187012,train,True,human,0,E:\m-hvc\datasets\old-dataset\frames_unique\R_non_hate_video_348,0.9941404461860657,0.0012850594939664006,0.0035238279961049557,0.001050677732564509,0,0,0.9920755950734019
R_non_hate_video_349,0,0.01110665313899517,-4.489042282104492,train,True,human,0,E:\m-hvc\datasets\old-dataset\frames_unique\R_non_hate_video_349,0.9672468900680542,0.009864858351647854,0.017603008076548576,0.005285260733217001,0,0,0.9888933468610048
R_non_hate_video_350,0,0.007457649800926447,-4.891029357910156,train,True,human,0,E:\m-hvc\datasets\old-dataset\frames_unique\R_non_hate_video_350,0.9951601624488831,0.001054425723850727,0.0029576655942946672,0.0008277422748506069,0,0,0.9925423501990736
R_non_hate_video_351,0,0.007783215958625078,-4.8479719161987305,train,True,asr,0,E:\m-hvc\datasets\old-dataset\frames_unique\R_non_hate_video_351,0.9942103624343872,0.0013926821993663907,0.0033179286401718855,0.0010790490778163075,0,0,0.9922167840413749
R_non_hate_video_352,0,0.007047049235552549,-4.9480743408203125,train,True,human,0,E:\m-hvc\datasets\old-dataset\frames_unique\R_non_hate_video_352,0.9947283864021301,0.0011599583085626364,0.003197925863787532,0.0009137712186202407,0,0,0.9929529507644475
R_non_hate_video_353,0,0.007860744372010231,-4.837982177734375,train,True,human,0,E:\m-hvc\datasets\old-dataset\frames_unique\R_non_hate_video_353,0.9941241145133972,0.001299449591897428,0.00348622421734035,0.0010902927024289966,0,0,0.9921392556279898
R_non_hate_video_354,0,0.006991750560700893,-4.956007957458496,train,True,human,0,E:\m-hvc\datasets\old-dataset\frames_unique\R_non_hate_video_354,0.9943355917930603,0.0013241803972050548,0.003388933604583144,0.000951343507040292,0,0,0.9930082494392991
R_non_hate_video_355,0,0.028083560988307,-3.5440855026245117,val,True,human,0,E:\m-hvc\datasets\old-dataset\frames_unique\R_non_hate_video_355,0.6450814604759216,0.015764346346259117,0.320351779460907,0.018802374601364136,0,0,0.971916439011693
R_non_hate_video_356,0,0.00731569342315197,-4.910390853881836,train,True,human,0,E:\m-hvc\datasets\old-dataset\frames_unique\R_non_hate_video_356,0.9947959780693054,0.001094608916901052,0.003202574560418725,0.0009068480576388538,0,0,0.992684306576848
R_non_hate_video_357,0,0.008119115605950356,-4.805381774902344,train,True,human,0,E:\m-hvc\datasets\old-dataset\frames_unique\R_non_hate_video_357,0.9949941039085388,0.0011287675006315112,0.0029858204070478678,0.0008913762867450714,0,0,0.9918808843940496
R_non_hate_video_358,0,0.008201652206480503,-4.795184135437012,train,True,human,0,E:\m-hvc\datasets\old-dataset\frames_unique\R_non_hate_video_358,0.994345486164093,0.0011864532716572285,0.0034596584737300873,0.0010083914967253804,0,0,0.9917983477935195
R_non_hate_video_359,0,0.08905791491270065,-2.325192451477051,train,True,human,0,E:\m-hvc\datasets\old-dataset\frames_unique\R_non_hate_video_359,0.14650098979473114,0.019884107634425163,0.8073731660842896,0.026241639629006386,0,2,0.9109420850872993
R_non_hate_video_360,0,0.007244695443660021,-4.920214653015137,train,True,human,0,E:\m-hvc\datasets\old-dataset\frames_unique\R_non_hate_video_360,0.9937236905097961,0.0013509897980839014,0.003808656008914113,0.001116720144636929,0,0,0.99275530455634
R_non_hate_video_361,0,0.1723121553659439,-1.5693283081054688,train,True,human,0,E:\m-hvc\datasets\old-dataset\frames_unique\R_non_hate_video_361,0.28338930010795593,0.14247938990592957,0.21699118614196777,0.35714012384414673,0,3,0.8276878446340561
R_non_hate_video_362,0,0.007203281857073307,-4.925989151000977,train,True,human,0,E:\m-hvc\datasets\old-dataset\frames_unique\R_non_hate_video_362,0.9945981502532959,0.001138928229920566,0.0032986938022077084,0.0009642052464187145,0,0,0.9927967181429267
R_non_hate_video_363,0,0.008540445007383823,-4.754364967346191,train,True,human,0,E:\m-hvc\datasets\old-dataset\frames_unique\R_non_hate_video_363,0.9936351776123047,0.0013898543547838926,0.003809054149314761,0.0011659563751891255,0,0,0.9914595549926162
R_non_hate_video_364,0,0.00782904215157032,-4.842055320739746,train,True,human,0,E:\m-hvc\datasets\old-dataset\frames_unique\R_non_hate_video_364,0.9933235049247742,0.0014217565767467022,0.004175671376287937,0.0010790175292640924,0,0,0.9921709578484297
R_non_hate_video_365,0,0.06009821593761444,-2.7497951984405518,train,True,human,0,E:\m-hvc\datasets\old-dataset\frames_unique\R_non_hate_video_365,0.5577553510665894,0.1349688470363617,0.2254214584827423,0.08185432851314545,0,0,0.9399017840623856
R_non_hate_video_366,0,0.008066580630838871,-4.811926364898682,train,True,human,0,E:\m-hvc\datasets\old-dataset\frames_unique\R_non_hate_video_366,0.9926899075508118,0.0013497729087248445,0.004833955317735672,0.001126301707699895,0,0,0.9919334193691611
R_non_hate_video_367,0,0.007451192941516638,-4.891901969909668,train,True,human,0,E:\m-hvc\datasets\old-dataset\frames_unique\R_non_hate_video_367,0.9942703247070312,0.0012060727458447218,0.003512380179017782,0.0010111795272678137,0,0,0.9925488070584834
R_non_hate_video_368,0,0.007855881936848164,-4.838605880737305,train,True,human,0,E:\m-hvc\datasets\old-dataset\frames_unique\R_non_hate_video_368,0.9946199655532837,0.0010825669160112739,0.0033487973269075155,0.0009485810878686607,0,0,0.9921441180631518
R_non_hate_video_369,0,0.014927040785551071,-4.189541339874268,train,True,asr,0,E:\m-hvc\datasets\old-dataset\frames_unique\R_non_hate_video_369,0.935084342956543,0.009783047251403332,0.04751668870449066,0.007615943904966116,0,0,0.9850729592144489
R_non_hate_video_370,0,0.007530255243182182,-4.881267547607422,train,True,human,0,E:\m-hvc\datasets\old-dataset\frames_unique\R_non_hate_video_370,0.9944828748703003,0.0011768282856792212,0.0033747933339327574,0.0009654833120293915,0,0,0.9924697447568178
R_non_hate_video_371,0,0.17456664144992828,-1.5536019802093506,train,True,asr,0,E:\m-hvc\datasets\old-dataset\frames_unique\R_non_hate_video_371,0.05446038022637367,0.011864930391311646,0.9116304516792297,0.022044241428375244,0,2,0.8254333585500717
R_non_hate_video_372,0,0.16738849878311157,-1.6042497158050537,train,True,human,0,E:\m-hvc\datasets\old-dataset\frames_unique\R_non_hate_video_372,0.2770717144012451,0.07292246073484421,0.1814139187335968,0.46859192848205566,0,3,0.8326115012168884
R_non_hate_video_373,0,0.00852424930781126,-4.756279468536377,train,True,asr,0,E:\m-hvc\datasets\old-dataset\frames_unique\R_non_hate_video_373,0.9941210150718689,0.001249184482730925,0.003594261361286044,0.0010355011327192187,0,0,0.9914757506921887
R_non_hate_video_374,0,0.007722167763859034,-4.855907917022705,train,True,human,0,E:\m-hvc\datasets\old-dataset\frames_unique\R_non_hate_video_374,0.9934991598129272,0.001271890359930694,0.004123368300497532,0.0011055587092414498,0,0,0.992277832236141
R_non_hate_video_375,0,0.007346201688051224,-4.906198501586914,train,True,human,0,E:\m-hvc\datasets\old-dataset\frames_unique\R_non_hate_video_375,0.9949342608451843,0.001060071517713368,0.0031595053151249886,0.0008461223915219307,0,0,0.9926537983119488
R_non_hate_video_376,0,0.008471750654280186,-4.762510299682617,train,True,asr,0,E:\m-hvc\datasets\old-dataset\frames_unique\R_non_hate_video_376,0.994164764881134,0.0012465153122320771,0.0035491210874170065,0.0010396171128377318,0,0,0.9915282493457198
R_non_hate_video_377,0,0.008188731037080288,-4.796773910522461,train,True,human,0,E:\m-hvc\datasets\old-dataset\frames_unique\R_non_hate_video_377,0.9959461092948914,0.0008393071475438774,0.002563019283115864,0.0006515146233141422,0,0,0.9918112689629197
R_non_hate_video_378,0,0.007471767254173756,-4.889123916625977,train,True,human,0,E:\m-hvc\datasets\old-dataset\frames_unique\R_non_hate_video_378,0.9946193695068359,0.0010731056099757552,0.003393921535462141,0.000913649273570627,0,0,0.9925282327458262
R_non_hate_video_379,0,0.16836132109165192,-1.5972857475280762,test,True,human,0,E:\m-hvc\datasets\old-dataset\frames_unique\R_non_hate_video_379,0.06832541525363922,0.01079507078975439,0.9018183350563049,0.01906110718846321,0,2,0.8316386789083481
R_non_hate_video_380,0,0.13923709094524384,-1.821640968322754,test,True,human,0,E:\m-hvc\datasets\old-dataset\frames_unique\R_non_hate_video_380,0.10275355726480484,0.015354258939623833,0.8434089422225952,0.038483213633298874,0,2,0.8607629090547562
R_non_hate_video_381,0,0.014131392352283001,-4.245124340057373,train,True,asr,0,E:\m-hvc\datasets\old-dataset\frames_unique\R_non_hate_video_381,0.9719341397285461,0.006728227715939283,0.015261285938322544,0.006076341029256582,0,0,0.985868607647717
R_non_hate_video_382,0,0.05966777727007866,-2.7574410438537598,train,True,human,0,E:\m-hvc\datasets\old-dataset\frames_unique\R_non_hate_video_382,0.28969958424568176,0.022136792540550232,0.6611253023147583,0.027038244530558586,0,2,0.9403322227299213
R_non_hate_video_383,0,0.008962647058069706,-4.705686569213867,train,True,human,0,E:\m-hvc\datasets\old-dataset\frames_unique\R_non_hate_video_383,0.9947598576545715,0.001053865416906774,0.003289197338744998,0.0008971145725809038,0,0,0.9910373529419303
R_non_hate_video_384,0,0.01996694691479206,-3.893507957458496,train,True,human,0,E:\m-hvc\datasets\old-dataset\frames_unique\R_non_hate_video_384,0.9451833367347717,0.014460345730185509,0.029963981360197067,0.010392338037490845,0,0,0.9800330530852079
R_non_hate_video_385,0,0.029586059972643852,-3.490419387817383,test,True,human,0,E:\m-hvc\datasets\old-dataset\frames_unique\R_non_hate_video_385,0.6971154808998108,0.015635600313544273,0.2709275186061859,0.016321450471878052,0,0,0.9704139400273561
R_non_hate_video_386,0,0.009527248330414295,-4.644026279449463,test,True,asr,0,E:\m-hvc\datasets\old-dataset\frames_unique\R_non_hate_video_386,0.9956334233283997,0.0010080639040097594,0.002646505367010832,0.0007119200890883803,0,0,0.9904727516695857
R_non_hate_video_387,0,0.00787248183041811,-4.836478233337402,val,True,human,0,E:\m-hvc\datasets\old-dataset\frames_unique\R_non_hate_video_387,0.9958090782165527,0.0009417216060683131,0.0025429357774555683,0.0007063023513182998,0,0,0.9921275181695819
R_non_hate_video_388,0,0.1101665273308754,-2.089041233062744,test,True,human,0,E:\m-hvc\datasets\old-dataset\frames_unique\R_non_hate_video_388,0.35369524359703064,0.041429031640291214,0.3837990462779999,0.22107668220996857,0,2,0.8898334726691246
R_non_hate_video_389,0,0.04335447773337364,-3.0940229892730713,train,True,human,0,E:\m-hvc\datasets\old-dataset\frames_unique\R_non_hate_video_389,0.5129067301750183,0.02001766860485077,0.4422520399093628,0.024823537096381187,0,0,0.9566455222666264
R_non_hate_video_390,0,0.023660235106945038,-3.720014810562134,train,True,human,0,E:\m-hvc\datasets\old-dataset\frames_unique\R_non_hate_video_390,0.7769788503646851,0.013139169663190842,0.19655704498291016,0.013324936851859093,0,0,0.976339764893055
R_non_hate_video_391,0,0.0089369285851717,-4.7085862159729,train,True,asr,0,E:\m-hvc\datasets\old-dataset\frames_unique\R_non_hate_video_391,0.9940230250358582,0.0012809925246983767,0.00365995685569942,0.0010359319858253002,0,0,0.9910630714148283
R_non_hate_video_392,0,0.008194498717784882,-4.7960638999938965,test,True,human,0,E:\m-hvc\datasets\old-dataset\frames_unique\R_non_hate_video_392,0.9939800500869751,0.0012872013030573726,0.0036665843799710274,0.0010662088170647621,0,0,0.9918055012822151
R_non_hate_video_393,0,0.055794984102249146,-2.8286592960357666,test,True,human,0,E:\m-hvc\datasets\old-dataset\frames_unique\R_non_hate_video_393,0.3281571865081787,0.0269102044403553,0.6185197830200195,0.026412799954414368,0,2,0.9442050158977509
R_non_hate_video_394,0,0.010065065696835518,-4.588568687438965,train,True,human,0,E:\m-hvc\datasets\old-dataset\frames_unique\R_non_hate_video_394,0.9819228053092957,0.002438566880300641,0.01350867748260498,0.002129989443346858,0,0,0.9899349343031645
R_non_hate_video_395,0,0.01603175699710846,-4.1170220375061035,train,True,asr,0,E:\m-hvc\datasets\old-dataset\frames_unique\R_non_hate_video_395,0.962760329246521,0.008133817464113235,0.02302694506943226,0.006078797392547131,0,0,0.9839682430028915
R_non_hate_video_396,0,0.007817930541932583,-4.843486785888672,train,True,human,0,E:\m-hvc\datasets\old-dataset\frames_unique\R_non_hate_video_396,0.9937614798545837,0.001441621920093894,0.003665418131276965,0.0011314330622553825,0,0,0.9921820694580674
R_non_hate_video_397,0,0.007690576370805502,-4.860039234161377,train,True,asr,0,E:\m-hvc\datasets\old-dataset\frames_unique\R_non_hate_video_397,0.9945573806762695,0.0012783972779288888,0.0031929544638842344,0.0009712631581351161,0,0,0.9923094236291945
R_non_hate_video_398,0,0.010267725214362144,-4.568428993225098,test,True,human,0,E:\m-hvc\datasets\old-dataset\frames_unique\R_non_hate_video_398,0.9841225147247314,0.004586515016853809,0.008309475146234035,0.0029815107118338346,0,0,0.9897322747856379
R_non_hate_video_399,0,0.00780477374792099,-4.845184326171875,train,True,human,0,E:\m-hvc\datasets\old-dataset\frames_unique\R_non_hate_video_399,0.9870898127555847,0.00205804780125618,0.009101856499910355,0.001750255818478763,0,0,0.992195226252079
R_non_hate_video_400,0,0.007121462374925613,-4.937495231628418,train,True,human,0,E:\m-hvc\datasets\old-dataset\frames_unique\R_non_hate_video_400,0.995093584060669,0.0009771648328751326,0.0030962207820266485,0.0008330424898304045,0,0,0.9928785376250744
S_hate_video_1,1,0.29328861832618713,-0.8794652819633484,train,True,human,2,E:\m-hvc\datasets\old-dataset\frames_unique\S_hate_video_1,0.9846770763397217,0.004700636025518179,0.008378499187529087,0.00224369578063488,0,0,0.7067113816738129
S_hate_video_104,1,0.9209943413734436,2.455935001373291,test,True,asr,2,E:\m-hvc\datasets\old-dataset\frames_unique\S_hate_video_104,0.9092340469360352,0.01957084611058235,0.050559330731630325,0.02063576504588127,1,0,0.9209943413734436
S_hate_video_105,1,0.5575150847434998,0.23108325898647308,train,True,asr,2,E:\m-hvc\datasets\old-dataset\frames_unique\S_hate_video_105,0.993448793888092,0.0016864604549482465,0.003717231098562479,0.0011474932543933392,1,0,0.5575150847434998
S_hate_video_106,1,0.9771604537963867,3.7561607360839844,val,False,missing,2,E:\m-hvc\datasets\old-dataset\frames_unique\S_hate_video_106,0.3947771489620209,0.1042507141828537,0.3233761787414551,0.17759592831134796,1,0,0.9771604537963867
S_hate_video_107,1,0.9738126397132874,3.6159400939941406,train,True,human,2,E:\m-hvc\datasets\old-dataset\frames_unique\S_hate_video_107,0.019877763465046883,0.013566456735134125,0.9235370755195618,0.04301875829696655,1,2,0.9738126397132874
S_hate_video_108,1,0.6430380940437317,0.5885748863220215,train,True,human,2,E:\m-hvc\datasets\old-dataset\frames_unique\S_hate_video_108,0.9921501874923706,0.0021738598588854074,0.004063693340867758,0.0016123310197144747,1,0,0.6430380940437317
S_hate_video_109,1,0.9772815704345703,3.7615981101989746,train,True,human,1,E:\m-hvc\datasets\old-dataset\frames_unique\S_hate_video_109,0.07727372646331787,0.3268436789512634,0.35556456446647644,0.24031801521778107,1,2,0.9772815704345703
S_hate_video_110,1,0.7712689638137817,1.2154903411865234,train,True,human,2,E:\m-hvc\datasets\old-dataset\frames_unique\S_hate_video_110,0.9867485761642456,0.0032569067552685738,0.007111140061169863,0.002883408684283495,1,0,0.7712689638137817
S_hate_video_111,1,0.7956780195236206,1.3594974279403687,train,True,human,2,E:\m-hvc\datasets\old-dataset\frames_unique\S_hate_video_111,0.9872717261314392,0.0033850320614874363,0.006832965649664402,0.0025102354120463133,1,0,0.7956780195236206
S_hate_video_112,1,0.8206703662872314,1.520896077156067,train,True,human,2,E:\m-hvc\datasets\old-dataset\frames_unique\S_hate_video_112,0.6013510823249817,0.017799479886889458,0.3601057827472687,0.02074364386498928,1,0,0.8206703662872314
S_hate_video_113,1,0.5464683771133423,0.18641145527362823,train,True,asr,2,E:\m-hvc\datasets\old-dataset\frames_unique\S_hate_video_113,0.9934890270233154,0.0016024941578507423,0.0035441345535218716,0.0013644297141581774,1,0,0.5464683771133423
S_hate_video_114,1,0.8252713680267334,1.552478551864624,train,True,human,2,E:\m-hvc\datasets\old-dataset\frames_unique\S_hate_video_114,0.9815913438796997,0.0046210503205657005,0.010690865106880665,0.003096789587289095,1,0,0.8252713680267334
S_hate_video_115,1,0.9606063365936279,3.1939597129821777,train,True,asr,2,E:\m-hvc\datasets\old-dataset\frames_unique\S_hate_video_115,0.7811704874038696,0.052841998636722565,0.07812286168336868,0.08786468952894211,1,0,0.9606063365936279
S_hate_video_116,1,0.9116504192352295,2.333955764770508,val,True,human,1,E:\m-hvc\datasets\old-dataset\frames_unique\S_hate_video_116,0.12416645139455795,0.6177223920822144,0.11826112121343613,0.13985005021095276,1,1,0.9116504192352295
S_hate_video_117,1,0.7044363617897034,0.8685138821601868,val,True,human,2,E:\m-hvc\datasets\old-dataset\frames_unique\S_hate_video_117,0.9729570746421814,0.004734019283205271,0.018823513761162758,0.0034854409750550985,1,0,0.7044363617897034
S_hate_video_118,1,0.9000311493873596,2.19757080078125,train,True,human,1,E:\m-hvc\datasets\old-dataset\frames_unique\S_hate_video_118,0.16498586535453796,0.5111355185508728,0.19467124342918396,0.12920734286308289,1,1,0.9000311493873596
S_hate_video_123,1,0.6643829345703125,0.6828880310058594,val,False,missing,2,E:\m-hvc\datasets\old-dataset\frames_unique\S_hate_video_123,0.6645339131355286,0.06052155792713165,0.21201035380363464,0.06293413043022156,1,0,0.6643829345703125
S_hate_video_125,1,0.9816193580627441,3.9779059886932373,train,False,missing,2,E:\m-hvc\datasets\old-dataset\frames_unique\S_hate_video_125,0.264240562915802,0.12801380455493927,0.34695738554000854,0.2607882618904114,1,2,0.9816193580627441
S_hate_video_126,1,0.9259145259857178,2.5255632400512695,train,True,asr,2,E:\m-hvc\datasets\old-dataset\frames_unique\S_hate_video_126,0.9535776972770691,0.01069170143455267,0.02448827214539051,0.011242284439504147,1,0,0.9259145259857178
S_hate_video_129,1,0.9779859781265259,3.7938132286071777,val,False,missing,2,E:\m-hvc\datasets\old-dataset\frames_unique\S_hate_video_129,0.31313592195510864,0.1100018098950386,0.3744688630104065,0.20239339768886566,1,2,0.9779859781265259
S_hate_video_130,1,0.9720721244812012,3.5498032569885254,train,True,human,2,E:\m-hvc\datasets\old-dataset\frames_unique\S_hate_video_130,0.023959128186106682,0.030413536354899406,0.902306854724884,0.04332045465707779,1,2,0.9720721244812012
S_hate_video_131,1,0.9771665930747986,3.7564330101013184,train,False,missing,2,E:\m-hvc\datasets\old-dataset\frames_unique\S_hate_video_131,0.2584879994392395,0.11622685939073563,0.39278966188430786,0.23249545693397522,1,2,0.9771665930747986
S_hate_video_132,1,0.9799644947052002,3.8900105953216553,val,False,missing,2,E:\m-hvc\datasets\old-dataset\frames_unique\S_hate_video_132,0.3346388638019562,0.11136618256568909,0.33922114968299866,0.21477386355400085,1,2,0.9799644947052002
S_hate_video_134,1,0.9818916916847229,3.9931092262268066,val,False,missing,2,E:\m-hvc\datasets\old-dataset\frames_unique\S_hate_video_134,0.28546178340911865,0.12159119546413422,0.34100547432899475,0.2519415020942688,1,2,0.9818916916847229
S_hate_video_135,1,0.05308690294623375,-2.881277084350586,train,True,human,2,E:\m-hvc\datasets\old-dataset\frames_unique\S_hate_video_135,0.9978151321411133,0.0004720022261608392,0.0014215895207598805,0.00029132477357052267,0,0,0.9469130970537663
S_hate_video_136,1,0.9694027900695801,3.4557721614837646,train,True,human,3,E:\m-hvc\datasets\old-dataset\frames_unique\S_hate_video_136,0.36737269163131714,0.05884036049246788,0.12633353471755981,0.4474533200263977,1,3,0.9694027900695801
S_hate_video_137,1,0.9230281114578247,2.484220266342163,train,True,asr,2,E:\m-hvc\datasets\old-dataset\frames_unique\S_hate_video_137,0.959511399269104,0.010133575648069382,0.020810022950172424,0.009545053355395794,1,0,0.9230281114578247
S_hate_video_139,1,0.7245945334434509,0.9673680067062378,train,True,human,2,E:\m-hvc\datasets\old-dataset\frames_unique\S_hate_video_139,0.9907165169715881,0.0025155621115118265,0.004909461364150047,0.0018585317302495241,1,0,0.7245945334434509
S_hate_video_140,1,0.7280834913253784,0.9849205017089844,train,True,human,2,E:\m-hvc\datasets\old-dataset\frames_unique\S_hate_video_140,0.9861263632774353,0.003648284822702408,0.007566944230347872,0.0026583964936435223,1,0,0.7280834913253784
S_hate_video_142,1,0.25304269790649414,-1.0824499130249023,train,True,human,1,E:\m-hvc\datasets\old-dataset\frames_unique\S_hate_video_142,0.31287747621536255,0.2973136007785797,0.260942280292511,0.12886662781238556,0,0,0.7469573020935059
S_hate_video_143,1,0.9252364039421082,2.5157182216644287,train,True,human,2,E:\m-hvc\datasets\old-dataset\frames_unique\S_hate_video_143,0.9185277223587036,0.020563777536153793,0.04376060888171196,0.0171478483825922,1,0,0.9252364039421082
S_hate_video_144,1,0.9815396666526794,3.9735002517700195,train,False,missing,2,E:\m-hvc\datasets\old-dataset\frames_unique\S_hate_video_144,0.30015483498573303,0.12117905169725418,0.32090601325035095,0.25776004791259766,1,2,0.9815396666526794
S_hate_video_146,1,0.9783195853233337,3.80942702293396,train,False,missing,2,E:\m-hvc\datasets\old-dataset\frames_unique\S_hate_video_146,0.35044801235198975,0.11520413309335709,0.30165794491767883,0.23268990218639374,1,0,0.9783195853233337
S_hate_video_147,1,0.8013394474983215,1.3946869373321533,val,True,human,2,E:\m-hvc\datasets\old-dataset\frames_unique\S_hate_video_147,0.9830290675163269,0.004198088776320219,0.009091033600270748,0.0036817071959376335,1,0,0.8013394474983215
S_hate_video_148,1,0.9376341104507446,2.7103402614593506,test,True,human,2,E:\m-hvc\datasets\old-dataset\frames_unique\S_hate_video_148,0.9282703399658203,0.01826389692723751,0.03286147117614746,0.020604316145181656,1,0,0.9376341104507446
S_hate_video_149,1,0.9506967663764954,2.95920467376709,train,True,human,1,E:\m-hvc\datasets\old-dataset\frames_unique\S_hate_video_149,0.11552218347787857,0.5194101333618164,0.16499026119709015,0.2000773400068283,1,1,0.9506967663764954
S_hate_video_150,1,0.8749703764915466,1.9456393718719482,val,True,human,2,E:\m-hvc\datasets\old-dataset\frames_unique\S_hate_video_150,0.97487872838974,0.006168898660689592,0.012958520092070103,0.005993893835693598,1,0,0.8749703764915466
S_hate_video_151,1,0.9799726605415344,3.89042329788208,val,False,missing,2,E:\m-hvc\datasets\old-dataset\frames_unique\S_hate_video_151,0.3308161199092865,0.11337123066186905,0.3320312201976776,0.22378146648406982,1,2,0.9799726605415344
S_hate_video_152,1,0.9391470551490784,2.7365126609802246,train,True,asr,2,E:\m-hvc\datasets\old-dataset\frames_unique\S_hate_video_152,0.9291971325874329,0.01771281659603119,0.0338977687060833,0.019192272797226906,1,0,0.9391470551490784
S_hate_video_153,1,0.755009114742279,1.1255086660385132,train,True,human,2,E:\m-hvc\datasets\old-dataset\frames_unique\S_hate_video_153,0.9873814582824707,0.0032086470164358616,0.0068069398403167725,0.0026030451990664005,1,0,0.755009114742279
S_hate_video_154,1,0.9828492999076843,4.048419952392578,train,False,missing,2,E:\m-hvc\datasets\old-dataset\frames_unique\S_hate_video_154,0.2918470799922943,0.12036696821451187,0.3348903954029083,0.2528955340385437,1,2,0.9828492999076843
S_hate_video_155,1,0.9799922108650208,3.891425609588623,train,False,missing,2,E:\m-hvc\datasets\old-dataset\frames_unique\S_hate_video_155,0.32653775811195374,0.11438553780317307,0.32444867491722107,0.23462805151939392,1,0,0.9799922108650208
S_hate_video_156,1,0.4770684838294983,-0.09179063141345978,train,True,human,2,E:\m-hvc\datasets\old-dataset\frames_unique\S_hate_video_156,0.9949201941490173,0.0012759399833157659,0.0029769185930490494,0.0008269053068943322,1,0,0.5229315161705017
S_hate_video_158,1,0.9713366627693176,3.523055076599121,train,False,missing,2,E:\m-hvc\datasets\old-dataset\frames_unique\S_hate_video_158,0.3860131502151489,0.09981298446655273,0.3671348989009857,0.14703898131847382,1,0,0.9713366627693176
S_hate_video_159,1,0.9697445034980774,3.467355251312256,train,False,missing,2,E:\m-hvc\datasets\old-dataset\frames_unique\S_hate_video_159,0.3927856385707855,0.09695850312709808,0.34277015924453735,0.16748574376106262,1,0,0.9697445034980774
S_hate_video_160,1,0.8573555946350098,1.793497920036316,val,True,asr,2,E:\m-hvc\datasets\old-dataset\frames_unique\S_hate_video_160,0.9812895655632019,0.004553727339953184,0.010097140446305275,0.004059556871652603,1,0,0.8573555946350098
S_hate_video_161,1,0.925987720489502,2.52662992477417,train,True,asr,2,E:\m-hvc\datasets\old-dataset\frames_unique\S_hate_video_161,0.9517534971237183,0.012001072987914085,0.024498533457517624,0.011746915988624096,1,0,0.925987720489502
S_hate_video_162,1,0.6905435919761658,0.8026618957519531,train,False,missing,2,E:\m-hvc\datasets\old-dataset\frames_unique\S_hate_video_162,0.6958796381950378,0.04732406511902809,0.20841912925243378,0.048377152532339096,1,0,0.6905435919761658
S_hate_video_164,1,0.9593185186386108,3.1604490280151367,train,True,human,2,E:\m-hvc\datasets\old-dataset\frames_unique\S_hate_video_164,0.725915253162384,0.058343153446912766,0.13874714076519012,0.07699437439441681,1,0,0.9593185186386108
S_hate_video_165,1,0.9829150438308716,4.052324295043945,train,True,asr,3,E:\m-hvc\datasets\old-dataset\frames_unique\S_hate_video_165,0.07857964187860489,0.1064300388097763,0.17469418048858643,0.6402961611747742,1,3,0.9829150438308716
S_hate_video_166,1,0.9772279858589172,3.7591869831085205,train,False,missing,2,E:\m-hvc\datasets\old-dataset\frames_unique\S_hate_video_166,0.32335978746414185,0.12808093428611755,0.3159025311470032,0.23265673220157623,1,0,0.9772279858589172
S_hate_video_167,1,0.8220651149749756,1.5304019451141357,train,True,asr,2,E:\m-hvc\datasets\old-dataset\frames_unique\S_hate_video_167,0.9697449207305908,0.007893159985542297,0.0166491512209177,0.005712728016078472,1,0,0.8220651149749756
S_hate_video_168,1,0.9498574137687683,2.9414424896240234,train,True,asr,1,E:\m-hvc\datasets\old-dataset\frames_unique\S_hate_video_168,0.10103034973144531,0.5750712752342224,0.13488516211509705,0.18901318311691284,1,1,0.9498574137687683
S_hate_video_170,1,0.9809769988059998,3.942902088165283,test,False,missing,2,E:\m-hvc\datasets\old-dataset\frames_unique\S_hate_video_170,0.3185701072216034,0.11773623526096344,0.3295350968837738,0.23415857553482056,1,2,0.9809769988059998
S_hate_video_171,1,0.9359742999076843,2.682302713394165,train,True,asr,2,E:\m-hvc\datasets\old-dataset\frames_unique\S_hate_video_171,0.9484025239944458,0.011623505502939224,0.02664540335536003,0.01332858856767416,1,0,0.9359742999076843
S_hate_video_172,1,0.9768109321594238,3.740612268447876,train,False,missing,2,E:\m-hvc\datasets\old-dataset\frames_unique\S_hate_video_172,0.2825833559036255,0.13489781320095062,0.3000090420246124,0.2825097143650055,1,2,0.9768109321594238
S_hate_video_173,1,0.8779111504554749,1.9727964401245117,train,True,asr,2,E:\m-hvc\datasets\old-dataset\frames_unique\S_hate_video_173,0.9701793193817139,0.00769255543127656,0.014991668984293938,0.007136372849345207,1,0,0.8779111504554749
S_hate_video_174,0,0.02818988263607025,-3.5401973724365234,val,False,missing,0,E:\m-hvc\datasets\old-dataset\frames_unique\S_hate_video_174,0.8564409017562866,0.030370088294148445,0.08325937390327454,0.029929669573903084,0,0,0.9718101173639297
S_hate_video_175,1,0.9721664786338806,3.553288221359253,val,False,missing,2,E:\m-hvc\datasets\old-dataset\frames_unique\S_hate_video_175,0.3375772535800934,0.11357603967189789,0.3653280735015869,0.18351854383945465,1,2,0.9721664786338806
S_hate_video_176,1,0.9484281539916992,2.9118306636810303,train,True,asr,2,E:\m-hvc\datasets\old-dataset\frames_unique\S_hate_video_176,0.8919990658760071,0.02773679792881012,0.05075664818286896,0.029507486149668694,1,0,0.9484281539916992
S_hate_video_177,1,0.5401483774185181,0.1609400063753128,train,True,human,2,E:\m-hvc\datasets\old-dataset\frames_unique\S_hate_video_177,0.9937379360198975,0.0014774223091080785,0.0036767602432519197,0.0011078881798312068,1,0,0.5401483774185181
S_hate_video_179,1,0.8796016573905945,1.988663673400879,train,True,asr,2,E:\m-hvc\datasets\old-dataset\frames_unique\S_hate_video_179,0.8508632183074951,0.019101731479167938,0.06477672606706619,0.06525829434394836,1,0,0.8796016573905945
S_hate_video_180,1,0.8690563440322876,1.8926403522491455,train,True,asr,2,E:\m-hvc\datasets\old-dataset\frames_unique\S_hate_video_180,0.9732311367988586,0.007125296629965305,0.01301699411123991,0.006626616232097149,1,0,0.8690563440322876
S_hate_video_181,1,0.9655380249023438,3.3328280448913574,train,True,human,2,E:\m-hvc\datasets\old-dataset\frames_unique\S_hate_video_181,0.05857075750827789,0.1430470198392868,0.6044850945472717,0.19389708340168,1,2,0.9655380249023438
S_hate_video_182,1,0.5237689018249512,0.09514732658863068,train,True,human,2,E:\m-hvc\datasets\old-dataset\frames_unique\S_hate_video_182,0.9936835765838623,0.00153752148617059,0.0036413767375051975,0.0011375489411875606,1,0,0.5237689018249512
S_hate_video_183,1,0.9394437670707703,2.7417149543762207,train,True,human,2,E:\m-hvc\datasets\old-dataset\frames_unique\S_hate_video_183,0.027739811688661575,0.014793499372899532,0.9390227794647217,0.018443915992975235,1,2,0.9394437670707703
S_hate_video_184,1,0.9819858074188232,3.998420238494873,val,False,missing,2,E:\m-hvc\datasets\old-dataset\frames_unique\S_hate_video_184,0.3059264123439789,0.11599577218294144,0.34523889422416687,0.23283889889717102,1,2,0.9819858074188232
S_hate_video_185,1,0.9170799255371094,2.4033172130584717,test,True,human,2,E:\m-hvc\datasets\old-dataset\frames_unique\S_hate_video_185,0.945134162902832,0.01628669537603855,0.02535843290388584,0.013220706023275852,1,0,0.9170799255371094
S_hate_video_186,1,0.9220237731933594,2.4701671600341797,train,True,human,2,E:\m-hvc\datasets\old-dataset\frames_unique\S_hate_video_186,0.9510616064071655,0.013095262460410595,0.02415766380727291,0.011685401201248169,1,0,0.9220237731933594
S_hate_video_187,1,0.9106508493423462,2.3216075897216797,train,True,human,2,E:\m-hvc\datasets\old-dataset\frames_unique\S_hate_video_187,0.9478599429130554,0.014160774648189545,0.02615651674568653,0.011822830885648727,1,0,0.9106508493423462
S_hate_video_188,1,0.963034451007843,3.2601044178009033,train,True,human,2,E:\m-hvc\datasets\old-dataset\frames_unique\S_hate_video_188,0.31854769587516785,0.05184730142354965,0.5590251088142395,0.07057996094226837,1,2,0.963034451007843
S_hate_video_189,1,0.9633004069328308,3.267601728439331,train,False,missing,2,E:\m-hvc\datasets\old-dataset\frames_unique\S_hate_video_189,0.36215758323669434,0.09778489917516708,0.35218545794487,0.18787214159965515,1,0,0.9633004069328308
S_hate_video_190,1,0.8089007139205933,1.4428832530975342,train,True,asr,1,E:\m-hvc\datasets\old-dataset\frames_unique\S_hate_video_190,0.2590070366859436,0.34650054574012756,0.3074606657028198,0.08703179657459259,1,1,0.8089007139205933
S_hate_video_191,1,0.9769440293312073,3.7465033531188965,train,False,missing,2,E:\m-hvc\datasets\old-dataset\frames_unique\S_hate_video_191,0.35001084208488464,0.09644940495491028,0.38362807035446167,0.16991174221038818,1,2,0.9769440293312073
S_hate_video_192,1,0.9109981656074524,2.3258841037750244,train,True,asr,2,E:\m-hvc\datasets\old-dataset\frames_unique\S_hate_video_192,0.9622358679771423,0.009368299506604671,0.020026711747050285,0.008369119837880135,1,0,0.9109981656074524
S_hate_video_193,1,0.9705356955528259,3.4946703910827637,train,True,human,2,E:\m-hvc\datasets\old-dataset\frames_unique\S_hate_video_193,0.029867293313145638,0.022383589297533035,0.9053062796592712,0.04244280979037285,1,2,0.9705356955528259
S_hate_video_194,1,0.905247688293457,2.2569420337677,train,True,human,2,E:\m-hvc\datasets\old-dataset\frames_unique\S_hate_video_194,0.967427670955658,0.008851568214595318,0.01604006253182888,0.007680708076804876,1,0,0.905247688293457
S_hate_video_195,1,0.663449764251709,0.6787056922912598,train,True,human,2,E:\m-hvc\datasets\old-dataset\frames_unique\S_hate_video_195,0.9926281571388245,0.0018316649366170168,0.004254826810210943,0.0012854072265326977,1,0,0.663449764251709
S_hate_video_196,1,0.9411801695823669,2.772655963897705,test,True,human,1,E:\m-hvc\datasets\old-dataset\frames_unique\S_hate_video_196,0.13445502519607544,0.5508518218994141,0.1309986412525177,0.18369455635547638,1,1,0.9411801695823669
S_hate_video_197,1,0.9764764904975891,3.725950241088867,val,False,missing,2,E:\m-hvc\datasets\old-dataset\frames_unique\S_hate_video_197,0.25267818570137024,0.13324761390686035,0.31271806359291077,0.30135613679885864,1,2,0.9764764904975891
S_hate_video_198,1,0.9811440706253052,3.9518887996673584,val,False,missing,2,E:\m-hvc\datasets\old-dataset\frames_unique\S_hate_video_198,0.29325616359710693,0.12199049443006516,0.3466263711452484,0.2381269484758377,1,2,0.9811440706253052
S_hate_video_199,1,0.9784748554229736,3.816771984100342,train,False,missing,2,E:\m-hvc\datasets\old-dataset\frames_unique\S_hate_video_199,0.26812922954559326,0.13199350237846375,0.3146020174026489,0.28527528047561646,1,2,0.9784748554229736
S_hate_video_2,0,0.03138339892029762,-3.4295897483825684,val,False,missing,0,E:\m-hvc\datasets\old-dataset\frames_unique\S_hate_video_2,0.8915635943412781,0.02044052630662918,0.06794499605894089,0.020050838589668274,0,0,0.9686166010797024
S_hate_video_200,1,0.9393436908721924,2.739957809448242,train,True,human,2,E:\m-hvc\datasets\old-dataset\frames_unique\S_hate_video_200,0.27382752299308777,0.03294217213988304,0.6582828760147095,0.034947413951158524,1,2,0.9393436908721924
S_hate_video_201,1,0.977895975112915,3.7896454334259033,train,False,missing,2,E:\m-hvc\datasets\old-dataset\frames_unique\S_hate_video_201,0.2704002857208252,0.12837807834148407,0.3481779992580414,0.2530435621738434,1,2,0.977895975112915
S_hate_video_202,1,0.8805968761444092,1.998094081878662,train,False,missing,2,E:\m-hvc\datasets\old-dataset\frames_unique\S_hate_video_202,0.5462865829467773,0.0719824954867363,0.28151875734329224,0.10021214932203293,1,0,0.8805968761444092
S_hate_video_204,1,0.9389603734016418,2.733250141143799,val,False,missing,2,E:\m-hvc\datasets\old-dataset\frames_unique\S_hate_video_204,0.5386058688163757,0.07523556798696518,0.27795976400375366,0.10819876939058304,1,0,0.9389603734016418
S_hate_video_206,1,0.10540973395109177,-2.1385107040405273,train,True,asr,2,E:\m-hvc\datasets\old-dataset\frames_unique\S_hate_video_206,0.9972033500671387,0.0006718151271343231,0.001699053798802197,0.0004257128166500479,0,0,0.8945902660489082
S_hate_video_207,1,0.8837766051292419,2.0286900997161865,train,True,human,1,E:\m-hvc\datasets\old-dataset\frames_unique\S_hate_video_207,0.09739961475133896,0.6452644467353821,0.1095825731754303,0.14775338768959045,1,1,0.8837766051292419
S_hate_video_208,1,0.9700522422790527,3.477896213531494,train,True,human,2,E:\m-hvc\datasets\old-dataset\frames_unique\S_hate_video_208,0.017365192994475365,0.019619671627879143,0.9264758825302124,0.03653928264975548,1,2,0.9700522422790527
S_hate_video_209,1,0.9814728498458862,3.969813346862793,val,False,missing,2,E:\m-hvc\datasets\old-dataset\frames_unique\S_hate_video_209,0.29652050137519836,0.11300738155841827,0.3764154613018036,0.2140566110610962,1,2,0.9814728498458862
S_hate_video_210,1,0.8745409250259399,1.9417195320129395,train,True,human,2,E:\m-hvc\datasets\old-dataset\frames_unique\S_hate_video_210,0.9757639765739441,0.005952493287622929,0.013212591409683228,0.005070874933153391,1,0,0.8745409250259399
S_hate_video_211,1,0.9828891754150391,4.050782680511475,train,False,missing,2,E:\m-hvc\datasets\old-dataset\frames_unique\S_hate_video_211,0.28265950083732605,0.11902939528226852,0.3467960059642792,0.25151509046554565,1,2,0.9828891754150391
S_hate_video_212,1,0.26468580961227417,-1.0217543840408325,train,False,missing,2,E:\m-hvc\datasets\old-dataset\frames_unique\S_hate_video_212,0.7127235531806946,0.06305776536464691,0.16022096574306488,0.06399764865636826,0,0,0.7353141903877258
S_hate_video_214,1,0.9686620831489563,3.431088924407959,train,False,missing,2,E:\m-hvc\datasets\old-dataset\frames_unique\S_hate_video_214,0.2450546771287918,0.14866192638874054,0.3150213062763214,0.29126203060150146,1,2,0.9686620831489563
S_hate_video_215,1,0.9338751435279846,2.647798538208008,train,True,human,2,E:\m-hvc\datasets\old-dataset\frames_unique\S_hate_video_215,0.9454823732376099,0.01464020274579525,0.024942755699157715,0.01493463758379221,1,0,0.9338751435279846
S_hate_video_216,1,0.9733020663261414,3.59610652923584,train,False,missing,2,E:\m-hvc\datasets\old-dataset\frames_unique\S_hate_video_216,0.31436648964881897,0.12150295078754425,0.33752506971359253,0.22660543024539948,1,2,0.9733020663261414
S_hate_video_217,1,0.901907742023468,2.218604326248169,test,True,human,2,E:\m-hvc\datasets\old-dataset\frames_unique\S_hate_video_217,0.9624508619308472,0.008926376700401306,0.021040605381131172,0.007582259364426136,1,0,0.901907742023468
S_hate_video_219,1,0.9285995364189148,2.5653727054595947,train,True,asr,2,E:\m-hvc\datasets\old-dataset\frames_unique\S_hate_video_219,0.9534354209899902,0.011011797934770584,0.02393605187535286,0.011616748757660389,1,0,0.9285995364189148
S_hate_video_220,1,0.8704834580421448,1.9052400588989258,train,True,human,2,E:\m-hvc\datasets\old-dataset\frames_unique\S_hate_video_220,0.9770635962486267,0.005628097802400589,0.012585212476551533,0.00472303619608283,1,0,0.8704834580421448
S_hate_video_221,1,0.850433349609375,1.7380034923553467,train,True,human,2,E:\m-hvc\datasets\old-dataset\frames_unique\S_hate_video_221,0.9764432311058044,0.005629120394587517,0.01251003984361887,0.005417518317699432,1,0,0.850433349609375
S_hate_video_222,1,0.8558337688446045,1.781109094619751,train,False,missing,2,E:\m-hvc\datasets\old-dataset\frames_unique\S_hate_video_222,0.6449074745178223,0.05041930079460144,0.2482263445854187,0.056446950882673264,1,0,0.8558337688446045
S_hate_video_223,1,0.6777069568634033,0.7432539463043213,train,False,missing,2,E:\m-hvc\datasets\old-dataset\frames_unique\S_hate_video_223,0.7469131946563721,0.03521444648504257,0.18324348330497742,0.03462892770767212,1,0,0.6777069568634033
S_hate_video_224,1,0.9296345114707947,2.581088066101074,train,False,missing,2,E:\m-hvc\datasets\old-dataset\frames_unique\S_hate_video_224,0.4098701775074005,0.10939730703830719,0.29569190740585327,0.18504057824611664,1,0,0.9296345114707947
S_hate_video_226,0,0.046184927225112915,-3.0278162956237793,val,False,missing,0,E:\m-hvc\datasets\old-dataset\frames_unique\S_hate_video_226,0.8538159132003784,0.02606157772243023,0.09246599674224854,0.02765651047229767,0,0,0.9538150727748871
S_hate_video_227,1,0.06378453969955444,-2.6863348484039307,val,True,human,2,E:\m-hvc\datasets\old-dataset\frames_unique\S_hate_video_227,0.4978920519351959,0.020512748509645462,0.46341654658317566,0.01817869208753109,0,0,0.9362154603004456
S_hate_video_228,1,0.9764774441719055,3.7259926795959473,test,False,missing,2,E:\m-hvc\datasets\old-dataset\frames_unique\S_hate_video_228,0.3970443606376648,0.10340920090675354,0.31921523809432983,0.18033123016357422,1,0,0.9764774441719055
S_hate_video_229,1,0.980643630027771,3.9251859188079834,train,True,human,3,E:\m-hvc\datasets\old-dataset\frames_unique\S_hate_video_229,0.11331188678741455,0.0779123604297638,0.27804964780807495,0.5307261347770691,1,3,0.980643630027771
S_hate_video_232,1,0.9625440239906311,3.2464144229888916,val,True,human,3,E:\m-hvc\datasets\old-dataset\frames_unique\S_hate_video_232,0.0235032569617033,0.02242250367999077,0.08261134475469589,0.8714628219604492,1,3,0.9625440239906311
S_hate_video_233,1,0.9248464703559875,2.510093927383423,train,True,human,2,E:\m-hvc\datasets\old-dataset\frames_unique\S_hate_video_233,0.9517245888710022,0.011846295557916164,0.024485867470502853,0.011943238787353039,1,0,0.9248464703559875
S_hate_video_234,1,0.9361470937728882,2.685190200805664,train,True,human,2,E:\m-hvc\datasets\old-dataset\frames_unique\S_hate_video_234,0.6820975542068481,0.02800924703478813,0.25693026185035706,0.032962996512651443,1,0,0.9361470937728882
S_hate_video_235,1,0.869828999042511,1.8994473218917847,val,True,asr,2,E:\m-hvc\datasets\old-dataset\frames_unique\S_hate_video_235,0.9777007699012756,0.005125172436237335,0.012647959403693676,0.004526053089648485,1,0,0.869828999042511
S_hate_video_236,1,0.9787454605102539,3.8297014236450195,test,False,missing,2,E:\m-hvc\datasets\old-dataset\frames_unique\S_hate_video_236,0.28958860039711,0.12161950767040253,0.3489643931388855,0.2398274838924408,1,2,0.9787454605102539
S_hate_video_237,1,0.9635757207870483,3.2754154205322266,val,False,missing,2,E:\m-hvc\datasets\old-dataset\frames_unique\S_hate_video_237,0.5001876354217529,0.08327209949493408,0.2923820912837982,0.12415815889835358,1,0,0.9635757207870483
S_hate_video_238,1,0.00995848048478365,-4.599322319030762,train,True,human,2,E:\m-hvc\datasets\old-dataset\frames_unique\S_hate_video_238,0.9966908693313599,0.0006457721465267241,0.0021565353963524103,0.0005068801110610366,0,0,0.9900415195152164
S_hate_video_239,1,0.9441055059432983,2.8267734050750732,train,True,asr,2,E:\m-hvc\datasets\old-dataset\frames_unique\S_hate_video_239,0.09659167379140854,0.023317141458392143,0.8495748043060303,0.030516382306814194,1,2,0.9441055059432983
S_non_hate_videos_1,1,0.9753426313400269,3.6777145862579346,test,True,human,2,E:\m-hvc\datasets\old-dataset\frames_unique\S_non_hate_videos_1,0.022264575585722923,0.018043527379631996,0.906675398349762,0.053016506135463715,1,2,0.9753426313400269
S_non_hate_videos_10,0,0.014253136701881886,-4.236422538757324,test,True,human,0,E:\m-hvc\datasets\old-dataset\frames_unique\S_non_hate_videos_10,0.9485355019569397,0.0056493524461984634,0.03965730592608452,0.006157844793051481,0,0,0.9857468632981181
S_non_hate_videos_100,0,0.017240110784769058,-4.043126106262207,train,True,human,0,E:\m-hvc\datasets\old-dataset\frames_unique\S_non_hate_videos_100,0.9239620566368103,0.008172760717570782,0.05768045037984848,0.010184744372963905,0,0,0.9827598892152309
S_non_hate_videos_101,0,0.03369522839784622,-3.3561229705810547,train,True,human,0,E:\m-hvc\datasets\old-dataset\frames_unique\S_non_hate_videos_101,0.5875370502471924,0.015405240468680859,0.3775564730167389,0.0195012129843235,0,0,0.9663047716021538
S_non_hate_videos_102,0,0.008928101509809494,-4.709583282470703,val,True,asr,0,E:\m-hvc\datasets\old-dataset\frames_unique\S_non_hate_videos_102,0.9954132437705994,0.0009485774207860231,0.002841627923771739,0.0007966464618220925,0,0,0.9910718984901905
S_non_hate_videos_103,0,0.008863928727805614,-4.716861724853516,train,True,human,0,E:\m-hvc\datasets\old-dataset\frames_unique\S_non_hate_videos_103,0.9858853816986084,0.0028372397646307945,0.009275329299271107,0.002002046210691333,0,0,0.9911360712721944
S_non_hate_videos_104,0,0.007874255068600178,-4.836251258850098,test,True,human,0,E:\m-hvc\datasets\old-dataset\frames_unique\S_non_hate_videos_104,0.9939987659454346,0.001330563216470182,0.0035627775359898806,0.0011078654788434505,0,0,0.9921257449313998
S_non_hate_videos_105,0,0.007780491840094328,-4.848324775695801,train,True,human,0,E:\m-hvc\datasets\old-dataset\frames_unique\S_non_hate_videos_105,0.9939261078834534,0.0013402283657342196,0.0036147793289273977,0.0011189653305336833,0,0,0.9922195081599057
S_non_hate_videos_106,0,0.02043265290558338,-3.869976758956909,train,True,human,0,E:\m-hvc\datasets\old-dataset\frames_unique\S_non_hate_videos_106,0.8945059776306152,0.02570447325706482,0.06401174515485764,0.01577788218855858,0,0,0.9795673470944166
S_non_hate_videos_107,0,0.00791234616190195,-4.831387042999268,train,True,human,0,E:\m-hvc\datasets\old-dataset\frames_unique\S_non_hate_videos_107,0.988081693649292,0.0028842713218182325,0.0070495945401489735,0.0019843820482492447,0,0,0.992087653838098
S_non_hate_videos_108,0,0.008929802104830742,-4.709391117095947,train,True,human,0,E:\m-hvc\datasets\old-dataset\frames_unique\S_non_hate_videos_108,0.9931203126907349,0.0016094017773866653,0.004004719667136669,0.0012655708706006408,0,0,0.9910701978951693
S_non_hate_videos_109,0,0.016943078488111496,-4.060807704925537,train,True,human,0,E:\m-hvc\datasets\old-dataset\frames_unique\S_non_hate_videos_109,0.9613708853721619,0.012289273552596569,0.019929619506001472,0.006410238798707724,0,0,0.9830569215118885
S_non_hate_videos_11,0,0.011030937545001507,-4.495959281921387,train,True,human,0,E:\m-hvc\datasets\old-dataset\frames_unique\S_non_hate_videos_11,0.9945242404937744,0.0011779058258980513,0.0034203596878796816,0.0008774790912866592,0,0,0.9889690624549985
S_non_hate_videos_110,0,0.011217433959245682,-4.479005336761475,train,True,asr,0,E:\m-hvc\datasets\old-dataset\frames_unique\S_non_hate_videos_110,0.9960801005363464,0.0008325771195814013,0.0023698867298662663,0.0007174303755164146,0,0,0.9887825660407543
S_non_hate_videos_111,0,0.008773567155003548,-4.727199554443359,train,True,human,0,E:\m-hvc\datasets\old-dataset\frames_unique\S_non_hate_videos_111,0.9852460026741028,0.003304421668872237,0.009054996073246002,0.00239457911811769,0,0,0.9912264328449965
S_non_hate_videos_112,0,0.006980265956372023,-4.957663536071777,train,True,human,0,E:\m-hvc\datasets\old-dataset\frames_unique\S_non_hate_videos_112,0.9945835471153259,0.0012281554518267512,0.0032228713389486074,0.0009653673623688519,0,0,0.993019734043628
S_non_hate_videos_113,0,0.06874582171440125,-2.60611629486084,train,True,asr,0,E:\m-hvc\datasets\old-dataset\frames_unique\S_non_hate_videos_113,0.5911856293678284,0.04911520704627037,0.19326777756214142,0.16643144190311432,0,0,0.9312541782855988
S_non_hate_videos_114,0,0.009637610986828804,-4.632397651672363,train,True,human,0,E:\m-hvc\datasets\old-dataset\frames_unique\S_non_hate_videos_114,0.996154248714447,0.0008173197857104242,0.0024026865139603615,0.0006257342756725848,0,0,0.9903623890131712
S_non_hate_videos_115,0,0.008229563944041729,-4.7917585372924805,test,True,human,0,E:\m-hvc\datasets\old-dataset\frames_unique\S_non_hate_videos_115,0.9943091869354248,0.0012905210023745894,0.0033786350395530462,0.001021693111397326,0,0,0.9917704360559583
S_non_hate_videos_116,0,0.014608961530029774,-4.2114033699035645,val,True,human,0,E:\m-hvc\datasets\old-dataset\frames_unique\S_non_hate_videos_116,0.9846579432487488,0.00507691502571106,0.007712393067777157,0.0025527612306177616,0,0,0.9853910384699702
S_non_hate_videos_117,0,0.008813661523163319,-4.722599506378174,train,True,human,0,E:\m-hvc\datasets\old-dataset\frames_unique\S_non_hate_videos_117,0.9961521029472351,0.0007557719945907593,0.0025355464313179255,0.0005565803148783743,0,0,0.9911863384768367
S_non_hate_videos_118,0,0.05127482861280441,-2.917919158935547,val,False,missing,0,E:\m-hvc\datasets\old-dataset\frames_unique\S_non_hate_videos_118,0.8268324732780457,0.034333568066358566,0.09963864833116531,0.039195362478494644,0,0,0.9487251713871956
S_non_hate_videos_119,0,0.038410261273384094,-3.2202632427215576,train,False,missing,0,E:\m-hvc\datasets\old-dataset\frames_unique\S_non_hate_videos_119,0.851055383682251,0.029751550406217575,0.08605758845806122,0.033135391771793365,0,0,0.9615897387266159
S_non_hate_videos_12,0,0.007625477388501167,-4.868605613708496,val,True,human,0,E:\m-hvc\datasets\old-dataset\frames_unique\S_non_hate_videos_12,0.9945816397666931,0.0012428886257112026,0.003201048355549574,0.000974358175881207,0,0,0.9923745226114988
S_non_hate_videos_120,0,0.2867025136947632,-0.9114534258842468,train,True,human,0,E:\m-hvc\datasets\old-dataset\frames_unique\S_non_hate_videos_120,0.45405420660972595,0.2490047812461853,0.2434753179550171,0.053465746343135834,0,0,0.7132974863052368
S_non_hate_videos_121,0,0.008548443205654621,-4.753420829772949,train,True,human,0,E:\m-hvc\datasets\old-dataset\frames_unique\S_non_hate_videos_121,0.9902012944221497,0.0018399228574708104,0.006577354855835438,0.0013814392732456326,0,0,0.9914515567943454
S_non_hate_videos_122,0,0.05717971920967102,-2.8026764392852783,train,True,human,0,E:\m-hvc\datasets\old-dataset\frames_unique\S_non_hate_videos_122,0.9884936213493347,0.0031193671748042107,0.0072220866568386555,0.0011649710359051824,0,0,0.942820280790329
S_non_hate_videos_123,0,0.008278269320726395,-4.785808563232422,val,True,human,0,E:\m-hvc\datasets\old-dataset\frames_unique\S_non_hate_videos_123,0.9946253895759583,0.0011384686222299933,0.0032722202595323324,0.0009638832416385412,0,0,0.9917217306792736
S_non_hate_videos_124,0,0.008123982697725296,-4.8047776222229,train,True,human,0,E:\m-hvc\datasets\old-dataset\frames_unique\S_non_hate_videos_124,0.995276927947998,0.0010124813998118043,0.0029049450531601906,0.000805612828116864,0,0,0.9918760173022747
S_non_hate_videos_125,0,0.00921601988375187,-4.677553176879883,train,True,human,0,E:\m-hvc\datasets\old-dataset\frames_unique\S_non_hate_videos_125,0.994517982006073,0.001157348626293242,0.003326569916680455,0.0009981361217796803,0,0,0.9907839801162481
S_non_hate_videos_126,0,0.010017589665949345,-4.593344688415527,train,True,asr,0,E:\m-hvc\datasets\old-dataset\frames_unique\S_non_hate_videos_126,0.994744062423706,0.0011667378712445498,0.003177622565999627,0.0009115013526752591,0,0,0.9899824103340507
S_non_hate_videos_127,0,0.02162379026412964,-3.8121001720428467,val,True,human,0,E:\m-hvc\datasets\old-dataset\frames_unique\S_non_hate_videos_127,0.99652099609375,0.000714797992259264,0.0023068548180162907,0.0004573335172608495,0,0,0.9783762097358704
S_non_hate_videos_128,0,0.007453983649611473,-4.891524791717529,train,True,human,0,E:\m-hvc\datasets\old-dataset\frames_unique\S_non_hate_videos_128,0.9929863810539246,0.001726405811496079,0.003965732175856829,0.001321501680649817,0,0,0.9925460163503885
S_non_hate_videos_129,0,0.010580683127045631,-4.538088321685791,train,True,asr,0,E:\m-hvc\datasets\old-dataset\frames_unique\S_non_hate_videos_129,0.9822022318840027,0.00260566477663815,0.012643083930015564,0.002548949560150504,0,0,0.9894193168729544
S_non_hate_videos_13,0,0.11387079209089279,-2.0517983436584473,train,True,human,0,E:\m-hvc\datasets\old-dataset\frames_unique\S_non_hate_videos_13,0.24488812685012817,0.013443896546959877,0.7197245359420776,0.021943386644124985,0,2,0.8861292079091072
S_non_hate_videos_130,0,0.02241603471338749,-3.7753076553344727,train,True,human,0,E:\m-hvc\datasets\old-dataset\frames_unique\S_non_hate_videos_130,0.9972412586212158,0.0005416526109911501,0.0018109140219166875,0.0004061747749801725,0,0,0.9775839652866125
S_non_hate_videos_131,0,0.14111705124378204,-1.8060429096221924,train,True,human,0,E:\m-hvc\datasets\old-dataset\frames_unique\S_non_hate_videos_131,0.08568783104419708,0.01409372128546238,0.879410982131958,0.020807508379220963,0,2,0.858882948756218
S_non_hate_videos_132,0,0.008698253892362118,-4.735896587371826,train,True,human,0,E:\m-hvc\datasets\old-dataset\frames_unique\S_non_hate_videos_132,0.9949724674224854,0.001065194490365684,0.00308517599478364,0.0008771766442805529,0,0,0.9913017461076379
S_non_hate_videos_133,0,0.008783209137618542,-4.726091384887695,train,True,human,0,E:\m-hvc\datasets\old-dataset\frames_unique\S_non_hate_videos_133,0.9947788715362549,0.0010512726148590446,0.0032966448925435543,0.0008732760907150805,0,0,0.9912167908623815
S_non_hate_videos_134,0,0.20255668461322784,-1.3703910112380981,val,True,human,0,E:\m-hvc\datasets\old-dataset\frames_unique\S_non_hate_videos_134,0.3998490273952484,0.3878260850906372,0.1557060182094574,0.0566188246011734,0,0,0.7974433153867722
S_non_hate_videos_135,0,0.010145355947315693,-4.580542087554932,train,True,human,0,E:\m-hvc\datasets\old-dataset\frames_unique\S_non_hate_videos_135,0.9952921867370605,0.0009348856401629746,0.0029985576402395964,0.0007743053138256073,0,0,0.9898546440526843
S_non_hate_videos_136,0,0.045482613146305084,-3.0438756942749023,test,True,asr,0,E:\m-hvc\datasets\old-dataset\frames_unique\S_non_hate_videos_136,0.9880543351173401,0.0019399321172386408,0.007644497323781252,0.002361197955906391,0,0,0.9545173868536949
S_non_hate_videos_137,0,0.42420804500579834,-0.30552244186401367,train,True,human,0,E:\m-hvc\datasets\old-dataset\frames_unique\S_non_hate_videos_137,0.03465794026851654,0.007838396355509758,0.9475293159484863,0.009974298067390919,1,2,0.5757919549942017
S_non_hate_videos_138,0,0.0129785081371665,-4.33139705657959,train,True,human,0,E:\m-hvc\datasets\old-dataset\frames_unique\S_non_hate_videos_138,0.9882428050041199,0.0027190973050892353,0.007326437626034021,0.0017115980153903365,0,0,0.9870214918628335
S_non_hate_videos_139,0,0.010492903180420399,-4.546507835388184,train,True,human,0,E:\m-hvc\datasets\old-dataset\frames_unique\S_non_hate_videos_139,0.997031569480896,0.00063059211242944,0.001888403668999672,0.0004494706226978451,0,0,0.9895070968195796
S_non_hate_videos_14,0,0.007687174715101719,-4.860485076904297,train,True,human,0,E:\m-hvc\datasets\old-dataset\frames_unique\S_non_hate_videos_14,0.9957448840141296,0.0009013301460072398,0.002627833979204297,0.0007260122220031917,0,0,0.9923128252848983
S_non_hate_videos_140,0,0.01007563155144453,-4.587508678436279,train,True,human,0,E:\m-hvc\datasets\old-dataset\frames_unique\S_non_hate_videos_140,0.9963661432266235,0.0007537915371358395,0.002304130932316184,0.0005759407649748027,0,0,0.9899243684485555
S_non_hate_videos_141,0,0.0159614197909832,-4.121490478515625,train,True,asr,0,E:\m-hvc\datasets\old-dataset\frames_unique\S_non_hate_videos_141,0.99678635597229,0.0006079655722714961,0.002173979766666889,0.0004317887360230088,0,0,0.9840385802090168
S_non_hate_videos_142,0,0.48410332202911377,-0.06360805034637451,train,True,asr,0,E:\m-hvc\datasets\old-dataset\frames_unique\S_non_hate_videos_142,0.028726238757371902,0.006353337783366442,0.9559258818626404,0.008994507603347301,1,2,0.5158966779708862
S_non_hate_videos_143,0,0.18198595941066742,-1.5029499530792236,train,True,asr,0,E:\m-hvc\datasets\old-dataset\frames_unique\S_non_hate_videos_143,0.3934198319911957,0.43153104186058044,0.10600363463163376,0.0690455436706543,0,1,0.8180140405893326
S_non_hate_videos_144,0,0.007633008994162083,-4.867610931396484,train,True,human,0,E:\m-hvc\datasets\old-dataset\frames_unique\S_non_hate_videos_144,0.9951748251914978,0.0010276244720444083,0.003037405898794532,0.0007601960096508265,0,0,0.9923669910058379
S_non_hate_videos_145,0,0.028879892081022263,-3.5153045654296875,train,False,missing,0,E:\m-hvc\datasets\old-dataset\frames_unique\S_non_hate_videos_145,0.8845606446266174,0.02411336824297905,0.06652581691741943,0.02480020746588707,0,0,0.9711201079189777
S_non_hate_videos_146,0,0.007546323351562023,-4.879119873046875,train,True,human,0,E:\m-hvc\datasets\old-dataset\frames_unique\S_non_hate_videos_146,0.99404376745224,0.0012719451915472746,0.003617542330175638,0.0010667628375813365,0,0,0.992453676648438
S_non_hate_videos_147,0,0.08683404326438904,-2.352918863296509,val,True,human,0,E:\m-hvc\datasets\old-dataset\frames_unique\S_non_hate_videos_147,0.331727534532547,0.09601082652807236,0.4823499619960785,0.08991168439388275,0,2,0.913165956735611
S_non_hate_videos_148,0,0.007853339426219463,-4.838932037353516,train,True,human,0,E:\m-hvc\datasets\old-dataset\frames_unique\S_non_hate_videos_148,0.9931313395500183,0.0013733294326812029,0.0044121830724179745,0.00108316948171705,0,0,0.9921466605737805
S_non_hate_videos_149,0,0.007539840415120125,-4.879985809326172,test,True,human,0,E:\m-hvc\datasets\old-dataset\frames_unique\S_non_hate_videos_149,0.9953408241271973,0.0008940399857237935,0.0030387891456484795,0.0007263317238539457,0,0,0.9924601595848799
S_non_hate_videos_15,0,0.007892152294516563,-4.833962917327881,train,True,human,0,E:\m-hvc\datasets\old-dataset\frames_unique\S_non_hate_videos_15,0.9952914714813232,0.0010118837235495448,0.0029045736882835627,0.0007920653442852199,0,0,0.9921078477054834
S_non_hate_videos_150,0,0.016601653769612312,-4.081511974334717,train,True,asr,0,E:\m-hvc\datasets\old-dataset\frames_unique\S_non_hate_videos_150,0.9904182553291321,0.0027142169419676065,0.005355720408260822,0.0015117527218535542,0,0,0.9833983462303877
S_non_hate_videos_151,0,0.007445073686540127,-4.892729759216309,train,True,human,0,E:\m-hvc\datasets\old-dataset\frames_unique\S_non_hate_videos_151,0.994030237197876,0.0012458892306312919,0.003672836348414421,0.0010510627180337906,0,0,0.9925549263134599
S_non_hate_videos_152,0,0.007287193555384874,-4.914322853088379,test,True,human,0,E:\m-hvc\datasets\old-dataset\frames_unique\S_non_hate_videos_152,0.9936402440071106,0.0013577545760199428,0.004036629106849432,0.0009654121240600944,0,0,0.9927128064446151
S_non_hate_videos_153,0,0.01050315611064434,-4.545520782470703,train,True,human,0,E:\m-hvc\datasets\old-dataset\frames_unique\S_non_hate_videos_153,0.996895432472229,0.0007157113286666572,0.001880376716144383,0.0005084568983875215,0,0,0.9894968438893557
S_non_hate_videos_154,0,0.008040916174650192,-4.815138816833496,train,True,human,0,E:\m-hvc\datasets\old-dataset\frames_unique\S_non_hate_videos_154,0.9951213002204895,0.0011388412676751614,0.0029401551000773907,0.0007996794302016497,0,0,0.9919590838253498
S_non_hate_videos_155,0,0.0081178592517972,-4.805537700653076,train,True,human,0,E:\m-hvc\datasets\old-dataset\frames_unique\S_non_hate_videos_155,0.9948533177375793,0.0010634795762598515,0.003246059874072671,0.0008370903669856489,0,0,0.9918821407482028
S_non_hate_videos_156,0,0.012323220260441303,-4.3838701248168945,train,True,human,0,E:\m-hvc\datasets\old-dataset\frames_unique\S_non_hate_videos_156,0.955562949180603,0.0072623807936906815,0.03130215406417847,0.005872528534382582,0,0,0.9876767797395587
S_non_hate_videos_157,0,0.00929818581789732,-4.6685943603515625,train,True,asr,0,E:\m-hvc\datasets\old-dataset\frames_unique\S_non_hate_videos_157,0.9931433200836182,0.0018338290974497795,0.003747009439393878,0.0012758944649249315,0,0,0.9907018141821027
S_non_hate_videos_158,0,0.010537484660744667,-4.54222297668457,train,True,asr,0,E:\m-hvc\datasets\old-dataset\frames_unique\S_non_hate_videos_158,0.9904317259788513,0.0027798304799944162,0.004981015808880329,0.001807535532861948,0,0,0.9894625153392553
S_non_hate_videos_159,0,0.02364218235015869,-3.720796585083008,test,True,human,0,E:\m-hvc\datasets\old-dataset\frames_unique\S_non_hate_videos_159,0.9367163777351379,0.021233854815363884,0.03136620298027992,0.010683557018637657,0,0,0.9763578176498413
S_non_hate_videos_16,0,0.09126367419958115,-2.298302173614502,train,True,asr,0,E:\m-hvc\datasets\old-dataset\frames_unique\S_non_hate_videos_16,0.450579971075058,0.051795896142721176,0.29090458154678345,0.2067195028066635,0,0,0.9087363258004189
S_non_hate_videos_160,0,0.04596150293946266,-3.032899856567383,val,True,human,0,E:\m-hvc\datasets\old-dataset\frames_unique\S_non_hate_videos_160,0.9978498220443726,0.0004421028424985707,0.0014147054171189666,0.00029334137798286974,0,0,0.9540384970605373
S_non_hate_videos_161,0,0.12473172694444656,-1.9483650922775269,train,True,human,0,E:\m-hvc\datasets\old-dataset\frames_unique\S_non_hate_videos_161,0.43831029534339905,0.13238464295864105,0.29044103622436523,0.13886399567127228,0,0,0.8752682730555534
S_non_hate_videos_162,0,0.009874689392745495,-4.607856750488281,train,True,human,0,E:\m-hvc\datasets\old-dataset\frames_unique\S_non_hate_videos_162,0.9932767748832703,0.0017553180223330855,0.003863808698952198,0.0011040755780413747,0,0,0.9901253106072545
S_non_hate_videos_163,0,0.011553329415619373,-4.449161052703857,train,True,human,0,E:\m-hvc\datasets\old-dataset\frames_unique\S_non_hate_videos_163,0.9787256717681885,0.005539190024137497,0.012831178493797779,0.002903936430811882,0,0,0.9884466705843806
S_non_hate_videos_164,1,0.9784502387046814,3.815606117248535,train,True,human,2,E:\m-hvc\datasets\old-dataset\frames_unique\S_non_hate_videos_164,0.030414478853344917,0.028108300641179085,0.7427442073822021,0.19873300194740295,1,2,0.9784502387046814
S_non_hate_videos_165,0,0.01322318334132433,-4.312472343444824,train,True,human,0,E:\m-hvc\datasets\old-dataset\frames_unique\S_non_hate_videos_165,0.9969225525856018,0.0005438614170998335,0.0021002418361604214,0.0004333939286880195,0,0,0.9867768166586757
S_non_hate_videos_166,0,0.1429068148136139,-1.7913539409637451,test,True,asr,0,E:\m-hvc\datasets\old-dataset\frames_unique\S_non_hate_videos_166,0.0759853646159172,0.01789991743862629,0.884261965751648,0.021852711215615273,0,2,0.8570931851863861
S_non_hate_videos_167,0,0.007233921438455582,-4.921713829040527,train,True,human,0,E:\m-hvc\datasets\old-dataset\frames_unique\S_non_hate_videos_167,0.9940873384475708,0.0012603123905137181,0.0036178233567625284,0.001034510089084506,0,0,0.9927660785615444
S_non_hate_videos_168,0,0.007746552117168903,-4.852730751037598,train,True,human,0,E:\m-hvc\datasets\old-dataset\frames_unique\S_non_hate_videos_168,0.9890056252479553,0.0017281287582591176,0.007813979871571064,0.0014523271238431334,0,0,0.9922534478828311
S_non_hate_videos_169,0,0.008713217452168465,-4.7341628074646,train,True,asr,0,E:\m-hvc\datasets\old-dataset\frames_unique\S_non_hate_videos_169,0.9948278069496155,0.001211848808452487,0.00303949904628098,0.0009208513656631112,0,0,0.9912867825478315
S_non_hate_videos_17,0,0.009250053204596043,-4.673832893371582,train,True,human,0,E:\m-hvc\datasets\old-dataset\frames_unique\S_non_hate_videos_17,0.9893113970756531,0.0019513057777658105,0.007173245307058096,0.0015640107449144125,0,0,0.990749946795404
S_non_hate_videos_170,0,0.008917171508073807,-4.710819244384766,train,True,human,0,E:\m-hvc\datasets\old-dataset\frames_unique\S_non_hate_videos_170,0.9840474724769592,0.003961502108722925,0.009589806199073792,0.0024013177026063204,0,0,0.9910828284919262
S_non_hate_videos_171,0,0.007481629494577646,-4.8877949714660645,train,True,human,0,E:\m-hvc\datasets\old-dataset\frames_unique\S_non_hate_videos_171,0.9945657253265381,0.0012032311642542481,0.0032599465921521187,0.0009710810263641179,0,0,0.9925183705054224
S_non_hate_videos_172,0,0.007952610962092876,-4.826270580291748,train,True,human,0,E:\m-hvc\datasets\old-dataset\frames_unique\S_non_hate_videos_172,0.9944157600402832,0.0011772096622735262,0.003421779489144683,0.0009852689690887928,0,0,0.9920473890379071
S_non_hate_videos_173,0,0.03295198455452919,-3.3791966438293457,train,True,human,0,E:\m-hvc\datasets\old-dataset\frames_unique\S_non_hate_videos_173,0.5569407939910889,0.019567834213376045,0.4010067880153656,0.022484609857201576,0,0,0.9670480154454708
S_non_hate_videos_174,0,0.007920652627944946,-4.830329418182373,train,True,human,0,E:\m-hvc\datasets\old-dataset\frames_unique\S_non_hate_videos_174,0.9949612617492676,0.0010430783731862903,0.0031181653030216694,0.0008774324669502676,0,0,0.992079347372055
S_non_hate_videos_175,0,0.007519685663282871,-4.882682800292969,test,True,human,0,E:\m-hvc\datasets\old-dataset\frames_unique\S_non_hate_videos_175,0.9941601753234863,0.0014288891106843948,0.0033561273012310266,0.0010547599522396922,0,0,0.9924803143367171
S_non_hate_videos_176,0,0.01404127199202776,-4.251613616943359,train,True,human,0,E:\m-hvc\datasets\old-dataset\frames_unique\S_non_hate_videos_176,0.9955573678016663,0.0009146204101853073,0.0028992670122534037,0.000628865382168442,0,0,0.9859587280079722
S_non_hate_videos_177,0,0.011928975582122803,-4.416784286499023,train,True,human,0,E:\m-hvc\datasets\old-dataset\frames_unique\S_non_hate_videos_177,0.9956879019737244,0.0008564506424590945,0.0027443976141512394,0.0007112986641004682,0,0,0.9880710244178772
S_non_hate_videos_178,0,0.007749766577035189,-4.8523125648498535,train,True,human,0,E:\m-hvc\datasets\old-dataset\frames_unique\S_non_hate_videos_178,0.9950284361839294,0.0010623031994327903,0.0030205994844436646,0.0008886463474482298,0,0,0.9922502334229648
S_non_hate_videos_179,0,0.03179257735610008,-3.4162135124206543,val,True,human,0,E:\m-hvc\datasets\old-dataset\frames_unique\S_non_hate_videos_179,0.8653126955032349,0.062310267239809036,0.050604820251464844,0.02177220582962036,0,0,0.9682074226438999
S_non_hate_videos_18,0,0.007494191639125347,-4.886104583740234,train,True,human,0,E:\m-hvc\datasets\old-dataset\frames_unique\S_non_hate_videos_18,0.9954419136047363,0.0010300116846337914,0.002743353368714452,0.0007847020169720054,0,0,0.9925058083608747
S_non_hate_videos_180,0,0.007524109911173582,-4.882090091705322,train,True,human,0,E:\m-hvc\datasets\old-dataset\frames_unique\S_non_hate_videos_180,0.9948478937149048,0.0012036551488563418,0.0030091535300016403,0.0009393965592607856,0,0,0.9924758900888264
S_non_hate_videos_181,0,0.009782688692212105,-4.617310047149658,train,True,asr,0,E:\m-hvc\datasets\old-dataset\frames_unique\S_non_hate_videos_181,0.9947156310081482,0.0013780202716588974,0.003019841155037284,0.0008864543633535504,0,0,0.9902173113077879
S_non_hate_videos_182,0,0.02022481895983219,-3.8804125785827637,test,True,human,0,E:\m-hvc\datasets\old-dataset\frames_unique\S_non_hate_videos_182,0.8259164690971375,0.014050986617803574,0.14681215584278107,0.013220354914665222,0,0,0.9797751810401678
S_non_hate_videos_183,0,0.00765213230624795,-4.865089416503906,train,True,human,0,E:\m-hvc\datasets\old-dataset\frames_unique\S_non_hate_videos_183,0.9943974018096924,0.001258519128896296,0.0033274658489972353,0.0010166607098653913,0,0,0.992347867693752
S_non_hate_videos_184,0,0.015339304693043232,-4.16187858581543,train,True,human,0,E:\m-hvc\datasets\old-dataset\frames_unique\S_non_hate_videos_184,0.9588831663131714,0.009534611366689205,0.026335692033171654,0.005246540065854788,0,0,0.9846606953069568
S_non_hate_videos_185,0,0.008217982016503811,-4.793178558349609,train,True,human,0,E:\m-hvc\datasets\old-dataset\frames_unique\S_non_hate_videos_185,0.9930791258811951,0.0017196815460920334,0.003989637829363346,0.0012115492718294263,0,0,0.9917820179834962
S_non_hate_videos_186,0,0.6208594441413879,0.49319756031036377,train,True,asr,0,E:\m-hvc\datasets\old-dataset\frames_unique\S_non_hate_videos_186,0.06714858114719391,0.04297488555312157,0.12130024284124374,0.7685763239860535,1,3,0.6208594441413879
S_non_hate_videos_187,0,0.008615645579993725,-4.745522499084473,train,True,human,0,E:\m-hvc\datasets\old-dataset\frames_unique\S_non_hate_videos_187,0.9955892562866211,0.0008711939444765449,0.0028466619551181793,0.000692952424287796,0,0,0.9913843544200063
S_non_hate_videos_188,0,0.06585150957107544,-2.652233123779297,train,True,human,0,E:\m-hvc\datasets\old-dataset\frames_unique\S_non_hate_videos_188,0.5075808763504028,0.15277735888957977,0.2760278582572937,0.0636139065027237,0,0,0.9341484904289246
S_non_hate_videos_189,0,0.008137453347444534,-4.803107261657715,val,True,human,0,E:\m-hvc\datasets\old-dataset\frames_unique\S_non_hate_videos_189,0.9952369928359985,0.0009287024731747806,0.0030670384876430035,0.0007672779029235244,0,0,0.9918625466525555
S_non_hate_videos_19,0,0.0109650157392025,-4.502019882202148,train,True,human,0,E:\m-hvc\datasets\old-dataset\frames_unique\S_non_hate_videos_19,0.9853752851486206,0.004080005455762148,0.008353703655302525,0.0021910001523792744,0,0,0.9890349842607975
S_non_hate_videos_190,0,0.007552200462669134,-4.878335475921631,train,True,human,0,E:\m-hvc\datasets\old-dataset\frames_unique\S_non_hate_videos_190,0.9939154982566833,0.0011526854941621423,0.004061677027493715,0.0008701607584953308,0,0,0.9924477995373309
S_non_hate_videos_191,0,0.041644297540187836,-3.136054515838623,test,True,asr,0,E:\m-hvc\datasets\old-dataset\frames_unique\S_non_hate_videos_191,0.5742135047912598,0.04142368584871292,0.35479065775871277,0.02957215905189514,0,0,0.9583557024598122
S_non_hate_videos_192,0,0.008828599937260151,-4.720890998840332,val,True,human,0,E:\m-hvc\datasets\old-dataset\frames_unique\S_non_hate_videos_192,0.9942014813423157,0.0012132349656894803,0.003734563011676073,0.0008507639868184924,0,0,0.9911714000627398
S_non_hate_videos_193,0,0.0072839283384382725,-4.914774417877197,train,True,human,0,E:\m-hvc\datasets\old-dataset\frames_unique\S_non_hate_videos_193,0.992992639541626,0.0017038722289726138,0.004056863021105528,0.0012465746840462089,0,0,0.9927160716615617
S_non_hate_videos_194,0,0.007080728188157082,-4.943272590637207,train,True,human,0,E:\m-hvc\datasets\old-dataset\frames_unique\S_non_hate_videos_194,0.9940978288650513,0.0012361862463876605,0.0037277545779943466,0.0009382421849295497,0,0,0.9929192718118429
S_non_hate_videos_195,0,0.008544216863811016,-4.75391960144043,train,True,human,0,E:\m-hvc\datasets\old-dataset\frames_unique\S_non_hate_videos_195,0.9943880438804626,0.001174646895378828,0.0035351766273379326,0.0009021085570566356,0,0,0.991455783136189
S_non_hate_videos_196,0,0.009483034722507,-4.6487226486206055,train,True,asr,0,E:\m-hvc\datasets\old-dataset\frames_unique\S_non_hate_videos_196,0.9951377511024475,0.0012217899784445763,0.0028396090492606163,0.0008009018492884934,0,0,0.990516965277493
S_non_hate_videos_197,0,0.008108753710985184,-4.806669235229492,test,True,human,0,E:\m-hvc\datasets\old-dataset\frames_unique\S_non_hate_videos_197,0.9945573806762695,0.001231196685694158,0.0032135657966136932,0.0009979067835956812,0,0,0.9918912462890148
S_non_hate_videos_198,0,0.008357635699212551,-4.776186943054199,train,True,asr,0,E:\m-hvc\datasets\old-dataset\frames_unique\S_non_hate_videos_198,0.9928979873657227,0.0015053581446409225,0.00451264251023531,0.0010839264141395688,0,0,0.9916423643007874
S_non_hate_videos_199,0,0.009515228681266308,-4.64530086517334,test,True,human,0,E:\m-hvc\datasets\old-dataset\frames_unique\S_non_hate_videos_199,0.9965517520904541,0.0007727208430878818,0.002117333235219121,0.0005581766017712653,0,0,0.9904847713187337
S_non_hate_videos_2,0,0.00800990965217352,-4.819033622741699,train,True,human,0,E:\m-hvc\datasets\old-dataset\frames_unique\S_non_hate_videos_2,0.9941100478172302,0.0013616840587928891,0.0034442225005477667,0.001084042014554143,0,0,0.9919900903478265
S_non_hate_videos_20,0,0.010173628106713295,-4.577730655670166,train,True,human,0,E:\m-hvc\datasets\old-dataset\frames_unique\S_non_hate_videos_20,0.9963609576225281,0.0007020842167548835,0.0023654522374272346,0.0005715707084164023,0,0,0.9898263718932867
S_non_hate_videos_200,0,0.007679401896893978,-4.861504554748535,val,True,human,0,E:\m-hvc\datasets\old-dataset\frames_unique\S_non_hate_videos_200,0.9952497482299805,0.001029777922667563,0.002898294012993574,0.0008221337338909507,0,0,0.992320598103106
S_non_hate_videos_201,0,0.00791681744158268,-4.830817699432373,train,True,human,0,E:\m-hvc\datasets\old-dataset\frames_unique\S_non_hate_videos_201,0.9941959381103516,0.0012970661045983434,0.003444327972829342,0.001062653143890202,0,0,0.9920831825584173
S_non_hate_videos_202,0,0.017640026286244392,-4.019787311553955,train,True,asr,0,E:\m-hvc\datasets\old-dataset\frames_unique\S_non_hate_videos_202,0.9973171353340149,0.0005937906680628657,0.0016958109335973859,0.00039319999632425606,0,0,0.9823599737137556
S_non_hate_videos_203,0,0.04723351076245308,-3.0042662620544434,train,True,human,0,E:\m-hvc\datasets\old-dataset\frames_unique\S_non_hate_videos_203,0.7738097310066223,0.028571294620633125,0.10135718435049057,0.09626183658838272,0,0,0.9527664892375469
S_non_hate_videos_204,0,0.008094752207398415,-4.808411598205566,train,True,human,0,E:\m-hvc\datasets\old-dataset\frames_unique\S_non_hate_videos_204,0.9952911138534546,0.000956352218054235,0.0029526306316256523,0.0007998910150490701,0,0,0.9919052477926016
S_non_hate_videos_205,0,0.0087504331022501,-4.729863166809082,train,True,asr,0,E:\m-hvc\datasets\old-dataset\frames_unique\S_non_hate_videos_205,0.9944477081298828,0.0012668909039348364,0.0033970545046031475,0.0008883352275006473,0,0,0.9912495668977499
S_non_hate_videos_206,0,0.008005451411008835,-4.819594860076904,train,True,human,0,E:\m-hvc\datasets\old-dataset\frames_unique\S_non_hate_videos_206,0.9954442977905273,0.0009211882716044784,0.0028867614455521107,0.0007477874169126153,0,0,0.9919945485889912
S_non_hate_videos_207,0,0.013642750680446625,-4.280810356140137,test,True,human,0,E:\m-hvc\datasets\old-dataset\frames_unique\S_non_hate_videos_207,0.9419432878494263,0.007135811261832714,0.04489189758896828,0.006029011216014624,0,0,0.9863572493195534
S_non_hate_videos_208,0,0.031113145872950554,-3.4385173320770264,train,True,human,0,E:\m-hvc\datasets\old-dataset\frames_unique\S_non_hate_videos_208,0.8246663808822632,0.060560550540685654,0.09133908152580261,0.023434044793248177,0,0,0.9688868541270494
S_non_hate_videos_209,0,0.007784841116517782,-4.847761631011963,train,True,human,0,E:\m-hvc\datasets\old-dataset\frames_unique\S_non_hate_videos_209,0.994719386100769,0.0011198269203305244,0.003249464789405465,0.000911281444132328,0,0,0.9922151588834822
S_non_hate_videos_21,0,0.00723698316141963,-4.921287536621094,train,True,human,0,E:\m-hvc\datasets\old-dataset\frames_unique\S_non_hate_videos_21,0.9944743514060974,0.0012427723268046975,0.00333625846542418,0.0009466425981372595,0,0,0.9927630168385804
S_non_hate_videos_210,0,0.021149680018424988,-3.83475399017334,test,True,human,0,E:\m-hvc\datasets\old-dataset\frames_unique\S_non_hate_videos_210,0.8005384802818298,0.027873041108250618,0.15349841117858887,0.01809004135429859,0,0,0.978850319981575
S_non_hate_videos_211,0,0.01969921961426735,-3.907280445098877,train,True,human,0,E:\m-hvc\datasets\old-dataset\frames_unique\S_non_hate_videos_211,0.7786327004432678,0.01675049588084221,0.18947887420654297,0.015137887559831142,0,0,0.9803007803857327
S_non_hate_videos_212,0,0.007050860673189163,-4.9475297927856445,train,True,human,0,E:\m-hvc\datasets\old-dataset\frames_unique\S_non_hate_videos_212,0.9948537945747375,0.0010714837117120624,0.003181246342137456,0.0008935884688980877,0,0,0.9929491393268108
S_non_hate_videos_213,0,0.006682669743895531,-5.001532554626465,train,True,human,0,E:\m-hvc\datasets\old-dataset\frames_unique\S_non_hate_videos_213,0.9933348894119263,0.0014848877908661962,0.0039995466358959675,0.0011806694092229009,0,0,0.9933173302561045
S_non_hate_videos_214,0,0.0177871435880661,-4.011332035064697,train,True,human,0,E:\m-hvc\datasets\old-dataset\frames_unique\S_non_hate_videos_214,0.8824900388717651,0.01835794374346733,0.08512645214796066,0.014025538228452206,0,0,0.9822128564119339
S_non_hate_videos_215,0,0.007155189756304026,-4.932736396789551,train,True,human,0,E:\m-hvc\datasets\old-dataset\frames_unique\S_non_hate_videos_215,0.9950981736183167,0.0010410111863166094,0.003021898912265897,0.000838925305288285,0,0,0.992844810243696
S_non_hate_videos_216,0,0.19258736073970795,-1.4332849979400635,val,True,asr,0,E:\m-hvc\datasets\old-dataset\frames_unique\S_non_hate_videos_216,0.2835083603858948,0.1119319275021553,0.14690613746643066,0.45765358209609985,0,3,0.807412639260292
S_non_hate_videos_217,0,0.10525017231702805,-2.1402039527893066,train,True,human,0,E:\m-hvc\datasets\old-dataset\frames_unique\S_non_hate_videos_217,0.434151828289032,0.3531203866004944,0.13485075533390045,0.07787702232599258,0,0,0.894749827682972
S_non_hate_videos_218,0,0.01759016141295433,-4.022668838500977,train,True,human,0,E:\m-hvc\datasets\old-dataset\frames_unique\S_non_hate_videos_218,0.9958778619766235,0.0008464807760901749,0.002587375696748495,0.0006883575697429478,0,0,0.9824098385870457
S_non_hate_videos_219,0,0.032295189797878265,-3.4000089168548584,train,True,asr,0,E:\m-hvc\datasets\old-dataset\frames_unique\S_non_hate_videos_219,0.8885636925697327,0.018818693235516548,0.07037097215652466,0.022246602922677994,0,0,0.9677048102021217
S_non_hate_videos_22,0,0.027852274477481842,-3.5525929927825928,train,True,human,0,E:\m-hvc\datasets\old-dataset\frames_unique\S_non_hate_videos_22,0.8806526064872742,0.04634368419647217,0.055451564490795135,0.01755215786397457,0,0,0.9721477255225182
S_non_hate_videos_220,0,0.05786256492137909,-2.7900805473327637,train,True,human,0,E:\m-hvc\datasets\old-dataset\frames_unique\S_non_hate_videos_220,0.7327535152435303,0.15078207850456238,0.08041159808635712,0.036052800714969635,0,0,0.9421374350786209
S_non_hate_videos_221,0,0.008039888925850391,-4.815267562866211,val,True,human,0,E:\m-hvc\datasets\old-dataset\frames_unique\S_non_hate_videos_221,0.9940901398658752,0.0011409582803025842,0.003792916191741824,0.0009760659304447472,0,0,0.9919601110741496
S_non_hate_videos_222,0,0.008669925853610039,-4.739187240600586,train,True,asr,0,E:\m-hvc\datasets\old-dataset\frames_unique\S_non_hate_videos_222,0.9932924509048462,0.0015144426142796874,0.0039440025575459,0.0012491346569731832,0,0,0.99133007414639
S_non_hate_videos_223,0,0.00846921093761921,-4.762812614440918,train,True,asr,0,E:\m-hvc\datasets\old-dataset\frames_unique\S_non_hate_videos_223,0.9942607879638672,0.0012483311584219337,0.0034461640752851963,0.0010448215762153268,0,0,0.9915307890623808
S_non_hate_videos_224,0,0.10435248911380768,-2.1497724056243896,train,True,human,0,E:\m-hvc\datasets\old-dataset\frames_unique\S_non_hate_videos_224,0.11354633420705795,0.017383884638547897,0.8455207347869873,0.0235490333288908,0,2,0.8956475108861923
S_non_hate_videos_225,0,0.009048703126609325,-4.696043968200684,test,True,asr,0,E:\m-hvc\datasets\old-dataset\frames_unique\S_non_hate_videos_225,0.9896032214164734,0.0030224728398025036,0.005625687073916197,0.001748730894178152,0,0,0.9909512968733907
S_non_hate_videos_226,0,0.03611452877521515,-3.2842772006988525,val,True,human,0,E:\m-hvc\datasets\old-dataset\frames_unique\S_non_hate_videos_226,0.5650436878204346,0.02610095962882042,0.38310539722442627,0.025749964639544487,0,0,0.9638854712247849
S_non_hate_videos_227,0,0.12396373599767685,-1.955418348312378,val,True,asr,0,E:\m-hvc\datasets\old-dataset\frames_unique\S_non_hate_videos_227,0.09490934759378433,0.015267608687281609,0.8685999512672424,0.021223194897174835,0,2,0.8760362640023232
S_non_hate_videos_228,0,0.04748443514108658,-2.998704433441162,val,True,human,0,E:\m-hvc\datasets\old-dataset\frames_unique\S_non_hate_videos_228,0.588337242603302,0.0312330424785614,0.35511162877082825,0.025318056344985962,0,0,0.9525155648589134
S_non_hate_videos_229,0,0.008123460225760937,-4.804842472076416,train,True,human,0,E:\m-hvc\datasets\old-dataset\frames_unique\S_non_hate_videos_229,0.9894739985466003,0.0027788712177425623,0.005969033110886812,0.0017780432244762778,0,0,0.9918765397742391
S_non_hate_videos_23,0,0.010291175916790962,-4.566123962402344,val,True,asr,0,E:\m-hvc\datasets\old-dataset\frames_unique\S_non_hate_videos_23,0.9955660700798035,0.0010667191818356514,0.0026086491998285055,0.0007585646235384047,0,0,0.989708824083209
S_non_hate_videos_230,0,0.008412063121795654,-4.769640922546387,val,True,asr,0,E:\m-hvc\datasets\old-dataset\frames_unique\S_non_hate_videos_230,0.9938207268714905,0.0013611674075946212,0.0036829905584454536,0.0011352141154929996,0,0,0.9915879368782043
S_non_hate_videos_231,0,0.11716323345899582,-2.0195722579956055,train,True,human,0,E:\m-hvc\datasets\old-dataset\frames_unique\S_non_hate_videos_231,0.09816251695156097,0.015586144290864468,0.8624401092529297,0.023811323568224907,0,2,0.8828367665410042
S_non_hate_videos_232,0,0.007596312556415796,-4.872467041015625,val,True,asr,0,E:\m-hvc\datasets\old-dataset\frames_unique\S_non_hate_videos_232,0.9938575625419617,0.0013858857564628124,0.003672883380204439,0.0010836886940523982,0,0,0.9924036874435842
S_non_hate_videos_233,0,0.020688463002443314,-3.857273578643799,val,True,human,0,E:\m-hvc\datasets\old-dataset\frames_unique\S_non_hate_videos_233,0.9962795376777649,0.000782600836828351,0.0023622147273272276,0.0005756149766966701,0,0,0.9793115369975567
S_non_hate_videos_234,0,0.0631651058793068,-2.6967549324035645,train,True,human,0,E:\m-hvc\datasets\old-dataset\frames_unique\S_non_hate_videos_234,0.27571728825569153,0.017732776701450348,0.682818591594696,0.023731375113129616,0,2,0.9368348941206932
S_non_hate_videos_235,0,0.039003003388643265,-3.2043325901031494,train,True,human,0,E:\m-hvc\datasets\old-dataset\frames_unique\S_non_hate_videos_235,0.6315156817436218,0.02292495034635067,0.3274117410182953,0.018147587776184082,0,0,0.9609969966113567
S_non_hate_videos_236,0,0.01042516902089119,-4.5530524253845215,train,True,human,0,E:\m-hvc\datasets\old-dataset\frames_unique\S_non_hate_videos_236,0.9943732023239136,0.0010351688833907247,0.0038060112856328487,0.000785629905294627,0,0,0.9895748309791088
S_non_hate_videos_237,0,0.04698142409324646,-3.0098819732666016,train,True,human,0,E:\m-hvc\datasets\old-dataset\frames_unique\S_non_hate_videos_237,0.7882344126701355,0.08813995867967606,0.08370555192232132,0.039920058101415634,0,0,0.9530185759067535
S_non_hate_videos_238,0,0.05063850060105324,-2.931077480316162,train,True,human,0,E:\m-hvc\datasets\old-dataset\frames_unique\S_non_hate_videos_238,0.41898447275161743,0.043588753789663315,0.5019089579582214,0.03551777824759483,0,2,0.9493614993989468
S_non_hate_videos_239,0,0.007915383204817772,-4.831000328063965,val,True,human,0,E:\m-hvc\datasets\old-dataset\frames_unique\S_non_hate_videos_239,0.9948477745056152,0.0011277277953922749,0.003136149374768138,0.0008883375558070838,0,0,0.9920846167951822
S_non_hate_videos_24,0,0.1064969077706337,-2.1270339488983154,test,False,missing,0,E:\m-hvc\datasets\old-dataset\frames_unique\S_non_hate_videos_24,0.8730458617210388,0.019135212525725365,0.08636772632598877,0.021451236680150032,0,0,0.8935030922293663
S_non_hate_videos_240,0,0.008943315595388412,-4.707865238189697,val,True,asr,0,E:\m-hvc\datasets\old-dataset\frames_unique\S_non_hate_videos_240,0.9931020736694336,0.0015578560996800661,0.00410488760098815,0.001235234783962369,0,0,0.9910566844046116
S_non_hate_videos_241,0,0.006798355840146542,-4.9842529296875,train,True,human,0,E:\m-hvc\datasets\old-dataset\frames_unique\S_non_hate_videos_241,0.994719386100769,0.0011025896528735757,0.0033055392559617758,0.0008724772487767041,0,0,0.9932016441598535
S_non_hate_videos_242,0,0.018357502296566963,-3.979188919067383,train,True,human,0,E:\m-hvc\datasets\old-dataset\frames_unique\S_non_hate_videos_242,0.9968385696411133,0.0006465777987614274,0.0020310617983341217,0.00048372946912422776,0,0,0.981642497703433
S_non_hate_videos_243,0,0.009418860077857971,-4.655577659606934,val,True,human,0,E:\m-hvc\datasets\old-dataset\frames_unique\S_non_hate_videos_243,0.9904178977012634,0.0015936130657792091,0.006692389026284218,0.0012960222084075212,0,0,0.990581139922142
S_non_hate_videos_244,0,0.007945233024656773,-4.827206134796143,train,True,human,0,E:\m-hvc\datasets\old-dataset\frames_unique\S_non_hate_videos_244,0.9925780892372131,0.0017593714874237776,0.004348377231508493,0.0013140514492988586,0,0,0.9920547669753432
S_non_hate_videos_245,0,0.007528288289904594,-4.88153076171875,test,True,human,0,E:\m-hvc\datasets\old-dataset\frames_unique\S_non_hate_videos_245,0.9947406649589539,0.0011970350751653314,0.0031352913938462734,0.0009269751026295125,0,0,0.9924717117100954
S_non_hate_videos_246,0,0.008613006211817265,-4.745831489562988,test,True,human,0,E:\m-hvc\datasets\old-dataset\frames_unique\S_non_hate_videos_246,0.9945393204689026,0.0012642568908631802,0.0032229232601821423,0.0009735472267493606,0,0,0.9913869937881827
S_non_hate_videos_247,0,0.02738555148243904,-3.569972276687622,test,True,human,0,E:\m-hvc\datasets\old-dataset\frames_unique\S_non_hate_videos_247,0.9745264649391174,0.0051748319528996944,0.012491443194448948,0.00780717795714736,0,0,0.972614448517561
S_non_hate_videos_248,0,0.011104411445558071,-4.489246368408203,test,True,asr,0,E:\m-hvc\datasets\old-dataset\frames_unique\S_non_hate_videos_248,0.9937005043029785,0.0014160384889692068,0.0037371725775301456,0.001146277179941535,0,0,0.9888955885544419
S_non_hate_videos_249,0,0.011477693915367126,-4.455805778503418,train,True,human,0,E:\m-hvc\datasets\old-dataset\frames_unique\S_non_hate_videos_249,0.9933856129646301,0.0011666921200230718,0.004502318799495697,0.0009453533566556871,0,0,0.9885223060846329
S_non_hate_videos_25,0,0.009699096903204918,-4.625976085662842,val,True,asr,0,E:\m-hvc\datasets\old-dataset\frames_unique\S_non_hate_videos_25,0.9954894185066223,0.0009603507351130247,0.0027620273176580667,0.0007881415076553822,0,0,0.9903009030967951
S_non_hate_videos_250,0,0.1773083209991455,-1.534691333770752,train,True,human,0,E:\m-hvc\datasets\old-dataset\frames_unique\S_non_hate_videos_250,0.061497073620557785,0.012612967751920223,0.9103561639785767,0.01553369965404272,0,2,0.8226916790008545
S_non_hate_videos_251,0,0.007651534862816334,-4.86516809463501,train,True,human,0,E:\m-hvc\datasets\old-dataset\frames_unique\S_non_hate_videos_251,0.9939454197883606,0.0012402269057929516,0.003763705724850297,0.0010506552644073963,0,0,0.9923484651371837
S_non_hate_videos_252,0,0.008820459246635437,-4.7218217849731445,train,True,human,0,E:\m-hvc\datasets\old-dataset\frames_unique\S_non_hate_videos_252,0.9950518012046814,0.0010839833412319422,0.003034206572920084,0.000830084434710443,0,0,0.9911795407533646
S_non_hate_videos_253,0,0.008024737238883972,-4.817169189453125,train,True,human,0,E:\m-hvc\datasets\old-dataset\frames_unique\S_non_hate_videos_253,0.994554877281189,0.0012112032854929566,0.0033520369324833155,0.0008818593923933804,0,0,0.991975262761116
S_non_hate_videos_254,0,0.2562008202075958,-1.0658094882965088,train,True,human,0,E:\m-hvc\datasets\old-dataset\frames_unique\S_non_hate_videos_254,0.03759292885661125,0.010460218414664268,0.9379400014877319,0.014006860554218292,0,2,0.7437991797924042
S_non_hate_videos_255,0,0.050517737865448,-2.9335923194885254,train,True,asr,0,E:\m-hvc\datasets\old-dataset\frames_unique\S_non_hate_videos_255,0.6764002442359924,0.010891452431678772,0.3029782176017761,0.00973011739552021,0,0,0.949482262134552
S_non_hate_videos_256,0,0.007118347566574812,-4.937935829162598,train,True,human,0,E:\m-hvc\datasets\old-dataset\frames_unique\S_non_hate_videos_256,0.9937151074409485,0.0013410139363259077,0.003942874725908041,0.0010010647820308805,0,0,0.9928816524334252
S_non_hate_videos_257,0,0.009034458547830582,-4.697633743286133,train,True,human,0,E:\m-hvc\datasets\old-dataset\frames_unique\S_non_hate_videos_257,0.986799418926239,0.003566954517737031,0.007374349515885115,0.0022592616733163595,0,0,0.9909655414521694
S_non_hate_videos_258,0,0.010968915186822414,-4.501660346984863,train,True,asr,0,E:\m-hvc\datasets\old-dataset\frames_unique\S_non_hate_videos_258,0.9913402199745178,0.0017692877445369959,0.005693648476153612,0.0011967957252636552,0,0,0.9890310848131776
S_non_hate_videos_259,0,0.007969319820404053,-4.824154853820801,test,True,asr,0,E:\m-hvc\datasets\old-dataset\frames_unique\S_non_hate_videos_259,0.9934345483779907,0.001531788962893188,0.0038738278672099113,0.0011598088312894106,0,0,0.992030680179596
S_non_hate_videos_26,0,0.011657305993139744,-4.440096378326416,val,True,human,0,E:\m-hvc\datasets\old-dataset\frames_unique\S_non_hate_videos_26,0.9738043546676636,0.006647811736911535,0.015306008979678154,0.004241798538714647,0,0,0.9883426940068603
S_non_hate_videos_260,0,0.025174332782626152,-3.6564338207244873,train,True,human,0,E:\m-hvc\datasets\old-dataset\frames_unique\S_non_hate_videos_260,0.6992067098617554,0.017190827056765556,0.2670065462589264,0.016595859080553055,0,0,0.9748256672173738
S_non_hate_videos_261,0,0.010592589154839516,-4.536951541900635,val,True,human,0,E:\m-hvc\datasets\old-dataset\frames_unique\S_non_hate_videos_261,0.9642468094825745,0.005164396949112415,0.026457494124770164,0.004131318535655737,0,0,0.9894074108451605
S_non_hate_videos_262,0,0.1578921377658844,-1.6739959716796875,train,True,human,0,E:\m-hvc\datasets\old-dataset\frames_unique\S_non_hate_videos_262,0.06634746491909027,0.011812286451458931,0.903370201587677,0.018470115959644318,0,2,0.8421078622341156
S_non_hate_videos_263,0,0.2675022482872009,-1.0073323249816895,train,True,asr,0,E:\m-hvc\datasets\old-dataset\frames_unique\S_non_hate_videos_263,0.034583643078804016,0.009538895450532436,0.9362031817436218,0.019674310460686684,0,2,0.7324977517127991
S_non_hate_videos_264,0,0.6334892511367798,0.5472151637077332,val,True,human,0,E:\m-hvc\datasets\old-dataset\frames_unique\S_non_hate_videos_264,0.986849308013916,0.003768031718209386,0.00738990493118763,0.0019927537068724632,1,0,0.6334892511367798
S_non_hate_videos_265,0,0.2669358551502228,-1.0102248191833496,train,True,asr,0,E:\m-hvc\datasets\old-dataset\frames_unique\S_non_hate_videos_265,0.1611909121274948,0.05785205960273743,0.18771907687187195,0.5932379961013794,0,3,0.7330641448497772
S_non_hate_videos_266,0,0.009671992622315884,-4.6288018226623535,train,True,human,0,E:\m-hvc\datasets\old-dataset\frames_unique\S_non_hate_videos_266,0.9928245544433594,0.0017973314970731735,0.0041002314537763596,0.0012778243981301785,0,0,0.9903280073776841
S_non_hate_videos_267,0,0.0469098761677742,-3.011481285095215,val,True,human,0,E:\m-hvc\datasets\old-dataset\frames_unique\S_non_hate_videos_267,0.9914563298225403,0.002044074470177293,0.005385726690292358,0.0011138300178572536,0,0,0.9530901238322258
S_non_hate_videos_268,0,0.008164546452462673,-4.799756050109863,val,True,human,0,E:\m-hvc\datasets\old-dataset\frames_unique\S_non_hate_videos_268,0.9944760203361511,0.0012120228493586183,0.0033696070313453674,0.0009423656156286597,0,0,0.9918354535475373
S_non_hate_videos_269,0,0.13774630427360535,-1.834135890007019,train,True,human,0,E:\m-hvc\datasets\old-dataset\frames_unique\S_non_hate_videos_269,0.9953694939613342,0.0008545517921447754,0.00319745484739542,0.0005784944514743984,0,0,0.8622536957263947
S_non_hate_videos_27,0,0.007728247437626123,-4.855114936828613,train,True,human,0,E:\m-hvc\datasets\old-dataset\frames_unique\S_non_hate_videos_27,0.994498074054718,0.001268506166525185,0.003223226172849536,0.0010102101368829608,0,0,0.9922717525623739
S_non_hate_videos_270,0,0.3508472740650177,-0.6153170466423035,train,True,human,0,E:\m-hvc\datasets\old-dataset\frames_unique\S_non_hate_videos_270,0.139048770070076,0.06050316244363785,0.16102463006973267,0.6394234895706177,1,3,0.6491527259349823
S_non_hate_videos_271,0,0.0355384424328804,-3.300955057144165,train,True,human,0,E:\m-hvc\datasets\old-dataset\frames_unique\S_non_hate_videos_271,0.5685043334960938,0.021994030103087425,0.38662785291671753,0.02287379465997219,0,0,0.9644615575671196
S_non_hate_videos_272,0,0.14384247362613678,-1.7837356328964233,test,True,human,0,E:\m-hvc\datasets\old-dataset\frames_unique\S_non_hate_videos_272,0.9962310194969177,0.0009290477610193193,0.0021956905256956816,0.0006442488520406187,0,0,0.8561575263738632
S_non_hate_videos_273,0,0.009805580601096153,-4.614949703216553,train,True,human,0,E:\m-hvc\datasets\old-dataset\frames_unique\S_non_hate_videos_273,0.9945703148841858,0.0011667030630633235,0.0033118624705821276,0.0009510391973890364,0,0,0.9901944193989038
S_non_hate_videos_274,0,0.0314655527472496,-3.4268906116485596,val,False,missing,0,E:\m-hvc\datasets\old-dataset\frames_unique\S_non_hate_videos_274,0.8537026047706604,0.028852000832557678,0.0879790410399437,0.02946632169187069,0,0,0.9685344472527504
S_non_hate_videos_275,0,0.03509578853845596,-3.3139476776123047,val,False,missing,0,E:\m-hvc\datasets\old-dataset\frames_unique\S_non_hate_videos_275,0.8619781732559204,0.027859093621373177,0.08102744072675705,0.029135284945368767,0,0,0.964904211461544
S_non_hate_videos_276,0,0.042041078209877014,-3.126157760620117,val,False,missing,0,E:\m-hvc\datasets\old-dataset\frames_unique\S_non_hate_videos_276,0.8546447157859802,0.02442762441933155,0.09497469663619995,0.025952965021133423,0,0,0.957958921790123
S_non_hate_videos_277,0,0.02549353428184986,-3.6435062885284424,train,False,missing,0,E:\m-hvc\datasets\old-dataset\frames_unique\S_non_hate_videos_277,0.8647329807281494,0.027408720925450325,0.0789862796664238,0.02887195721268654,0,0,0.9745064657181501
S_non_hate_videos_278,0,0.0514896884560585,-2.913511037826538,train,True,asr,0,E:\m-hvc\datasets\old-dataset\frames_unique\S_non_hate_videos_278,0.9591779708862305,0.007253444287925959,0.020359935238957405,0.013208623044192791,0,0,0.9485103115439415
S_non_hate_videos_279,0,0.01972847245633602,-3.905766725540161,train,True,human,0,E:\m-hvc\datasets\old-dataset\frames_unique\S_non_hate_videos_279,0.9952912330627441,0.0010840322356671095,0.0029487519059330225,0.0006760467076674104,0,0,0.980271527543664
S_non_hate_videos_28,0,0.017841501161456108,-4.008225440979004,test,True,asr,0,E:\m-hvc\datasets\old-dataset\frames_unique\S_non_hate_videos_28,0.9184390306472778,0.008673000149428844,0.06680234521627426,0.006085648667067289,0,0,0.9821584988385439
S_non_hate_videos_280,0,0.009196465834975243,-4.679697036743164,train,True,asr,0,E:\m-hvc\datasets\old-dataset\frames_unique\S_non_hate_videos_280,0.9948029518127441,0.001149169635027647,0.003170667914673686,0.0008772676810622215,0,0,0.9908035341650248
S_non_hate_videos_281,0,0.11787870526313782,-2.0126733779907227,train,True,human,0,E:\m-hvc\datasets\old-dataset\frames_unique\S_non_hate_videos_281,0.09300561994314194,0.014897805638611317,0.8695107102394104,0.022585859522223473,0,2,0.8821212947368622
S_non_hate_videos_282,0,0.008278027176856995,-4.7858381271362305,train,True,human,0,E:\m-hvc\datasets\old-dataset\frames_unique\S_non_hate_videos_282,0.9829073548316956,0.0028186021372675896,0.012038272805511951,0.0022358070127665997,0,0,0.991721972823143
S_non_hate_videos_283,0,0.036142077296972275,-3.2834861278533936,train,True,human,0,E:\m-hvc\datasets\old-dataset\frames_unique\S_non_hate_videos_283,0.9979092478752136,0.0005070334300398827,0.0012734400806948543,0.00031017334549687803,0,0,0.9638579227030277
S_non_hate_videos_284,0,0.33210864663124084,-0.6986632943153381,train,True,asr,0,E:\m-hvc\datasets\old-dataset\frames_unique\S_non_hate_videos_284,0.1980094015598297,0.33405837416648865,0.24934078752994537,0.21859146654605865,1,1,0.6678913533687592
S_non_hate_videos_285,0,0.008853950537741184,-4.717998027801514,train,True,asr,0,E:\m-hvc\datasets\old-dataset\frames_unique\S_non_hate_videos_285,0.9957410097122192,0.0009835250675678253,0.0025311403442174196,0.0007443426875397563,0,0,0.9911460494622588
S_non_hate_videos_286,0,0.008752335794270039,-4.729643821716309,train,True,human,0,E:\m-hvc\datasets\old-dataset\frames_unique\S_non_hate_videos_286,0.9952240586280823,0.0010725646279752254,0.002848483622074127,0.0008549995254725218,0,0,0.99124766420573
S_non_hate_videos_287,0,0.007934367284178734,-4.828585624694824,test,True,human,0,E:\m-hvc\datasets\old-dataset\frames_unique\S_non_hate_videos_287,0.9939883947372437,0.001360248657874763,0.003574111731722951,0.0010773214744403958,0,0,0.9920656327158213
S_non_hate_videos_288,0,0.00754412729293108,-4.87941312789917,train,True,human,0,E:\m-hvc\datasets\old-dataset\frames_unique\S_non_hate_videos_288,0.9940793514251709,0.0012916987761855125,0.0035421012435108423,0.001086949952878058,0,0,0.9924558727070689
S_non_hate_videos_289,0,0.24508023262023926,-1.1250258684158325,train,True,human,0,E:\m-hvc\datasets\old-dataset\frames_unique\S_non_hate_videos_289,0.14255724847316742,0.056006141006946564,0.3775395452976227,0.42389705777168274,0,3,0.7549197673797607
S_non_hate_videos_29,0,0.01191727351397276,-4.4177775382995605,train,True,human,0,E:\m-hvc\datasets\old-dataset\frames_unique\S_non_hate_videos_29,0.9782982468605042,0.003954849671572447,0.015343007631599903,0.0024038732517510653,0,0,0.9880827264860272
S_non_hate_videos_290,0,0.0074887885712087154,-4.886831283569336,test,True,human,0,E:\m-hvc\datasets\old-dataset\frames_unique\S_non_hate_videos_290,0.9938456416130066,0.0013180988607928157,0.003796374425292015,0.0010398048907518387,0,0,0.9925112114287913
S_non_hate_videos_291,0,0.007733312901109457,-4.854454517364502,train,True,human,0,E:\m-hvc\datasets\old-dataset\frames_unique\S_non_hate_videos_291,0.9934548735618591,0.001410146476700902,0.0039386386051774025,0.0011963819852098823,0,0,0.9922666870988905
S_non_hate_videos_292,0,0.15970860421657562,-1.6603977680206299,train,True,asr,0,E:\m-hvc\datasets\old-dataset\frames_unique\S_non_hate_videos_292,0.0752861425280571,0.017566310241818428,0.8890724182128906,0.018075214698910713,0,2,0.8402913957834244
S_non_hate_videos_293,0,0.014977685175836086,-4.186102867126465,train,True,human,0,E:\m-hvc\datasets\old-dataset\frames_unique\S_non_hate_videos_293,0.9213295578956604,0.007889966480433941,0.06387069076299667,0.006909816525876522,0,0,0.9850223148241639
S_non_hate_videos_3,0,0.09475258737802505,-2.256939172744751,train,True,human,0,E:\m-hvc\datasets\old-dataset\frames_unique\S_non_hate_videos_3,0.15470461547374725,0.017091087996959686,0.8041844964027405,0.024019815027713776,0,2,0.905247412621975
S_non_hate_videos_30,0,0.015222788788378239,-4.16962194442749,train,True,human,0,E:\m-hvc\datasets\old-dataset\frames_unique\S_non_hate_videos_30,0.9929254055023193,0.0010400376049801707,0.005306516773998737,0.0007280914578586817,0,0,0.9847772112116218
S_non_hate_videos_31,0,0.009389577433466911,-4.658720970153809,train,True,human,0,E:\m-hvc\datasets\old-dataset\frames_unique\S_non_hate_videos_31,0.9955490827560425,0.001034946646541357,0.0026383697986602783,0.000777631823439151,0,0,0.9906104225665331
S_non_hate_videos_32,0,0.01133627351373434,-4.46834659576416,train,True,asr,0,E:\m-hvc\datasets\old-dataset\frames_unique\S_non_hate_videos_32,0.995755672454834,0.0010400544852018356,0.0024972332175821066,0.0007070293067954481,0,0,0.9886637264862657
S_non_hate_videos_33,0,0.6306071877479553,0.5348227024078369,train,True,human,0,E:\m-hvc\datasets\old-dataset\frames_unique\S_non_hate_videos_33,0.018644357100129128,0.006744103506207466,0.9662177562713623,0.008393804542720318,1,2,0.6306071877479553
S_non_hate_videos_34,0,0.6028494834899902,0.41735196113586426,train,False,missing,0,E:\m-hvc\datasets\old-dataset\frames_unique\S_non_hate_videos_34,0.7626187801361084,0.03721259906888008,0.1615602821111679,0.03860834240913391,1,0,0.6028494834899902
S_non_hate_videos_35,0,0.18187680840492249,-1.50368332862854,train,False,missing,0,E:\m-hvc\datasets\old-dataset\frames_unique\S_non_hate_videos_35,0.8495945930480957,0.027249827980995178,0.09774758666753769,0.025408003479242325,0,0,0.8181231915950775
S_non_hate_videos_36,0,0.049104563891887665,-2.963452100753784,train,True,human,0,E:\m-hvc\datasets\old-dataset\frames_unique\S_non_hate_videos_36,0.9976903200149536,0.0005094240768812597,0.0014756201999261975,0.0003246653650421649,0,0,0.9508954361081123
S_non_hate_videos_37,0,0.09823757410049438,-2.2169623374938965,train,True,human,0,E:\m-hvc\datasets\old-dataset\frames_unique\S_non_hate_videos_37,0.9967466592788696,0.0009253998287022114,0.0018287068232893944,0.0004993162001483142,0,0,0.9017624258995056
S_non_hate_videos_38,0,0.4860736131668091,-0.05571998283267021,train,True,human,0,E:\m-hvc\datasets\old-dataset\frames_unique\S_non_hate_videos_38,0.9921343326568604,0.0019712825305759907,0.004547325894236565,0.0013471082784235477,1,0,0.5139263868331909
S_non_hate_videos_39,1,0.9787695407867432,3.8308615684509277,train,False,missing,2,E:\m-hvc\datasets\old-dataset\frames_unique\S_non_hate_videos_39,0.2937416434288025,0.12454324960708618,0.35953038930892944,0.22218474745750427,1,2,0.9787695407867432
S_non_hate_videos_4,0,0.019900500774383545,-3.896909236907959,test,True,human,0,E:\m-hvc\datasets\old-dataset\frames_unique\S_non_hate_videos_4,0.9534242749214172,0.020281491801142693,0.01871168613433838,0.007582521066069603,0,0,0.9800994992256165
S_non_hate_videos_40,0,0.7060191035270691,0.8761273622512817,train,True,human,0,E:\m-hvc\datasets\old-dataset\frames_unique\S_non_hate_videos_40,0.01974630355834961,0.015615882351994514,0.8818545341491699,0.08278323709964752,1,2,0.7060191035270691
S_non_hate_videos_41,0,0.03162390738725662,-3.4217071533203125,train,False,missing,0,E:\m-hvc\datasets\old-dataset\frames_unique\S_non_hate_videos_41,0.8371904492378235,0.03621399402618408,0.08920837938785553,0.03738712891936302,0,0,0.9683760926127434
S_non_hate_videos_42,0,0.010992348194122314,-4.499502658843994,train,True,asr,0,E:\m-hvc\datasets\old-dataset\frames_unique\S_non_hate_videos_42,0.9961773157119751,0.0007666318560950458,0.002489435253664851,0.0005666190409101546,0,0,0.9890076518058777
S_non_hate_videos_43,0,0.013688460923731327,-4.277419090270996,val,True,human,0,E:\m-hvc\datasets\old-dataset\frames_unique\S_non_hate_videos_43,0.9361809492111206,0.007001113146543503,0.05102212354540825,0.005795741453766823,0,0,0.9863115390762687
S_non_hate_videos_44,0,0.019305933266878128,-3.9278481006622314,test,True,asr,0,E:\m-hvc\datasets\old-dataset\frames_unique\S_non_hate_videos_44,0.9969891905784607,0.0006477092974819243,0.0019329468486830592,0.00043015964911319315,0,0,0.9806940667331219
S_non_hate_videos_45,0,0.010521547868847847,-4.543752670288086,train,True,human,0,E:\m-hvc\datasets\old-dataset\frames_unique\S_non_hate_videos_45,0.9970090985298157,0.0006399984122253954,0.0019215586362406611,0.0004293195088393986,0,0,0.9894784521311522
S_non_hate_videos_46,0,0.009924774058163166,-4.602746963500977,train,True,human,0,E:\m-hvc\datasets\old-dataset\frames_unique\S_non_hate_videos_46,0.9961645603179932,0.0008743666112422943,0.002315949648618698,0.000645163469016552,0,0,0.9900752259418368
S_non_hate_videos_47,0,0.00918697752058506,-4.680738925933838,train,True,human,0,E:\m-hvc\datasets\old-dataset\frames_unique\S_non_hate_videos_47,0.9959520101547241,0.000872705306392163,0.0025471323169767857,0.0006280955858528614,0,0,0.9908130224794149
S_non_hate_videos_48,0,0.03116091527044773,-3.436933994293213,train,True,asr,0,E:\m-hvc\datasets\old-dataset\frames_unique\S_non_hate_videos_48,0.9829875230789185,0.004697327967733145,0.009998650290071964,0.00231655384413898,0,0,0.9688390847295523
S_non_hate_videos_49,0,0.014710868708789349,-4.204348564147949,train,True,human,0,E:\m-hvc\datasets\old-dataset\frames_unique\S_non_hate_videos_49,0.9968487620353699,0.0007223438005894423,0.0019101257203146815,0.0005187179194763303,0,0,0.9852891312912107
S_non_hate_videos_5,0,0.006910805124789476,-4.967734336853027,train,True,human,0,E:\m-hvc\datasets\old-dataset\frames_unique\S_non_hate_videos_5,0.9947997331619263,0.0011665904894471169,0.0031697340309619904,0.0008639050647616386,0,0,0.9930891948752105
S_non_hate_videos_50,0,0.13758763670921326,-1.8354724645614624,train,True,asr,0,E:\m-hvc\datasets\old-dataset\frames_unique\S_non_hate_videos_50,0.9977741837501526,0.0005213936092332006,0.0013956145849078894,0.0003087894292548299,0,0,0.8624123632907867
S_non_hate_videos_51,1,0.9570170044898987,3.1030166149139404,train,True,human,2,E:\m-hvc\datasets\old-dataset\frames_unique\S_non_hate_videos_51,0.12690502405166626,0.3869565427303314,0.23848450183868408,0.24765393137931824,1,1,0.9570170044898987
S_non_hate_videos_52,1,0.950689435005188,2.959050178527832,test,True,human,2,E:\m-hvc\datasets\old-dataset\frames_unique\S_non_hate_videos_52,0.02287067472934723,0.017153825610876083,0.9320264458656311,0.02794908918440342,1,2,0.950689435005188
S_non_hate_videos_53,0,0.02469649352133274,-3.6760873794555664,test,False,missing,0,E:\m-hvc\datasets\old-dataset\frames_unique\S_non_hate_videos_53,0.8672698736190796,0.025971626862883568,0.07944810390472412,0.027310427278280258,0,0,0.9753035064786673
S_non_hate_videos_54,0,0.011202258989214897,-4.480374336242676,train,True,asr,0,E:\m-hvc\datasets\old-dataset\frames_unique\S_non_hate_videos_54,0.9953135251998901,0.0010773760732263327,0.0028169099241495132,0.000792164821177721,0,0,0.9887977410107851
S_non_hate_videos_55,0,0.05496928095817566,-2.844442844390869,train,True,human,0,E:\m-hvc\datasets\old-dataset\frames_unique\S_non_hate_videos_55,0.9960224628448486,0.0011682405602186918,0.002270888537168503,0.000538380176294595,0,0,0.9450307190418243
S_non_hate_videos_56,1,0.9425590634346008,2.7978408336639404,test,True,human,2,E:\m-hvc\datasets\old-dataset\frames_unique\S_non_hate_videos_56,0.07521065324544907,0.4010580778121948,0.31697261333465576,0.20675866305828094,1,1,0.9425590634346008
S_non_hate_videos_57,0,0.8625829815864563,1.8369107246398926,test,True,human,0,E:\m-hvc\datasets\old-dataset\frames_unique\S_non_hate_videos_57,0.954047441482544,0.013911715708673,0.02183503471314907,0.010205797851085663,1,0,0.8625829815864563
S_non_hate_videos_58,0,0.10771359503269196,-2.114311456680298,test,True,asr,0,E:\m-hvc\datasets\old-dataset\frames_unique\S_non_hate_videos_58,0.9974706172943115,0.0005897292285226285,0.0015595231670886278,0.00038018435589037836,0,0,0.892286404967308
S_non_hate_videos_59,0,0.9251201152801514,2.5140380859375,test,True,human,0,E:\m-hvc\datasets\old-dataset\frames_unique\S_non_hate_videos_59,0.9117653965950012,0.026066310703754425,0.04208486154675484,0.020083455368876457,1,0,0.9251201152801514
S_non_hate_videos_6,0,0.019900504499673843,-3.89690899848938,val,True,human,0,E:\m-hvc\datasets\old-dataset\frames_unique\S_non_hate_videos_6,0.9534242749214172,0.020281491801142693,0.01871168240904808,0.007582521066069603,0,0,0.9800994955003262
S_non_hate_videos_60,0,0.6071333885192871,0.4352783262729645,train,True,human,0,E:\m-hvc\datasets\old-dataset\frames_unique\S_non_hate_videos_60,0.18789784610271454,0.16318364441394806,0.5100980401039124,0.13882049918174744,1,2,0.6071333885192871
S_non_hate_videos_61,0,0.01572982221841812,-4.1363420486450195,train,True,human,0,E:\m-hvc\datasets\old-dataset\frames_unique\S_non_hate_videos_61,0.9529159665107727,0.005932273343205452,0.03590065613389015,0.0052510639652609825,0,0,0.9842701777815819
S_non_hate_videos_62,0,0.07306315004825592,-2.5405611991882324,train,True,human,0,E:\m-hvc\datasets\old-dataset\frames_unique\S_non_hate_videos_62,0.9979183077812195,0.0005132266669534147,0.001271789544261992,0.00029671090305782855,0,0,0.9269368499517441
S_non_hate_videos_63,0,0.03452499955892563,-3.3309364318847656,train,True,asr,0,E:\m-hvc\datasets\old-dataset\frames_unique\S_non_hate_videos_63,0.997761607170105,0.0004463667864911258,0.001503252424299717,0.00028877356089651585,0,0,0.9654750004410744
S_non_hate_videos_64,0,0.028000177815556526,-3.547144651412964,train,True,asr,0,E:\m-hvc\datasets\old-dataset\frames_unique\S_non_hate_videos_64,0.996601939201355,0.0007423426723107696,0.002094272058457136,0.0005614703404717147,0,0,0.9719998221844435
S_non_hate_videos_65,0,0.06325649470090866,-2.69521164894104,train,True,human,0,E:\m-hvc\datasets\old-dataset\frames_unique\S_non_hate_videos_65,0.8345096707344055,0.015655258670449257,0.141099214553833,0.008735857903957367,0,0,0.9367435052990913
S_non_hate_videos_66,0,0.09469299018383026,-2.257634162902832,train,True,asr,0,E:\m-hvc\datasets\old-dataset\frames_unique\S_non_hate_videos_66,0.9584107398986816,0.0027679819613695145,0.03695539012551308,0.0018657802138477564,0,0,0.9053070098161697
S_non_hate_videos_67,0,0.23078474402427673,-1.203885555267334,val,True,human,0,E:\m-hvc\datasets\old-dataset\frames_unique\S_non_hate_videos_67,0.8838198184967041,0.02943413518369198,0.07365507632493973,0.013090954162180424,0,0,0.7692152559757233
S_non_hate_videos_68,0,0.888644814491272,2.076972246170044,val,True,human,0,E:\m-hvc\datasets\old-dataset\frames_unique\S_non_hate_videos_68,0.9510765075683594,0.011772474274039268,0.02396874502301216,0.013182282447814941,1,0,0.888644814491272
S_non_hate_videos_69,0,0.021463872864842415,-3.8196864128112793,train,True,human,0,E:\m-hvc\datasets\old-dataset\frames_unique\S_non_hate_videos_69,0.984024167060852,0.004376143682748079,0.008995111100375652,0.0026045660488307476,0,0,0.9785361271351576
S_non_hate_videos_7,0,0.01796535961329937,-4.001181125640869,train,True,human,0,E:\m-hvc\datasets\old-dataset\frames_unique\S_non_hate_videos_7,0.8469251394271851,0.01169782504439354,0.13030880689620972,0.011068261228501797,0,0,0.9820346403867006
S_non_hate_videos_70,0,0.91444331407547,2.369135856628418,train,True,human,0,E:\m-hvc\datasets\old-dataset\frames_unique\S_non_hate_videos_70,0.10394254326820374,0.06432610005140305,0.7729423642158508,0.05878905951976776,1,2,0.91444331407547
S_non_hate_videos_71,0,0.3052869737148285,-0.8222466707229614,val,True,asr,0,E:\m-hvc\datasets\old-dataset\frames_unique\S_non_hate_videos_71,0.08186841756105423,0.009558471851050854,0.8964482545852661,0.012124815955758095,0,2,0.6947130262851715
S_non_hate_videos_72,0,0.7742800116539001,1.2326384782791138,test,True,human,0,E:\m-hvc\datasets\old-dataset\frames_unique\S_non_hate_videos_72,0.06483489274978638,0.05209657549858093,0.10722476243972778,0.7758437395095825,1,3,0.7742800116539001
S_non_hate_videos_73,0,0.1826486885547638,-1.498504400253296,train,True,human,0,E:\m-hvc\datasets\old-dataset\frames_unique\S_non_hate_videos_73,0.07638178020715714,0.010287651792168617,0.8979067802429199,0.015423820354044437,0,2,0.8173513114452362
S_non_hate_videos_74,0,0.09505916386842728,-2.2533700466156006,val,True,human,0,E:\m-hvc\datasets\old-dataset\frames_unique\S_non_hate_videos_74,0.9286395311355591,0.020280849188566208,0.04181104153394699,0.009268620051443577,0,0,0.9049408361315727
S_non_hate_videos_75,0,0.06376880407333374,-2.686598300933838,train,True,human,0,E:\m-hvc\datasets\old-dataset\frames_unique\S_non_hate_videos_75,0.9723864793777466,0.002954336581751704,0.022636203095316887,0.0020229469519108534,0,0,0.9362311959266663
S_non_hate_videos_76,0,0.025458818301558495,-3.644904613494873,train,False,missing,0,E:\m-hvc\datasets\old-dataset\frames_unique\S_non_hate_videos_76,0.865532636642456,0.028874501585960388,0.07654999196529388,0.029042894020676613,0,0,0.9745411816984415
S_non_hate_videos_77,0,0.025769254192709923,-3.6324660778045654,train,False,missing,0,E:\m-hvc\datasets\old-dataset\frames_unique\S_non_hate_videos_77,0.8656971454620361,0.028594309464097023,0.07653739303350449,0.029171111062169075,0,0,0.9742307458072901
S_non_hate_videos_78,0,0.009020112454891205,-4.69923734664917,train,True,human,0,E:\m-hvc\datasets\old-dataset\frames_unique\S_non_hate_videos_78,0.993604838848114,0.0013428062666207552,0.003917440306395292,0.0011349914129823446,0,0,0.9909798875451088
S_non_hate_videos_79,0,0.008775009773671627,-4.727033615112305,train,True,human,0,E:\m-hvc\datasets\old-dataset\frames_unique\S_non_hate_videos_79,0.9934810400009155,0.0014031887985765934,0.003953094594180584,0.0011625896440818906,0,0,0.9912249902263284
S_non_hate_videos_8,0,0.16699188947677612,-1.60709810256958,train,True,human,0,E:\m-hvc\datasets\old-dataset\frames_unique\S_non_hate_videos_8,0.2925799489021301,0.1278369426727295,0.3514270782470703,0.22815600037574768,0,2,0.8330081105232239
S_non_hate_videos_80,1,0.9815071821212769,3.9717061519622803,val,False,missing,2,E:\m-hvc\datasets\old-dataset\frames_unique\S_non_hate_videos_80,0.3008135259151459,0.11056773364543915,0.3606492877006531,0.2279694378376007,1,2,0.9815071821212769
S_non_hate_videos_81,1,0.9800887703895569,3.8963584899902344,train,False,missing,2,E:\m-hvc\datasets\old-dataset\frames_unique\S_non_hate_videos_81,0.3313769996166229,0.10507719218730927,0.3581843078136444,0.20536145567893982,1,2,0.9800887703895569
S_non_hate_videos_82,0,0.008042711764574051,-4.814913749694824,train,True,human,0,E:\m-hvc\datasets\old-dataset\frames_unique\S_non_hate_videos_82,0.9932585954666138,0.0014494606293737888,0.004194905981421471,0.001097132102586329,0,0,0.991957288235426
S_non_hate_videos_83,0,0.008571420796215534,-4.750713348388672,val,True,human,0,E:\m-hvc\datasets\old-dataset\frames_unique\S_non_hate_videos_83,0.9932716488838196,0.0014692220138385892,0.004181061405688524,0.0010780770098790526,0,0,0.9914285792037845
S_non_hate_videos_84,0,0.013013781979680061,-4.328647136688232,train,True,human,0,E:\m-hvc\datasets\old-dataset\frames_unique\S_non_hate_videos_84,0.9820903539657593,0.004036945756524801,0.01081554964184761,0.0030571662355214357,0,0,0.9869862180203199
S_non_hate_videos_85,0,0.01340879313647747,-4.29834508895874,train,True,human,0,E:\m-hvc\datasets\old-dataset\frames_unique\S_non_hate_videos_85,0.9826892614364624,0.0038842151407152414,0.010487227700650692,0.0029392330907285213,0,0,0.9865912068635225
S_non_hate_videos_86,0,0.014775894582271576,-4.199872016906738,train,True,human,0,E:\m-hvc\datasets\old-dataset\frames_unique\S_non_hate_videos_86,0.9961994290351868,0.0007588336011394858,0.002495607826858759,0.000546086230315268,0,0,0.9852241054177284
S_non_hate_videos_87,0,0.013752030208706856,-4.272721290588379,val,True,human,0,E:\m-hvc\datasets\old-dataset\frames_unique\S_non_hate_videos_87,0.9958796501159668,0.000843788671772927,0.0026696946006268263,0.0006067947251722217,0,0,0.9862479697912931
S_non_hate_videos_88,0,0.010052368976175785,-4.58984375,val,True,human,0,E:\m-hvc\datasets\old-dataset\frames_unique\S_non_hate_videos_88,0.9794244766235352,0.006394995842128992,0.010672525502741337,0.0035080958623439074,0,0,0.9899476310238242
S_non_hate_videos_89,0,0.010052368976175785,-4.58984375,test,True,human,0,E:\m-hvc\datasets\old-dataset\frames_unique\S_non_hate_videos_89,0.9794244766235352,0.006394995842128992,0.010672525502741337,0.0035080958623439074,0,0,0.9899476310238242
S_non_hate_videos_9,0,0.9398858547210693,2.7495129108428955,val,True,human,0,E:\m-hvc\datasets\old-dataset\frames_unique\S_non_hate_videos_9,0.9301610589027405,0.01830236241221428,0.032927799969911575,0.018608737736940384,1,0,0.9398858547210693
S_non_hate_videos_90,0,0.012440187856554985,-4.37430477142334,test,True,human,0,E:\m-hvc\datasets\old-dataset\frames_unique\S_non_hate_videos_90,0.9966447353363037,0.0006986088119447231,0.002136822557076812,0.0005198548315092921,0,0,0.987559812143445
S_non_hate_videos_91,0,0.3012131452560425,-0.8415275812149048,train,True,human,0,E:\m-hvc\datasets\old-dataset\frames_unique\S_non_hate_videos_91,0.2972511351108551,0.16271598637104034,0.4549848139286041,0.08504807949066162,0,2,0.6987868547439575
S_non_hate_videos_92,0,0.009510628879070282,-4.64578914642334,train,True,asr,0,E:\m-hvc\datasets\old-dataset\frames_unique\S_non_hate_videos_92,0.9947750568389893,0.0012212177971377969,0.003071293467655778,0.0009324122220277786,0,0,0.9904893711209297
S_non_hate_videos_93,0,0.370193213224411,-0.5313879251480103,test,True,human,0,E:\m-hvc\datasets\old-dataset\frames_unique\S_non_hate_videos_93,0.9949223399162292,0.0013381472090259194,0.0028701976407319307,0.0008693219278939068,1,0,0.629806786775589
S_non_hate_videos_94,0,0.008318605832755566,-4.780907154083252,train,True,human,0,E:\m-hvc\datasets\old-dataset\frames_unique\S_non_hate_videos_94,0.9953775405883789,0.0009520580642856658,0.0028695508372038603,0.0008009345037862659,0,0,0.9916813941672444
S_non_hate_videos_95,0,0.02857128158211708,-3.5263657569885254,train,False,missing,0,E:\m-hvc\datasets\old-dataset\frames_unique\S_non_hate_videos_95,0.8814877867698669,0.024183809757232666,0.06994805485010147,0.024380356073379517,0,0,0.9714287184178829
S_non_hate_videos_96,0,0.022006286308169365,-3.794175148010254,train,True,asr,0,E:\m-hvc\datasets\old-dataset\frames_unique\S_non_hate_videos_96,0.9973951578140259,0.0005101719289086759,0.0017131248023360968,0.00038152033812366426,0,0,0.9779937136918306
S_non_hate_videos_97,0,0.1247575506567955,-1.9481287002563477,train,True,human,0,E:\m-hvc\datasets\old-dataset\frames_unique\S_non_hate_videos_97,0.9962689876556396,0.0008973126532509923,0.0022886546794325113,0.0005449955351650715,0,0,0.8752424493432045
S_non_hate_videos_98,0,0.2891278564929962,-0.899623453617096,train,True,human,0,E:\m-hvc\datasets\old-dataset\frames_unique\S_non_hate_videos_98,0.04392791539430618,0.008518557995557785,0.9353393912315369,0.012214130721986294,0,2,0.7108721435070038
S_non_hate_videos_99,0,0.01514850277453661,-4.174589157104492,train,True,human,0,E:\m-hvc\datasets\old-dataset\frames_unique\S_non_hate_videos_99,0.9934455156326294,0.0011569984490051866,0.004436114802956581,0.0009613828151486814,0,0,0.9848514972254634
hate_video_1,1,0.9797033667564392,3.8767929077148438,train,False,missing,2,E:\m-hvc\datasets\old-dataset\frames_unique\hate_video_1,0.2628413140773773,0.1396930068731308,0.345713347196579,0.2517523169517517,1,2,0.9797033667564392
hate_video_10,1,0.9816007614135742,3.976874828338623,train,False,missing,2,E:\m-hvc\datasets\old-dataset\frames_unique\hate_video_10,0.2491922527551651,0.13146361708641052,0.33400920033454895,0.285334974527359,1,2,0.9816007614135742
hate_video_100,1,0.9754613637924194,3.6826624870300293,train,True,asr,2,E:\m-hvc\datasets\old-dataset\frames_unique\hate_video_100,0.010576908476650715,0.01414420921355486,0.8838433623313904,0.09143546223640442,1,2,0.9754613637924194
hate_video_101,1,0.5024345517158508,0.009738165885210037,train,True,asr,2,E:\m-hvc\datasets\old-dataset\frames_unique\hate_video_101,0.9893073439598083,0.002981271594762802,0.005866758991032839,0.0018446373287588358,1,0,0.5024345517158508
hate_video_102,1,0.9777611494064331,3.783426523208618,val,True,asr,2,E:\m-hvc\datasets\old-dataset\frames_unique\hate_video_102,0.010415823198854923,0.013887938112020493,0.8918137550354004,0.0838824138045311,1,2,0.9777611494064331
hate_video_103,1,0.024563053622841835,-3.6816420555114746,train,True,asr,2,E:\m-hvc\datasets\old-dataset\frames_unique\hate_video_103,0.9958635568618774,0.0009548949310556054,0.0024743443354964256,0.0007071599247865379,0,0,0.9754369463771582
hate_video_104,0,0.051865361630916595,-2.9058454036712646,test,True,asr,0,E:\m-hvc\datasets\old-dataset\frames_unique\hate_video_104,0.9975433349609375,0.00047861572238616645,0.001658176421187818,0.0003199269704055041,0,0,0.9481346383690834
hate_video_105,1,0.5198752284049988,0.07954268157482147,train,True,asr,2,E:\m-hvc\datasets\old-dataset\frames_unique\hate_video_105,0.9930300116539001,0.0018204142106696963,0.004125951323658228,0.0010236570378765464,1,0,0.5198752284049988
hate_video_106,1,0.9880325794219971,4.413530349731445,train,True,asr,3,E:\m-hvc\datasets\old-dataset\frames_unique\hate_video_106,0.013012070208787918,0.022749003022909164,0.16226117312908173,0.8019777536392212,1,3,0.9880325794219971
hate_video_107,0,0.011588258668780327,-4.446106910705566,train,True,asr,0,E:\m-hvc\datasets\old-dataset\frames_unique\hate_video_107,0.9817386269569397,0.005835697054862976,0.009274777956306934,0.0031508360989391804,0,0,0.9884117413312197
hate_video_108,1,0.9319114089012146,2.616427183151245,train,False,missing,2,E:\m-hvc\datasets\old-dataset\frames_unique\hate_video_108,0.3196008801460266,0.11566366255283356,0.40035662055015564,0.164378821849823,1,2,0.9319114089012146
hate_video_109,1,0.13853853940963745,-1.827481746673584,train,True,asr,2,E:\m-hvc\datasets\old-dataset\frames_unique\hate_video_109,0.9934384226799011,0.001750267343595624,0.0036078293342143297,0.0012034513056278229,0,0,0.8614614605903625
hate_video_11,1,0.20310242474079132,-1.3670158386230469,test,True,asr,1,E:\m-hvc\datasets\old-dataset\frames_unique\hate_video_11,0.27056267857551575,0.5199815630912781,0.12354041635990143,0.08591531962156296,0,1,0.7968975752592087
hate_video_110,1,0.43129968643188477,-0.2765503525733948,train,False,missing,2,E:\m-hvc\datasets\old-dataset\frames_unique\hate_video_110,0.628171443939209,0.06303314864635468,0.24269698560237885,0.06609845161437988,1,0,0.5687003135681152
hate_video_111,1,0.817200243473053,1.497492790222168,test,True,asr,2,E:\m-hvc\datasets\old-dataset\frames_unique\hate_video_111,0.010981175117194653,0.008180556818842888,0.9648994207382202,0.015938803553581238,1,2,0.817200243473053
hate_video_112,1,0.9771165251731873,3.7541916370391846,train,True,asr,2,E:\m-hvc\datasets\old-dataset\frames_unique\hate_video_112,0.18565690517425537,0.14486747980117798,0.3621290922164917,0.30734655261039734,1,2,0.9771165251731873
hate_video_113,1,0.9823562502861023,4.019571781158447,train,False,missing,2,E:\m-hvc\datasets\old-dataset\frames_unique\hate_video_113,0.22640837728977203,0.12821827828884125,0.35218319296836853,0.2931901812553406,1,2,0.9823562502861023
hate_video_114,1,0.8677254915237427,1.8809961080551147,train,True,asr,2,E:\m-hvc\datasets\old-dataset\frames_unique\hate_video_114,0.009924323298037052,0.006824214477092028,0.9541202187538147,0.0291313286870718,1,2,0.8677254915237427
hate_video_115,1,0.9876621961593628,4.382669925689697,train,True,asr,2,E:\m-hvc\datasets\old-dataset\frames_unique\hate_video_115,0.01604558154940605,0.02472802996635437,0.8427078723907471,0.1165185421705246,1,2,0.9876621961593628
hate_video_116,1,0.9822669625282288,4.014435768127441,train,True,asr,2,E:\m-hvc\datasets\old-dataset\frames_unique\hate_video_116,0.01204204373061657,0.015914276242256165,0.8727567791938782,0.09928689152002335,1,2,0.9822669625282288
hate_video_117,1,0.9269360303878784,2.5405497550964355,train,True,asr,2,E:\m-hvc\datasets\old-dataset\frames_unique\hate_video_117,0.8885308504104614,0.023194462060928345,0.06726349145174026,0.021011199802160263,1,0,0.9269360303878784
hate_video_118,1,0.5762385725975037,0.30735117197036743,train,True,asr,1,E:\m-hvc\datasets\old-dataset\frames_unique\hate_video_118,0.08235502988100052,0.6963627934455872,0.1421303153038025,0.07915186882019043,1,1,0.5762385725975037
hate_video_119,1,0.9892491102218628,4.521955490112305,train,True,asr,3,E:\m-hvc\datasets\old-dataset\frames_unique\hate_video_119,0.014971351251006126,0.026176797226071358,0.18982207775115967,0.7690296769142151,1,3,0.9892491102218628
hate_video_12,1,0.3381063640117645,-0.6717443466186523,train,True,asr,2,E:\m-hvc\datasets\old-dataset\frames_unique\hate_video_12,0.030737485736608505,0.0157318152487278,0.9126970767974854,0.040833573788404465,1,2,0.6618936359882355
hate_video_120,1,0.16898797452449799,-1.5928165912628174,val,True,asr,2,E:\m-hvc\datasets\old-dataset\frames_unique\hate_video_120,0.9959712624549866,0.0009156073210760951,0.0024297682102769613,0.0006833713850937784,0,0,0.831012025475502
hate_video_121,1,0.9405826330184937,2.7619125843048096,train,False,missing,2,E:\m-hvc\datasets\old-dataset\frames_unique\hate_video_121,0.3111773431301117,0.12022240459918976,0.35891762375831604,0.2096826285123825,1,2,0.9405826330184937
hate_video_122,1,0.9639909863471985,3.2873125076293945,train,True,asr,2,E:\m-hvc\datasets\old-dataset\frames_unique\hate_video_122,0.009743333794176579,0.01896560564637184,0.912504255771637,0.058786727488040924,1,2,0.9639909863471985
hate_video_123,1,0.9871066212654114,4.338069915771484,train,True,asr,2,E:\m-hvc\datasets\old-dataset\frames_unique\hate_video_123,0.017362579703330994,0.022230295464396477,0.7663401961326599,0.19406695663928986,1,2,0.9871066212654114
hate_video_124,1,0.22839103639125824,-1.2174186706542969,val,True,asr,2,E:\m-hvc\datasets\old-dataset\frames_unique\hate_video_124,0.09449474513530731,0.02728714607656002,0.7478557825088501,0.1303623467683792,0,2,0.7716089636087418
hate_video_125,1,0.7332587838172913,1.0112196207046509,val,True,asr,1,E:\m-hvc\datasets\old-dataset\frames_unique\hate_video_125,0.06654557585716248,0.7054139971733093,0.10260908305644989,0.12543141841888428,1,1,0.7332587838172913
hate_video_126,1,0.5538524985313416,0.2162487953901291,train,True,asr,2,E:\m-hvc\datasets\old-dataset\frames_unique\hate_video_126,0.9882283806800842,0.003166028531268239,0.00609596399590373,0.0025096070021390915,1,0,0.5538524985313416
hate_video_127,1,0.14819878339767456,-1.7487986087799072,train,True,asr,2,E:\m-hvc\datasets\old-dataset\frames_unique\hate_video_127,0.9923059344291687,0.002084628213196993,0.00413593091070652,0.0014734576689079404,0,0,0.8518012166023254
hate_video_128,1,0.6937319040298462,0.817624568939209,train,True,asr,1,E:\m-hvc\datasets\old-dataset\frames_unique\hate_video_128,0.05737711116671562,0.6756053566932678,0.12652872502803802,0.14048877358436584,1,1,0.6937319040298462
hate_video_129,1,0.3719167113304138,-0.5240028500556946,train,True,asr,3,E:\m-hvc\datasets\old-dataset\frames_unique\hate_video_129,0.12397418916225433,0.06390439718961716,0.1464461237192154,0.6656752824783325,1,3,0.6280832886695862
hate_video_13,1,0.9573625922203064,3.111450672149658,train,True,asr,2,E:\m-hvc\datasets\old-dataset\frames_unique\hate_video_13,0.6173583269119263,0.14838053286075592,0.13456133008003235,0.09969981014728546,1,0,0.9573625922203064
hate_video_130,1,0.6616970300674438,0.6708660125732422,test,True,asr,3,E:\m-hvc\datasets\old-dataset\frames_unique\hate_video_130,0.053288210183382034,0.04157088324427605,0.12415465712547302,0.7809861898422241,1,3,0.6616970300674438
hate_video_131,1,0.9883211255073547,4.438223838806152,val,True,asr,3,E:\m-hvc\datasets\old-dataset\frames_unique\hate_video_131,0.013938904739916325,0.023368975147604942,0.09141460806131363,0.8712775707244873,1,3,0.9883211255073547
hate_video_132,1,0.9687325954437256,3.433412551879883,test,True,asr,1,E:\m-hvc\datasets\old-dataset\frames_unique\hate_video_132,0.04676048085093498,0.1494113951921463,0.7000834345817566,0.10374476760625839,1,2,0.9687325954437256
hate_video_133,1,0.9581757187843323,3.1315553188323975,train,True,asr,1,E:\m-hvc\datasets\old-dataset\frames_unique\hate_video_133,0.08021727949380875,0.5419711470603943,0.1537746787071228,0.22403688728809357,1,1,0.9581757187843323
hate_video_134,1,0.9851986765861511,4.198122024536133,test,True,asr,3,E:\m-hvc\datasets\old-dataset\frames_unique\hate_video_134,0.013657476752996445,0.02726743556559086,0.2334277331829071,0.7256473898887634,1,3,0.9851986765861511
hate_video_135,1,0.21835312247276306,-1.275289535522461,val,True,asr,2,E:\m-hvc\datasets\old-dataset\frames_unique\hate_video_135,0.05822274088859558,0.019975636154413223,0.8812541365623474,0.0405474528670311,0,2,0.7816468775272369
hate_video_136,1,0.9882979989051819,4.436217784881592,train,True,asr,3,E:\m-hvc\datasets\old-dataset\frames_unique\hate_video_136,0.013151676394045353,0.02543601579964161,0.12138183414936066,0.8400304317474365,1,3,0.9882979989051819
hate_video_137,1,0.9873231053352356,4.355218887329102,train,True,asr,3,E:\m-hvc\datasets\old-dataset\frames_unique\hate_video_137,0.014583634212613106,0.026192888617515564,0.06589777767658234,0.893325686454773,1,3,0.9873231053352356
hate_video_138,1,0.9522016644477844,2.9917848110198975,train,True,asr,1,E:\m-hvc\datasets\old-dataset\frames_unique\hate_video_138,0.08712829649448395,0.5747290849685669,0.1446222960948944,0.19352032244205475,1,1,0.9522016644477844
hate_video_139,1,0.958461344242096,3.138705015182495,train,True,asr,2,E:\m-hvc\datasets\old-dataset\frames_unique\hate_video_139,0.009837223216891289,0.009343641810119152,0.9571835994720459,0.023635536432266235,1,2,0.958461344242096
hate_video_14,1,0.6625365018844604,0.6746184825897217,train,True,asr,2,E:\m-hvc\datasets\old-dataset\frames_unique\hate_video_14,0.03408132866024971,0.08002786338329315,0.7400026321411133,0.14588820934295654,1,2,0.6625365018844604
hate_video_140,1,0.9792613387107849,3.8547961711883545,train,True,asr,2,E:\m-hvc\datasets\old-dataset\frames_unique\hate_video_140,0.010440255515277386,0.012372968718409538,0.9173006415367126,0.059886135160923004,1,2,0.9792613387107849
hate_video_141,1,0.8875002264976501,2.065458297729492,train,True,asr,2,E:\m-hvc\datasets\old-dataset\frames_unique\hate_video_141,0.013286701403558254,0.03075292520225048,0.8421325087547302,0.1138278990983963,1,2,0.8875002264976501
hate_video_142,0,0.013687796890735626,-4.277468204498291,val,True,asr,0,E:\m-hvc\datasets\old-dataset\frames_unique\hate_video_142,0.992790937423706,0.0015911769587546587,0.0042869714088737965,0.0013308989582583308,0,0,0.9863122031092644
hate_video_143,1,0.9428606033325195,2.8034236431121826,train,True,asr,2,E:\m-hvc\datasets\old-dataset\frames_unique\hate_video_143,0.007854128256440163,0.009579425677657127,0.9484930038452148,0.0340733677148819,1,2,0.9428606033325195
hate_video_144,1,0.9675973057746887,3.3965742588043213,train,True,asr,3,E:\m-hvc\datasets\old-dataset\frames_unique\hate_video_144,0.014321800321340561,0.01884029433131218,0.6559786796569824,0.3108592629432678,1,2,0.9675973057746887
hate_video_145,1,0.48757755756378174,-0.04970003291964531,train,True,asr,3,E:\m-hvc\datasets\old-dataset\frames_unique\hate_video_145,0.06926137208938599,0.05523772910237312,0.1508917361497879,0.7246090769767761,1,3,0.5124224424362183
hate_video_146,1,0.9739988446235657,3.6232688426971436,test,False,missing,2,E:\m-hvc\datasets\old-dataset\frames_unique\hate_video_146,0.3376299738883972,0.1017189547419548,0.36913806200027466,0.19151297211647034,1,2,0.9739988446235657
hate_video_148,1,0.9114977121353149,2.3320608139038086,train,True,asr,2,E:\m-hvc\datasets\old-dataset\frames_unique\hate_video_148,0.0075670452788472176,0.0076718986965715885,0.9489381909370422,0.035822778940200806,1,2,0.9114977121353149
hate_video_149,1,0.9167968034744263,2.3996002674102783,val,True,asr,2,E:\m-hvc\datasets\old-dataset\frames_unique\hate_video_149,0.9152023792266846,0.02401096187531948,0.041601572185754776,0.019185012206435204,1,0,0.9167968034744263
hate_video_15,1,0.369300901889801,-0.5352170467376709,val,True,asr,2,E:\m-hvc\datasets\old-dataset\frames_unique\hate_video_15,0.030901024118065834,0.00981172826141119,0.9401678442955017,0.019119370728731155,1,2,0.630699098110199
hate_video_150,1,0.04527534544467926,-3.0486602783203125,train,False,missing,2,E:\m-hvc\datasets\old-dataset\frames_unique\hate_video_150,0.8175740838050842,0.03418395668268204,0.11262870579957962,0.03561314567923546,0,0,0.9547246545553207
hate_video_151,1,0.4723309874534607,-0.11078914999961853,test,True,asr,2,E:\m-hvc\datasets\old-dataset\frames_unique\hate_video_151,0.021405022591352463,0.021029828116297722,0.9157798886299133,0.04178520292043686,1,2,0.5276690125465393
hate_video_152,1,0.8989869356155396,2.186018705368042,train,True,asr,2,E:\m-hvc\datasets\old-dataset\frames_unique\hate_video_152,0.00782205630093813,0.0064618452452123165,0.9712746739387512,0.014441335573792458,1,2,0.8989869356155396
hate_video_153,1,0.016270896419882774,-4.101972579956055,test,True,asr,2,E:\m-hvc\datasets\old-dataset\frames_unique\hate_video_153,0.9953808784484863,0.0008724939543753862,0.0030434972140938044,0.0007031650748103857,0,0,0.9837291035801172
hate_video_154,1,0.9825373291969299,4.030076026916504,train,True,asr,3,E:\m-hvc\datasets\old-dataset\frames_unique\hate_video_154,0.013005437329411507,0.02311534620821476,0.16941842436790466,0.7944607734680176,1,3,0.9825373291969299
hate_video_155,1,0.4040914475917816,-0.38844603300094604,train,True,asr,3,E:\m-hvc\datasets\old-dataset\frames_unique\hate_video_155,0.05801776051521301,0.024448521435260773,0.7455919981002808,0.17194171249866486,1,2,0.5959085524082184
hate_video_156,1,0.9767208695411682,3.736640453338623,train,True,asr,3,E:\m-hvc\datasets\old-dataset\frames_unique\hate_video_156,0.012297362089157104,0.02153974026441574,0.13048484921455383,0.8356780409812927,1,3,0.9767208695411682
hate_video_157,1,0.8747330904006958,1.9434716701507568,test,True,asr,2,E:\m-hvc\datasets\old-dataset\frames_unique\hate_video_157,0.9627920985221863,0.009080799296498299,0.019586840644478798,0.008540254086256027,1,0,0.8747330904006958
hate_video_158,1,0.22820675373077393,-1.2184646129608154,test,True,asr,2,E:\m-hvc\datasets\old-dataset\frames_unique\hate_video_158,0.04681112989783287,0.014652108773589134,0.9050858616828918,0.033450860530138016,0,2,0.7717932462692261
hate_video_159,1,0.21084026992321014,-1.3198679685592651,train,True,asr,1,E:\m-hvc\datasets\old-dataset\frames_unique\hate_video_159,0.18865150213241577,0.39250922203063965,0.3338348865509033,0.08500441163778305,0,1,0.7891597300767899
hate_video_16,1,0.1308671236038208,-1.8933135271072388,test,True,asr,2,E:\m-hvc\datasets\old-dataset\frames_unique\hate_video_16,0.09816786646842957,0.014694081619381905,0.8694871068000793,0.0176509041339159,0,2,0.8691328763961792
hate_video_160,1,0.9809984564781189,3.9440510272979736,test,True,asr,2,E:\m-hvc\datasets\old-dataset\frames_unique\hate_video_160,0.04850372299551964,0.11740467697381973,0.4256415367126465,0.40845006704330444,1,2,0.9809984564781189
hate_video_161,1,0.9870421886444092,4.333012104034424,train,True,asr,3,E:\m-hvc\datasets\old-dataset\frames_unique\hate_video_161,0.018840407952666283,0.044335465878248215,0.19472314417362213,0.7421010136604309,1,3,0.9870421886444092
hate_video_162,1,0.8331691026687622,1.6082561016082764,test,True,asr,2,E:\m-hvc\datasets\old-dataset\frames_unique\hate_video_162,0.06523849815130234,0.01583189144730568,0.896216630935669,0.022713040933012962,1,2,0.8331691026687622
hate_video_163,1,0.9746861457824707,3.6507620811462402,test,True,asr,1,E:\m-hvc\datasets\old-dataset\frames_unique\hate_video_163,0.03214434161782265,0.18517807126045227,0.5742647051811218,0.20841288566589355,1,2,0.9746861457824707
hate_video_164,1,0.9861353635787964,4.264457702636719,train,True,asr,2,E:\m-hvc\datasets\old-dataset\frames_unique\hate_video_164,0.01571698673069477,0.02263936586678028,0.6751075387001038,0.2865361273288727,1,2,0.9861353635787964
hate_video_165,1,0.39725086092948914,-0.41693320870399475,train,True,asr,1,E:\m-hvc\datasets\old-dataset\frames_unique\hate_video_165,0.10705239325761795,0.4165404438972473,0.40310004353523254,0.07330704480409622,1,1,0.6027491390705109
hate_video_166,1,0.15831641852855682,-1.6708085536956787,train,True,asr,2,E:\m-hvc\datasets\old-dataset\frames_unique\hate_video_166,0.13101083040237427,0.07697386294603348,0.7420878410339355,0.04992738738656044,0,2,0.8416835814714432
hate_video_167,1,0.3185383677482605,-0.7604970335960388,train,False,missing,2,E:\m-hvc\datasets\old-dataset\frames_unique\hate_video_167,0.5821095108985901,0.08117581158876419,0.258392333984375,0.07832229882478714,1,0,0.6814616322517395
hate_video_168,1,0.9828741550445557,4.049893379211426,train,True,asr,3,E:\m-hvc\datasets\old-dataset\frames_unique\hate_video_168,0.012590747326612473,0.026407262310385704,0.0539739690721035,0.9070280194282532,1,3,0.9828741550445557
hate_video_169,1,0.7738115787506104,1.2299599647521973,val,True,asr,3,E:\m-hvc\datasets\old-dataset\frames_unique\hate_video_169,0.02930665947496891,0.027826737612485886,0.1448165774345398,0.7980501055717468,1,3,0.7738115787506104
hate_video_17,1,0.9711118340492249,3.51501202583313,train,False,missing,2,E:\m-hvc\datasets\old-dataset\frames_unique\hate_video_17,0.30333730578422546,0.11618403345346451,0.3835453987121582,0.19693328440189362,1,2,0.9711118340492249
hate_video_170,1,0.9848169684410095,4.172275066375732,train,True,asr,3,E:\m-hvc\datasets\old-dataset\frames_unique\hate_video_170,0.01418822817504406,0.022170620039105415,0.04846828430891037,0.9151728749275208,1,3,0.9848169684410095
hate_video_171,1,0.9825572371482849,4.031232833862305,train,False,missing,2,E:\m-hvc\datasets\old-dataset\frames_unique\hate_video_171,0.2373887300491333,0.12025666236877441,0.362330824136734,0.28002384305000305,1,2,0.9825572371482849
hate_video_172,1,0.8884323835372925,2.0748276710510254,val,True,asr,2,E:\m-hvc\datasets\old-dataset\frames_unique\hate_video_172,0.9589247107505798,0.009756486862897873,0.02292918972671032,0.008389605209231377,1,0,0.8884323835372925
hate_video_173,1,0.7335795164108276,1.0128600597381592,train,True,asr,2,E:\m-hvc\datasets\old-dataset\frames_unique\hate_video_173,0.010084771551191807,0.008602797985076904,0.9472193717956543,0.03409310057759285,1,2,0.7335795164108276
hate_video_174,1,0.40904101729393005,-0.3679311275482178,test,True,asr,2,E:\m-hvc\datasets\old-dataset\frames_unique\hate_video_174,0.9803375005722046,0.006457278970628977,0.009447835385799408,0.0037573848385363817,1,0,0.59095898270607
hate_video_175,1,0.9654040336608887,3.328810214996338,train,True,asr,3,E:\m-hvc\datasets\old-dataset\frames_unique\hate_video_175,0.01511196419596672,0.03724132478237152,0.23349136114120483,0.714155375957489,1,3,0.9654040336608887
hate_video_176,1,0.6266316771507263,0.517793595790863,val,True,asr,2,E:\m-hvc\datasets\old-dataset\frames_unique\hate_video_176,0.012260500341653824,0.005418986547738314,0.9732517004013062,0.00906884390860796,1,2,0.6266316771507263
hate_video_177,1,0.9637820720672607,3.2813122272491455,train,True,asr,2,E:\m-hvc\datasets\old-dataset\frames_unique\hate_video_177,0.007749554701149464,0.008769429288804531,0.9577298164367676,0.025751246139407158,1,2,0.9637820720672607
hate_video_178,1,0.9823494553565979,4.019181251525879,val,False,missing,2,E:\m-hvc\datasets\old-dataset\frames_unique\hate_video_178,0.24475058913230896,0.12732358276844025,0.36095061898231506,0.2669752538204193,1,2,0.9823494553565979
hate_video_179,1,0.9867900013923645,4.3134870529174805,train,True,asr,2,E:\m-hvc\datasets\old-dataset\frames_unique\hate_video_179,0.01577574759721756,0.019830534234642982,0.799049973487854,0.1653437465429306,1,2,0.9867900013923645
hate_video_18,1,0.32723739743232727,-0.720706582069397,train,True,asr,3,E:\m-hvc\datasets\old-dataset\frames_unique\hate_video_18,0.12147563695907593,0.05505666136741638,0.19247934222221375,0.630988359451294,1,3,0.6727626025676727
hate_video_180,1,0.021234221756458282,-3.8306782245635986,val,True,asr,2,E:\m-hvc\datasets\old-dataset\frames_unique\hate_video_180,0.9354943633079529,0.015501459129154682,0.04075412079691887,0.008250025101006031,0,0,0.9787657782435417
hate_video_181,1,0.964713454246521,3.308328866958618,train,True,asr,2,E:\m-hvc\datasets\old-dataset\frames_unique\hate_video_181,0.04343557730317116,0.024251725524663925,0.8943440914154053,0.037968557327985764,1,2,0.964713454246521
hate_video_182,1,0.7055012583732605,0.873633623123169,val,True,asr,2,E:\m-hvc\datasets\old-dataset\frames_unique\hate_video_182,0.03515424206852913,0.11655572056770325,0.7858825922012329,0.062407415360212326,1,2,0.7055012583732605
hate_video_183,1,0.9720805287361145,3.5501136779785156,train,True,asr,2,E:\m-hvc\datasets\old-dataset\frames_unique\hate_video_183,0.03554749861359596,0.12669061124324799,0.7386906743049622,0.09907125681638718,1,2,0.9720805287361145
hate_video_184,1,0.9675897359848022,3.396332025527954,train,True,asr,2,E:\m-hvc\datasets\old-dataset\frames_unique\hate_video_184,0.01345148403197527,0.02766578271985054,0.9228068590164185,0.036075904965400696,1,2,0.9675897359848022
hate_video_185,1,0.9062032103538513,2.2681334018707275,train,True,asr,2,E:\m-hvc\datasets\old-dataset\frames_unique\hate_video_185,0.01041847188025713,0.009063507430255413,0.9207361340522766,0.05978188291192055,1,2,0.9062032103538513
hate_video_186,1,0.8420268297195435,1.6733864545822144,train,True,asr,2,E:\m-hvc\datasets\old-dataset\frames_unique\hate_video_186,0.00933058001101017,0.00822437833994627,0.9387995004653931,0.04364559426903725,1,2,0.8420268297195435
hate_video_187,1,0.46716827154159546,-0.13151606917381287,test,True,asr,3,E:\m-hvc\datasets\old-dataset\frames_unique\hate_video_187,0.0757911428809166,0.04021051898598671,0.29889750480651855,0.5851008296012878,1,3,0.5328317284584045
hate_video_188,1,0.9837586283683777,4.103816032409668,train,True,asr,2,E:\m-hvc\datasets\old-dataset\frames_unique\hate_video_188,0.012776413932442665,0.015761809423565865,0.8959887623786926,0.07547301054000854,1,2,0.9837586283683777
hate_video_189,1,0.9791166186332703,3.8476991653442383,train,True,asr,2,E:\m-hvc\datasets\old-dataset\frames_unique\hate_video_189,0.011786084622144699,0.01342092640697956,0.9231456518173218,0.051647357642650604,1,2,0.9791166186332703
hate_video_19,1,0.34995928406715393,-0.619218111038208,train,True,asr,3,E:\m-hvc\datasets\old-dataset\frames_unique\hate_video_19,0.1136787161231041,0.061933618038892746,0.16729526221752167,0.6570924520492554,1,3,0.6500407159328461
hate_video_190,1,0.9830542206764221,4.06064510345459,test,True,asr,2,E:\m-hvc\datasets\old-dataset\frames_unique\hate_video_190,0.013644227758049965,0.019071457907557487,0.8917328715324402,0.07555148005485535,1,2,0.9830542206764221
hate_video_191,1,0.9864133596420288,4.28498649597168,train,True,asr,2,E:\m-hvc\datasets\old-dataset\frames_unique\hate_video_191,0.015072805806994438,0.027706045657396317,0.7599283456802368,0.19729283452033997,1,2,0.9864133596420288
hate_video_192,1,0.9623328447341919,3.2405714988708496,train,True,asr,2,E:\m-hvc\datasets\old-dataset\frames_unique\hate_video_192,0.47591057419776917,0.18751753866672516,0.14486300945281982,0.19170887768268585,1,0,0.9623328447341919
hate_video_193,1,0.9652958512306213,3.325573682785034,test,True,asr,3,E:\m-hvc\datasets\old-dataset\frames_unique\hate_video_193,0.01309961173683405,0.023716503754258156,0.050138816237449646,0.9130449891090393,1,3,0.9652958512306213
hate_video_194,1,0.9862434267997742,4.272385120391846,test,True,asr,2,E:\m-hvc\datasets\old-dataset\frames_unique\hate_video_194,0.014266517013311386,0.022754115983843803,0.7828336358070374,0.18014571070671082,1,2,0.9862434267997742
hate_video_195,1,0.978317379951477,3.809324264526367,test,True,asr,3,E:\m-hvc\datasets\old-dataset\frames_unique\hate_video_195,0.012703140266239643,0.02290482446551323,0.04976284131407738,0.9146291613578796,1,3,0.978317379951477
hate_video_196,1,0.9893844723701477,4.534765720367432,train,True,asr,2,E:\m-hvc\datasets\old-dataset\frames_unique\hate_video_196,0.018366165459156036,0.024962741881608963,0.6136912107467651,0.34297990798950195,1,2,0.9893844723701477
hate_video_197,1,0.9390408992767334,2.734654664993286,val,True,asr,3,E:\m-hvc\datasets\old-dataset\frames_unique\hate_video_197,0.015506811439990997,0.04018464684486389,0.0854416936635971,0.8588669300079346,1,3,0.9390408992767334
hate_video_198,1,0.9884159564971924,4.446475505828857,train,True,asr,2,E:\m-hvc\datasets\old-dataset\frames_unique\hate_video_198,0.027770765125751495,0.06847521662712097,0.6252401471138,0.2785138785839081,1,2,0.9884159564971924
hate_video_199,1,0.9805411696434021,3.9198014736175537,train,True,asr,2,E:\m-hvc\datasets\old-dataset\frames_unique\hate_video_199,0.01573227345943451,0.017941506579518318,0.9134694933891296,0.05285678058862686,1,2,0.9805411696434021
hate_video_2,1,0.9682976007461548,3.4191484451293945,test,True,asr,2,E:\m-hvc\datasets\old-dataset\frames_unique\hate_video_2,0.010282611474394798,0.015261721797287464,0.8680191040039062,0.10643653571605682,1,2,0.9682976007461548
hate_video_20,1,0.9871489405632019,4.341391086578369,train,True,asr,3,E:\m-hvc\datasets\old-dataset\frames_unique\hate_video_20,0.01442011073231697,0.030140286311507225,0.12046507000923157,0.834974467754364,1,3,0.9871489405632019
hate_video_200,1,0.9552546739578247,3.0609898567199707,train,True,asr,3,E:\m-hvc\datasets\old-dataset\frames_unique\hate_video_200,0.010854683816432953,0.023292895406484604,0.12803082168102264,0.8378215432167053,1,3,0.9552546739578247
hate_video_201,1,0.9888716340065002,4.487065315246582,train,True,asr,3,E:\m-hvc\datasets\old-dataset\frames_unique\hate_video_201,0.01553568709641695,0.024262022227048874,0.11852259188890457,0.8416796922683716,1,3,0.9888716340065002
hate_video_202,1,0.9868625402450562,4.319062232971191,train,True,asr,2,E:\m-hvc\datasets\old-dataset\frames_unique\hate_video_202,0.01708981767296791,0.027341824024915695,0.821419358253479,0.13414902985095978,1,2,0.9868625402450562
hate_video_203,1,0.9647068977355957,3.308136224746704,train,True,asr,1,E:\m-hvc\datasets\old-dataset\frames_unique\hate_video_203,0.04617835581302643,0.3232960104942322,0.11234090477228165,0.5181846618652344,1,3,0.9647068977355957
hate_video_204,1,0.9683968424797058,3.422386884689331,train,True,asr,1,E:\m-hvc\datasets\old-dataset\frames_unique\hate_video_204,0.05215827003121376,0.26216065883636475,0.47259774804115295,0.21308335661888123,1,2,0.9683968424797058
hate_video_205,1,0.9885281324386597,4.456315994262695,val,True,asr,3,E:\m-hvc\datasets\old-dataset\frames_unique\hate_video_205,0.013894261792302132,0.02436281554400921,0.11929941922426224,0.8424435257911682,1,3,0.9885281324386597
hate_video_206,1,0.9071589708328247,2.2794291973114014,val,True,asr,3,E:\m-hvc\datasets\old-dataset\frames_unique\hate_video_206,0.018556227907538414,0.026197712868452072,0.0716514065861702,0.8835946321487427,1,3,0.9071589708328247
hate_video_207,1,0.9878478050231934,4.398014545440674,train,True,asr,3,E:\m-hvc\datasets\old-dataset\frames_unique\hate_video_207,0.013020684942603111,0.023709870874881744,0.07043712586164474,0.892832338809967,1,3,0.9878478050231934
hate_video_208,1,0.3747904896736145,-0.5117196440696716,test,True,asr,3,E:\m-hvc\datasets\old-dataset\frames_unique\hate_video_208,0.08998020738363266,0.04887259006500244,0.2624094784259796,0.5987377166748047,1,3,0.6252095103263855
hate_video_209,1,0.9869047999382019,4.322328567504883,train,True,asr,3,E:\m-hvc\datasets\old-dataset\frames_unique\hate_video_209,0.015227153897285461,0.02522798255085945,0.06533756852149963,0.8942072987556458,1,3,0.9869047999382019
hate_video_21,1,0.5300719738006592,0.12043319642543793,test,True,asr,3,E:\m-hvc\datasets\old-dataset\frames_unique\hate_video_21,0.06177166849374771,0.0435500368475914,0.16464115679264069,0.7300370931625366,1,3,0.5300719738006592
hate_video_210,1,0.9854491353034973,4.215446472167969,val,True,asr,2,E:\m-hvc\datasets\old-dataset\frames_unique\hate_video_210,0.018296901136636734,0.02193550392985344,0.8367865681648254,0.12298101931810379,1,2,0.9854491353034973
hate_video_211,1,0.9841300249099731,4.1273298263549805,train,True,asr,3,E:\m-hvc\datasets\old-dataset\frames_unique\hate_video_211,0.011855904012918472,0.02223697304725647,0.055704645812511444,0.9102025628089905,1,3,0.9841300249099731
hate_video_212,1,0.9831968545913696,4.069239616394043,train,True,asr,3,E:\m-hvc\datasets\old-dataset\frames_unique\hate_video_212,0.011487080715596676,0.02354949526488781,0.05081271752715111,0.914150595664978,1,3,0.9831968545913696
hate_video_213,1,0.6704791188240051,0.7103527784347534,train,True,asr,2,E:\m-hvc\datasets\old-dataset\frames_unique\hate_video_213,0.9787413477897644,0.004717926494777203,0.01253846101462841,0.004002278670668602,1,0,0.6704791188240051
hate_video_214,1,0.7807987332344055,1.270326852798462,test,True,asr,2,E:\m-hvc\datasets\old-dataset\frames_unique\hate_video_214,0.010268881916999817,0.012872222810983658,0.9543577432632446,0.02250119112432003,1,2,0.7807987332344055
hate_video_215,1,0.9857382774353027,4.235807418823242,train,True,asr,3,E:\m-hvc\datasets\old-dataset\frames_unique\hate_video_215,0.012652079574763775,0.026592936366796494,0.06662432104349136,0.8941307067871094,1,3,0.9857382774353027
hate_video_216,1,0.9532472491264343,3.0150015354156494,test,True,asr,3,E:\m-hvc\datasets\old-dataset\frames_unique\hate_video_216,0.012660971842706203,0.027905074879527092,0.34620043635368347,0.6132335066795349,1,3,0.9532472491264343
hate_video_217,1,0.9776973128318787,3.7804951667785645,train,True,asr,2,E:\m-hvc\datasets\old-dataset\frames_unique\hate_video_217,0.011010881513357162,0.014974297024309635,0.850431501865387,0.12358324974775314,1,2,0.9776973128318787
hate_video_218,1,0.301398903131485,-0.8406451344490051,test,True,asr,3,E:\m-hvc\datasets\old-dataset\frames_unique\hate_video_218,0.13268789649009705,0.052523523569107056,0.24925710260868073,0.5655314922332764,0,3,0.698601096868515
hate_video_219,1,0.96368008852005,3.278395652770996,train,True,asr,2,E:\m-hvc\datasets\old-dataset\frames_unique\hate_video_219,0.012965917587280273,0.011630289256572723,0.9480071663856506,0.02739665098488331,1,2,0.96368008852005
hate_video_22,1,0.899114727973938,2.1874263286590576,train,True,asr,2,E:\m-hvc\datasets\old-dataset\frames_unique\hate_video_22,0.011568862944841385,0.021120315417647362,0.8495467305183411,0.11776410788297653,1,2,0.899114727973938
hate_video_220,1,0.8800860643386841,1.9932456016540527,train,True,asr,2,E:\m-hvc\datasets\old-dataset\frames_unique\hate_video_220,0.009648354724049568,0.007202275097370148,0.9696348905563354,0.013514510355889797,1,2,0.8800860643386841
hate_video_221,1,0.9726434350013733,3.571061849594116,train,True,asr,2,E:\m-hvc\datasets\old-dataset\frames_unique\hate_video_221,0.010886352509260178,0.013425306417047977,0.9019007682800293,0.07378758490085602,1,2,0.9726434350013733
hate_video_222,1,0.9883949756622314,4.444644927978516,val,True,asr,3,E:\m-hvc\datasets\old-dataset\frames_unique\hate_video_222,0.014595779590308666,0.026690296828746796,0.13785266876220703,0.8208612203598022,1,3,0.9883949756622314
hate_video_223,1,0.7712581753730774,1.215429425239563,train,True,asr,3,E:\m-hvc\datasets\old-dataset\frames_unique\hate_video_223,0.03100261464715004,0.03525912016630173,0.11961734294891357,0.814120888710022,1,3,0.7712581753730774
hate_video_224,1,0.9844661951065063,4.149084568023682,train,True,asr,3,E:\m-hvc\datasets\old-dataset\frames_unique\hate_video_224,0.014463336206972599,0.029394911602139473,0.28130751848220825,0.6748342514038086,1,3,0.9844661951065063
hate_video_225,1,0.9867702722549438,4.311968803405762,test,True,asr,3,E:\m-hvc\datasets\old-dataset\frames_unique\hate_video_225,0.015288857743144035,0.02682437002658844,0.06274516880512238,0.8951416015625,1,3,0.9867702722549438
hate_video_226,1,0.9872646331787109,4.350557327270508,train,True,asr,3,E:\m-hvc\datasets\old-dataset\frames_unique\hate_video_226,0.015519840642809868,0.026910055428743362,0.06564498692750931,0.8919250965118408,1,3,0.9872646331787109
hate_video_227,1,0.6859965920448303,0.7814688086509705,train,True,asr,3,E:\m-hvc\datasets\old-dataset\frames_unique\hate_video_227,0.04694090038537979,0.037246592342853546,0.10260413587093353,0.8132084012031555,1,3,0.6859965920448303
hate_video_228,1,0.9884907007217407,4.453021049499512,train,True,asr,2,E:\m-hvc\datasets\old-dataset\frames_unique\hate_video_228,0.020200813189148903,0.04705233871936798,0.6176757216453552,0.31507110595703125,1,2,0.9884907007217407
hate_video_229,1,0.9116682410240173,2.3341763019561768,val,True,asr,1,E:\m-hvc\datasets\old-dataset\frames_unique\hate_video_229,0.044380489736795425,0.38776180148124695,0.35881102085113525,0.20904669165611267,1,1,0.9116682410240173
hate_video_23,1,0.9788671731948853,3.835571527481079,train,True,asr,2,E:\m-hvc\datasets\old-dataset\frames_unique\hate_video_23,0.026486260816454887,0.09368043392896652,0.7642418742179871,0.11559142172336578,1,2,0.9788671731948853
hate_video_230,1,0.8982439637184143,2.177863359451294,train,True,asr,2,E:\m-hvc\datasets\old-dataset\frames_unique\hate_video_230,0.7080851197242737,0.1276181936264038,0.09088276326656342,0.07341394573450089,1,0,0.8982439637184143
hate_video_231,1,0.9666679501533508,3.3673346042633057,train,True,asr,2,E:\m-hvc\datasets\old-dataset\frames_unique\hate_video_231,0.009817576967179775,0.010671788826584816,0.9467393755912781,0.03277122601866722,1,2,0.9666679501533508
hate_video_232,1,0.9760977029800415,3.709587812423706,train,True,asr,3,E:\m-hvc\datasets\old-dataset\frames_unique\hate_video_232,0.013181203976273537,0.02130112797021866,0.1402781754732132,0.8252395391464233,1,3,0.9760977029800415
hate_video_233,1,0.8689534664154053,1.8917369842529297,val,True,asr,3,E:\m-hvc\datasets\old-dataset\frames_unique\hate_video_233,0.02126743458211422,0.04910033196210861,0.1582053005695343,0.7714269757270813,1,3,0.8689534664154053
hate_video_234,1,0.9532215595245361,3.014425277709961,val,True,asr,2,E:\m-hvc\datasets\old-dataset\frames_unique\hate_video_234,0.009401972405612469,0.014097640290856361,0.9222162365913391,0.05428413674235344,1,2,0.9532215595245361
hate_video_235,1,0.932828962802887,2.630979299545288,train,True,asr,3,E:\m-hvc\datasets\old-dataset\frames_unique\hate_video_235,0.01581687293946743,0.02282027155160904,0.0532398484647274,0.9081229567527771,1,3,0.932828962802887
hate_video_236,1,0.9799425601959229,3.888894557952881,train,True,asr,2,E:\m-hvc\datasets\old-dataset\frames_unique\hate_video_236,0.012646500021219254,0.018897270783782005,0.7614648938179016,0.20699137449264526,1,2,0.9799425601959229
hate_video_237,1,0.9818904399871826,3.9930381774902344,val,True,asr,2,E:\m-hvc\datasets\old-dataset\frames_unique\hate_video_237,0.021988114342093468,0.055539362132549286,0.8073527216911316,0.11511977761983871,1,2,0.9818904399871826
hate_video_238,1,0.9599069952964783,3.175633668899536,train,True,asr,1,E:\m-hvc\datasets\old-dataset\frames_unique\hate_video_238,0.07974578440189362,0.5434041619300842,0.1490631252527237,0.22778698801994324,1,1,0.9599069952964783
hate_video_239,1,0.4973491430282593,-0.010603468865156174,test,True,asr,2,E:\m-hvc\datasets\old-dataset\frames_unique\hate_video_239,0.02447194792330265,0.015765586867928505,0.8955767750740051,0.06418560445308685,1,2,0.5026508569717407
hate_video_24,1,0.9674784541130066,3.392788887023926,train,True,asr,2,E:\m-hvc\datasets\old-dataset\frames_unique\hate_video_24,0.007858719676733017,0.012099038809537888,0.9467572569847107,0.033284991979599,1,2,0.9674784541130066
hate_video_240,1,0.986788272857666,4.313353538513184,train,True,asr,3,E:\m-hvc\datasets\old-dataset\frames_unique\hate_video_240,0.015346484258770943,0.025180967524647713,0.06459358334541321,0.8948789834976196,1,3,0.986788272857666
hate_video_241,1,0.9883067011833191,4.436981201171875,train,True,asr,2,E:\m-hvc\datasets\old-dataset\frames_unique\hate_video_241,0.0167315062135458,0.023484455421566963,0.5217100381851196,0.4380739629268646,1,2,0.9883067011833191
hate_video_242,1,0.9785707592964172,3.821338653564453,test,True,asr,3,E:\m-hvc\datasets\old-dataset\frames_unique\hate_video_242,0.01079406775534153,0.023143114522099495,0.046837739646434784,0.9192250370979309,1,3,0.9785707592964172
hate_video_243,1,0.9588024616241455,3.147307872772217,train,True,asr,1,E:\m-hvc\datasets\old-dataset\frames_unique\hate_video_243,0.10953123867511749,0.31656062602996826,0.15884236991405487,0.4150657653808594,1,3,0.9588024616241455
hate_video_244,1,0.9540113806724548,3.032282829284668,train,True,asr,1,E:\m-hvc\datasets\old-dataset\frames_unique\hate_video_244,0.04641340300440788,0.44750383496284485,0.12736758589744568,0.3787151277065277,1,1,0.9540113806724548
hate_video_245,1,0.9838438630104065,4.109169960021973,val,True,asr,1,E:\m-hvc\datasets\old-dataset\frames_unique\hate_video_245,0.04494190588593483,0.22235317528247833,0.32207316160202026,0.4106317162513733,1,3,0.9838438630104065
hate_video_246,1,0.9830266833305359,4.058996200561523,train,True,asr,3,E:\m-hvc\datasets\old-dataset\frames_unique\hate_video_246,0.02612236887216568,0.12164099514484406,0.10436472296714783,0.7478719353675842,1,3,0.9830266833305359
hate_video_247,1,0.9814328551292419,3.967620372772217,train,True,asr,2,E:\m-hvc\datasets\old-dataset\frames_unique\hate_video_247,0.012520954944193363,0.01836945302784443,0.7117871046066284,0.2573224902153015,1,2,0.9814328551292419
hate_video_248,1,0.981539785861969,3.9735019207000732,train,True,asr,3,E:\m-hvc\datasets\old-dataset\frames_unique\hate_video_248,0.014798888005316257,0.021306883543729782,0.07069093734025955,0.8932032585144043,1,3,0.981539785861969
hate_video_249,1,0.3777363896369934,-0.4991672933101654,train,True,asr,2,E:\m-hvc\datasets\old-dataset\frames_unique\hate_video_249,0.02631981670856476,0.010423626750707626,0.9347925782203674,0.028463982045650482,1,2,0.6222636103630066
hate_video_25,1,0.9850132465362549,4.185485363006592,train,True,asr,2,E:\m-hvc\datasets\old-dataset\frames_unique\hate_video_25,0.011726059019565582,0.019706660881638527,0.8077893257141113,0.1607779860496521,1,2,0.9850132465362549
hate_video_250,1,0.8994629383087158,2.1912708282470703,train,True,asr,2,E:\m-hvc\datasets\old-dataset\frames_unique\hate_video_250,0.010465950705111027,0.014257237315177917,0.8570849895477295,0.11819185316562653,1,2,0.8994629383087158
hate_video_251,1,0.9538062810897827,3.0276174545288086,train,True,asr,3,E:\m-hvc\datasets\old-dataset\frames_unique\hate_video_251,0.014462079852819443,0.02188699133694172,0.05509449914097786,0.9085564613342285,1,3,0.9538062810897827
hate_video_252,1,0.9874395728111267,4.364557266235352,train,True,asr,3,E:\m-hvc\datasets\old-dataset\frames_unique\hate_video_252,0.015528795309364796,0.03136971592903137,0.24331039190292358,0.7097911238670349,1,3,0.9874395728111267
hate_video_253,1,0.9817183017730713,3.9834022521972656,train,True,asr,3,E:\m-hvc\datasets\old-dataset\frames_unique\hate_video_253,0.01313181221485138,0.02265198528766632,0.06533150374889374,0.8988847136497498,1,3,0.9817183017730713
hate_video_254,1,0.9866515398025513,4.30291748046875,train,True,asr,2,E:\m-hvc\datasets\old-dataset\frames_unique\hate_video_254,0.031764838844537735,0.1083088219165802,0.42345428466796875,0.4364720582962036,1,3,0.9866515398025513
hate_video_255,1,0.988440990447998,4.448663711547852,test,True,asr,3,E:\m-hvc\datasets\old-dataset\frames_unique\hate_video_255,0.013661155477166176,0.024153515696525574,0.14053703844547272,0.8216482400894165,1,3,0.988440990447998
hate_video_256,1,0.988953709602356,4.494555950164795,val,True,asr,3,E:\m-hvc\datasets\old-dataset\frames_unique\hate_video_256,0.014778719283640385,0.02600734680891037,0.12626509368419647,0.8329488635063171,1,3,0.988953709602356
hate_video_257,1,0.9863196015357971,4.278017044067383,train,True,asr,3,E:\m-hvc\datasets\old-dataset\frames_unique\hate_video_257,0.015561236999928951,0.028417976573109627,0.05962684378027916,0.8963939547538757,1,3,0.9863196015357971
hate_video_258,1,0.9520557522773743,2.9885849952697754,train,True,asr,2,E:\m-hvc\datasets\old-dataset\frames_unique\hate_video_258,0.012373866513371468,0.03050522319972515,0.8043950200080872,0.15272587537765503,1,2,0.9520557522773743
hate_video_259,1,0.9893231987953186,4.528944969177246,train,True,asr,2,E:\m-hvc\datasets\old-dataset\frames_unique\hate_video_259,0.019733183085918427,0.047690365463495255,0.640373945236206,0.29220250248908997,1,2,0.9893231987953186
hate_video_26,1,0.18882912397384644,-1.4576361179351807,val,True,asr,1,E:\m-hvc\datasets\old-dataset\frames_unique\hate_video_26,0.2260965257883072,0.501632809638977,0.17892582714557648,0.09334485977888107,0,1,0.8111708760261536
hate_video_260,1,0.972653329372406,3.571431875228882,test,True,asr,3,E:\m-hvc\datasets\old-dataset\frames_unique\hate_video_260,0.014545963145792484,0.040416963398456573,0.23448030650615692,0.7105567455291748,1,3,0.972653329372406
hate_video_261,1,0.9812918901443481,3.9599149227142334,train,True,asr,3,E:\m-hvc\datasets\old-dataset\frames_unique\hate_video_261,0.014268001541495323,0.025399744510650635,0.05503099784255028,0.9053013324737549,1,3,0.9812918901443481
hate_video_262,1,0.9647355079650879,3.3089780807495117,train,True,asr,3,E:\m-hvc\datasets\old-dataset\frames_unique\hate_video_262,0.009341876022517681,0.019906576722860336,0.04704325273633003,0.9237082004547119,1,3,0.9647355079650879
hate_video_263,1,0.9896900653839111,4.56428861618042,train,True,asr,2,E:\m-hvc\datasets\old-dataset\frames_unique\hate_video_263,0.0174427330493927,0.025225866585969925,0.6606048941612244,0.2967264950275421,1,2,0.9896900653839111
hate_video_264,1,0.9817796349525452,3.9868268966674805,train,True,asr,2,E:\m-hvc\datasets\old-dataset\frames_unique\hate_video_264,0.012755364179611206,0.015399043448269367,0.879857063293457,0.09198864549398422,1,2,0.9817796349525452
hate_video_265,1,0.21474196016788483,-1.2965751886367798,train,True,asr,2,E:\m-hvc\datasets\old-dataset\frames_unique\hate_video_265,0.08199787884950638,0.02098873443901539,0.8065006732940674,0.09051263332366943,0,2,0.7852580398321152
hate_video_266,1,0.2915448248386383,-0.88789302110672,test,True,asr,2,E:\m-hvc\datasets\old-dataset\frames_unique\hate_video_266,0.09152645617723465,0.025475146248936653,0.7239589691162109,0.15903940796852112,0,2,0.7084551751613617
hate_video_267,1,0.9829317331314087,4.053318023681641,train,False,missing,2,E:\m-hvc\datasets\old-dataset\frames_unique\hate_video_267,0.24922901391983032,0.12007346749305725,0.3693946301937103,0.2613029479980469,1,2,0.9829317331314087
hate_video_268,1,0.24802479147911072,-1.1091747283935547,train,True,asr,1,E:\m-hvc\datasets\old-dataset\frames_unique\hate_video_268,0.17806227505207062,0.5453039407730103,0.19685378670692444,0.07977993786334991,0,1,0.7519752085208893
hate_video_269,1,0.843366801738739,1.683495283126831,train,True,asr,2,E:\m-hvc\datasets\old-dataset\frames_unique\hate_video_269,0.00930389016866684,0.010189156979322433,0.9146009087562561,0.06590600311756134,1,2,0.843366801738739
hate_video_27,1,0.3120386302471161,-0.7906057238578796,test,True,asr,1,E:\m-hvc\datasets\old-dataset\frames_unique\hate_video_27,0.15602882206439972,0.5904588103294373,0.17469514906406403,0.07881718128919601,1,1,0.6879613697528839
hate_video_270,0,0.008659767918288708,-4.74036979675293,train,True,asr,0,E:\m-hvc\datasets\old-dataset\frames_unique\hate_video_270,0.9937399625778198,0.0013452828861773014,0.0038216623943299055,0.0010931008728221059,0,0,0.9913402320817113
hate_video_271,1,0.9477600455284119,2.8982532024383545,train,True,asr,2,E:\m-hvc\datasets\old-dataset\frames_unique\hate_video_271,0.007389328442513943,0.008333598263561726,0.9625965356826782,0.021680502220988274,1,2,0.9477600455284119
hate_video_272,0,0.02263183519244194,-3.765505790710449,train,True,asr,0,E:\m-hvc\datasets\old-dataset\frames_unique\hate_video_272,0.9587923884391785,0.004476706497371197,0.03266558796167374,0.004065229557454586,0,0,0.9773681648075581
hate_video_273,1,0.1304764449596405,-1.8967527151107788,val,True,asr,2,E:\m-hvc\datasets\old-dataset\frames_unique\hate_video_273,0.9787285327911377,0.006410161033272743,0.012036189436912537,0.002825086237862706,0,0,0.8695235550403595
hate_video_274,1,0.9611309766769409,3.2079129219055176,train,True,asr,2,E:\m-hvc\datasets\old-dataset\frames_unique\hate_video_274,0.010518086142838001,0.010776869021356106,0.9542528986930847,0.02445211634039879,1,2,0.9611309766769409
hate_video_275,1,0.6793662905693054,0.7508611083030701,train,True,asr,2,E:\m-hvc\datasets\old-dataset\frames_unique\hate_video_275,0.034772858023643494,0.1050843819975853,0.8153589963912964,0.04478380084037781,1,2,0.6793662905693054
hate_video_276,1,0.9074548482894897,2.282947063446045,test,True,asr,2,E:\m-hvc\datasets\old-dataset\frames_unique\hate_video_276,0.9486661553382874,0.011925124563276768,0.029706252738833427,0.0097025316208601,1,0,0.9074548482894897
hate_video_277,1,0.6050953269004822,0.42674148082733154,train,True,asr,3,E:\m-hvc\datasets\old-dataset\frames_unique\hate_video_277,0.036885060369968414,0.019914429634809494,0.6966825723648071,0.24651795625686646,1,2,0.6050953269004822
hate_video_278,1,0.9896522164344788,4.560580253601074,train,True,asr,2,E:\m-hvc\datasets\old-dataset\frames_unique\hate_video_278,0.01803547516465187,0.029418081045150757,0.6185885071754456,0.3339579403400421,1,2,0.9896522164344788
hate_video_279,1,0.5561175346374512,0.22541998326778412,train,True,asr,2,E:\m-hvc\datasets\old-dataset\frames_unique\hate_video_279,0.9874545335769653,0.002638380043208599,0.007691091857850552,0.002216048538684845,1,0,0.5561175346374512
hate_video_28,1,0.794625461101532,1.3530353307724,train,True,asr,2,E:\m-hvc\datasets\old-dataset\frames_unique\hate_video_28,0.9633259773254395,0.007288950961083174,0.024625131860375404,0.004759949166327715,1,0,0.794625461101532
hate_video_280,1,0.9736369848251343,3.6090753078460693,train,True,asr,3,E:\m-hvc\datasets\old-dataset\frames_unique\hate_video_280,0.012750208377838135,0.020566068589687347,0.34019166231155396,0.6264920234680176,1,3,0.9736369848251343
hate_video_281,1,0.9751847982406616,3.6711719036102295,train,True,asr,1,E:\m-hvc\datasets\old-dataset\frames_unique\hate_video_281,0.03143613040447235,0.17584027349948883,0.5933248400688171,0.1993987113237381,1,2,0.9751847982406616
hate_video_282,1,0.951219379901886,2.9704127311706543,train,True,asr,1,E:\m-hvc\datasets\old-dataset\frames_unique\hate_video_282,0.073325514793396,0.5759188532829285,0.16198381781578064,0.18877184391021729,1,1,0.951219379901886
hate_video_283,1,0.9871188402175903,4.3390212059021,test,True,asr,3,E:\m-hvc\datasets\old-dataset\frames_unique\hate_video_283,0.01357323955744505,0.02652188017964363,0.06666267663240433,0.8932421803474426,1,3,0.9871188402175903
hate_video_284,1,0.2674962282180786,-1.007362961769104,val,True,asr,2,E:\m-hvc\datasets\old-dataset\frames_unique\hate_video_284,0.05154559761285782,0.02321828342974186,0.8797419667243958,0.04549418389797211,0,2,0.7325037717819214
hate_video_285,1,0.9881157875061035,4.42058801651001,train,True,asr,3,E:\m-hvc\datasets\old-dataset\frames_unique\hate_video_285,0.014278022572398186,0.02183249033987522,0.07208987325429916,0.8917996287345886,1,3,0.9881157875061035
hate_video_286,1,0.9856624007225037,4.230429172515869,val,True,asr,3,E:\m-hvc\datasets\old-dataset\frames_unique\hate_video_286,0.012600211426615715,0.024680593982338905,0.060635171830654144,0.9020841121673584,1,3,0.9856624007225037
hate_video_287,1,0.5920222997665405,0.372331827878952,val,True,asr,2,E:\m-hvc\datasets\old-dataset\frames_unique\hate_video_287,0.015757711604237556,0.011925792321562767,0.9296230673789978,0.04269351065158844,1,2,0.5920222997665405
hate_video_288,0,0.0342525877058506,-3.3391401767730713,test,False,missing,0,E:\m-hvc\datasets\old-dataset\frames_unique\hate_video_288,0.8221011757850647,0.03301626071333885,0.1074911430478096,0.03739137202501297,0,0,0.9657474122941494
hate_video_289,1,0.10020308941602707,-2.19497013092041,train,True,asr,3,E:\m-hvc\datasets\old-dataset\frames_unique\hate_video_289,0.48159149289131165,0.029061095789074898,0.3923690915107727,0.0969783291220665,0,0,0.8997969105839729
hate_video_29,1,0.9654204845428467,3.3293025493621826,train,True,asr,2,E:\m-hvc\datasets\old-dataset\frames_unique\hate_video_29,0.009034790098667145,0.009642555378377438,0.9302802681922913,0.051042430102825165,1,2,0.9654204845428467
hate_video_290,1,0.9821619391441345,4.008423805236816,train,False,missing,2,E:\m-hvc\datasets\old-dataset\frames_unique\hate_video_290,0.21920433640480042,0.1321079134941101,0.3522152006626129,0.29647254943847656,1,2,0.9821619391441345
hate_video_291,1,0.17030632495880127,-1.5834579467773438,train,True,asr,2,E:\m-hvc\datasets\old-dataset\frames_unique\hate_video_291,0.07924726605415344,0.01622944138944149,0.8665592670440674,0.037964075803756714,0,2,0.8296936750411987
hate_video_293,1,0.01853722706437111,-3.9692630767822266,train,True,asr,2,E:\m-hvc\datasets\old-dataset\frames_unique\hate_video_293,0.9942103624343872,0.0012298326473683119,0.0035920587833970785,0.0009676962508819997,0,0,0.9814627729356289
hate_video_294,1,0.5152645111083984,0.06107712164521217,train,True,asr,2,E:\m-hvc\datasets\old-dataset\frames_unique\hate_video_294,0.020070180296897888,0.012032005935907364,0.9297348260879517,0.038162972778081894,1,2,0.5152645111083984
hate_video_295,1,0.6233128905296326,0.5036337375640869,train,False,missing,2,E:\m-hvc\datasets\old-dataset\frames_unique\hate_video_295,0.4265040457248688,0.1145041212439537,0.3205054700374603,0.1384863406419754,1,0,0.6233128905296326
hate_video_296,1,0.9564577341079712,3.0895042419433594,train,True,asr,1,E:\m-hvc\datasets\old-dataset\frames_unique\hate_video_296,0.09197787940502167,0.5440026521682739,0.1466113030910492,0.2174081951379776,1,1,0.9564577341079712
hate_video_297,1,0.30350685119628906,-0.8306536674499512,train,True,asr,2,E:\m-hvc\datasets\old-dataset\frames_unique\hate_video_297,0.9954004883766174,0.001099216053262353,0.0028618008363991976,0.0006386237218976021,0,0,0.6964931488037109
hate_video_298,1,0.9278257489204407,2.5537612438201904,train,True,asr,3,E:\m-hvc\datasets\old-dataset\frames_unique\hate_video_298,0.014349756762385368,0.026828734204173088,0.20895828306674957,0.7498632669448853,1,3,0.9278257489204407
hate_video_299,1,0.9588345885276794,3.1481199264526367,train,True,asr,2,E:\m-hvc\datasets\old-dataset\frames_unique\hate_video_299,0.009453491307795048,0.0097260233014822,0.9603636264801025,0.0204568300396204,1,2,0.9588345885276794
hate_video_3,1,0.9708781838417053,3.5067126750946045,train,True,asr,3,E:\m-hvc\datasets\old-dataset\frames_unique\hate_video_3,0.010542810894548893,0.020746413618326187,0.049034640192985535,0.9196760654449463,1,3,0.9708781838417053
hate_video_30,1,0.9845749139785767,4.156219482421875,test,True,asr,3,E:\m-hvc\datasets\old-dataset\frames_unique\hate_video_30,0.013472829014062881,0.02265981212258339,0.11269083619117737,0.8511765599250793,1,3,0.9845749139785767
hate_video_300,1,0.8604167103767395,1.8187553882598877,train,True,asr,2,E:\m-hvc\datasets\old-dataset\frames_unique\hate_video_300,0.007556351367384195,0.007609079126268625,0.9697829484939575,0.015051615424454212,1,2,0.8604167103767395
hate_video_301,1,0.933154284954071,2.636183738708496,train,True,asr,2,E:\m-hvc\datasets\old-dataset\frames_unique\hate_video_301,0.9329656958580017,0.01612882688641548,0.03590329736471176,0.01500208955258131,1,0,0.933154284954071
hate_video_302,0,0.009700947441160679,-4.625783443450928,train,True,asr,0,E:\m-hvc\datasets\old-dataset\frames_unique\hate_video_302,0.9927281141281128,0.0015761122340336442,0.004288664553314447,0.0014072253834456205,0,0,0.9902990525588393
hate_video_303,1,0.9511226415634155,2.968329429626465,val,True,asr,3,E:\m-hvc\datasets\old-dataset\frames_unique\hate_video_303,0.015499508008360863,0.027354007586836815,0.044753801077604294,0.9123926162719727,1,3,0.9511226415634155
hate_video_304,1,0.4173460602760315,-0.3336776793003082,test,True,asr,2,E:\m-hvc\datasets\old-dataset\frames_unique\hate_video_304,0.02143239974975586,0.007656497415155172,0.9554002285003662,0.01551084779202938,1,2,0.5826539397239685
hate_video_305,1,0.9292844533920288,2.575748920440674,val,True,asr,2,E:\m-hvc\datasets\old-dataset\frames_unique\hate_video_305,0.027669625356793404,0.023053541779518127,0.9121447205543518,0.037132080644369125,1,2,0.9292844533920288
hate_video_306,1,0.2491905689239502,-1.1029338836669922,train,True,asr,2,E:\m-hvc\datasets\old-dataset\frames_unique\hate_video_306,0.9922218918800354,0.001821800833567977,0.004869244527071714,0.001087089884094894,0,0,0.7508094310760498
hate_video_307,1,0.9860681295394897,4.259552001953125,train,True,asr,3,E:\m-hvc\datasets\old-dataset\frames_unique\hate_video_307,0.014678525738418102,0.026967423036694527,0.06095731630921364,0.8973967432975769,1,3,0.9860681295394897
hate_video_308,1,0.8175815939903259,1.5000476837158203,train,True,asr,2,E:\m-hvc\datasets\old-dataset\frames_unique\hate_video_308,0.008851228281855583,0.007947889156639576,0.9624002575874329,0.020800646394491196,1,2,0.8175815939903259
hate_video_309,1,0.9692589044570923,3.4509315490722656,val,True,asr,3,E:\m-hvc\datasets\old-dataset\frames_unique\hate_video_309,0.012319997884333134,0.023977912962436676,0.05695240944623947,0.9067496657371521,1,3,0.9692589044570923
hate_video_31,1,0.9685461521148682,3.4272735118865967,train,False,missing,2,E:\m-hvc\datasets\old-dataset\frames_unique\hate_video_31,0.31696391105651855,0.10764779895544052,0.3840593695640564,0.19132892787456512,1,2,0.9685461521148682
hate_video_310,1,0.19675320386886597,-1.4067118167877197,train,True,asr,2,E:\m-hvc\datasets\old-dataset\frames_unique\hate_video_310,0.07060496509075165,0.0135863171890378,0.8814469575881958,0.03436174988746643,0,2,0.803246796131134
hate_video_311,1,0.35864511132240295,-0.5812495946884155,train,True,asr,3,E:\m-hvc\datasets\old-dataset\frames_unique\hate_video_311,0.08936090767383575,0.047893814742565155,0.35458752512931824,0.5081577301025391,1,3,0.641354888677597
hate_video_312,1,0.9350003600120544,2.6661648750305176,train,True,asr,1,E:\m-hvc\datasets\old-dataset\frames_unique\hate_video_312,0.047424063086509705,0.5269780158996582,0.22509902715682983,0.20049887895584106,1,1,0.9350003600120544
hate_video_313,1,0.9597914218902588,3.172636032104492,test,True,asr,1,E:\m-hvc\datasets\old-dataset\frames_unique\hate_video_313,0.08147072046995163,0.5488926768302917,0.14928901195526123,0.220347598195076,1,1,0.9597914218902588
hate_video_314,1,0.829629123210907,1.5830007791519165,train,True,asr,2,E:\m-hvc\datasets\old-dataset\frames_unique\hate_video_314,0.01007239893078804,0.012437359429895878,0.9576286673545837,0.0198614951223135,1,2,0.829629123210907
hate_video_315,1,0.9855126738548279,4.2198896408081055,test,True,asr,2,E:\m-hvc\datasets\old-dataset\frames_unique\hate_video_315,0.012302483431994915,0.02136201225221157,0.8303586840629578,0.1359768509864807,1,2,0.9855126738548279
hate_video_316,1,0.7545987963676453,1.123292088508606,train,True,asr,2,E:\m-hvc\datasets\old-dataset\frames_unique\hate_video_316,0.008116989396512508,0.009599427692592144,0.9523148536682129,0.029968688264489174,1,2,0.7545987963676453
hate_video_317,0,0.011978479102253914,-4.412592887878418,test,True,asr,0,E:\m-hvc\datasets\old-dataset\frames_unique\hate_video_317,0.9881911873817444,0.00318810879252851,0.006395980715751648,0.0022246134467422962,0,0,0.9880215208977461
hate_video_318,1,0.7201230525970459,0.945071816444397,train,True,asr,2,E:\m-hvc\datasets\old-dataset\frames_unique\hate_video_318,0.009372315369546413,0.006145183928310871,0.9646080732345581,0.019874483346939087,1,2,0.7201230525970459
hate_video_319,1,0.9615790843963623,3.219975471496582,train,True,asr,2,E:\m-hvc\datasets\old-dataset\frames_unique\hate_video_319,0.007869191467761993,0.01057795062661171,0.9223323464393616,0.0592205785214901,1,2,0.9615790843963623
hate_video_32,1,0.659877598285675,0.6627486944198608,val,True,asr,2,E:\m-hvc\datasets\old-dataset\frames_unique\hate_video_32,0.0216884333640337,0.025819068774580956,0.8664213418960571,0.08607125282287598,1,2,0.659877598285675
hate_video_320,1,0.6386743187904358,0.5696150064468384,train,True,asr,2,E:\m-hvc\datasets\old-dataset\frames_unique\hate_video_320,0.011211251839995384,0.006335265934467316,0.9669529795646667,0.015500465407967567,1,2,0.6386743187904358
hate_video_321,0,0.016041358932852745,-4.116413593292236,train,True,asr,0,E:\m-hvc\datasets\old-dataset\frames_unique\hate_video_321,0.9894234538078308,0.0015714589972048998,0.00789855606853962,0.001106609357520938,0,0,0.9839586410671473
hate_video_322,1,0.9132822751998901,2.354386806488037,train,True,asr,2,E:\m-hvc\datasets\old-dataset\frames_unique\hate_video_322,0.9305837750434875,0.013768555596470833,0.03518208861351013,0.020465552806854248,1,0,0.9132822751998901
hate_video_323,1,0.9783576726913452,3.811224937438965,val,True,asr,2,E:\m-hvc\datasets\old-dataset\frames_unique\hate_video_323,0.013180523179471493,0.013726195320487022,0.9244305491447449,0.04866272211074829,1,2,0.9783576726913452
hate_video_324,1,0.571047842502594,0.2861277461051941,train,True,asr,2,E:\m-hvc\datasets\old-dataset\frames_unique\hate_video_324,0.012712151743471622,0.00613152701407671,0.9690079689025879,0.012148300185799599,1,2,0.571047842502594
hate_video_325,1,0.3315317928791046,-0.7012649774551392,val,True,asr,1,E:\m-hvc\datasets\old-dataset\frames_unique\hate_video_325,0.15525789558887482,0.6184444427490234,0.1414536088705063,0.08484400808811188,1,1,0.6684682071208954
hate_video_326,1,0.9738315939903259,3.616687774658203,train,True,asr,2,E:\m-hvc\datasets\old-dataset\frames_unique\hate_video_326,0.02336064912378788,0.08344288915395737,0.7980759739875793,0.0951203927397728,1,2,0.9738315939903259
hate_video_327,1,0.6392694711685181,0.5721949338912964,train,True,asr,3,E:\m-hvc\datasets\old-dataset\frames_unique\hate_video_327,0.03394395112991333,0.03035661391913891,0.5589181780815125,0.3767812252044678,1,2,0.6392694711685181
hate_video_328,1,0.9472777843475342,2.8885550498962402,test,True,asr,3,E:\m-hvc\datasets\old-dataset\frames_unique\hate_video_328,0.015478537417948246,0.04077143222093582,0.05247916653752327,0.8912709355354309,1,3,0.9472777843475342
hate_video_329,1,0.7999932765960693,1.3862524032592773,train,True,asr,2,E:\m-hvc\datasets\old-dataset\frames_unique\hate_video_329,0.981661856174469,0.003797166747972369,0.011115123517811298,0.0034258675295859575,1,0,0.7999932765960693
hate_video_33,1,0.9870626330375671,4.3346147537231445,train,True,asr,2,E:\m-hvc\datasets\old-dataset\frames_unique\hate_video_33,0.015148423612117767,0.023533396422863007,0.7939042448997498,0.16741397976875305,1,2,0.9870626330375671
hate_video_330,1,0.9470937252044678,2.884876012802124,train,True,asr,2,E:\m-hvc\datasets\old-dataset\frames_unique\hate_video_330,0.010216934606432915,0.010982287116348743,0.9551677703857422,0.02363303117454052,1,2,0.9470937252044678
hate_video_331,1,0.9800586104393005,3.894817352294922,val,True,asr,2,E:\m-hvc\datasets\old-dataset\frames_unique\hate_video_331,0.010955807752907276,0.01815595105290413,0.8775176405906677,0.09337060898542404,1,2,0.9800586104393005
hate_video_332,1,0.34265297651290894,-0.6514938473701477,train,True,asr,2,E:\m-hvc\datasets\old-dataset\frames_unique\hate_video_332,0.028642907738685608,0.012383322231471539,0.9408667683601379,0.0181070975959301,1,2,0.6573470234870911
hate_video_333,1,0.9657324552536011,3.3386878967285156,val,True,asr,2,E:\m-hvc\datasets\old-dataset\frames_unique\hate_video_333,0.00946370605379343,0.011393592692911625,0.9490002393722534,0.03014235757291317,1,2,0.9657324552536011
hate_video_334,1,0.97557133436203,3.6872670650482178,val,True,asr,2,E:\m-hvc\datasets\old-dataset\frames_unique\hate_video_334,0.02333916537463665,0.053983550518751144,0.8556786775588989,0.0669986754655838,1,2,0.97557133436203
hate_video_335,1,0.8866168856620789,2.056640625,train,True,asr,2,E:\m-hvc\datasets\old-dataset\frames_unique\hate_video_335,0.008090665563941002,0.00911540724337101,0.9492654204368591,0.03352846950292587,1,2,0.8866168856620789
hate_video_336,1,0.9721440672874451,3.552459239959717,train,True,asr,1,E:\m-hvc\datasets\old-dataset\frames_unique\hate_video_336,0.05194249749183655,0.3090759515762329,0.4676271378993988,0.1713545024394989,1,2,0.9721440672874451
hate_video_337,1,0.987210750579834,4.346278190612793,train,True,asr,3,E:\m-hvc\datasets\old-dataset\frames_unique\hate_video_337,0.015530101023614407,0.026545343920588493,0.06573492288589478,0.8921896815299988,1,3,0.987210750579834
hate_video_338,1,0.9835844039916992,4.0929741859436035,train,True,asr,2,E:\m-hvc\datasets\old-dataset\frames_unique\hate_video_338,0.014276959002017975,0.020995618775486946,0.7022841572761536,0.2624432146549225,1,2,0.9835844039916992
hate_video_339,1,0.9097912907600403,2.3110899925231934,test,True,asr,2,E:\m-hvc\datasets\old-dataset\frames_unique\hate_video_339,0.010256467387080193,0.014375651255249977,0.9003064632415771,0.07506144791841507,1,2,0.9097912907600403
hate_video_34,1,0.9195408821105957,2.436124563217163,train,True,asr,3,E:\m-hvc\datasets\old-dataset\frames_unique\hate_video_34,0.015367877669632435,0.02318532019853592,0.10608009248971939,0.8553667068481445,1,3,0.9195408821105957
hate_video_340,1,0.9853050112724304,4.205446720123291,test,True,asr,2,E:\m-hvc\datasets\old-dataset\frames_unique\hate_video_340,0.03185366466641426,0.12674298882484436,0.47617989778518677,0.3652234673500061,1,2,0.9853050112724304
hate_video_341,1,0.9823611974716187,4.01985502243042,train,True,asr,2,E:\m-hvc\datasets\old-dataset\frames_unique\hate_video_341,0.015444936230778694,0.03815499693155289,0.7897696495056152,0.15663039684295654,1,2,0.9823611974716187
hate_video_342,1,0.9392111897468567,2.737635374069214,val,True,asr,1,E:\m-hvc\datasets\old-dataset\frames_unique\hate_video_342,0.042278364300727844,0.2176891565322876,0.6277104616165161,0.11232206225395203,1,2,0.9392111897468567
hate_video_343,1,0.9761453866958618,3.711636781692505,train,False,missing,2,E:\m-hvc\datasets\old-dataset\frames_unique\hate_video_343,0.31238874793052673,0.10682860016822815,0.3942699134349823,0.1865127682685852,1,2,0.9761453866958618
hate_video_344,1,0.9834594130516052,4.085261821746826,train,True,asr,3,E:\m-hvc\datasets\old-dataset\frames_unique\hate_video_344,0.01234941091388464,0.02154206857085228,0.11203518509864807,0.8540732860565186,1,3,0.9834594130516052
hate_video_345,1,0.7732248902320862,1.2266111373901367,train,True,asr,2,E:\m-hvc\datasets\old-dataset\frames_unique\hate_video_345,0.009506138041615486,0.00649383245036006,0.9672451615333557,0.016754748299717903,1,2,0.7732248902320862
hate_video_346,1,0.9853045344352722,4.205409526824951,train,True,asr,3,E:\m-hvc\datasets\old-dataset\frames_unique\hate_video_346,0.014689147472381592,0.027875568717718124,0.05874958634376526,0.8986856937408447,1,3,0.9853045344352722
hate_video_347,1,0.20830963551998138,-1.3351447582244873,train,True,asr,2,E:\m-hvc\datasets\old-dataset\frames_unique\hate_video_347,0.0536002591252327,0.012806117534637451,0.9135251045227051,0.02006852813065052,0,2,0.7916903644800186
hate_video_348,1,0.6357723474502563,0.5570613741874695,train,True,asr,3,E:\m-hvc\datasets\old-dataset\frames_unique\hate_video_348,0.05223830044269562,0.046465516090393066,0.15829625725746155,0.7429999709129333,1,3,0.6357723474502563
hate_video_349,1,0.9868617653846741,4.319004058837891,train,True,asr,3,E:\m-hvc\datasets\old-dataset\frames_unique\hate_video_349,0.01563047245144844,0.02735474333167076,0.06311021745204926,0.8939045667648315,1,3,0.9868617653846741
hate_video_35,1,0.6437265276908875,0.5915752053260803,train,True,asr,3,E:\m-hvc\datasets\old-dataset\frames_unique\hate_video_35,0.04725073650479317,0.03371187672019005,0.17184998095035553,0.7471874952316284,1,3,0.6437265276908875
hate_video_350,1,0.02008941024541855,-3.887268543243408,val,True,asr,2,E:\m-hvc\datasets\old-dataset\frames_unique\hate_video_350,0.9844873547554016,0.0032520845998078585,0.010056456550955772,0.0022040787152945995,0,0,0.9799105897545815
hate_video_351,1,0.25724783539772034,-1.0603225231170654,test,True,asr,2,E:\m-hvc\datasets\old-dataset\frames_unique\hate_video_351,0.05288337171077728,0.029485711827874184,0.8810446262359619,0.036586273461580276,0,2,0.7427521646022797
hate_video_352,1,0.1012875959277153,-2.1829991340637207,train,True,asr,2,E:\m-hvc\datasets\old-dataset\frames_unique\hate_video_352,0.9968473315238953,0.000736604502890259,0.0020044182892888784,0.0004116483614780009,0,0,0.8987124040722847
hate_video_353,1,0.9820974469184875,4.004744529724121,test,True,asr,2,E:\m-hvc\datasets\old-dataset\frames_unique\hate_video_353,0.013813014142215252,0.020531704649329185,0.649703860282898,0.315951406955719,1,2,0.9820974469184875
hate_video_354,1,0.9705519676208496,3.4952378273010254,val,True,asr,1,E:\m-hvc\datasets\old-dataset\frames_unique\hate_video_354,0.08116081357002258,0.2311715930700302,0.5583000779151917,0.12936757504940033,1,2,0.9705519676208496
hate_video_355,1,0.9814281463623047,3.9673590660095215,test,True,asr,2,E:\m-hvc\datasets\old-dataset\frames_unique\hate_video_355,0.014713110402226448,0.03696003928780556,0.8019117712974548,0.14641518890857697,1,2,0.9814281463623047
hate_video_356,1,0.976856529712677,3.742626667022705,val,True,asr,2,E:\m-hvc\datasets\old-dataset\frames_unique\hate_video_356,0.031257256865501404,0.16511653363704681,0.5939801931381226,0.20964601635932922,1,2,0.976856529712677
hate_video_357,1,0.9650183320045471,3.3173229694366455,train,True,asr,2,E:\m-hvc\datasets\old-dataset\frames_unique\hate_video_357,0.01025509461760521,0.01286375243216753,0.9431610107421875,0.033720191568136215,1,2,0.9650183320045471
hate_video_358,1,0.9706323742866516,3.498054027557373,train,True,asr,2,E:\m-hvc\datasets\old-dataset\frames_unique\hate_video_358,0.04542586952447891,0.03289400413632393,0.8638496398925781,0.05783053860068321,1,2,0.9706323742866516
hate_video_359,1,0.9746248722076416,3.648284673690796,train,True,asr,2,E:\m-hvc\datasets\old-dataset\frames_unique\hate_video_359,0.013397273607552052,0.017162850126624107,0.6695402264595032,0.2998996675014496,1,2,0.9746248722076416
hate_video_36,1,0.7728745937347412,1.2246146202087402,train,True,asr,2,E:\m-hvc\datasets\old-dataset\frames_unique\hate_video_36,0.9050742983818054,0.010769425891339779,0.07741551846265793,0.00674076471477747,1,0,0.7728745937347412
hate_video_360,1,0.9757910370826721,3.6965270042419434,train,True,asr,1,E:\m-hvc\datasets\old-dataset\frames_unique\hate_video_360,0.04553631320595741,0.22830578684806824,0.5454283356666565,0.18072952330112457,1,2,0.9757910370826721
hate_video_361,1,0.9782001376152039,3.80381178855896,train,True,asr,2,E:\m-hvc\datasets\old-dataset\frames_unique\hate_video_361,0.009538399055600166,0.01360422745347023,0.9257700443267822,0.05108727514743805,1,2,0.9782001376152039
hate_video_362,1,0.9819438457489014,3.996047019958496,val,True,asr,2,E:\m-hvc\datasets\old-dataset\frames_unique\hate_video_362,0.04898405820131302,0.0729333832859993,0.6526146531105042,0.22546784579753876,1,2,0.9819438457489014
hate_video_363,1,0.658216655254364,0.6553570032119751,train,True,asr,2,E:\m-hvc\datasets\old-dataset\frames_unique\hate_video_363,0.009212183766067028,0.008852286264300346,0.9684385657310486,0.013496928848326206,1,2,0.658216655254364
hate_video_364,1,0.9198223948478699,2.4399361610412598,train,True,asr,3,E:\m-hvc\datasets\old-dataset\frames_unique\hate_video_364,0.014101925306022167,0.022884223610162735,0.6083002686500549,0.3547136187553406,1,2,0.9198223948478699
hate_video_365,1,0.7562639713287354,1.1323047876358032,train,True,asr,2,E:\m-hvc\datasets\old-dataset\frames_unique\hate_video_365,0.013833875767886639,0.030455591157078743,0.8311343789100647,0.1245761290192604,1,2,0.7562639713287354
hate_video_366,1,0.9054108262062073,2.258845806121826,test,True,asr,3,E:\m-hvc\datasets\old-dataset\frames_unique\hate_video_366,0.022207394242286682,0.032417695969343185,0.09726841747760773,0.8481065034866333,1,3,0.9054108262062073
hate_video_367,1,0.21827498078346252,-1.2757474184036255,val,True,asr,1,E:\m-hvc\datasets\old-dataset\frames_unique\hate_video_367,0.18708889186382294,0.37943610548973083,0.32728829979896545,0.10618669539690018,0,1,0.7817250192165375
hate_video_368,1,0.9731655120849609,3.590867280960083,train,True,asr,3,E:\m-hvc\datasets\old-dataset\frames_unique\hate_video_368,0.011795498430728912,0.021891022101044655,0.1590985357761383,0.8072149753570557,1,3,0.9731655120849609
hate_video_369,1,0.870273768901825,1.90338134765625,test,False,missing,2,E:\m-hvc\datasets\old-dataset\frames_unique\hate_video_369,0.2893119156360626,0.1073218286037445,0.4682246446609497,0.13514159619808197,1,2,0.870273768901825
hate_video_37,1,0.988549530506134,4.458213806152344,train,True,asr,2,E:\m-hvc\datasets\old-dataset\frames_unique\hate_video_37,0.01607891544699669,0.021876398473978043,0.7492687702178955,0.21277585625648499,1,2,0.988549530506134
hate_video_370,1,0.9808921217918396,3.9383630752563477,train,True,asr,2,E:\m-hvc\datasets\old-dataset\frames_unique\hate_video_370,0.01322923507541418,0.015862906351685524,0.9179162383079529,0.05299156904220581,1,2,0.9808921217918396
hate_video_371,1,0.12590853869915009,-1.937629222869873,val,True,asr,2,E:\m-hvc\datasets\old-dataset\frames_unique\hate_video_371,0.16513623297214508,0.019234556704759598,0.7968850135803223,0.018744084984064102,0,2,0.8740914613008499
hate_video_372,1,0.8772911429405212,1.967024326324463,val,True,asr,2,E:\m-hvc\datasets\old-dataset\frames_unique\hate_video_372,0.00911310687661171,0.00526774674654007,0.9705191850662231,0.01510001439601183,1,2,0.8772911429405212
hate_video_373,1,0.9209439754486084,2.455242156982422,train,True,asr,2,E:\m-hvc\datasets\old-dataset\frames_unique\hate_video_373,0.010099728591740131,0.02306855097413063,0.9227631092071533,0.04406864196062088,1,2,0.9209439754486084
hate_video_374,1,0.22897709906101227,-1.2140960693359375,test,True,asr,2,E:\m-hvc\datasets\old-dataset\frames_unique\hate_video_374,0.04708123952150345,0.023291723802685738,0.9002624154090881,0.029364705085754395,0,2,0.7710229009389877
hate_video_375,1,0.3153078258037567,-0.7754200100898743,test,True,asr,2,E:\m-hvc\datasets\old-dataset\frames_unique\hate_video_375,0.04374312609434128,0.021825367584824562,0.8945469856262207,0.03988451510667801,1,2,0.6846921741962433
hate_video_376,1,0.2727952003479004,-0.9804868698120117,train,True,asr,2,E:\m-hvc\datasets\old-dataset\frames_unique\hate_video_376,0.03292493149638176,0.012232891283929348,0.9388035535812378,0.01603868044912815,0,2,0.7272047996520996
hate_video_377,1,0.7665472626686096,1.1889166831970215,train,True,asr,2,E:\m-hvc\datasets\old-dataset\frames_unique\hate_video_377,0.008762228302657604,0.006053077522665262,0.9637675881385803,0.021417168900370598,1,2,0.7665472626686096
hate_video_378,1,0.8527836799621582,1.7566032409667969,train,True,asr,1,E:\m-hvc\datasets\old-dataset\frames_unique\hate_video_378,0.07182718813419342,0.6576005816459656,0.15122157335281372,0.11935069411993027,1,1,0.8527836799621582
hate_video_379,1,0.9777912497520447,3.7848081588745117,train,True,asr,3,E:\m-hvc\datasets\old-dataset\frames_unique\hate_video_379,0.009313641116023064,0.02124055102467537,0.044409602880477905,0.9250362515449524,1,3,0.9777912497520447
hate_video_38,1,0.9780647158622742,3.7974798679351807,train,True,asr,2,E:\m-hvc\datasets\old-dataset\frames_unique\hate_video_38,0.013478618115186691,0.015592280775308609,0.9205633997917175,0.05036572739481926,1,2,0.9780647158622742
hate_video_380,1,0.2557702660560608,-1.0680701732635498,val,True,asr,2,E:\m-hvc\datasets\old-dataset\frames_unique\hate_video_380,0.07018102705478668,0.02088005468249321,0.8334920406341553,0.07544688880443573,0,2,0.7442297339439392
hate_video_381,1,0.7158342003822327,0.9238905310630798,train,True,asr,2,E:\m-hvc\datasets\old-dataset\frames_unique\hate_video_381,0.00835593231022358,0.006505034398287535,0.9740390181541443,0.011100029572844505,1,2,0.7158342003822327
hate_video_382,1,0.23412463068962097,-1.1851658821105957,test,True,asr,2,E:\m-hvc\datasets\old-dataset\frames_unique\hate_video_382,0.04093921557068825,0.016495054587721825,0.9170104265213013,0.025555314496159554,0,2,0.765875369310379
hate_video_383,1,0.17185178399085999,-1.5725598335266113,train,True,asr,2,E:\m-hvc\datasets\old-dataset\frames_unique\hate_video_383,0.12764354050159454,0.041547346860170364,0.7813836336135864,0.049425505101680756,0,2,0.82814821600914
hate_video_384,1,0.9751470685005188,3.6696135997772217,train,True,asr,2,E:\m-hvc\datasets\old-dataset\frames_unique\hate_video_384,0.013261724263429642,0.016335684806108475,0.7939726114273071,0.17643003165721893,1,2,0.9751470685005188
hate_video_385,1,0.18076619505882263,-1.5111650228500366,train,True,asr,2,E:\m-hvc\datasets\old-dataset\frames_unique\hate_video_385,0.9375287890434265,0.005353406071662903,0.05308138579130173,0.004036442842334509,0,0,0.8192338049411774
hate_video_386,1,0.670382559299469,0.7099158763885498,train,True,asr,2,E:\m-hvc\datasets\old-dataset\frames_unique\hate_video_386,0.024453889578580856,0.0490846112370491,0.8956521153450012,0.03080938011407852,1,2,0.670382559299469
hate_video_387,1,0.9671440720558167,3.382214069366455,train,True,asr,2,E:\m-hvc\datasets\old-dataset\frames_unique\hate_video_387,0.020506875589489937,0.015286974608898163,0.9282193779945374,0.03598673269152641,1,2,0.9671440720558167
hate_video_388,1,0.9836971163749695,4.099976062774658,train,True,asr,2,E:\m-hvc\datasets\old-dataset\frames_unique\hate_video_388,0.038479264825582504,0.15540260076522827,0.6061541438102722,0.1999640017747879,1,2,0.9836971163749695
hate_video_389,1,0.4287506639957428,-0.2869502305984497,test,True,asr,2,E:\m-hvc\datasets\old-dataset\frames_unique\hate_video_389,0.02675996907055378,0.009617595002055168,0.9282916784286499,0.03533081337809563,1,2,0.5712493360042572
hate_video_39,1,0.9779068231582642,3.7901482582092285,train,True,asr,1,E:\m-hvc\datasets\old-dataset\frames_unique\hate_video_39,0.05574129521846771,0.33006784319877625,0.275940865278244,0.33824998140335083,1,3,0.9779068231582642
hate_video_390,1,0.951637864112854,2.9794673919677734,train,True,asr,2,E:\m-hvc\datasets\old-dataset\frames_unique\hate_video_390,0.007392992731183767,0.007868551649153233,0.9594413638114929,0.025297047570347786,1,2,0.951637864112854
hate_video_391,1,0.9847875237464905,4.1703081130981445,val,True,asr,2,E:\m-hvc\datasets\old-dataset\frames_unique\hate_video_391,0.016829339787364006,0.020260540768504143,0.7466568350791931,0.21625325083732605,1,2,0.9847875237464905
hate_video_392,1,0.3044586479663849,-0.8261551856994629,test,True,asr,2,E:\m-hvc\datasets\old-dataset\frames_unique\hate_video_392,0.07394248992204666,0.09203073382377625,0.7849095463752747,0.04911712929606438,0,2,0.6955413520336151
hate_video_393,1,0.9546546936035156,3.047043800354004,train,True,asr,2,E:\m-hvc\datasets\old-dataset\frames_unique\hate_video_393,0.00923586543649435,0.00704334257170558,0.9638711214065552,0.01984971947968006,1,2,0.9546546936035156
hate_video_394,1,0.9652998447418213,3.325695514678955,test,True,asr,2,E:\m-hvc\datasets\old-dataset\frames_unique\hate_video_394,0.009492783807218075,0.012625055387616158,0.9189821481704712,0.05889993533492088,1,2,0.9652998447418213
hate_video_395,1,0.9483527541160583,2.910290241241455,train,True,asr,2,E:\m-hvc\datasets\old-dataset\frames_unique\hate_video_395,0.008473995141685009,0.010549326427280903,0.9381905794143677,0.0427861250936985,1,2,0.9483527541160583
hate_video_396,1,0.4657002389431,-0.13741502165794373,test,True,asr,1,E:\m-hvc\datasets\old-dataset\frames_unique\hate_video_396,0.19529330730438232,0.5937226414680481,0.11875075101852417,0.0922333151102066,1,1,0.5342997610569
hate_video_397,1,0.9633632898330688,3.269378185272217,train,False,missing,2,E:\m-hvc\datasets\old-dataset\frames_unique\hate_video_397,0.3820791244506836,0.09986327588558197,0.3495289087295532,0.1685287356376648,1,0,0.9633632898330688
hate_video_398,1,0.8899192810058594,2.089916706085205,train,True,asr,3,E:\m-hvc\datasets\old-dataset\frames_unique\hate_video_398,0.01968492567539215,0.027510959655046463,0.07658236473798752,0.876221776008606,1,3,0.8899192810058594
hate_video_399,1,0.9264669418334961,2.5336427688598633,train,True,asr,2,E:\m-hvc\datasets\old-dataset\frames_unique\hate_video_399,0.008781267330050468,0.0095778563991189,0.9308238625526428,0.05081699416041374,1,2,0.9264669418334961
hate_video_4,1,0.9787731766700745,3.8310327529907227,train,True,asr,2,E:\m-hvc\datasets\old-dataset\frames_unique\hate_video_4,0.014995546080172062,0.027955157682299614,0.8926207423210144,0.06442850083112717,1,2,0.9787731766700745
hate_video_40,1,0.9853146076202393,4.206104278564453,val,True,asr,2,E:\m-hvc\datasets\old-dataset\frames_unique\hate_video_40,0.012135815806686878,0.02078566700220108,0.8360438942909241,0.13103461265563965,1,2,0.9853146076202393
hate_video_400,1,0.9278345704078674,2.553892135620117,train,True,asr,2,E:\m-hvc\datasets\old-dataset\frames_unique\hate_video_400,0.09294508397579193,0.0895635336637497,0.7653982639312744,0.05209311097860336,1,2,0.9278345704078674
hate_video_401,1,0.9165803790092468,2.396765947341919,train,True,asr,3,E:\m-hvc\datasets\old-dataset\frames_unique\hate_video_401,0.016540352255105972,0.023292049765586853,0.06370895355939865,0.896458625793457,1,3,0.9165803790092468
hate_video_402,1,0.3016037046909332,-0.8396726846694946,test,True,asr,1,E:\m-hvc\datasets\old-dataset\frames_unique\hate_video_402,0.12655200064182281,0.40990903973579407,0.367881178855896,0.09565778076648712,0,1,0.6983962953090668
hate_video_403,1,0.9864066243171692,4.284486770629883,train,True,asr,3,E:\m-hvc\datasets\old-dataset\frames_unique\hate_video_403,0.012950565665960312,0.021590473130345345,0.0801955834031105,0.8852633833885193,1,3,0.9864066243171692
hate_video_404,1,0.9182460308074951,2.4187512397766113,val,True,asr,2,E:\m-hvc\datasets\old-dataset\frames_unique\hate_video_404,0.007344242185354233,0.006309704389423132,0.967092752456665,0.019253304228186607,1,2,0.9182460308074951
hate_video_405,1,0.9385679960250854,2.7264232635498047,test,True,asr,2,E:\m-hvc\datasets\old-dataset\frames_unique\hate_video_405,0.010303862392902374,0.007831950671970844,0.9569176435470581,0.024946505203843117,1,2,0.9385679960250854
hate_video_406,1,0.08922348916530609,-2.323153257369995,val,False,missing,2,E:\m-hvc\datasets\old-dataset\frames_unique\hate_video_406,0.8488064408302307,0.023070376366376877,0.10668157041072845,0.021441619843244553,0,0,0.9107765108346939
hate_video_407,1,0.8692799210548401,1.8946070671081543,val,True,asr,1,E:\m-hvc\datasets\old-dataset\frames_unique\hate_video_407,0.04823457822203636,0.6280655264854431,0.21040548384189606,0.1132943406701088,1,1,0.8692799210548401
hate_video_408,1,0.7578579783439636,1.1409715414047241,train,True,asr,1,E:\m-hvc\datasets\old-dataset\frames_unique\hate_video_408,0.04834749549627304,0.23991258442401886,0.5452126264572144,0.16652727127075195,1,2,0.7578579783439636
hate_video_409,1,0.9823916554450989,4.021615982055664,train,True,asr,2,E:\m-hvc\datasets\old-dataset\frames_unique\hate_video_409,0.013155680149793625,0.026132937520742416,0.8249488472938538,0.1357625424861908,1,2,0.9823916554450989
hate_video_41,1,0.975255012512207,3.6740729808807373,train,True,asr,2,E:\m-hvc\datasets\old-dataset\frames_unique\hate_video_41,0.009406369179487228,0.010507962666451931,0.9208094477653503,0.05927626043558121,1,2,0.975255012512207
hate_video_410,1,0.7873821258544922,1.3092174530029297,train,True,asr,2,E:\m-hvc\datasets\old-dataset\frames_unique\hate_video_410,0.4166179597377777,0.08647754788398743,0.4623427391052246,0.034561656415462494,1,2,0.7873821258544922
hate_video_411,1,0.9748051762580872,3.655599594116211,train,True,asr,2,E:\m-hvc\datasets\old-dataset\frames_unique\hate_video_411,0.010354910045862198,0.012140611186623573,0.9001256823539734,0.07737884670495987,1,2,0.9748051762580872
hate_video_412,1,0.9086881279945374,2.2977211475372314,train,False,missing,2,E:\m-hvc\datasets\old-dataset\frames_unique\hate_video_412,0.4463389813899994,0.07992938160896301,0.3748811185359955,0.09885051846504211,1,0,0.9086881279945374
hate_video_413,1,0.9312714338302612,2.6063852310180664,train,True,asr,1,E:\m-hvc\datasets\old-dataset\frames_unique\hate_video_413,0.05224742367863655,0.5967649817466736,0.157396599650383,0.19359099864959717,1,1,0.9312714338302612
hate_video_414,1,0.12129268795251846,-1.9802453517913818,test,True,asr,2,E:\m-hvc\datasets\old-dataset\frames_unique\hate_video_414,0.9952905178070068,0.0010590084129944444,0.002921235514804721,0.0007292201044037938,0,0,0.8787073120474815
hate_video_415,1,0.9199110269546509,2.4411392211914062,train,True,asr,2,E:\m-hvc\datasets\old-dataset\frames_unique\hate_video_415,0.006928838323801756,0.007862837053835392,0.9431212544441223,0.04208700731396675,1,2,0.9199110269546509
hate_video_416,1,0.9838686585426331,4.110727310180664,val,True,asr,2,E:\m-hvc\datasets\old-dataset\frames_unique\hate_video_416,0.017661558464169502,0.016696782782673836,0.8864868879318237,0.07915475964546204,1,2,0.9838686585426331
hate_video_417,1,0.8292154669761658,1.580077052116394,train,True,asr,2,E:\m-hvc\datasets\old-dataset\frames_unique\hate_video_417,0.012911422178149223,0.03655724599957466,0.9143832921981812,0.0361480675637722,1,2,0.8292154669761658
hate_video_418,1,0.4918366074562073,-0.03265659138560295,train,True,asr,2,E:\m-hvc\datasets\old-dataset\frames_unique\hate_video_418,0.017788531258702278,0.007652457803487778,0.9513271450996399,0.02323179878294468,1,2,0.5081633925437927
hate_video_419,1,0.8753540515899658,1.9491513967514038,train,True,asr,2,E:\m-hvc\datasets\old-dataset\frames_unique\hate_video_419,0.0066154710948467255,0.007588473614305258,0.9704148769378662,0.015381166711449623,1,2,0.8753540515899658
hate_video_42,1,0.9399410486221313,2.75049090385437,test,True,asr,2,E:\m-hvc\datasets\old-dataset\frames_unique\hate_video_42,0.006958461366593838,0.009302747435867786,0.9349793791770935,0.04875936731696129,1,2,0.9399410486221313
hate_video_420,1,0.8467822670936584,1.7095839977264404,train,True,asr,3,E:\m-hvc\datasets\old-dataset\frames_unique\hate_video_420,0.022492799907922745,0.028935495764017105,0.07370917499065399,0.874862551689148,1,3,0.8467822670936584
hate_video_421,1,0.9838719964027405,4.110942840576172,test,True,asr,3,E:\m-hvc\datasets\old-dataset\frames_unique\hate_video_421,0.01308539416640997,0.025885969400405884,0.1948833167552948,0.7661453485488892,1,3,0.9838719964027405
hate_video_422,1,0.9020138382911682,2.2198033332824707,val,True,asr,3,E:\m-hvc\datasets\old-dataset\frames_unique\hate_video_422,0.012948863208293915,0.01702384278178215,0.7007667422294617,0.26926055550575256,1,2,0.9020138382911682
hate_video_423,1,0.9735143780708313,3.604311466217041,train,True,asr,2,E:\m-hvc\datasets\old-dataset\frames_unique\hate_video_423,0.020903650671243668,0.014370505698025227,0.913113534450531,0.05161232128739357,1,2,0.9735143780708313
hate_video_424,1,0.5512240529060364,0.20561756193637848,train,True,asr,2,E:\m-hvc\datasets\old-dataset\frames_unique\hate_video_424,0.9890411496162415,0.0027397433295845985,0.006364256143569946,0.0018548156367614865,1,0,0.5512240529060364
hate_video_425,1,0.12806938588619232,-1.9181376695632935,val,True,asr,2,E:\m-hvc\datasets\old-dataset\frames_unique\hate_video_425,0.21798455715179443,0.10036925971508026,0.6100171804428101,0.07162901759147644,0,2,0.8719306141138077
hate_video_426,0,0.08839023858308792,-2.3334503173828125,test,False,missing,0,E:\m-hvc\datasets\old-dataset\frames_unique\hate_video_426,0.823430061340332,0.027807891368865967,0.11991611123085022,0.028845954686403275,0,0,0.9116097614169121
hate_video_427,1,0.9813220500946045,3.9615578651428223,val,True,asr,2,E:\m-hvc\datasets\old-dataset\frames_unique\hate_video_427,0.012497182004153728,0.02157466858625412,0.8876458406448364,0.07828237116336823,1,2,0.9813220500946045
hate_video_428,1,0.9630675315856934,3.261033296585083,train,True,asr,2,E:\m-hvc\datasets\old-dataset\frames_unique\hate_video_428,0.008344423957169056,0.008819282986223698,0.9565069675445557,0.026329372078180313,1,2,0.9630675315856934
hate_video_429,1,0.9723389148712158,3.5596773624420166,train,True,asr,2,E:\m-hvc\datasets\old-dataset\frames_unique\hate_video_429,0.031927045434713364,0.13427138328552246,0.7199657559394836,0.11383581161499023,1,2,0.9723389148712158
hate_video_43,1,0.9821926951408386,4.010179042816162,train,True,asr,3,E:\m-hvc\datasets\old-dataset\frames_unique\hate_video_43,0.012224337086081505,0.020076531916856766,0.10358186066150665,0.8641173243522644,1,3,0.9821926951408386
hate_video_430,1,0.9553442001342773,3.0630879402160645,train,False,missing,2,E:\m-hvc\datasets\old-dataset\frames_unique\hate_video_430,0.3490573465824127,0.10011200606822968,0.41055160760879517,0.14027908444404602,1,2,0.9553442001342773
hate_video_431,1,0.9254675507545471,2.5190649032592773,train,True,asr,2,E:\m-hvc\datasets\old-dataset\frames_unique\hate_video_431,0.0073794228956103325,0.006420510355383158,0.9583905935287476,0.027809416875243187,1,2,0.9254675507545471
hate_video_44,1,0.93365478515625,2.644235372543335,train,True,asr,2,E:\m-hvc\datasets\old-dataset\frames_unique\hate_video_44,0.0082582151517272,0.006960235070437193,0.9700744152069092,0.014707076363265514,1,2,0.93365478515625
hate_video_45,1,0.8802034258842468,1.9943580627441406,train,True,asr,3,E:\m-hvc\datasets\old-dataset\frames_unique\hate_video_45,0.028130970895290375,0.0776740312576294,0.6145444512367249,0.27965056896209717,1,2,0.8802034258842468
hate_video_46,1,0.9714096188545227,3.5256800651550293,train,False,missing,2,E:\m-hvc\datasets\old-dataset\frames_unique\hate_video_46,0.30476516485214233,0.1237308531999588,0.35627150535583496,0.2152324914932251,1,2,0.9714096188545227
hate_video_47,1,0.3738878071308136,-0.5155738592147827,test,True,asr,2,E:\m-hvc\datasets\old-dataset\frames_unique\hate_video_47,0.9950951337814331,0.0012046622578054667,0.0030078066047281027,0.000692344328854233,1,0,0.6261121928691864
hate_video_48,1,0.9667056798934937,3.368509292602539,val,True,asr,2,E:\m-hvc\datasets\old-dataset\frames_unique\hate_video_48,0.01946154609322548,0.01750878430902958,0.9316249489784241,0.03140473738312721,1,2,0.9667056798934937
hate_video_49,1,0.9832651615142822,4.073385715484619,train,True,asr,2,E:\m-hvc\datasets\old-dataset\frames_unique\hate_video_49,0.018366795033216476,0.04241374880075455,0.8392331004142761,0.09998640418052673,1,2,0.9832651615142822
hate_video_5,1,0.8613141179084778,1.8262481689453125,train,True,asr,2,E:\m-hvc\datasets\old-dataset\frames_unique\hate_video_5,0.007861185818910599,0.006265687290579081,0.975473165512085,0.010400005616247654,1,2,0.8613141179084778
hate_video_50,1,0.15718676149845123,-1.67931067943573,train,True,asr,2,E:\m-hvc\datasets\old-dataset\frames_unique\hate_video_50,0.9964312314987183,0.0008538071415387094,0.002250875113531947,0.00046405685134232044,0,0,0.8428132385015488
hate_video_51,1,0.9625107049942017,3.245488405227661,test,True,asr,2,E:\m-hvc\datasets\old-dataset\frames_unique\hate_video_51,0.008757113479077816,0.008790004067122936,0.9512104392051697,0.03124241717159748,1,2,0.9625107049942017
hate_video_52,1,0.3165014982223511,-0.7698964476585388,train,True,asr,2,E:\m-hvc\datasets\old-dataset\frames_unique\hate_video_52,0.9954373240470886,0.0011750059202313423,0.0027595199644565582,0.0006280920351855457,1,0,0.6834985017776489
hate_video_53,1,0.9860543608665466,4.258543014526367,train,True,asr,3,E:\m-hvc\datasets\old-dataset\frames_unique\hate_video_53,0.014590459875762463,0.02886698581278324,0.08782406151294708,0.8687185645103455,1,3,0.9860543608665466
hate_video_54,1,0.6078625917434692,0.4383363723754883,train,True,asr,2,E:\m-hvc\datasets\old-dataset\frames_unique\hate_video_54,0.037224963307380676,0.011112982407212257,0.9387996792793274,0.012862414121627808,1,2,0.6078625917434692
hate_video_55,1,0.3459354043006897,-0.6369539499282837,val,True,asr,2,E:\m-hvc\datasets\old-dataset\frames_unique\hate_video_55,0.07312945276498795,0.11723562330007553,0.750059187412262,0.05957571044564247,1,2,0.6540645956993103
hate_video_56,1,0.9342740178108215,2.6542744636535645,train,True,asr,2,E:\m-hvc\datasets\old-dataset\frames_unique\hate_video_56,0.010039400309324265,0.010470997542142868,0.9620139002799988,0.017475761473178864,1,2,0.9342740178108215
hate_video_57,1,0.6191816926002502,0.4860764741897583,train,False,missing,2,E:\m-hvc\datasets\old-dataset\frames_unique\hate_video_57,0.7111557722091675,0.04239460080862045,0.19719330966472626,0.049256324768066406,1,0,0.6191816926002502
hate_video_58,1,0.9820892810821533,4.004283905029297,train,True,asr,3,E:\m-hvc\datasets\old-dataset\frames_unique\hate_video_58,0.01254435908049345,0.0225969348102808,0.07548056542873383,0.8893781900405884,1,3,0.9820892810821533
hate_video_59,1,0.17327556014060974,-1.5625882148742676,train,True,asr,2,E:\m-hvc\datasets\old-dataset\frames_unique\hate_video_59,0.9965243935585022,0.0008000466623343527,0.002215636195614934,0.0004598969535436481,0,0,0.8267244398593903
hate_video_6,1,0.9871858954429626,4.344314098358154,train,True,asr,3,E:\m-hvc\datasets\old-dataset\frames_unique\hate_video_6,0.013630157336592674,0.02744729071855545,0.10202611237764359,0.8568964004516602,1,3,0.9871858954429626
hate_video_60,1,0.9743652939796448,3.6378402709960938,train,True,asr,1,E:\m-hvc\datasets\old-dataset\frames_unique\hate_video_60,0.031654443591833115,0.1808924376964569,0.5910702347755432,0.19638288021087646,1,2,0.9743652939796448
hate_video_61,1,0.8859541416168213,2.0500640869140625,test,True,asr,2,E:\m-hvc\datasets\old-dataset\frames_unique\hate_video_61,0.01761578768491745,0.02227572165429592,0.941253125667572,0.01885528303682804,1,2,0.8859541416168213
hate_video_62,1,0.8759211301803589,1.9543585777282715,train,True,asr,2,E:\m-hvc\datasets\old-dataset\frames_unique\hate_video_62,0.006444180849939585,0.005282464437186718,0.9769737124443054,0.011299642734229565,1,2,0.8759211301803589
hate_video_63,1,0.25170695781707764,-1.0895291566848755,train,True,asr,2,E:\m-hvc\datasets\old-dataset\frames_unique\hate_video_63,0.9958284497261047,0.0009858347475528717,0.0026127842720597982,0.0005729301483370364,0,0,0.7482930421829224
hate_video_64,1,0.9807676672935486,3.9317431449890137,train,True,asr,2,E:\m-hvc\datasets\old-dataset\frames_unique\hate_video_64,0.036598097532987595,0.129573792219162,0.680793046951294,0.1530350148677826,1,2,0.9807676672935486
hate_video_65,1,0.9477484822273254,2.898019790649414,test,True,asr,3,E:\m-hvc\datasets\old-dataset\frames_unique\hate_video_65,0.02381744608283043,0.07203245908021927,0.34456756711006165,0.5595824718475342,1,3,0.9477484822273254
hate_video_66,1,0.6309609413146973,0.5363413095474243,train,True,asr,2,E:\m-hvc\datasets\old-dataset\frames_unique\hate_video_66,0.013043083250522614,0.007539810612797737,0.9677025675773621,0.011714495718479156,1,2,0.6309609413146973
hate_video_67,1,0.9874839186668396,4.3681488037109375,train,True,asr,3,E:\m-hvc\datasets\old-dataset\frames_unique\hate_video_67,0.012388849630951881,0.022364825010299683,0.08151701092720032,0.8837293386459351,1,3,0.9874839186668396
hate_video_68,1,0.9807342290878296,3.9299724102020264,train,True,asr,2,E:\m-hvc\datasets\old-dataset\frames_unique\hate_video_68,0.013724184595048428,0.01270390022546053,0.9116411209106445,0.06193086504936218,1,2,0.9807342290878296
hate_video_69,1,0.20443876087665558,-1.3587794303894043,train,True,asr,2,E:\m-hvc\datasets\old-dataset\frames_unique\hate_video_69,0.9951316118240356,0.001205424196086824,0.0030353879556059837,0.000627621600870043,0,0,0.7955612391233444
hate_video_7,1,0.9591913819313049,3.1571972370147705,train,True,asr,1,E:\m-hvc\datasets\old-dataset\frames_unique\hate_video_7,0.07109518349170685,0.5599480271339417,0.19175493717193604,0.17720182240009308,1,1,0.9591913819313049
hate_video_70,1,0.9555608630180359,3.0681777000427246,train,True,asr,2,E:\m-hvc\datasets\old-dataset\frames_unique\hate_video_70,0.012773701921105385,0.030728159472346306,0.8914318084716797,0.06506627053022385,1,2,0.9555608630180359
hate_video_71,1,0.9699230194091797,3.473454236984253,train,True,asr,3,E:\m-hvc\datasets\old-dataset\frames_unique\hate_video_71,0.018870661035180092,0.028800634667277336,0.5588343143463135,0.3934943974018097,1,2,0.9699230194091797
hate_video_72,1,0.9029008746147156,2.229879856109619,test,True,asr,2,E:\m-hvc\datasets\old-dataset\frames_unique\hate_video_72,0.012098131701350212,0.01025852095335722,0.9546841382980347,0.022959144786000252,1,2,0.9029008746147156
hate_video_73,1,0.976520836353302,3.72788405418396,test,True,asr,3,E:\m-hvc\datasets\old-dataset\frames_unique\hate_video_73,0.011121051385998726,0.02005978859961033,0.0717020258307457,0.8971170783042908,1,3,0.976520836353302
hate_video_74,1,0.9275354146957397,2.5494322776794434,train,True,asr,2,E:\m-hvc\datasets\old-dataset\frames_unique\hate_video_74,0.010239050723612309,0.01440949086099863,0.946962833404541,0.028388557955622673,1,2,0.9275354146957397
hate_video_75,1,0.9639209508895874,3.2852978706359863,train,True,asr,1,E:\m-hvc\datasets\old-dataset\frames_unique\hate_video_75,0.05392633378505707,0.41759198904037476,0.3438619077205658,0.18461979925632477,1,1,0.9639209508895874
hate_video_76,1,0.7980539202690125,1.3741755485534668,train,True,asr,2,E:\m-hvc\datasets\old-dataset\frames_unique\hate_video_76,0.009659785777330399,0.008265609852969646,0.9642897248268127,0.01778489165008068,1,2,0.7980539202690125
hate_video_77,1,0.9669017791748047,3.3746182918548584,train,False,missing,2,E:\m-hvc\datasets\old-dataset\frames_unique\hate_video_77,0.33006954193115234,0.09045300632715225,0.4139249622821808,0.16555249691009521,1,2,0.9669017791748047
hate_video_78,1,0.9742916226387024,3.6348931789398193,train,True,asr,2,E:\m-hvc\datasets\old-dataset\frames_unique\hate_video_78,0.048084061592817307,0.028686335310339928,0.8668358325958252,0.05639376863837242,1,2,0.9742916226387024
hate_video_79,1,0.9775197505950928,3.7723779678344727,train,True,asr,2,E:\m-hvc\datasets\old-dataset\frames_unique\hate_video_79,0.013562595471739769,0.018403135240077972,0.8506472706794739,0.11738692969083786,1,2,0.9775197505950928
hate_video_8,1,0.9783152341842651,3.8092243671417236,train,True,asr,1,E:\m-hvc\datasets\old-dataset\frames_unique\hate_video_8,0.045182403177022934,0.3254863917827606,0.33892616629600525,0.2904050350189209,1,2,0.9783152341842651
hate_video_80,1,0.978224515914917,3.8049535751342773,train,True,asr,2,E:\m-hvc\datasets\old-dataset\frames_unique\hate_video_80,0.015227374620735645,0.02072950266301632,0.6245129108428955,0.33953019976615906,1,2,0.978224515914917
hate_video_81,1,0.9635286927223206,3.274077892303467,train,True,asr,3,E:\m-hvc\datasets\old-dataset\frames_unique\hate_video_81,0.02936728298664093,0.04540790989995003,0.32832974195480347,0.5968950390815735,1,3,0.9635286927223206
hate_video_82,1,0.33561384677886963,-0.6829023361206055,test,True,asr,2,E:\m-hvc\datasets\old-dataset\frames_unique\hate_video_82,0.024797456339001656,0.009399790316820145,0.9489356279373169,0.016867127269506454,1,2,0.6643861532211304
hate_video_83,1,0.30154353380203247,-0.8399584293365479,test,True,asr,2,E:\m-hvc\datasets\old-dataset\frames_unique\hate_video_83,0.051933493465185165,0.01493680290877819,0.8737040162086487,0.05942566320300102,0,2,0.6984564661979675
hate_video_84,1,0.9878486394882202,4.39808988571167,train,True,asr,2,E:\m-hvc\datasets\old-dataset\frames_unique\hate_video_84,0.015933237969875336,0.024016862735152245,0.7286629676818848,0.2313869148492813,1,2,0.9878486394882202
hate_video_85,1,0.9810840487480164,3.948653221130371,test,True,asr,2,E:\m-hvc\datasets\old-dataset\frames_unique\hate_video_85,0.012821249663829803,0.01675695925951004,0.8960676193237305,0.07435417920351028,1,2,0.9810840487480164
hate_video_86,1,0.9844598770141602,4.148667335510254,train,True,asr,2,E:\m-hvc\datasets\old-dataset\frames_unique\hate_video_86,0.013296776451170444,0.01667640171945095,0.8895487189292908,0.08047809451818466,1,2,0.9844598770141602
hate_video_87,1,0.9520794153213501,2.989102363586426,test,True,asr,2,E:\m-hvc\datasets\old-dataset\frames_unique\hate_video_87,0.007494265213608742,0.00794964749366045,0.9547118544578552,0.029844261705875397,1,2,0.9520794153213501
hate_video_88,1,0.9725525379180908,3.5676512718200684,train,True,asr,2,E:\m-hvc\datasets\old-dataset\frames_unique\hate_video_88,0.00969361886382103,0.012232347391545773,0.911615788936615,0.06645822525024414,1,2,0.9725525379180908
hate_video_89,1,0.9400341510772705,2.752140998840332,test,True,asr,2,E:\m-hvc\datasets\old-dataset\frames_unique\hate_video_89,0.014106350019574165,0.04031242057681084,0.8566189408302307,0.08896227926015854,1,2,0.9400341510772705
hate_video_9,1,0.9850823879241943,4.190183162689209,train,True,asr,2,E:\m-hvc\datasets\old-dataset\frames_unique\hate_video_9,0.013465932570397854,0.01849549636244774,0.8567479252815247,0.11129070073366165,1,2,0.9850823879241943
hate_video_90,1,0.45714396238327026,-0.17184580862522125,train,True,asr,2,E:\m-hvc\datasets\old-dataset\frames_unique\hate_video_90,0.016869334504008293,0.008398319594562054,0.9590427875518799,0.015689505264163017,1,2,0.5428560376167297
hate_video_91,1,0.9823030829429626,4.016510009765625,train,True,asr,2,E:\m-hvc\datasets\old-dataset\frames_unique\hate_video_91,0.012623441405594349,0.016115928068757057,0.891236424446106,0.08002414554357529,1,2,0.9823030829429626
hate_video_92,0,0.02532060630619526,-3.6504900455474854,val,True,asr,0,E:\m-hvc\datasets\old-dataset\frames_unique\hate_video_92,0.9317591190338135,0.006165632978081703,0.05794956162571907,0.004125669132918119,0,0,0.9746793936938047
hate_video_93,1,0.9797545075416565,3.879366397857666,val,True,asr,2,E:\m-hvc\datasets\old-dataset\frames_unique\hate_video_93,0.014225640334188938,0.01883058063685894,0.9093506336212158,0.05759310722351074,1,2,0.9797545075416565
hate_video_94,1,0.33003395795822144,-0.7080314755439758,test,True,asr,1,E:\m-hvc\datasets\old-dataset\frames_unique\hate_video_94,0.07292749732732773,0.16339358687400818,0.7148174047470093,0.04886157438158989,1,2,0.6699660420417786
hate_video_95,1,0.9480436444282532,2.9039969444274902,train,True,asr,2,E:\m-hvc\datasets\old-dataset\frames_unique\hate_video_95,0.23658069968223572,0.052390206605196,0.6130601763725281,0.09796898066997528,1,2,0.9480436444282532
hate_video_96,0,0.016760876402258873,-4.071805000305176,test,True,asr,0,E:\m-hvc\datasets\old-dataset\frames_unique\hate_video_96,0.991080105304718,0.0017526114825159311,0.005742975510656834,0.0014243427431210876,0,0,0.9832391235977411
hate_video_97,1,0.9763666987419128,3.7211837768554688,train,True,asr,2,E:\m-hvc\datasets\old-dataset\frames_unique\hate_video_97,0.016549836844205856,0.025111082941293716,0.9177770614624023,0.040562015026807785,1,2,0.9763666987419128
hate_video_98,1,0.9533579349517822,3.017488479614258,train,True,asr,1,E:\m-hvc\datasets\old-dataset\frames_unique\hate_video_98,0.04702482745051384,0.41494783759117126,0.3705679476261139,0.1674593836069107,1,1,0.9533579349517822
hate_video_99,1,0.9685519337654114,3.42746639251709,train,True,asr,2,E:\m-hvc\datasets\old-dataset\frames_unique\hate_video_99,0.008617696352303028,0.011940651573240757,0.9421780705451965,0.03726357966661453,1,2,0.9685519337654114
non_hate_video_1,0,0.26659440994262695,-1.0119704008102417,train,True,asr,0,E:\m-hvc\datasets\old-dataset\frames_unique\non_hate_video_1,0.04062444716691971,0.009820879437029362,0.928844690322876,0.020709965378046036,0,2,0.733405590057373
non_hate_video_10,0,0.745006263256073,1.0721535682678223,test,True,asr,0,E:\m-hvc\datasets\old-dataset\frames_unique\non_hate_video_10,0.011871947906911373,0.008503908291459084,0.9675750732421875,0.012049075216054916,1,2,0.745006263256073
non_hate_video_100,0,0.010029708035290241,-4.592123508453369,train,True,asr,0,E:\m-hvc\datasets\old-dataset\frames_unique\non_hate_video_100,0.9895554780960083,0.0018669295823201537,0.006901401095092297,0.001676205894909799,0,0,0.9899702919647098
non_hate_video_101,0,0.45900318026542664,-0.1643563061952591,train,True,asr,0,E:\m-hvc\datasets\old-dataset\frames_unique\non_hate_video_101,0.21764306724071503,0.018359173089265823,0.7421969175338745,0.021800773218274117,1,2,0.5409968197345734
non_hate_video_102,0,0.23919440805912018,-1.1571012735366821,train,True,asr,0,E:\m-hvc\datasets\old-dataset\frames_unique\non_hate_video_102,0.050038304179906845,0.01588967815041542,0.8971575498580933,0.03691451624035835,0,2,0.7608055919408798
non_hate_video_103,0,0.26846736669540405,-1.0024124383926392,train,True,asr,0,E:\m-hvc\datasets\old-dataset\frames_unique\non_hate_video_103,0.22424712777137756,0.022297833114862442,0.728382408618927,0.025072678923606873,0,2,0.731532633304596
non_hate_video_104,0,0.01115572638809681,-4.484583854675293,train,True,asr,0,E:\m-hvc\datasets\old-dataset\frames_unique\non_hate_video_104,0.9933899641036987,0.0014773078728467226,0.0038981663528829813,0.0012345223221927881,0,0,0.9888442736119032
non_hate_video_105,0,0.048633113503456116,-2.973595142364502,train,True,asr,0,E:\m-hvc\datasets\old-dataset\frames_unique\non_hate_video_105,0.5228050351142883,0.09243623167276382,0.34308117628097534,0.04167753830552101,0,0,0.9513668864965439
non_hate_video_106,0,0.039041321724653244,-3.20331072807312,train,True,asr,0,E:\m-hvc\datasets\old-dataset\frames_unique\non_hate_video_106,0.825218141078949,0.07635244727134705,0.07001668214797974,0.02841273695230484,0,0,0.9609586782753468
non_hate_video_107,0,0.610770583152771,0.45055246353149414,train,True,asr,0,E:\m-hvc\datasets\old-dataset\frames_unique\non_hate_video_107,0.016755448654294014,0.006092422641813755,0.9684759974479675,0.008676138706505299,1,2,0.610770583152771
non_hate_video_108,0,0.8681156635284424,1.8843998908996582,test,True,asr,0,E:\m-hvc\datasets\old-dataset\frames_unique\non_hate_video_108,0.07256445288658142,0.6770617365837097,0.12299829721450806,0.12737546861171722,1,1,0.8681156635284424
non_hate_video_109,0,0.009366454556584358,-4.661210060119629,train,True,asr,0,E:\m-hvc\datasets\old-dataset\frames_unique\non_hate_video_109,0.9937694668769836,0.00154791004024446,0.0035362120252102613,0.0011463562259450555,0,0,0.9906335454434156
non_hate_video_11,0,0.6258795857429504,0.514580249786377,train,True,asr,0,E:\m-hvc\datasets\old-dataset\frames_unique\non_hate_video_11,0.08712892979383469,0.4121935963630676,0.21512892842292786,0.285548597574234,1,1,0.6258795857429504
non_hate_video_110,0,0.20664426684379578,-1.3452730178833008,train,True,asr,0,E:\m-hvc\datasets\old-dataset\frames_unique\non_hate_video_110,0.9748879075050354,0.004483279772102833,0.015710365027189255,0.004918473772704601,0,0,0.7933557331562042
non_hate_video_111,0,0.9411678314208984,2.772433042526245,train,True,asr,0,E:\m-hvc\datasets\old-dataset\frames_unique\non_hate_video_111,0.0803544819355011,0.5759977102279663,0.19617408514022827,0.14747370779514313,1,1,0.9411678314208984
non_hate_video_112,0,0.03420846909284592,-3.340474843978882,train,False,missing,0,E:\m-hvc\datasets\old-dataset\frames_unique\non_hate_video_112,0.8037458658218384,0.044675976037979126,0.10548623651266098,0.04609197750687599,0,0,0.9657915309071541
non_hate_video_113,0,0.8174811601638794,1.4993741512298584,train,True,asr,0,E:\m-hvc\datasets\old-dataset\frames_unique\non_hate_video_113,0.00791335478425026,0.006942456122487783,0.9686726331710815,0.01647149957716465,1,2,0.8174811601638794
non_hate_video_114,0,0.019466182217001915,-3.9194183349609375,val,True,asr,0,E:\m-hvc\datasets\old-dataset\frames_unique\non_hate_video_114,0.9866759181022644,0.003750245552510023,0.0071047465316951275,0.002469130326062441,0,0,0.9805338177829981
non_hate_video_115,0,0.011226020753383636,-4.478231430053711,train,True,asr,0,E:\m-hvc\datasets\old-dataset\frames_unique\non_hate_video_115,0.991543173789978,0.001945920055732131,0.004848769400268793,0.0016621375689283013,0,0,0.9887739792466164
non_hate_video_116,1,0.9807077050209045,3.9285688400268555,train,False,missing,2,E:\m-hvc\datasets\old-dataset\frames_unique\non_hate_video_116,0.2740724980831146,0.12153111398220062,0.34685561060905457,0.2575407922267914,1,2,0.9807077050209045
non_hate_video_117,0,0.03604636341333389,-3.2862372398376465,train,True,asr,0,E:\m-hvc\datasets\old-dataset\frames_unique\non_hate_video_117,0.9331708550453186,0.013241231441497803,0.04295181855559349,0.010636121965944767,0,0,0.9639536365866661
non_hate_video_118,0,0.02488033100962639,-3.668482542037964,val,True,asr,0,E:\m-hvc\datasets\old-dataset\frames_unique\non_hate_video_118,0.9844195246696472,0.003622084856033325,0.009421167895197868,0.0025372887030243874,0,0,0.9751196689903736
non_hate_video_119,0,0.045671865344047546,-3.039525032043457,train,False,missing,0,E:\m-hvc\datasets\old-dataset\frames_unique\non_hate_video_119,0.7909671664237976,0.043873924762010574,0.11776082217693329,0.04739806428551674,0,0,0.9543281346559525
non_hate_video_12,0,0.02246265485882759,-3.7731823921203613,train,True,asr,0,E:\m-hvc\datasets\old-dataset\frames_unique\non_hate_video_12,0.9835341572761536,0.004574857652187347,0.009433133527636528,0.0024577768053859472,0,0,0.9775373451411724
non_hate_video_120,0,0.20771576464176178,-1.3387495279312134,train,True,asr,0,E:\m-hvc\datasets\old-dataset\frames_unique\non_hate_video_120,0.05099986121058464,0.011624831706285477,0.9218693375587463,0.015506014227867126,0,2,0.7922842353582382
non_hate_video_121,0,0.3195416033267975,-0.7558791637420654,train,True,asr,0,E:\m-hvc\datasets\old-dataset\frames_unique\non_hate_video_121,0.02506178244948387,0.012045824900269508,0.9435545802116394,0.01933780312538147,1,2,0.6804583966732025
non_hate_video_122,0,0.03322867676615715,-3.370548725128174,val,False,missing,0,E:\m-hvc\datasets\old-dataset\frames_unique\non_hate_video_122,0.8192249536514282,0.03897526115179062,0.10054979473352432,0.04125006124377251,0,0,0.9667713232338428
non_hate_video_123,0,0.17624007165431976,-1.54203200340271,val,True,asr,0,E:\m-hvc\datasets\old-dataset\frames_unique\non_hate_video_123,0.26754093170166016,0.4184882640838623,0.1524154245853424,0.16155536472797394,0,1,0.8237599283456802
non_hate_video_124,0,0.21533939242362976,-1.2930359840393066,val,True,asr,0,E:\m-hvc\datasets\old-dataset\frames_unique\non_hate_video_124,0.06881140172481537,0.039692141115665436,0.846716046333313,0.0447804257273674,0,2,0.7846606075763702
non_hate_video_125,0,0.11662985384464264,-2.0247390270233154,train,True,asr,0,E:\m-hvc\datasets\old-dataset\frames_unique\non_hate_video_125,0.9829695224761963,0.0025547239929437637,0.011160748079419136,0.003315034555271268,0,0,0.8833701461553574
non_hate_video_126,0,0.1767900437116623,-1.5382484197616577,train,True,asr,0,E:\m-hvc\datasets\old-dataset\frames_unique\non_hate_video_126,0.21906369924545288,0.3882099688053131,0.3021373748779297,0.0905890017747879,0,1,0.8232099562883377
non_hate_video_127,0,0.010741711594164371,-4.522820949554443,train,True,asr,0,E:\m-hvc\datasets\old-dataset\frames_unique\non_hate_video_127,0.9941537976264954,0.0012852717190980911,0.0035686399787664413,0.0009922843892127275,0,0,0.9892582884058356
non_hate_video_128,0,0.6659272313117981,0.6898214817047119,train,True,asr,0,E:\m-hvc\datasets\old-dataset\frames_unique\non_hate_video_128,0.018997257575392723,0.015644557774066925,0.8770410418510437,0.08831723034381866,1,2,0.6659272313117981
non_hate_video_129,0,0.0433911494910717,-3.093139171600342,train,False,missing,0,E:\m-hvc\datasets\old-dataset\frames_unique\non_hate_video_129,0.7613607048988342,0.05351947993040085,0.12965092062950134,0.05546891689300537,0,0,0.9566088505089283
non_hate_video_13,0,0.01233010645955801,-4.383304595947266,train,True,asr,0,E:\m-hvc\datasets\old-dataset\frames_unique\non_hate_video_13,0.9949131011962891,0.001087477896362543,0.003077093744650483,0.0009222763474099338,0,0,0.987669893540442
non_hate_video_130,0,0.74310302734375,1.062159776687622,val,True,asr,0,E:\m-hvc\datasets\old-dataset\frames_unique\non_hate_video_130,0.02155628241598606,0.014886720106005669,0.9435433745384216,0.02001369558274746,1,2,0.74310302734375
non_hate_video_131,0,0.40439730882644653,-0.3871760964393616,test,True,asr,0,E:\m-hvc\datasets\old-dataset\frames_unique\non_hate_video_131,0.03330889344215393,0.014619632624089718,0.8795468807220459,0.0725245550274849,1,2,0.5956026911735535
non_hate_video_132,0,0.05039101839065552,-2.936237335205078,train,False,missing,0,E:\m-hvc\datasets\old-dataset\frames_unique\non_hate_video_132,0.7570812106132507,0.046647053211927414,0.14528222382068634,0.05098952725529671,0,0,0.9496089816093445
non_hate_video_133,0,0.03405530005693436,-3.345120906829834,train,True,asr,0,E:\m-hvc\datasets\old-dataset\frames_unique\non_hate_video_133,0.9002646207809448,0.04640781134366989,0.03947339579463005,0.013854092918336391,0,0,0.9659446999430656
non_hate_video_134,0,0.1200554147362709,-1.9919055700302124,train,True,asr,0,E:\m-hvc\datasets\old-dataset\frames_unique\non_hate_video_134,0.36617106199264526,0.39782214164733887,0.14601463079452515,0.0899922177195549,0,1,0.8799445852637291
non_hate_video_135,0,0.16893360018730164,-1.5932040214538574,train,True,asr,0,E:\m-hvc\datasets\old-dataset\frames_unique\non_hate_video_135,0.18987318873405457,0.0684867724776268,0.5026261806488037,0.2390138804912567,0,2,0.8310663998126984
non_hate_video_136,0,0.2966783940792084,-0.8631656169891357,test,True,asr,0,E:\m-hvc\datasets\old-dataset\frames_unique\non_hate_video_136,0.19677790999412537,0.5911126136779785,0.11325076222419739,0.09885867685079575,0,1,0.7033216059207916
non_hate_video_137,0,0.026118163019418716,-3.618659019470215,val,False,missing,0,E:\m-hvc\datasets\old-dataset\frames_unique\non_hate_video_137,0.8698392510414124,0.027402205392718315,0.07443056255578995,0.02832799218595028,0,0,0.9738818369805813
non_hate_video_138,0,0.009299195371568203,-4.668484687805176,train,True,asr,0,E:\m-hvc\datasets\old-dataset\frames_unique\non_hate_video_138,0.9911903142929077,0.0023701335303485394,0.0047273715026676655,0.0017121887067332864,0,0,0.9907008046284318
non_hate_video_139,0,0.22828345000743866,-1.218029260635376,train,True,asr,0,E:\m-hvc\datasets\old-dataset\frames_unique\non_hate_video_139,0.05029962584376335,0.016128093004226685,0.9096571207046509,0.023915208876132965,0,2,0.7717165499925613
non_hate_video_14,1,0.9399962425231934,2.7514679431915283,val,True,asr,2,E:\m-hvc\datasets\old-dataset\frames_unique\non_hate_video_14,0.018642451614141464,0.014985678717494011,0.9420915246009827,0.02428032085299492,1,2,0.9399962425231934
non_hate_video_140,0,0.6233128905296326,0.5036337375640869,train,False,missing,0,E:\m-hvc\datasets\old-dataset\frames_unique\non_hate_video_140,0.4265040457248688,0.1145041212439537,0.3205054700374603,0.1384863406419754,1,0,0.6233128905296326
non_hate_video_141,0,0.03646913543343544,-3.2741382122039795,train,False,missing,0,E:\m-hvc\datasets\old-dataset\frames_unique\non_hate_video_141,0.8314785957336426,0.034207627177238464,0.09860363602638245,0.03571007028222084,0,0,0.9635308645665646
non_hate_video_142,0,0.20741254091262817,-1.3405930995941162,train,True,asr,0,E:\m-hvc\datasets\old-dataset\frames_unique\non_hate_video_142,0.04279152676463127,0.01073428150266409,0.9310283064842224,0.015445878729224205,0,2,0.7925874590873718
non_hate_video_143,0,0.02953423000872135,-3.4922261238098145,train,False,missing,0,E:\m-hvc\datasets\old-dataset\frames_unique\non_hate_video_143,0.857146680355072,0.028522348031401634,0.08273636549711227,0.03159460052847862,0,0,0.9704657699912786
non_hate_video_144,0,0.26250123977661133,-1.0330085754394531,train,True,asr,0,E:\m-hvc\datasets\old-dataset\frames_unique\non_hate_video_144,0.16658443212509155,0.09860889613628387,0.16120785474777222,0.5735988020896912,0,3,0.7374987602233887
non_hate_video_145,0,0.9658184051513672,3.341287612915039,val,True,asr,0,E:\m-hvc\datasets\old-dataset\frames_unique\non_hate_video_145,0.06598819047212601,0.10108634829521179,0.6636736392974854,0.16925184428691864,1,2,0.9658184051513672
non_hate_video_146,0,0.01375665608793497,-4.272380352020264,train,True,asr,0,E:\m-hvc\datasets\old-dataset\frames_unique\non_hate_video_146,0.9944936633110046,0.0012581880437210202,0.0032283617183566093,0.0010198020609095693,0,0,0.986243343912065
non_hate_video_147,0,0.009643820114433765,-4.631747245788574,train,True,asr,0,E:\m-hvc\datasets\old-dataset\frames_unique\non_hate_video_147,0.9958726763725281,0.0009144546929746866,0.002547341166064143,0.0006655616452917457,0,0,0.9903561798855662
non_hate_video_148,0,0.5338815450668335,0.1357341855764389,train,True,asr,0,E:\m-hvc\datasets\old-dataset\frames_unique\non_hate_video_148,0.016550743952393532,0.007022760342806578,0.9608689546585083,0.015557476319372654,1,2,0.5338815450668335
non_hate_video_149,0,0.09698410332202911,-2.2311930656433105,train,True,asr,0,E:\m-hvc\datasets\old-dataset\frames_unique\non_hate_video_149,0.26968854665756226,0.02225029468536377,0.6815328001976013,0.02652844227850437,0,2,0.9030158966779709
non_hate_video_15,0,0.2569497525691986,-1.0618830919265747,train,True,asr,0,E:\m-hvc\datasets\old-dataset\frames_unique\non_hate_video_15,0.11193709075450897,0.057164404541254044,0.569378137588501,0.2615203857421875,0,2,0.7430502474308014
non_hate_video_150,0,0.0388198047876358,-3.209231376647949,train,True,asr,0,E:\m-hvc\datasets\old-dataset\frames_unique\non_hate_video_150,0.9963995218276978,0.0007629094761796296,0.0023190511856228113,0.0005184876499697566,0,0,0.9611801952123642
non_hate_video_151,0,0.034608129411935806,-3.3284454345703125,test,False,missing,0,E:\m-hvc\datasets\old-dataset\frames_unique\non_hate_video_151,0.8070281147956848,0.04168619215488434,0.10864738374948502,0.04263832047581673,0,0,0.9653918705880642
non_hate_video_152,0,0.038098838180303574,-3.2287278175354004,val,False,missing,0,E:\m-hvc\datasets\old-dataset\frames_unique\non_hate_video_152,0.817428469657898,0.03369047865271568,0.11041638255119324,0.038464680314064026,0,0,0.9619011618196964
non_hate_video_153,0,0.010840709321200848,-4.513546943664551,train,True,asr,0,E:\m-hvc\datasets\old-dataset\frames_unique\non_hate_video_153,0.9937791228294373,0.0013151747407391667,0.003820302663370967,0.0010853655403479934,0,0,0.9891592906787992
non_hate_video_154,0,0.011483115144073963,-4.455327987670898,train,True,asr,0,E:\m-hvc\datasets\old-dataset\frames_unique\non_hate_video_154,0.9948127269744873,0.0011242411565035582,0.0032072316389530897,0.0008558148983865976,0,0,0.988516884855926
non_hate_video_155,0,0.1389225721359253,-1.8242676258087158,train,True,asr,0,E:\m-hvc\datasets\old-dataset\frames_unique\non_hate_video_155,0.3095434904098511,0.17782285809516907,0.39936593174934387,0.11326772719621658,0,2,0.8610774278640747
non_hate_video_156,0,0.014974280260503292,-4.186333656311035,train,True,asr,0,E:\m-hvc\datasets\old-dataset\frames_unique\non_hate_video_156,0.9661930799484253,0.007508310489356518,0.0217623021453619,0.004536365624517202,0,0,0.9850257197394967
non_hate_video_157,0,0.010082921013236046,-4.586778163909912,val,True,asr,0,E:\m-hvc\datasets\old-dataset\frames_unique\non_hate_video_157,0.9940879344940186,0.0012291331076994538,0.003678188193589449,0.0010048303520306945,0,0,0.989917078986764
non_hate_video_158,0,0.7835484147071838,1.2864656448364258,train,True,asr,0,E:\m-hvc\datasets\old-dataset\frames_unique\non_hate_video_158,0.06535215675830841,0.6843670010566711,0.1642637848854065,0.08601698279380798,1,1,0.7835484147071838
non_hate_video_159,0,0.47037744522094727,-0.11862905323505402,train,True,asr,0,E:\m-hvc\datasets\old-dataset\frames_unique\non_hate_video_159,0.025303537026047707,0.010204060934484005,0.9318563342094421,0.03263606131076813,1,2,0.5296225547790527
non_hate_video_16,1,0.9772151112556458,3.758610725402832,test,True,asr,2,E:\m-hvc\datasets\old-dataset\frames_unique\non_hate_video_16,0.01418534480035305,0.014983868226408958,0.927238404750824,0.0435924157500267,1,2,0.9772151112556458
non_hate_video_160,0,0.03724154829978943,-3.252377510070801,train,False,missing,0,E:\m-hvc\datasets\old-dataset\frames_unique\non_hate_video_160,0.8492603302001953,0.030405525118112564,0.08999539911746979,0.03033866547048092,0,0,0.9627584517002106
non_hate_video_161,0,0.030207376927137375,-3.468996047973633,train,False,missing,0,E:\m-hvc\datasets\old-dataset\frames_unique\non_hate_video_161,0.8276070952415466,0.03712889179587364,0.0956670269370079,0.03959698975086212,0,0,0.9697926230728626
non_hate_video_162,0,0.029007090255618095,-3.5107789039611816,train,False,missing,0,E:\m-hvc\datasets\old-dataset\frames_unique\non_hate_video_162,0.8462351560592651,0.029382778331637383,0.0918537899851799,0.032528214156627655,0,0,0.9709929097443819
non_hate_video_163,1,0.9505226016044617,2.955495834350586,test,True,asr,2,E:\m-hvc\datasets\old-dataset\frames_unique\non_hate_video_163,0.0072167376056313515,0.00817758496850729,0.9616180658340454,0.022987551987171173,1,2,0.9505226016044617
non_hate_video_164,0,0.18163613975048065,-1.505301594734192,train,False,missing,0,E:\m-hvc\datasets\old-dataset\frames_unique\non_hate_video_164,0.6977854371070862,0.054576028138399124,0.19049178063869476,0.05714669078588486,0,0,0.8183638602495193
non_hate_video_165,0,0.3903743624687195,-0.44573885202407837,test,True,asr,0,E:\m-hvc\datasets\old-dataset\frames_unique\non_hate_video_165,0.027956565842032433,0.009179861284792423,0.9337793588638306,0.029084179550409317,1,2,0.6096256375312805
non_hate_video_166,0,0.6464048624038696,0.6032736301422119,train,True,asr,0,E:\m-hvc\datasets\old-dataset\frames_unique\non_hate_video_166,0.03801878169178963,0.030216071754693985,0.3760293126106262,0.5557358264923096,1,3,0.6464048624038696
non_hate_video_167,0,0.014002376236021519,-4.254426956176758,test,True,asr,0,E:\m-hvc\datasets\old-dataset\frames_unique\non_hate_video_167,0.9906773567199707,0.0019987483974546194,0.0053932759910821915,0.0019305824534967542,0,0,0.9859976237639785
non_hate_video_168,0,0.027310598641633987,-3.5727899074554443,train,False,missing,0,E:\m-hvc\datasets\old-dataset\frames_unique\non_hate_video_168,0.855604350566864,0.03166036307811737,0.08088494092226028,0.031850311905145645,0,0,0.972689401358366
non_hate_video_169,0,0.16381555795669556,-1.630108118057251,train,True,asr,0,E:\m-hvc\datasets\old-dataset\frames_unique\non_hate_video_169,0.07676813006401062,0.014863614924252033,0.8786615133285522,0.029706640169024467,0,2,0.8361844420433044
non_hate_video_17,0,0.9019773602485657,2.219390869140625,val,True,asr,0,E:\m-hvc\datasets\old-dataset\frames_unique\non_hate_video_17,0.03645048663020134,0.366904079914093,0.18041864037513733,0.4162268340587616,1,3,0.9019773602485657
non_hate_video_170,0,0.009837688878178596,-4.611648082733154,val,True,asr,0,E:\m-hvc\datasets\old-dataset\frames_unique\non_hate_video_170,0.9942052960395813,0.0012326930882409215,0.0035425079986453056,0.0010195132344961166,0,0,0.9901623111218214
non_hate_video_171,0,0.8591231107711792,1.80802583694458,val,True,asr,0,E:\m-hvc\datasets\old-dataset\frames_unique\non_hate_video_171,0.02147549018263817,0.02133406326174736,0.10753701627254486,0.849653422832489,1,3,0.8591231107711792
non_hate_video_172,0,0.03233615309000015,-3.3986988067626953,val,True,asr,0,E:\m-hvc\datasets\old-dataset\frames_unique\non_hate_video_172,0.927187442779541,0.012014784850180149,0.054043322801589966,0.006754424422979355,0,0,0.9676638469099998
non_hate_video_173,0,0.022231029346585274,-3.7837843894958496,train,True,asr,0,E:\m-hvc\datasets\old-dataset\frames_unique\non_hate_video_173,0.9946780204772949,0.0010107161942869425,0.0036725846584886312,0.0006386284367181361,0,0,0.9777689706534147
non_hate_video_174,0,0.14802923798561096,-1.7501423358917236,val,True,asr,0,E:\m-hvc\datasets\old-dataset\frames_unique\non_hate_video_174,0.12586210668087006,0.013795733451843262,0.8409198522567749,0.019422322511672974,0,2,0.851970762014389
non_hate_video_175,0,0.32641005516052246,-0.7244670391082764,train,True,asr,0,E:\m-hvc\datasets\old-dataset\frames_unique\non_hate_video_175,0.025973109528422356,0.0076349712908267975,0.9515069723129272,0.01488502323627472,1,2,0.6735899448394775
non_hate_video_176,0,0.17036008834838867,-1.5830774307250977,train,True,asr,0,E:\m-hvc\datasets\old-dataset\frames_unique\non_hate_video_176,0.25543299317359924,0.4545065760612488,0.1604301631450653,0.1296301782131195,0,1,0.8296399116516113
non_hate_video_177,0,0.1936655193567276,-1.4263660907745361,test,True,asr,0,E:\m-hvc\datasets\old-dataset\frames_unique\non_hate_video_177,0.055399589240550995,0.0171582642942667,0.9050000905990601,0.02244199812412262,0,2,0.8063344806432724
non_hate_video_178,0,0.04368085041642189,-3.086181879043579,train,True,asr,0,E:\m-hvc\datasets\old-dataset\frames_unique\non_hate_video_178,0.9958961009979248,0.0009879916906356812,0.002389781177043915,0.0007260408019647002,0,0,0.9563191495835781
non_hate_video_179,0,0.9699808955192566,3.4754412174224854,train,True,asr,0,E:\m-hvc\datasets\old-dataset\frames_unique\non_hate_video_179,0.009165818803012371,0.00996817834675312,0.9318838715553284,0.04898208752274513,1,2,0.9699808955192566
non_hate_video_18,0,0.3543142080307007,-0.6001288890838623,train,True,asr,0,E:\m-hvc\datasets\old-dataset\frames_unique\non_hate_video_18,0.16314385831356049,0.6350679993629456,0.11967960000038147,0.0821085199713707,1,1,0.6456857919692993
non_hate_video_180,0,0.00887947529554367,-4.715093612670898,val,True,asr,0,E:\m-hvc\datasets\old-dataset\frames_unique\non_hate_video_180,0.992853581905365,0.0016603755066171288,0.00411972776055336,0.001366207143291831,0,0,0.9911205247044563
non_hate_video_181,0,0.5722249150276184,0.29093462228775024,train,True,asr,0,E:\m-hvc\datasets\old-dataset\frames_unique\non_hate_video_181,0.01829235814511776,0.02019593119621277,0.9426625370979309,0.018849089741706848,1,2,0.5722249150276184
non_hate_video_182,0,0.07595259696245193,-2.4986538887023926,train,True,asr,0,E:\m-hvc\datasets\old-dataset\frames_unique\non_hate_video_182,0.99437016248703,0.001441625994630158,0.0032315074931830168,0.0009567702654749155,0,0,0.9240474030375481
non_hate_video_183,0,0.304652601480484,-0.8252394199371338,train,True,asr,0,E:\m-hvc\datasets\old-dataset\frames_unique\non_hate_video_183,0.1399674415588379,0.5926758050918579,0.1417321413755417,0.1256246119737625,0,1,0.695347398519516
non_hate_video_184,0,0.013759379275143147,-4.27217960357666,test,True,asr,0,E:\m-hvc\datasets\old-dataset\frames_unique\non_hate_video_184,0.9876784682273865,0.003447897033765912,0.006050644442439079,0.0028229751624166965,0,0,0.9862406207248569
non_hate_video_185,0,0.7219293713569641,0.9540523290634155,train,True,asr,0,E:\m-hvc\datasets\old-dataset\frames_unique\non_hate_video_185,0.012203703634440899,0.010062708519399166,0.9439487457275391,0.033784810453653336,1,2,0.7219293713569641
non_hate_video_186,0,0.47346341609954834,-0.10624615848064423,train,True,asr,0,E:\m-hvc\datasets\old-dataset\frames_unique\non_hate_video_186,0.0874849259853363,0.05485056713223457,0.12972308695316315,0.7279414534568787,1,3,0.5265365839004517
non_hate_video_187,0,0.012907016091048717,-4.336993217468262,train,True,asr,0,E:\m-hvc\datasets\old-dataset\frames_unique\non_hate_video_187,0.9923502802848816,0.0021160629112273455,0.004240953829139471,0.001292656408622861,0,0,0.9870929839089513
non_hate_video_188,0,0.17933869361877441,-1.5208343267440796,train,True,asr,0,E:\m-hvc\datasets\old-dataset\frames_unique\non_hate_video_188,0.288117915391922,0.4874945878982544,0.13547202944755554,0.08891548961400986,0,1,0.8206613063812256
non_hate_video_189,1,0.9743648171424866,3.637822389602661,train,True,asr,2,E:\m-hvc\datasets\old-dataset\frames_unique\non_hate_video_189,0.057993754744529724,0.032792434096336365,0.8432683944702148,0.06594542413949966,1,2,0.9743648171424866
non_hate_video_19,0,0.2905672788619995,-0.8926305770874023,test,True,asr,0,E:\m-hvc\datasets\old-dataset\frames_unique\non_hate_video_19,0.03491569682955742,0.01406206376850605,0.9336562156677246,0.017365965992212296,0,2,0.7094327211380005
non_hate_video_190,1,0.9588112235069275,3.1475300788879395,test,False,missing,2,E:\m-hvc\datasets\old-dataset\frames_unique\non_hate_video_190,0.4269586205482483,0.09905467182397842,0.3200828433036804,0.15390387177467346,1,0,0.9588112235069275
non_hate_video_191,0,0.04718795418739319,-3.005279064178467,train,True,asr,0,E:\m-hvc\datasets\old-dataset\frames_unique\non_hate_video_191,0.9969488978385925,0.0007165884017013013,0.001855578739196062,0.0004789627273567021,0,0,0.9528120458126068
non_hate_video_192,0,0.857641875743866,1.7958407402038574,val,True,asr,0,E:\m-hvc\datasets\old-dataset\frames_unique\non_hate_video_192,0.006853033322840929,0.007855134084820747,0.966339111328125,0.018952682614326477,1,2,0.857641875743866
non_hate_video_193,0,0.012491145171225071,-4.3701653480529785,test,True,asr,0,E:\m-hvc\datasets\old-dataset\frames_unique\non_hate_video_193,0.9934384226799011,0.0014662212925031781,0.0038308659568428993,0.0012644504895433784,0,0,0.9875088548287749
non_hate_video_194,0,0.04238913580775261,-3.117549419403076,val,True,asr,0,E:\m-hvc\datasets\old-dataset\frames_unique\non_hate_video_194,0.9953818917274475,0.0013121459633111954,0.0025866087526082993,0.0007193334167823195,0,0,0.9576108641922474
non_hate_video_195,0,0.2658627927303314,-1.015715479850769,train,True,asr,0,E:\m-hvc\datasets\old-dataset\frames_unique\non_hate_video_195,0.06063217669725418,0.023749791085720062,0.8288780450820923,0.08674000203609467,0,2,0.7341372072696686
non_hate_video_196,0,0.011851673945784569,-4.42336368560791,train,True,asr,0,E:\m-hvc\datasets\old-dataset\frames_unique\non_hate_video_196,0.9912506341934204,0.002325099892914295,0.004947549197822809,0.0014767301036044955,0,0,0.9881483260542154
non_hate_video_197,0,0.17792947590351105,-1.5304388999938965,train,True,asr,0,E:\m-hvc\datasets\old-dataset\frames_unique\non_hate_video_197,0.996250569820404,0.001022203010506928,0.0022254595533013344,0.0005016998620703816,0,0,0.822070524096489
non_hate_video_198,0,0.3844784200191498,-0.4705822765827179,train,True,asr,0,E:\m-hvc\datasets\old-dataset\frames_unique\non_hate_video_198,0.26800525188446045,0.021213088184595108,0.6971821188926697,0.013599500060081482,1,2,0.6155215799808502
non_hate_video_199,0,0.817744255065918,1.5011389255523682,val,True,asr,0,E:\m-hvc\datasets\old-dataset\frames_unique\non_hate_video_199,0.044583678245544434,0.3838787376880646,0.43775996565818787,0.13377760350704193,1,2,0.817744255065918
non_hate_video_2,0,0.029379043728113174,-3.497654438018799,train,False,missing,0,E:\m-hvc\datasets\old-dataset\frames_unique\non_hate_video_2,0.8513737916946411,0.03048507310450077,0.08623865991830826,0.031902480870485306,0,0,0.9706209562718868
non_hate_video_20,0,0.23383048176765442,-1.1868070363998413,test,True,asr,0,E:\m-hvc\datasets\old-dataset\frames_unique\non_hate_video_20,0.0711996853351593,0.017174502834677696,0.8507591485977173,0.06086663156747818,0,2,0.7661695182323456
non_hate_video_200,0,0.49991512298583984,-0.0003395937383174896,test,True,asr,0,E:\m-hvc\datasets\old-dataset\frames_unique\non_hate_video_200,0.07190288603305817,0.050029292702674866,0.1441892832517624,0.7338786125183105,1,3,0.5000848770141602
non_hate_video_201,0,0.26123952865600586,-1.0395359992980957,test,True,asr,0,E:\m-hvc\datasets\old-dataset\frames_unique\non_hate_video_201,0.05445084348320961,0.01770390197634697,0.8811053037643433,0.046739932149648666,0,2,0.7387604713439941
non_hate_video_202,0,0.2584682106971741,-1.0539453029632568,test,True,asr,0,E:\m-hvc\datasets\old-dataset\frames_unique\non_hate_video_202,0.04144823178648949,0.011862849816679955,0.9194891452789307,0.027199773117899895,0,2,0.7415317893028259
non_hate_video_203,1,0.647392213344574,0.6075960397720337,val,True,asr,2,E:\m-hvc\datasets\old-dataset\frames_unique\non_hate_video_203,0.018321773037314415,0.03632495552301407,0.8857554197311401,0.05959778651595116,1,2,0.647392213344574
non_hate_video_204,0,0.9281232357025146,2.558211088180542,test,False,missing,0,E:\m-hvc\datasets\old-dataset\frames_unique\non_hate_video_204,0.3118511140346527,0.12074717879295349,0.3887847065925598,0.17861703038215637,1,2,0.9281232357025146
non_hate_video_205,0,0.4177286624908447,-0.33210447430610657,train,True,asr,0,E:\m-hvc\datasets\old-dataset\frames_unique\non_hate_video_205,0.02593742124736309,0.008848585188388824,0.9543203115463257,0.010893660597503185,1,2,0.5822713375091553
non_hate_video_206,0,0.5913234353065491,0.3694390058517456,train,True,asr,0,E:\m-hvc\datasets\old-dataset\frames_unique\non_hate_video_206,0.01403044629842043,0.005965180695056915,0.9702215194702148,0.009782908484339714,1,2,0.5913234353065491
non_hate_video_207,0,0.013864678330719471,-4.264449119567871,train,True,asr,0,E:\m-hvc\datasets\old-dataset\frames_unique\non_hate_video_207,0.9944826364517212,0.0011621995363384485,0.003444644156843424,0.0009106084471568465,0,0,0.9861353216692805
non_hate_video_208,0,0.29816174507141113,-0.8560668230056763,val,True,asr,0,E:\m-hvc\datasets\old-dataset\frames_unique\non_hate_video_208,0.06681261211633682,0.05976133421063423,0.8290237784385681,0.04440231993794441,0,2,0.7018382549285889
non_hate_video_209,0,0.013166242279112339,-4.316845417022705,train,True,asr,0,E:\m-hvc\datasets\old-dataset\frames_unique\non_hate_video_209,0.9951735138893127,0.0009353047353215516,0.0030921772122383118,0.0007990554440766573,0,0,0.9868337577208877
non_hate_video_21,1,0.9216965436935425,2.4656245708465576,train,True,asr,2,E:\m-hvc\datasets\old-dataset\frames_unique\non_hate_video_21,0.012630937620997429,0.01374095119535923,0.9496554732322693,0.02397257648408413,1,2,0.9216965436935425
non_hate_video_210,0,0.27035126090049744,-0.9928410649299622,val,True,asr,0,E:\m-hvc\datasets\old-dataset\frames_unique\non_hate_video_210,0.19876539707183838,0.5843853950500488,0.12180596590042114,0.09504322707653046,0,1,0.7296487390995026
non_hate_video_211,0,0.12442996352910995,-1.95113205909729,val,True,asr,0,E:\m-hvc\datasets\old-dataset\frames_unique\non_hate_video_211,0.9969948530197144,0.0006662516389042139,0.001904696924611926,0.0004341524327173829,0,0,0.87557003647089
non_hate_video_212,0,0.164068803191185,-1.6282604932785034,train,True,asr,0,E:\m-hvc\datasets\old-dataset\frames_unique\non_hate_video_212,0.2742866575717926,0.4858670234680176,0.14677052199840546,0.09307578951120377,0,1,0.835931196808815
non_hate_video_213,0,0.104011669754982,-2.1534242630004883,train,True,asr,0,E:\m-hvc\datasets\old-dataset\frames_unique\non_hate_video_213,0.5711979866027832,0.05591867119073868,0.11936090886592865,0.2535223960876465,0,0,0.895988330245018
non_hate_video_214,0,0.1014016792178154,-2.181746482849121,train,True,asr,0,E:\m-hvc\datasets\old-dataset\frames_unique\non_hate_video_214,0.39333492517471313,0.032016120851039886,0.5467320680618286,0.02791687101125717,0,2,0.8985983207821846
non_hate_video_215,0,0.03248967230319977,-3.393803834915161,train,False,missing,0,E:\m-hvc\datasets\old-dataset\frames_unique\non_hate_video_215,0.8414897918701172,0.032914724200963974,0.09074786305427551,0.03484755754470825,0,0,0.9675103276968002
non_hate_video_216,0,0.02422221191227436,-3.695964813232422,test,True,asr,0,E:\m-hvc\datasets\old-dataset\frames_unique\non_hate_video_216,0.9603005051612854,0.01295742578804493,0.018104348331689835,0.008637722581624985,0,0,0.9757777880877256
non_hate_video_217,0,0.014681972563266754,-4.206344127655029,train,True,asr,0,E:\m-hvc\datasets\old-dataset\frames_unique\non_hate_video_217,0.9929332733154297,0.0012881145812571049,0.004765958525240421,0.0010126633569598198,0,0,0.9853180274367332
non_hate_video_218,0,0.030662136152386665,-3.453584671020508,train,False,missing,0,E:\m-hvc\datasets\old-dataset\frames_unique\non_hate_video_218,0.8322257995605469,0.03491964191198349,0.09458152949810028,0.038273025304079056,0,0,0.9693378638476133
non_hate_video_219,0,0.1301312893629074,-1.8997983932495117,val,True,asr,0,E:\m-hvc\datasets\old-dataset\frames_unique\non_hate_video_219,0.3548821806907654,0.41140612959861755,0.1411944180727005,0.09251727163791656,0,1,0.8698687106370926
non_hate_video_22,0,0.012923259288072586,-4.335719108581543,test,True,asr,0,E:\m-hvc\datasets\old-dataset\frames_unique\non_hate_video_22,0.9942566752433777,0.0012385050067678094,0.0034672911278903484,0.0010375656420364976,0,0,0.9870767407119274
non_hate_video_220,0,0.03221280127763748,-3.4026482105255127,train,False,missing,0,E:\m-hvc\datasets\old-dataset\frames_unique\non_hate_video_220,0.8309529423713684,0.03452867269515991,0.09691950678825378,0.03759893402457237,0,0,0.9677871987223625
non_hate_video_221,0,0.7858613133430481,1.3001563549041748,train,True,asr,0,E:\m-hvc\datasets\old-dataset\frames_unique\non_hate_video_221,0.9784335494041443,0.00509191257879138,0.011900887824594975,0.004573718644678593,1,0,0.7858613133430481
non_hate_video_222,0,0.18209204077720642,-1.5022375583648682,val,True,asr,0,E:\m-hvc\datasets\old-dataset\frames_unique\non_hate_video_222,0.07138992100954056,0.013105870224535465,0.8997324705123901,0.015771757811307907,0,2,0.8179079592227936
non_hate_video_223,0,0.5522515177726746,0.20977209508419037,test,True,asr,0,E:\m-hvc\datasets\old-dataset\frames_unique\non_hate_video_223,0.1509135514497757,0.4895690381526947,0.2177773267030716,0.141740083694458,1,1,0.5522515177726746
non_hate_video_224,0,0.30628806352615356,-0.8175307512283325,train,True,asr,0,E:\m-hvc\datasets\old-dataset\frames_unique\non_hate_video_224,0.04943599924445152,0.039475537836551666,0.8685852885246277,0.04250317066907883,0,2,0.6937119364738464
non_hate_video_225,0,0.041507843881845474,-3.139478921890259,train,False,missing,0,E:\m-hvc\datasets\old-dataset\frames_unique\non_hate_video_225,0.7874321341514587,0.04043199494481087,0.12957030534744263,0.04256557673215866,0,0,0.9584921561181545
non_hate_video_226,0,0.13625362515449524,-1.8467611074447632,test,True,asr,0,E:\m-hvc\datasets\old-dataset\frames_unique\non_hate_video_226,0.4667002260684967,0.19842101633548737,0.25453025102615356,0.08034848421812057,0,0,0.8637463748455048
non_hate_video_227,0,0.9088971614837646,2.3002429008483887,train,True,asr,0,E:\m-hvc\datasets\old-dataset\frames_unique\non_hate_video_227,0.7024483680725098,0.028972135856747627,0.2389070987701416,0.02967245876789093,1,0,0.9088971614837646
non_hate_video_228,0,0.19420553743839264,-1.4229116439819336,test,True,asr,0,E:\m-hvc\datasets\old-dataset\frames_unique\non_hate_video_228,0.09244983643293381,0.05343491584062576,0.7891777753829956,0.0649375393986702,0,2,0.8057944625616074
non_hate_video_229,0,0.05656922608613968,-2.8140578269958496,train,True,asr,0,E:\m-hvc\datasets\old-dataset\frames_unique\non_hate_video_229,0.6648138761520386,0.09922703355550766,0.15183502435684204,0.08412410318851471,0,0,0.9434307739138603
non_hate_video_23,0,0.00932607427239418,-4.665571212768555,train,True,asr,0,E:\m-hvc\datasets\old-dataset\frames_unique\non_hate_video_23,0.9927510023117065,0.0015109360683709383,0.004402302671223879,0.001335740089416504,0,0,0.9906739257276058
non_hate_video_230,0,0.009828951209783554,-4.612545490264893,train,True,asr,0,E:\m-hvc\datasets\old-dataset\frames_unique\non_hate_video_230,0.9930809140205383,0.001557170762680471,0.00399342505261302,0.0013684722362086177,0,0,0.9901710487902164
non_hate_video_231,0,0.410205602645874,-0.3631153702735901,val,True,asr,0,E:\m-hvc\datasets\old-dataset\frames_unique\non_hate_video_231,0.07800029218196869,0.041942790150642395,0.3666635751724243,0.5133932828903198,1,3,0.589794397354126
non_hate_video_232,0,0.935265302658081,2.670534133911133,train,True,asr,0,E:\m-hvc\datasets\old-dataset\frames_unique\non_hate_video_232,0.03370662033557892,0.12760576605796814,0.769662618637085,0.06902505457401276,1,2,0.935265302658081
non_hate_video_233,0,0.012379697524011135,-4.3792405128479,train,True,asr,0,E:\m-hvc\datasets\old-dataset\frames_unique\non_hate_video_233,0.9962623715400696,0.0008485261932946742,0.0022671970073133707,0.000621907296590507,0,0,0.9876203024759889
non_hate_video_234,0,0.0603739395737648,-2.744924545288086,train,True,asr,0,E:\m-hvc\datasets\old-dataset\frames_unique\non_hate_video_234,0.6051523089408875,0.06100983917713165,0.21861998736858368,0.11521779745817184,0,0,0.9396260604262352
non_hate_video_235,0,0.1393703818321228,-1.8205292224884033,train,True,asr,0,E:\m-hvc\datasets\old-dataset\frames_unique\non_hate_video_235,0.34021034836769104,0.4410935640335083,0.13083280622959137,0.08786322921514511,0,1,0.8606296181678772
non_hate_video_236,0,0.3236760199069977,-0.7369291186332703,train,False,missing,0,E:\m-hvc\datasets\old-dataset\frames_unique\non_hate_video_236,0.6664338111877441,0.04974828287959099,0.23906147480010986,0.04475640878081322,1,0,0.6763239800930023
non_hate_video_237,0,0.1824163943529129,-1.500061273574829,train,True,asr,0,E:\m-hvc\datasets\old-dataset\frames_unique\non_hate_video_237,0.06236729770898819,0.01468653604388237,0.8960251212120056,0.026920992881059647,0,2,0.8175836056470871
non_hate_video_238,0,0.04948453605175018,-2.9553442001342773,val,True,asr,0,E:\m-hvc\datasets\old-dataset\frames_unique\non_hate_video_238,0.9551206827163696,0.008430251851677895,0.03289872780442238,0.00355034158565104,0,0,0.9505154639482498
non_hate_video_239,0,0.5806882977485657,0.3255994915962219,test,True,asr,0,E:\m-hvc\datasets\old-dataset\frames_unique\non_hate_video_239,0.014864398166537285,0.009201048873364925,0.9651007056236267,0.01083382684737444,1,2,0.5806882977485657
non_hate_video_24,0,0.18573085963726044,-1.477992296218872,train,True,asr,0,E:\m-hvc\datasets\old-dataset\frames_unique\non_hate_video_24,0.25079619884490967,0.49406784772872925,0.15953044593334198,0.09560547024011612,0,1,0.8142691403627396
non_hate_video_240,0,0.7820937633514404,1.277909755706787,train,True,asr,0,E:\m-hvc\datasets\old-dataset\frames_unique\non_hate_video_240,0.6519352197647095,0.02467978559434414,0.30437374114990234,0.019011354073882103,1,0,0.7820937633514404
non_hate_video_241,0,0.927408754825592,2.5475497245788574,val,True,asr,0,E:\m-hvc\datasets\old-dataset\frames_unique\non_hate_video_241,0.012007618322968483,0.014742248691618443,0.7480514049530029,0.22519870102405548,1,2,0.927408754825592
non_hate_video_242,0,0.3923106789588928,-0.4376097619533539,train,True,asr,0,E:\m-hvc\datasets\old-dataset\frames_unique\non_hate_video_242,0.022093571722507477,0.011510386131703854,0.9465062022209167,0.019889866933226585,1,2,0.6076893210411072
non_hate_video_243,0,0.036469411104917526,-3.274130344390869,train,False,missing,0,E:\m-hvc\datasets\old-dataset\frames_unique\non_hate_video_243,0.8183578252792358,0.037875689566135406,0.10287687927484512,0.04088960960507393,0,0,0.9635305888950825
non_hate_video_244,0,0.9434151649475098,2.813765048980713,train,False,missing,0,E:\m-hvc\datasets\old-dataset\frames_unique\non_hate_video_244,0.3857663571834564,0.09587044268846512,0.35369566082954407,0.16466759145259857,1,0,0.9434151649475098
non_hate_video_245,0,0.15085425972938538,-1.7279165983200073,train,True,asr,0,E:\m-hvc\datasets\old-dataset\frames_unique\non_hate_video_245,0.07774227112531662,0.013813143596053123,0.8872279524803162,0.021216563880443573,0,2,0.8491457402706146
non_hate_video_246,0,0.5291936993598938,0.11690767109394073,test,True,asr,0,E:\m-hvc\datasets\old-dataset\frames_unique\non_hate_video_246,0.07806341350078583,0.07428091764450073,0.12175986915826797,0.725895881652832,1,3,0.5291936993598938
non_hate_video_247,0,0.6092196702957153,0.44403332471847534,train,True,asr,0,E:\m-hvc\datasets\old-dataset\frames_unique\non_hate_video_247,0.0187409408390522,0.01887247897684574,0.894752025604248,0.06763452291488647,1,2,0.6092196702957153
non_hate_video_248,0,0.011607888154685497,-4.444394588470459,train,True,asr,0,E:\m-hvc\datasets\old-dataset\frames_unique\non_hate_video_248,0.9951474070549011,0.0011299781035631895,0.0029311864636838436,0.0007914859452284873,0,0,0.9883921118453145
non_hate_video_249,0,0.050822366029024124,-2.9272594451904297,test,False,missing,0,E:\m-hvc\datasets\old-dataset\frames_unique\non_hate_video_249,0.7495139241218567,0.05113927274942398,0.14449693262577057,0.05484987422823906,0,0,0.9491776339709759
non_hate_video_25,0,0.7001519799232483,0.8480218052864075,train,True,asr,0,E:\m-hvc\datasets\old-dataset\frames_unique\non_hate_video_25,0.07293277233839035,0.7177891731262207,0.10162728279829025,0.10765085369348526,1,1,0.7001519799232483
non_hate_video_250,0,0.1725192368030548,-1.5678770542144775,train,False,missing,0,E:\m-hvc\datasets\old-dataset\frames_unique\non_hate_video_250,0.7849150896072388,0.02970236912369728,0.14893043041229248,0.03645215183496475,0,0,0.8274807631969452
non_hate_video_251,0,0.14950838685035706,-1.738461971282959,train,True,asr,0,E:\m-hvc\datasets\old-dataset\frames_unique\non_hate_video_251,0.07654042541980743,0.01461445540189743,0.8805725574493408,0.028272517025470734,0,2,0.8504916131496429
non_hate_video_252,0,0.029102083295583725,-3.507411479949951,val,False,missing,0,E:\m-hvc\datasets\old-dataset\frames_unique\non_hate_video_252,0.8292495608329773,0.03671972453594208,0.09500803053379059,0.03902270644903183,0,0,0.9708979167044163
non_hate_video_253,0,0.20836345851421356,-1.3348183631896973,train,True,asr,0,E:\m-hvc\datasets\old-dataset\frames_unique\non_hate_video_253,0.05598735064268112,0.01588204875588417,0.9038115739822388,0.024319078773260117,0,2,0.7916365414857864
non_hate_video_254,0,0.00936010293662548,-4.661894798278809,train,True,asr,0,E:\m-hvc\datasets\old-dataset\frames_unique\non_hate_video_254,0.9931943416595459,0.0014422687236219645,0.004296937957406044,0.0010664694709703326,0,0,0.9906398970633745
non_hate_video_255,0,0.009280035272240639,-4.670566558837891,val,True,asr,0,E:\m-hvc\datasets\old-dataset\frames_unique\non_hate_video_255,0.9931926131248474,0.0016418987652286887,0.003950682934373617,0.001214751391671598,0,0,0.9907199647277594
non_hate_video_256,0,0.07981986552476883,-2.4447970390319824,train,True,asr,0,E:\m-hvc\datasets\old-dataset\frames_unique\non_hate_video_256,0.99446702003479,0.0018371227197349072,0.002925123320892453,0.000770735030528158,0,0,0.9201801344752312
non_hate_video_257,0,0.10493616759777069,-2.143542766571045,train,False,missing,0,E:\m-hvc\datasets\old-dataset\frames_unique\non_hate_video_257,0.6522741317749023,0.07264602929353714,0.1984788179397583,0.0766010582447052,0,0,0.8950638324022293
non_hate_video_258,0,0.027458610013127327,-3.567232847213745,train,False,missing,0,E:\m-hvc\datasets\old-dataset\frames_unique\non_hate_video_258,0.8559075593948364,0.031859301030635834,0.0800134465098381,0.03221968933939934,0,0,0.9725413899868727
non_hate_video_259,0,0.9368804097175598,2.697523593902588,val,True,asr,0,E:\m-hvc\datasets\old-dataset\frames_unique\non_hate_video_259,0.4365260601043701,0.031072596088051796,0.4971728026866913,0.035228606313467026,1,2,0.9368804097175598
non_hate_video_26,0,0.009619014337658882,-4.634347915649414,train,True,asr,0,E:\m-hvc\datasets\old-dataset\frames_unique\non_hate_video_26,0.9940529465675354,0.0013592781033366919,0.003486243775114417,0.0011015256168320775,0,0,0.9903809856623411
non_hate_video_260,0,0.049052346497774124,-2.964570999145508,train,False,missing,0,E:\m-hvc\datasets\old-dataset\frames_unique\non_hate_video_260,0.8508302569389343,0.03219251707196236,0.08750509470701218,0.02947203442454338,0,0,0.9509476535022259
non_hate_video_261,0,0.00931518990546465,-4.666749954223633,train,True,asr,0,E:\m-hvc\datasets\old-dataset\frames_unique\non_hate_video_261,0.9937392473220825,0.0014019120717421174,0.003764630062505603,0.001094179111532867,0,0,0.9906848100945354
non_hate_video_262,0,0.030907029286026955,-3.4453768730163574,train,False,missing,0,E:\m-hvc\datasets\old-dataset\frames_unique\non_hate_video_262,0.8243364095687866,0.03937062621116638,0.09678271412849426,0.03951020911335945,0,0,0.969092970713973
non_hate_video_263,0,0.06714694201946259,-2.631364345550537,test,True,asr,0,E:\m-hvc\datasets\old-dataset\frames_unique\non_hate_video_263,0.996517539024353,0.0008202630560845137,0.0021230208221822977,0.0005392221501097083,0,0,0.9328530579805374
non_hate_video_264,0,0.01333435345441103,-4.303987503051758,test,True,asr,0,E:\m-hvc\datasets\old-dataset\frames_unique\non_hate_video_264,0.9680105447769165,0.0049331821501255035,0.023188048973679543,0.0038681221194565296,0,0,0.986665646545589
non_hate_video_265,0,0.12738168239593506,-1.9243102073669434,train,True,asr,0,E:\m-hvc\datasets\old-dataset\frames_unique\non_hate_video_265,0.9955005049705505,0.000981917604804039,0.00286784116178751,0.0006496643181890249,0,0,0.8726183176040649
non_hate_video_266,0,0.6057260632514954,0.42938193678855896,train,True,asr,0,E:\m-hvc\datasets\old-dataset\frames_unique\non_hate_video_266,0.028416147455573082,0.08255413174629211,0.8448812365531921,0.04414845257997513,1,2,0.6057260632514954
non_hate_video_267,0,0.03562947362661362,-3.298302412033081,test,False,missing,0,E:\m-hvc\datasets\old-dataset\frames_unique\non_hate_video_267,0.8266386389732361,0.033430494368076324,0.10360967367887497,0.0363212488591671,0,0,0.9643705263733864
non_hate_video_268,0,0.4643382728099823,-0.14288948476314545,train,True,asr,0,E:\m-hvc\datasets\old-dataset\frames_unique\non_hate_video_268,0.07328659296035767,0.04144305735826492,0.2576419413089752,0.6276284456253052,1,3,0.5356617271900177
non_hate_video_269,0,0.9044151902198792,2.24727463722229,test,True,asr,0,E:\m-hvc\datasets\old-dataset\frames_unique\non_hate_video_269,0.019538773223757744,0.047358836978673935,0.48192521929740906,0.45117709040641785,1,2,0.9044151902198792
non_hate_video_27,0,0.02251330390572548,-3.770878314971924,test,True,asr,0,E:\m-hvc\datasets\old-dataset\frames_unique\non_hate_video_27,0.9960315823554993,0.000840794004034251,0.0024448407348245382,0.0006826649187132716,0,0,0.9774866960942745
non_hate_video_270,0,0.17853155732154846,-1.5263280868530273,train,True,asr,0,E:\m-hvc\datasets\old-dataset\frames_unique\non_hate_video_270,0.2423253208398819,0.48745888471603394,0.17059187591075897,0.09962384402751923,0,1,0.8214684426784515
non_hate_video_271,0,0.028108155354857445,-3.543184757232666,val,False,missing,0,E:\m-hvc\datasets\old-dataset\frames_unique\non_hate_video_271,0.853519856929779,0.03205793723464012,0.08105283230543137,0.03336934372782707,0,0,0.9718918446451426
non_hate_video_272,0,0.03364405408501625,-3.3576958179473877,val,True,asr,0,E:\m-hvc\datasets\old-dataset\frames_unique\non_hate_video_272,0.9967443943023682,0.0006993894348852336,0.002044662833213806,0.0005115329404361546,0,0,0.9663559459149837
non_hate_video_273,0,0.030149538069963455,-3.4709722995758057,train,False,missing,0,E:\m-hvc\datasets\old-dataset\frames_unique\non_hate_video_273,0.8566643595695496,0.02911672741174698,0.0836714580655098,0.030547475442290306,0,0,0.9698504619300365
non_hate_video_274,0,0.028529411181807518,-3.5278754234313965,train,False,missing,0,E:\m-hvc\datasets\old-dataset\frames_unique\non_hate_video_274,0.8426474332809448,0.03459044173359871,0.08656920492649078,0.03619295731186867,0,0,0.9714705888181925
non_hate_video_275,0,0.36908772587776184,-0.5361325740814209,train,True,asr,0,E:\m-hvc\datasets\old-dataset\frames_unique\non_hate_video_275,0.028221067041158676,0.015090223401784897,0.9370082020759583,0.019680606201291084,1,2,0.6309122741222382
non_hate_video_276,0,0.1973029524087906,-1.403236985206604,train,True,asr,0,E:\m-hvc\datasets\old-dataset\frames_unique\non_hate_video_276,0.1446787416934967,0.19956234097480774,0.5765708088874817,0.07918811589479446,0,2,0.8026970475912094
non_hate_video_277,0,0.3400369882583618,-0.6631293296813965,train,True,asr,0,E:\m-hvc\datasets\old-dataset\frames_unique\non_hate_video_277,0.0252229031175375,0.007683291099965572,0.9541760087013245,0.012917870655655861,1,2,0.6599630117416382
non_hate_video_278,0,0.00969261396676302,-4.626651287078857,train,True,asr,0,E:\m-hvc\datasets\old-dataset\frames_unique\non_hate_video_278,0.9932882189750671,0.001596967806108296,0.0038192474748939276,0.0012955752899870276,0,0,0.990307386033237
non_hate_video_279,0,0.18721190094947815,-1.4682292938232422,test,True,asr,0,E:\m-hvc\datasets\old-dataset\frames_unique\non_hate_video_279,0.2148999571800232,0.43154382705688477,0.26015761494636536,0.09339859336614609,0,1,0.8127880990505219
non_hate_video_28,0,0.012357871979475021,-4.3810272216796875,test,True,asr,0,E:\m-hvc\datasets\old-dataset\frames_unique\non_hate_video_28,0.9915515184402466,0.0017681593308225274,0.005309693049639463,0.0013706507161259651,0,0,0.987642128020525
non_hate_video_280,0,0.15956518054008484,-1.6614668369293213,train,True,asr,0,E:\m-hvc\datasets\old-dataset\frames_unique\non_hate_video_280,0.08374493569135666,0.023351863026618958,0.8698587417602539,0.02304447814822197,0,2,0.8404348194599152
non_hate_video_281,0,0.013076665811240673,-4.323762893676758,train,True,asr,0,E:\m-hvc\datasets\old-dataset\frames_unique\non_hate_video_281,0.9861803650856018,0.004223018418997526,0.0070948526263237,0.0025017359293997288,0,0,0.9869233341887593
non_hate_video_282,0,0.786371648311615,1.303191900253296,test,True,asr,0,E:\m-hvc\datasets\old-dataset\frames_unique\non_hate_video_282,0.903394341468811,0.035910464823246,0.04589435085654259,0.014800893142819405,1,0,0.786371648311615
non_hate_video_283,0,0.013108743354678154,-4.321280479431152,test,True,asr,0,E:\m-hvc\datasets\old-dataset\frames_unique\non_hate_video_283,0.9914537668228149,0.001959138549864292,0.00491748284548521,0.0016696162056177855,0,0,0.9868912566453218
non_hate_video_284,0,0.02917342260479927,-3.504889726638794,train,False,missing,0,E:\m-hvc\datasets\old-dataset\frames_unique\non_hate_video_284,0.8554717302322388,0.0288687851279974,0.08412427455186844,0.031535182148218155,0,0,0.9708265773952007
non_hate_video_285,1,0.9845514893531799,4.1546735763549805,train,True,asr,2,E:\m-hvc\datasets\old-dataset\frames_unique\non_hate_video_285,0.012163656763732433,0.022660870105028152,0.0839824229478836,0.8811929821968079,1,3,0.9845514893531799
non_hate_video_286,0,0.4993450939655304,-0.002619512379169464,train,True,asr,0,E:\m-hvc\datasets\old-dataset\frames_unique\non_hate_video_286,0.1578294038772583,0.6517392992973328,0.10987827926874161,0.08055303990840912,1,1,0.5006549060344696
non_hate_video_287,0,0.2075953185558319,-1.3394815921783447,train,True,asr,0,E:\m-hvc\datasets\old-dataset\frames_unique\non_hate_video_287,0.18579545617103577,0.3832629919052124,0.34717631340026855,0.08376527577638626,0,1,0.7924046814441681
non_hate_video_288,0,0.4199485182762146,-0.3229846954345703,train,True,asr,0,E:\m-hvc\datasets\old-dataset\frames_unique\non_hate_video_288,0.12790726125240326,0.6770322322845459,0.10954031348228455,0.0855201929807663,1,1,0.5800514817237854
non_hate_video_289,0,0.014152699150145054,-4.243596076965332,train,True,asr,0,E:\m-hvc\datasets\old-dataset\frames_unique\non_hate_video_289,0.9628678560256958,0.010129784233868122,0.021460026502609253,0.005542272236198187,0,0,0.985847300849855
non_hate_video_29,0,0.20184814929962158,-1.3747831583023071,train,True,asr,0,E:\m-hvc\datasets\old-dataset\frames_unique\non_hate_video_29,0.22732937335968018,0.5132198333740234,0.14352990686893463,0.11592089384794235,0,1,0.7981518507003784
non_hate_video_290,1,0.6765473484992981,0.7379498481750488,test,True,asr,2,E:\m-hvc\datasets\old-dataset\frames_unique\non_hate_video_290,0.07508419454097748,0.5805456638336182,0.19417473673820496,0.1501953899860382,1,1,0.6765473484992981
non_hate_video_291,0,0.14466355741024017,-1.7770841121673584,train,True,asr,0,E:\m-hvc\datasets\old-dataset\frames_unique\non_hate_video_291,0.30330437421798706,0.44199103116989136,0.15956619381904602,0.09513840824365616,0,1,0.8553364425897598
non_hate_video_292,0,0.13203437626361847,-1.8830897808074951,train,True,asr,0,E:\m-hvc\datasets\old-dataset\frames_unique\non_hate_video_292,0.3306734561920166,0.42808830738067627,0.14784075319766998,0.09339752048254013,0,1,0.8679656237363815
non_hate_video_293,0,0.08202455192804337,-2.415152072906494,train,True,asr,0,E:\m-hvc\datasets\old-dataset\frames_unique\non_hate_video_293,0.19481289386749268,0.01975923776626587,0.7604853510856628,0.02494255267083645,0,2,0.9179754480719566
non_hate_video_294,0,0.0960826650261879,-2.2415289878845215,val,True,asr,0,E:\m-hvc\datasets\old-dataset\frames_unique\non_hate_video_294,0.5496606230735779,0.15627506375312805,0.14136002957820892,0.1527043581008911,0,0,0.9039173349738121
non_hate_video_295,0,0.1801697015762329,-1.5151982307434082,test,True,asr,0,E:\m-hvc\datasets\old-dataset\frames_unique\non_hate_video_295,0.07899287343025208,0.019120847806334496,0.8555014133453369,0.0463847890496254,0,2,0.8198302984237671
non_hate_video_296,0,0.023079773411154747,-3.745448350906372,train,True,asr,0,E:\m-hvc\datasets\old-dataset\frames_unique\non_hate_video_296,0.9963601231575012,0.0007865757797844708,0.0023159075062721968,0.0005374607862904668,0,0,0.9769202265888453
non_hate_video_297,0,0.9700396656990051,3.477461099624634,test,False,missing,0,E:\m-hvc\datasets\old-dataset\frames_unique\non_hate_video_297,0.31835103034973145,0.11806514859199524,0.359416663646698,0.2041672021150589,1,2,0.9700396656990051
non_hate_video_298,0,0.009738421998918056,-4.621890068054199,train,True,asr,0,E:\m-hvc\datasets\old-dataset\frames_unique\non_hate_video_298,0.9921146035194397,0.001917288638651371,0.004433969501405954,0.001534127863124013,0,0,0.9902615780010819
non_hate_video_299,0,0.7580634355545044,1.1420913934707642,val,True,asr,0,E:\m-hvc\datasets\old-dataset\frames_unique\non_hate_video_299,0.016201697289943695,0.013163555413484573,0.8832184076309204,0.08741629868745804,1,2,0.7580634355545044
non_hate_video_3,0,0.02250439114868641,-3.7712833881378174,train,True,asr,0,E:\m-hvc\datasets\old-dataset\frames_unique\non_hate_video_3,0.9915940761566162,0.0015193496365100145,0.005870496854186058,0.0010160721139982343,0,0,0.9774956088513136
non_hate_video_30,0,0.01425220537930727,-4.2364888191223145,train,True,asr,0,E:\m-hvc\datasets\old-dataset\frames_unique\non_hate_video_30,0.990078330039978,0.002761529292911291,0.005359540227800608,0.0018005251185968518,0,0,0.9857477946206927
non_hate_video_300,0,0.43852895498275757,-0.2471344918012619,test,True,asr,0,E:\m-hvc\datasets\old-dataset\frames_unique\non_hate_video_300,0.09230891615152359,0.1242942214012146,0.14574770629405975,0.6376491189002991,1,3,0.5614710450172424
non_hate_video_301,0,0.17257195711135864,-1.5675078630447388,train,True,asr,0,E:\m-hvc\datasets\old-dataset\frames_unique\non_hate_video_301,0.2520711123943329,0.49846264719963074,0.15626204013824463,0.09320422261953354,0,1,0.8274280428886414
non_hate_video_302,0,0.009732096455991268,-4.622546195983887,test,True,asr,0,E:\m-hvc\datasets\old-dataset\frames_unique\non_hate_video_302,0.992642343044281,0.0018939517904073,0.00414480734616518,0.0013188761658966541,0,0,0.9902679035440087
non_hate_video_303,0,0.014389699324965477,-4.226748466491699,train,True,asr,0,E:\m-hvc\datasets\old-dataset\frames_unique\non_hate_video_303,0.99369215965271,0.0015034159878268838,0.0035481054801493883,0.0012563379714265466,0,0,0.9856103006750345
non_hate_video_304,0,0.014794821850955486,-4.198572635650635,train,True,asr,0,E:\m-hvc\datasets\old-dataset\frames_unique\non_hate_video_304,0.9947751760482788,0.0011993825901299715,0.0030911725480109453,0.000934253039304167,0,0,0.9852051781490445
non_hate_video_305,0,0.012072338722646236,-4.404692649841309,val,True,asr,0,E:\m-hvc\datasets\old-dataset\frames_unique\non_hate_video_305,0.9925883412361145,0.0016495134914293885,0.004616320598870516,0.0011458724038675427,0,0,0.9879276612773538
non_hate_video_306,0,0.41646480560302734,-0.3373028635978699,train,True,asr,0,E:\m-hvc\datasets\old-dataset\frames_unique\non_hate_video_306,0.047798119485378265,0.0936700850725174,0.8103100657463074,0.04822162166237831,1,2,0.5835351943969727
non_hate_video_307,0,0.013148652389645576,-4.31820011138916,train,True,asr,0,E:\m-hvc\datasets\old-dataset\frames_unique\non_hate_video_307,0.9950873255729675,0.001084994408302009,0.002886722795665264,0.0009410121128894389,0,0,0.9868513476103544
non_hate_video_308,0,0.3151734471321106,-0.7760424613952637,test,True,asr,0,E:\m-hvc\datasets\old-dataset\frames_unique\non_hate_video_308,0.8220548629760742,0.014636840671300888,0.1433640867471695,0.019944190979003906,1,0,0.6848265528678894
non_hate_video_309,0,0.30597731471061707,-0.8189937472343445,test,True,asr,0,E:\m-hvc\datasets\old-dataset\frames_unique\non_hate_video_309,0.13590368628501892,0.048360295593738556,0.27642500400543213,0.5393109917640686,0,3,0.6940226852893829
non_hate_video_31,0,0.02356019802391529,-3.7243542671203613,val,True,asr,0,E:\m-hvc\datasets\old-dataset\frames_unique\non_hate_video_31,0.9905862212181091,0.002152306493371725,0.005269122309982777,0.0019923404324799776,0,0,0.9764398019760847
non_hate_video_310,0,0.009083651006221771,-4.6921539306640625,train,True,asr,0,E:\m-hvc\datasets\old-dataset\frames_unique\non_hate_video_310,0.9930680990219116,0.0015379954129457474,0.004254775121808052,0.001139061409048736,0,0,0.9909163489937782
non_hate_video_311,1,0.9877278804779053,4.388079643249512,train,True,asr,2,E:\m-hvc\datasets\old-dataset\frames_unique\non_hate_video_311,0.013642332516610622,0.022584788501262665,0.07427893579006195,0.8894938826560974,1,3,0.9877278804779053
non_hate_video_312,1,0.9523876905441284,2.995882034301758,test,True,asr,2,E:\m-hvc\datasets\old-dataset\frames_unique\non_hate_video_312,0.07220438867807388,0.5781748294830322,0.1345759928226471,0.2150447964668274,1,1,0.9523876905441284
non_hate_video_313,1,0.9844042658805847,4.145042419433594,test,True,asr,2,E:\m-hvc\datasets\old-dataset\frames_unique\non_hate_video_313,0.011015878058969975,0.02584005892276764,0.04897892102599144,0.9141651391983032,1,3,0.9844042658805847
non_hate_video_314,1,0.9869073629379272,4.322530746459961,train,True,asr,2,E:\m-hvc\datasets\old-dataset\frames_unique\non_hate_video_314,0.014688542112708092,0.024130934849381447,0.06698369234800339,0.8941968083381653,1,3,0.9869073629379272
non_hate_video_315,1,0.9862411022186279,4.272212982177734,train,True,asr,2,E:\m-hvc\datasets\old-dataset\frames_unique\non_hate_video_315,0.01413028035312891,0.0199753325432539,0.7657280564308167,0.20016638934612274,1,2,0.9862411022186279
non_hate_video_316,0,0.034525398164987564,-3.3309245109558105,train,False,missing,0,E:\m-hvc\datasets\old-dataset\frames_unique\non_hate_video_316,0.8390833139419556,0.030889838933944702,0.0972316637635231,0.03279510885477066,0,0,0.9654746018350124
non_hate_video_317,0,0.015438692644238472,-4.1553192138671875,val,True,asr,0,E:\m-hvc\datasets\old-dataset\frames_unique\non_hate_video_317,0.99396151304245,0.0013272209325805306,0.0038120518438518047,0.000899253529496491,0,0,0.9845613073557615
non_hate_video_318,0,0.030164502561092377,-3.4704606533050537,train,False,missing,0,E:\m-hvc\datasets\old-dataset\frames_unique\non_hate_video_318,0.8661788702011108,0.02552570030093193,0.08171423524618149,0.026581227779388428,0,0,0.9698354974389076
non_hate_video_319,0,0.03614058345556259,-3.283529043197632,train,False,missing,0,E:\m-hvc\datasets\old-dataset\frames_unique\non_hate_video_319,0.8408964276313782,0.033890727907419205,0.09038130939006805,0.034831538796424866,0,0,0.9638594165444374
non_hate_video_32,0,0.7915052175521851,1.3340221643447876,train,True,asr,0,E:\m-hvc\datasets\old-dataset\frames_unique\non_hate_video_32,0.02316921204328537,0.031229844316840172,0.1339263916015625,0.8116744756698608,1,3,0.7915052175521851
non_hate_video_320,0,0.03359789401292801,-3.359116554260254,train,False,missing,0,E:\m-hvc\datasets\old-dataset\frames_unique\non_hate_video_320,0.8553193807601929,0.02636745572090149,0.08737768232822418,0.030935514718294144,0,0,0.966402105987072
non_hate_video_321,0,0.012554953806102276,-4.3650054931640625,train,True,asr,0,E:\m-hvc\datasets\old-dataset\frames_unique\non_hate_video_321,0.996150016784668,0.0009130164398811758,0.002382389735430479,0.0005546617321670055,0,0,0.9874450461938977
non_hate_video_322,0,0.010006406344473362,-4.594472885131836,train,True,asr,0,E:\m-hvc\datasets\old-dataset\frames_unique\non_hate_video_322,0.9920039772987366,0.002216180320829153,0.004433323163539171,0.0013464734656736255,0,0,0.9899935936555266
non_hate_video_323,0,0.04034228250384331,-3.1691765785217285,train,False,missing,0,E:\m-hvc\datasets\old-dataset\frames_unique\non_hate_video_323,0.8138687014579773,0.03399321064352989,0.11409751325845718,0.038040630519390106,0,0,0.9596577174961567
non_hate_video_324,0,0.0315944068133831,-3.422670841217041,val,False,missing,0,E:\m-hvc\datasets\old-dataset\frames_unique\non_hate_video_324,0.8795241713523865,0.02292550727725029,0.07406261563301086,0.023487737402319908,0,0,0.9684055931866169
non_hate_video_325,0,0.12615475058555603,-1.9353939294815063,train,True,asr,0,E:\m-hvc\datasets\old-dataset\frames_unique\non_hate_video_325,0.35594382882118225,0.4195290207862854,0.1407005339860916,0.08382660895586014,0,1,0.873845249414444
non_hate_video_326,0,0.038611046969890594,-3.2148406505584717,train,False,missing,0,E:\m-hvc\datasets\old-dataset\frames_unique\non_hate_video_326,0.8608080744743347,0.02614637091755867,0.08401308208703995,0.029032442718744278,0,0,0.9613889530301094
non_hate_video_327,0,0.011671350337564945,-4.438878059387207,train,True,asr,0,E:\m-hvc\datasets\old-dataset\frames_unique\non_hate_video_327,0.9859310388565063,0.004478496499359608,0.007257441058754921,0.002332906238734722,0,0,0.988328649662435
non_hate_video_328,0,0.9086645841598511,2.297438144683838,val,True,asr,0,E:\m-hvc\datasets\old-dataset\frames_unique\non_hate_video_328,0.9498652815818787,0.013578827492892742,0.024085406213998795,0.012470517307519913,1,0,0.9086645841598511
non_hate_video_329,1,0.9882982969284058,4.436254024505615,train,True,asr,2,E:\m-hvc\datasets\old-dataset\frames_unique\non_hate_video_329,0.012835370376706123,0.023266447708010674,0.19050443172454834,0.7733938097953796,1,3,0.9882982969284058
non_hate_video_33,0,0.009959853254258633,-4.599183082580566,train,True,asr,0,E:\m-hvc\datasets\old-dataset\frames_unique\non_hate_video_33,0.9910023808479309,0.002106076804921031,0.005469116847962141,0.0014224819606170058,0,0,0.9900401467457414
non_hate_video_330,0,0.019990643486380577,-3.8922977447509766,train,True,asr,0,E:\m-hvc\datasets\old-dataset\frames_unique\non_hate_video_330,0.9933885335922241,0.0015159633476287127,0.0037662493996322155,0.0013291998766362667,0,0,0.9800093565136194
non_hate_video_331,1,0.9739582538604736,3.621668815612793,train,True,asr,2,E:\m-hvc\datasets\old-dataset\frames_unique\non_hate_video_331,0.03135930746793747,0.022171625867486,0.8877804279327393,0.05868866294622421,1,2,0.9739582538604736
non_hate_video_332,0,0.03189290687441826,-3.412959098815918,train,True,asr,0,E:\m-hvc\datasets\old-dataset\frames_unique\non_hate_video_332,0.9933761954307556,0.0020027344580739737,0.003718714928254485,0.0009023808524943888,0,0,0.9681070931255817
non_hate_video_333,0,0.014801016077399254,-4.198147773742676,val,True,asr,0,E:\m-hvc\datasets\old-dataset\frames_unique\non_hate_video_333,0.9834651947021484,0.0020489247981458902,0.012810086831450462,0.0016758349956944585,0,0,0.9851989839226007
non_hate_video_334,0,0.7288011908531189,0.988548755645752,train,True,asr,0,E:\m-hvc\datasets\old-dataset\frames_unique\non_hate_video_334,0.041705697774887085,0.04656779766082764,0.21484969556331635,0.6968767642974854,1,3,0.7288011908531189
non_hate_video_335,0,0.028618356212973595,-3.5246710777282715,train,False,missing,0,E:\m-hvc\datasets\old-dataset\frames_unique\non_hate_video_335,0.8409324288368225,0.03332618251442909,0.09097886085510254,0.034762587398290634,0,0,0.9713816437870264
non_hate_video_336,0,0.3316267132759094,-0.700836718082428,train,False,missing,0,E:\m-hvc\datasets\old-dataset\frames_unique\non_hate_video_336,0.6104348301887512,0.06723485141992569,0.2536080479621887,0.06872227042913437,1,0,0.6683732867240906
non_hate_video_337,1,0.9757979512214661,3.6968164443969727,train,True,asr,2,E:\m-hvc\datasets\old-dataset\frames_unique\non_hate_video_337,0.05097367241978645,0.15658418834209442,0.6611438393592834,0.13129834830760956,1,2,0.9757979512214661
non_hate_video_338,0,0.36707252264022827,-0.544796347618103,train,True,asr,0,E:\m-hvc\datasets\old-dataset\frames_unique\non_hate_video_338,0.9949740171432495,0.0013062923680990934,0.0029924234841018915,0.0007272906950674951,1,0,0.6329274773597717
non_hate_video_339,0,0.43260490894317627,-0.271231085062027,train,True,asr,0,E:\m-hvc\datasets\old-dataset\frames_unique\non_hate_video_339,0.5343864560127258,0.31069350242614746,0.1156446561217308,0.03927542269229889,1,0,0.5673950910568237
non_hate_video_34,0,0.3797636032104492,-0.49055179953575134,train,True,asr,0,E:\m-hvc\datasets\old-dataset\frames_unique\non_hate_video_34,0.10403825342655182,0.1353120356798172,0.16242457926273346,0.5982251167297363,1,3,0.6202363967895508
non_hate_video_340,0,0.3245239853858948,-0.7330582141876221,train,True,asr,0,E:\m-hvc\datasets\old-dataset\frames_unique\non_hate_video_340,0.039664555341005325,0.009252159856259823,0.9357789754867554,0.015304344706237316,1,2,0.6754760146141052
non_hate_video_341,0,0.27462315559387207,-0.9712914824485779,train,True,asr,0,E:\m-hvc\datasets\old-dataset\frames_unique\non_hate_video_341,0.03988393023610115,0.009246235713362694,0.9335060119628906,0.017363838851451874,0,2,0.7253768444061279
non_hate_video_342,0,0.13481253385543823,-1.8590610027313232,train,False,missing,0,E:\m-hvc\datasets\old-dataset\frames_unique\non_hate_video_342,0.7029918432235718,0.04431894049048424,0.20556993782520294,0.04711928218603134,0,0,0.8651874661445618
non_hate_video_343,0,0.44956448674201965,-0.20243051648139954,train,True,asr,0,E:\m-hvc\datasets\old-dataset\frames_unique\non_hate_video_343,0.05713847279548645,0.12930144369602203,0.7288938760757446,0.0846661925315857,1,2,0.5504355132579803
non_hate_video_344,0,0.008374977856874466,-4.774096488952637,train,True,asr,0,E:\m-hvc\datasets\old-dataset\frames_unique\non_hate_video_344,0.9931574463844299,0.0015533305704593658,0.004145952872931957,0.0011432986939325929,0,0,0.9916250221431255
non_hate_video_345,0,0.5877235531806946,0.35456258058547974,train,True,asr,0,E:\m-hvc\datasets\old-dataset\frames_unique\non_hate_video_345,0.05870790779590607,0.009360809810459614,0.9182864427566528,0.013644787482917309,1,2,0.5877235531806946
non_hate_video_346,0,0.36715224385261536,-0.5444532632827759,test,True,asr,0,E:\m-hvc\datasets\old-dataset\frames_unique\non_hate_video_346,0.021336380392313004,0.007818496786057949,0.9547747373580933,0.016070451587438583,1,2,0.6328477561473846
non_hate_video_347,0,0.015508867800235748,-4.150712966918945,val,True,asr,0,E:\m-hvc\datasets\old-dataset\frames_unique\non_hate_video_347,0.9528079628944397,0.007695669773966074,0.03373032808303833,0.005766074173152447,0,0,0.9844911321997643
non_hate_video_348,0,0.17168444395065308,-1.5737359523773193,train,True,asr,0,E:\m-hvc\datasets\old-dataset\frames_unique\non_hate_video_348,0.2813672125339508,0.382825642824173,0.15635903179645538,0.17944809794425964,0,1,0.8283155560493469
non_hate_video_349,0,0.03888774663209915,-3.207412004470825,train,False,missing,0,E:\m-hvc\datasets\old-dataset\frames_unique\non_hate_video_349,0.8169089555740356,0.034925445914268494,0.11007615923881531,0.038089387118816376,0,0,0.9611122533679008
non_hate_video_35,1,0.9723963737487793,3.561818838119507,val,True,asr,2,E:\m-hvc\datasets\old-dataset\frames_unique\non_hate_video_35,0.015271172858774662,0.024646583944559097,0.24517513811588287,0.7149071097373962,1,3,0.9723963737487793
non_hate_video_350,0,0.008964129723608494,-4.705519676208496,train,True,asr,0,E:\m-hvc\datasets\old-dataset\frames_unique\non_hate_video_350,0.9903329014778137,0.0020566105376929045,0.006095151416957378,0.0015152727719396353,0,0,0.9910358702763915
non_hate_video_351,1,0.9842398166656494,4.134381294250488,train,True,asr,2,E:\m-hvc\datasets\old-dataset\frames_unique\non_hate_video_351,0.022069629281759262,0.040947943925857544,0.8507440090179443,0.08623839914798737,1,2,0.9842398166656494
non_hate_video_352,0,0.15332430601119995,-1.7087624073028564,test,True,asr,0,E:\m-hvc\datasets\old-dataset\frames_unique\non_hate_video_352,0.07240355759859085,0.013362756930291653,0.8977929949760437,0.01644066534936428,0,2,0.8466756939888
non_hate_video_353,0,0.017981713637709618,-4.0002546310424805,val,True,asr,0,E:\m-hvc\datasets\old-dataset\frames_unique\non_hate_video_353,0.965752363204956,0.007256136741489172,0.022621840238571167,0.00436971103772521,0,0,0.9820182863622904
non_hate_video_354,0,0.023971974849700928,-3.706605911254883,test,True,asr,0,E:\m-hvc\datasets\old-dataset\frames_unique\non_hate_video_354,0.9515480995178223,0.00805969163775444,0.035935815423727036,0.004456418566405773,0,0,0.9760280251502991
non_hate_video_355,0,0.01284340675920248,-4.341998100280762,train,True,asr,0,E:\m-hvc\datasets\old-dataset\frames_unique\non_hate_video_355,0.9966874718666077,0.0008498769602738321,0.0019117024494335055,0.0005509339971467853,0,0,0.9871565932407975
non_hate_video_356,0,0.12523587048053741,-1.9437552690505981,train,True,asr,0,E:\m-hvc\datasets\old-dataset\frames_unique\non_hate_video_356,0.21727105975151062,0.04155997931957245,0.6734775304794312,0.06769135594367981,0,2,0.8747641295194626
non_hate_video_357,0,0.14968255162239075,-1.7370930910110474,train,True,asr,0,E:\m-hvc\datasets\old-dataset\frames_unique\non_hate_video_357,0.29604777693748474,0.46568799018859863,0.14240533113479614,0.09585895389318466,0,1,0.8503174483776093
non_hate_video_358,0,0.031706225126981735,-3.419022560119629,train,False,missing,0,E:\m-hvc\datasets\old-dataset\frames_unique\non_hate_video_358,0.812275767326355,0.03704656660556793,0.10815291851758957,0.04252476245164871,0,0,0.9682937748730183
non_hate_video_359,0,0.08034268766641617,-2.437700033187866,test,True,asr,0,E:\m-hvc\datasets\old-dataset\frames_unique\non_hate_video_359,0.5976815819740295,0.2289932370185852,0.12056665867567062,0.05275849252939224,0,0,0.9196573123335838
non_hate_video_36,1,0.9584256410598755,3.137807607650757,test,True,asr,2,E:\m-hvc\datasets\old-dataset\frames_unique\non_hate_video_36,0.11005975306034088,0.5041673183441162,0.15789330005645752,0.2278796136379242,1,1,0.9584256410598755
non_hate_video_360,0,0.04120620712637901,-3.1470870971679688,train,True,asr,0,E:\m-hvc\datasets\old-dataset\frames_unique\non_hate_video_360,0.7560357451438904,0.02734515443444252,0.15927176177501678,0.057347316294908524,0,0,0.958793792873621
non_hate_video_361,0,0.01777503453195095,-4.012025356292725,val,True,asr,0,E:\m-hvc\datasets\old-dataset\frames_unique\non_hate_video_361,0.9948729872703552,0.001250007888302207,0.002914387732744217,0.0009626146638765931,0,0,0.982224965468049
non_hate_video_362,0,0.011538086459040642,-4.450496673583984,val,True,asr,0,E:\m-hvc\datasets\old-dataset\frames_unique\non_hate_video_362,0.98834627866745,0.0026305613573640585,0.006632484495639801,0.002390704583376646,0,0,0.9884619135409594
non_hate_video_363,1,0.8906669616699219,2.0975725650787354,test,True,asr,2,E:\m-hvc\datasets\old-dataset\frames_unique\non_hate_video_363,0.021699419245123863,0.06030647084116936,0.8876024484634399,0.030391750857234,1,2,0.8906669616699219
non_hate_video_364,1,0.9875055551528931,4.369899749755859,test,True,asr,2,E:\m-hvc\datasets\old-dataset\frames_unique\non_hate_video_364,0.01691897213459015,0.021963918581604958,0.8125275373458862,0.14858956634998322,1,2,0.9875055551528931
non_hate_video_365,0,0.07827087491750717,-2.466075897216797,train,True,asr,0,E:\m-hvc\datasets\old-dataset\frames_unique\non_hate_video_365,0.980034589767456,0.002766261575743556,0.01569836586713791,0.0015008103800937533,0,0,0.9217291250824928
non_hate_video_366,0,0.8332551717758179,1.608875036239624,train,True,asr,0,E:\m-hvc\datasets\old-dataset\frames_unique\non_hate_video_366,0.06767521798610687,0.7112445831298828,0.11684508621692657,0.10423502326011658,1,1,0.8332551717758179
non_hate_video_367,0,0.012021868489682674,-4.408933162689209,train,True,asr,0,E:\m-hvc\datasets\old-dataset\frames_unique\non_hate_video_367,0.9945691823959351,0.00119059591088444,0.0032873437739908695,0.0009529119124636054,0,0,0.9879781315103173
non_hate_video_368,0,0.16178737580776215,-1.6449888944625854,train,True,asr,0,E:\m-hvc\datasets\old-dataset\frames_unique\non_hate_video_368,0.07629834115505219,0.013699160888791084,0.8882031440734863,0.021799391135573387,0,2,0.8382126241922379
non_hate_video_369,0,0.052228499203920364,-2.8984851837158203,train,True,asr,0,E:\m-hvc\datasets\old-dataset\frames_unique\non_hate_video_369,0.9953935146331787,0.0012469424400478601,0.0026367653626948595,0.0007227807654999197,0,0,0.9477715007960796
non_hate_video_37,0,0.3437592387199402,-0.6465861797332764,train,True,asr,0,E:\m-hvc\datasets\old-dataset\frames_unique\non_hate_video_37,0.05331294983625412,0.06599084287881851,0.8251977562904358,0.0554984025657177,1,2,0.6562407612800598
non_hate_video_370,0,0.012410885654389858,-4.376692771911621,test,True,asr,0,E:\m-hvc\datasets\old-dataset\frames_unique\non_hate_video_370,0.9911236763000488,0.002478328999131918,0.004837288521230221,0.001560673234052956,0,0,0.9875891143456101
non_hate_video_371,0,0.04270954430103302,-3.109684467315674,test,True,asr,0,E:\m-hvc\datasets\old-dataset\frames_unique\non_hate_video_371,0.9972808361053467,0.0005821296363137662,0.0017442393582314253,0.000392771209590137,0,0,0.957290455698967
non_hate_video_372,0,0.01639549620449543,-4.094217300415039,train,True,asr,0,E:\m-hvc\datasets\old-dataset\frames_unique\non_hate_video_372,0.9882332682609558,0.0018413637299090624,0.007876725867390633,0.002048654016107321,0,0,0.9836045037955046
non_hate_video_373,0,0.0669180154800415,-2.6350247859954834,train,True,asr,0,E:\m-hvc\datasets\old-dataset\frames_unique\non_hate_video_373,0.9944310784339905,0.0013077378971502185,0.0033293706364929676,0.0009318764205090702,0,0,0.9330819845199585
non_hate_video_374,0,0.9584187269210815,3.1376352310180664,train,False,missing,0,E:\m-hvc\datasets\old-dataset\frames_unique\non_hate_video_374,0.3033958077430725,0.1189255341887474,0.4021037518978119,0.1755748987197876,1,2,0.9584187269210815
non_hate_video_375,0,0.16701215505599976,-1.606952428817749,train,True,asr,0,E:\m-hvc\datasets\old-dataset\frames_unique\non_hate_video_375,0.2849263548851013,0.4896245300769806,0.13254335522651672,0.09290575981140137,0,1,0.8329878449440002
non_hate_video_376,0,0.18923455476760864,-1.4549915790557861,train,True,asr,0,E:\m-hvc\datasets\old-dataset\frames_unique\non_hate_video_376,0.05672476813197136,0.01247622910887003,0.9042376279830933,0.02656138315796852,0,2,0.8107654452323914
non_hate_video_377,0,0.015269213356077671,-4.166529655456543,train,True,asr,0,E:\m-hvc\datasets\old-dataset\frames_unique\non_hate_video_377,0.9969059824943542,0.0007630290929228067,0.0018299020593985915,0.0005011343164369464,0,0,0.9847307866439223
non_hate_video_378,0,0.0896092876791954,-2.3184149265289307,train,True,asr,0,E:\m-hvc\datasets\old-dataset\frames_unique\non_hate_video_378,0.9963822364807129,0.0009245974943041801,0.002139689400792122,0.0005534717347472906,0,0,0.9103907123208046
non_hate_video_379,0,0.021062685176730156,-3.8389647006988525,train,True,asr,0,E:\m-hvc\datasets\old-dataset\frames_unique\non_hate_video_379,0.9530221819877625,0.005777604877948761,0.03587385639548302,0.005326326470822096,0,0,0.9789373148232698
non_hate_video_38,0,0.6796776652336121,0.7522908449172974,train,True,asr,0,E:\m-hvc\datasets\old-dataset\frames_unique\non_hate_video_38,0.2966476380825043,0.2136244773864746,0.42254403233528137,0.06718388199806213,1,2,0.6796776652336121
non_hate_video_380,0,0.8037025928497314,1.4095982313156128,val,True,asr,0,E:\m-hvc\datasets\old-dataset\frames_unique\non_hate_video_380,0.028109809383749962,0.011675072833895683,0.943805992603302,0.016409093514084816,1,2,0.8037025928497314
non_hate_video_381,0,0.18300987780094147,-1.496086835861206,train,True,asr,0,E:\m-hvc\datasets\old-dataset\frames_unique\non_hate_video_381,0.09497786313295364,0.018466303125023842,0.867767333984375,0.01878848485648632,0,2,0.8169901221990585
non_hate_video_382,0,0.22070279717445374,-1.26157546043396,val,True,asr,0,E:\m-hvc\datasets\old-dataset\frames_unique\non_hate_video_382,0.22131025791168213,0.5560296177864075,0.1311422437429428,0.0915178582072258,0,1,0.7792972028255463
non_hate_video_383,0,0.03254788741469383,-3.391953468322754,train,True,asr,0,E:\m-hvc\datasets\old-dataset\frames_unique\non_hate_video_383,0.9639068841934204,0.014084991067647934,0.017224695533514023,0.004783389624208212,0,0,0.9674521125853062
non_hate_video_384,0,0.1628127545118332,-1.6374469995498657,train,True,asr,0,E:\m-hvc\datasets\old-dataset\frames_unique\non_hate_video_384,0.0646260678768158,0.013065403327345848,0.9022701978683472,0.02003835141658783,0,2,0.8371872454881668
non_hate_video_385,0,0.09869720786809921,-2.211784601211548,train,False,missing,0,E:\m-hvc\datasets\old-dataset\frames_unique\non_hate_video_385,0.7108231782913208,0.05020556226372719,0.1885184645652771,0.050452787429094315,0,0,0.9013027921319008
non_hate_video_386,0,0.008431852795183659,-4.767271041870117,train,True,asr,0,E:\m-hvc\datasets\old-dataset\frames_unique\non_hate_video_386,0.9926665425300598,0.0016277694376185536,0.004405077546834946,0.0013007062952965498,0,0,0.9915681472048163
non_hate_video_387,0,0.08033078163862228,-2.437861204147339,train,True,asr,0,E:\m-hvc\datasets\old-dataset\frames_unique\non_hate_video_387,0.5304208397865295,0.0816110223531723,0.26272523403167725,0.12524296343326569,0,0,0.9196692183613777
non_hate_video_388,0,0.1466822624206543,-1.7608633041381836,train,True,asr,0,E:\m-hvc\datasets\old-dataset\frames_unique\non_hate_video_388,0.10359986871480942,0.035440798848867416,0.8275080323219299,0.03345126658678055,0,2,0.8533177375793457
non_hate_video_389,0,0.030954597517848015,-3.4437899589538574,val,False,missing,0,E:\m-hvc\datasets\old-dataset\frames_unique\non_hate_video_389,0.8350361585617065,0.036055583506822586,0.09092945605516434,0.03797879070043564,0,0,0.969045402482152
non_hate_video_39,0,0.23506619036197662,-1.179922103881836,train,True,asr,0,E:\m-hvc\datasets\old-dataset\frames_unique\non_hate_video_39,0.053966887295246124,0.015645701438188553,0.8781232833862305,0.05226412042975426,0,2,0.7649338096380234
non_hate_video_390,0,0.1967153698205948,-1.4069513082504272,val,True,asr,0,E:\m-hvc\datasets\old-dataset\frames_unique\non_hate_video_390,0.04689547419548035,0.012212404049932957,0.9229719638824463,0.017920060083270073,0,2,0.8032846301794052
non_hate_video_391,0,0.03014998883008957,-3.470956802368164,train,False,missing,0,E:\m-hvc\datasets\old-dataset\frames_unique\non_hate_video_391,0.826751708984375,0.03419608250260353,0.10114097595214844,0.037911295890808105,0,0,0.9698500111699104
non_hate_video_392,0,0.028337199240922928,-3.5348334312438965,train,False,missing,0,E:\m-hvc\datasets\old-dataset\frames_unique\non_hate_video_392,0.8566709756851196,0.027941998094320297,0.08481728285551071,0.03056977316737175,0,0,0.9716628007590771
non_hate_video_393,0,0.2012576460838318,-1.3784525394439697,train,True,asr,0,E:\m-hvc\datasets\old-dataset\frames_unique\non_hate_video_393,0.04834930971264839,0.01095525175333023,0.9233287572860718,0.01736673153936863,0,2,0.7987423539161682
non_hate_video_394,0,0.02825496904551983,-3.5378241539001465,train,False,missing,0,E:\m-hvc\datasets\old-dataset\frames_unique\non_hate_video_394,0.8351902961730957,0.03590810298919678,0.09258578717708588,0.036315735429525375,0,0,0.9717450309544802
non_hate_video_395,0,0.1449674516916275,-1.7746303081512451,train,True,asr,0,E:\m-hvc\datasets\old-dataset\frames_unique\non_hate_video_395,0.9930196404457092,0.0018025549361482263,0.003921851981431246,0.0012559439055621624,0,0,0.8550325483083725
non_hate_video_396,0,0.013320238329470158,-4.305060863494873,train,True,asr,0,E:\m-hvc\datasets\old-dataset\frames_unique\non_hate_video_396,0.9940500259399414,0.001224237261340022,0.0036544858012348413,0.0010712466901168227,0,0,0.9866797616705298
non_hate_video_397,0,0.901682436466217,2.216059684753418,train,True,asr,0,E:\m-hvc\datasets\old-dataset\frames_unique\non_hate_video_397,0.1254327893257141,0.19211366772651672,0.5581755638122559,0.1242780014872551,1,2,0.901682436466217
non_hate_video_398,0,0.9604711532592773,3.1903939247131348,val,False,missing,0,E:\m-hvc\datasets\old-dataset\frames_unique\non_hate_video_398,0.3148558437824249,0.10604247450828552,0.39497920870780945,0.18412244319915771,1,2,0.9604711532592773
non_hate_video_399,0,0.4706357717514038,-0.11759231984615326,train,False,missing,0,E:\m-hvc\datasets\old-dataset\frames_unique\non_hate_video_399,0.6320756077766418,0.06015963852405548,0.24543644487857819,0.06232830882072449,1,0,0.5293642282485962
non_hate_video_4,0,0.012071947567164898,-4.404725551605225,train,True,asr,0,E:\m-hvc\datasets\old-dataset\frames_unique\non_hate_video_4,0.9916365742683411,0.0019345390610396862,0.0048619285225868225,0.0015669116983190179,0,0,0.9879280524328351
non_hate_video_40,0,0.2854403555393219,-0.9176333546638489,train,True,asr,0,E:\m-hvc\datasets\old-dataset\frames_unique\non_hate_video_40,0.9938424825668335,0.001613156171515584,0.0034019681625068188,0.0011423908872529864,0,0,0.7145596444606781
non_hate_video_400,0,0.009800836443901062,-4.615438461303711,test,True,asr,0,E:\m-hvc\datasets\old-dataset\frames_unique\non_hate_video_400,0.9930545687675476,0.001549151143990457,0.004067803267389536,0.001328459125943482,0,0,0.9901991635560989
non_hate_video_401,0,0.0154530955478549,-4.154372215270996,train,True,asr,0,E:\m-hvc\datasets\old-dataset\frames_unique\non_hate_video_401,0.9930075407028198,0.0018197987228631973,0.00398250063881278,0.0011901886900886893,0,0,0.9845469044521451
non_hate_video_402,0,0.3367158770561218,-0.6779639720916748,test,True,asr,0,E:\m-hvc\datasets\old-dataset\frames_unique\non_hate_video_402,0.025389783084392548,0.009196694940328598,0.9478536248207092,0.017559923231601715,1,2,0.6632841229438782
non_hate_video_403,0,0.7086570262908936,0.8888706564903259,train,True,asr,0,E:\m-hvc\datasets\old-dataset\frames_unique\non_hate_video_403,0.010577250272035599,0.006229672115296125,0.9744656682014465,0.00872746855020523,1,2,0.7086570262908936
non_hate_video_404,0,0.01587648130953312,-4.126912593841553,train,True,asr,0,E:\m-hvc\datasets\old-dataset\frames_unique\non_hate_video_404,0.963727593421936,0.014577687717974186,0.01521781925112009,0.006476901937276125,0,0,0.9841235186904669
non_hate_video_405,0,0.15450306236743927,-1.6997106075286865,test,True,asr,0,E:\m-hvc\datasets\old-dataset\frames_unique\non_hate_video_405,0.06586799025535583,0.011631042696535587,0.904331624507904,0.01816926710307598,0,2,0.8454969376325607
non_hate_video_406,0,0.2703953683376312,-0.9926175475120544,val,True,asr,0,E:\m-hvc\datasets\old-dataset\frames_unique\non_hate_video_406,0.9774636626243591,0.005240879952907562,0.013038504868745804,0.00425685103982687,0,0,0.7296046316623688
non_hate_video_407,0,0.03708209842443466,-3.256833791732788,test,False,missing,0,E:\m-hvc\datasets\old-dataset\frames_unique\non_hate_video_407,0.8414492607116699,0.034891072660684586,0.08910864591598511,0.03455101698637009,0,0,0.9629179015755653
non_hate_video_408,0,0.26222652196884155,-1.0344281196594238,train,True,asr,0,E:\m-hvc\datasets\old-dataset\frames_unique\non_hate_video_408,0.03760373592376709,0.009283014573156834,0.9378458261489868,0.015267448499798775,0,2,0.7377734780311584
non_hate_video_409,0,0.01487899012863636,-4.192814350128174,val,True,asr,0,E:\m-hvc\datasets\old-dataset\frames_unique\non_hate_video_409,0.996313750743866,0.0007444306975230575,0.0023507028818130493,0.0005911167827434838,0,0,0.9851210098713636
non_hate_video_41,0,0.19182853400707245,-1.4381723403930664,train,True,asr,0,E:\m-hvc\datasets\old-dataset\frames_unique\non_hate_video_41,0.06769640743732452,0.027537347748875618,0.8731808066368103,0.03158548101782799,0,2,0.8081714659929276
non_hate_video_410,0,0.031045833602547646,-3.4407527446746826,train,True,asr,0,E:\m-hvc\datasets\old-dataset\frames_unique\non_hate_video_410,0.9963077306747437,0.0007831821567378938,0.002296284306794405,0.0006128272507339716,0,0,0.9689541663974524
non_hate_video_411,0,0.15586142241954803,-1.6893494129180908,test,True,asr,0,E:\m-hvc\datasets\old-dataset\frames_unique\non_hate_video_411,0.6051338911056519,0.04152176156640053,0.3375493884086609,0.015795009210705757,0,0,0.844138577580452
non_hate_video_412,0,0.6200992465019226,0.48996955156326294,train,True,asr,0,E:\m-hvc\datasets\old-dataset\frames_unique\non_hate_video_412,0.01328662782907486,0.006829941179603338,0.9704786539077759,0.009404784068465233,1,2,0.6200992465019226
non_hate_video_413,0,0.02649003081023693,-3.604139566421509,val,False,missing,0,E:\m-hvc\datasets\old-dataset\frames_unique\non_hate_video_413,0.8483114242553711,0.032414961606264114,0.08527324348688126,0.034000348299741745,0,0,0.9735099691897631
non_hate_video_414,0,0.23485131561756134,-1.1811176538467407,train,True,asr,0,E:\m-hvc\datasets\old-dataset\frames_unique\non_hate_video_414,0.04632562771439552,0.010429051704704762,0.9273481965065002,0.015897179022431374,0,2,0.7651486843824387
non_hate_video_415,1,0.9849182963371277,4.179074287414551,val,True,asr,2,E:\m-hvc\datasets\old-dataset\frames_unique\non_hate_video_415,0.015163260512053967,0.02436266653239727,0.07065935432910919,0.8898146748542786,1,3,0.9849182963371277
non_hate_video_416,0,0.009113459847867489,-4.688847541809082,test,True,asr,0,E:\m-hvc\datasets\old-dataset\frames_unique\non_hate_video_416,0.9912208914756775,0.001862634439021349,0.005392479710280895,0.0015240535140037537,0,0,0.9908865401521325
non_hate_video_417,1,0.978744626045227,3.829660415649414,train,True,asr,2,E:\m-hvc\datasets\old-dataset\frames_unique\non_hate_video_417,0.01770646497607231,0.022317511960864067,0.912766695022583,0.04720926284790039,1,2,0.978744626045227
non_hate_video_418,0,0.14388790726661682,-1.7833666801452637,train,True,asr,0,E:\m-hvc\datasets\old-dataset\frames_unique\non_hate_video_418,0.11304313689470291,0.016140470281243324,0.8537535071372986,0.017062906175851822,0,2,0.8561120927333832
non_hate_video_419,0,0.017391009256243706,-4.034257888793945,train,True,asr,0,E:\m-hvc\datasets\old-dataset\frames_unique\non_hate_video_419,0.9674404859542847,0.008144563995301723,0.018666384741663933,0.005748470779508352,0,0,0.9826089907437563
non_hate_video_42,0,0.010302741080522537,-4.56498908996582,train,True,asr,0,E:\m-hvc\datasets\old-dataset\frames_unique\non_hate_video_42,0.990014910697937,0.0025573514867573977,0.005337063688784838,0.0020906878635287285,0,0,0.9896972589194775
non_hate_video_420,0,0.056644365191459656,-2.8126509189605713,val,False,missing,0,E:\m-hvc\datasets\old-dataset\frames_unique\non_hate_video_420,0.7347062826156616,0.0571410246193409,0.14823216199874878,0.05992049723863602,0,0,0.9433556348085403
non_hate_video_421,0,0.4065045416355133,-0.378434419631958,val,True,asr,0,E:\m-hvc\datasets\old-dataset\frames_unique\non_hate_video_421,0.10353425145149231,0.043874647468328476,0.179317906498909,0.6732731461524963,1,3,0.5934954583644867
non_hate_video_422,0,0.016455059871077538,-4.0905303955078125,train,True,asr,0,E:\m-hvc\datasets\old-dataset\frames_unique\non_hate_video_422,0.9947296380996704,0.0012987015070393682,0.0030384387355297804,0.0009332837071269751,0,0,0.9835449401289225
non_hate_video_423,0,0.027569130063056946,-3.5631022453308105,train,True,asr,0,E:\m-hvc\datasets\old-dataset\frames_unique\non_hate_video_423,0.9969866871833801,0.0007094754837453365,0.001837438903748989,0.00046639738138765097,0,0,0.972430869936943
non_hate_video_424,0,0.4395134449005127,-0.24313698709011078,train,True,asr,0,E:\m-hvc\datasets\old-dataset\frames_unique\non_hate_video_424,0.017383888363838196,0.006706676911562681,0.9585685729980469,0.017340805381536484,1,2,0.5604865550994873
non_hate_video_425,0,0.01150946132838726,-4.453009605407715,train,True,asr,0,E:\m-hvc\datasets\old-dataset\frames_unique\non_hate_video_425,0.9919358491897583,0.0018749289447441697,0.00459275534376502,0.0015964717604219913,0,0,0.9884905386716127
non_hate_video_426,0,0.47177284955978394,-0.11302892863750458,train,True,asr,0,E:\m-hvc\datasets\old-dataset\frames_unique\non_hate_video_426,0.9916222095489502,0.002186690689995885,0.004738619085401297,0.0014525826554745436,1,0,0.5282271504402161
non_hate_video_427,0,0.011346421204507351,-4.467441558837891,train,True,asr,0,E:\m-hvc\datasets\old-dataset\frames_unique\non_hate_video_427,0.9928309917449951,0.0018616290763020515,0.004113625735044479,0.0011936899973079562,0,0,0.9886535787954926
non_hate_video_428,0,0.4553162455558777,-0.179213285446167,test,True,asr,0,E:\m-hvc\datasets\old-dataset\frames_unique\non_hate_video_428,0.01919564977288246,0.007422500289976597,0.9628234505653381,0.010558403097093105,1,2,0.5446837544441223
non_hate_video_429,0,0.0271233431994915,-3.579862594604492,train,False,missing,0,E:\m-hvc\datasets\old-dataset\frames_unique\non_hate_video_429,0.8421646952629089,0.032849062234163284,0.08938460052013397,0.035601671785116196,0,0,0.9728766568005085
non_hate_video_43,0,0.20622257888317108,-1.3478469848632812,test,True,asr,0,E:\m-hvc\datasets\old-dataset\frames_unique\non_hate_video_43,0.08361523598432541,0.05207845941185951,0.8155419826507568,0.04876433312892914,0,2,0.7937774211168289
non_hate_video_430,0,0.009230487048625946,-4.675970077514648,train,True,asr,0,E:\m-hvc\datasets\old-dataset\frames_unique\non_hate_video_430,0.9939382076263428,0.0014953991631045938,0.003443525405600667,0.0011228234507143497,0,0,0.990769512951374
non_hate_video_431,0,0.25509047508239746,-1.0716445446014404,train,True,asr,0,E:\m-hvc\datasets\old-dataset\frames_unique\non_hate_video_431,0.03647712618112564,0.0117184491828084,0.9300105571746826,0.021793829277157784,0,2,0.7449095249176025
non_hate_video_432,0,0.011490976437926292,-4.4546356201171875,train,True,asr,0,E:\m-hvc\datasets\old-dataset\frames_unique\non_hate_video_432,0.9937653541564941,0.0012861278373748064,0.003822175320237875,0.0011263145133852959,0,0,0.9885090235620737
non_hate_video_433,0,0.19462250173091888,-1.420249342918396,val,True,asr,0,E:\m-hvc\datasets\old-dataset\frames_unique\non_hate_video_433,0.9949976205825806,0.0010568945435807109,0.0030711765866726637,0.0008743265643715858,0,0,0.8053774982690811
non_hate_video_434,0,0.37455347180366516,-0.5127313137054443,train,True,asr,0,E:\m-hvc\datasets\old-dataset\frames_unique\non_hate_video_434,0.0976741835474968,0.05757660046219826,0.16331075131893158,0.6814385652542114,1,3,0.6254465281963348
non_hate_video_435,1,0.9684568643569946,3.424349308013916,train,True,asr,2,E:\m-hvc\datasets\old-dataset\frames_unique\non_hate_video_435,0.01526328083127737,0.02147371508181095,0.18273384869098663,0.7805292010307312,1,3,0.9684568643569946
non_hate_video_436,0,0.011474673636257648,-4.456071853637695,train,True,asr,0,E:\m-hvc\datasets\old-dataset\frames_unique\non_hate_video_436,0.9878317713737488,0.0032999932300299406,0.006154885981231928,0.002713377121835947,0,0,0.9885253263637424
non_hate_video_437,0,0.015618952922523022,-4.143527984619141,val,True,asr,0,E:\m-hvc\datasets\old-dataset\frames_unique\non_hate_video_437,0.9949889779090881,0.0009474680991843343,0.003326521022245288,0.0007370095117948949,0,0,0.984381047077477
non_hate_video_438,0,0.032496679574251175,-3.393580913543701,train,False,missing,0,E:\m-hvc\datasets\old-dataset\frames_unique\non_hate_video_438,0.8318908214569092,0.03728320449590683,0.0946759358048439,0.03615005686879158,0,0,0.9675033204257488
non_hate_video_439,0,0.013917796313762665,-4.260571479797363,train,True,asr,0,E:\m-hvc\datasets\old-dataset\frames_unique\non_hate_video_439,0.9715967774391174,0.01165077369660139,0.011742549948394299,0.005009977612644434,0,0,0.9860822036862373
non_hate_video_44,0,0.3985714912414551,-0.41142070293426514,train,True,asr,0,E:\m-hvc\datasets\old-dataset\frames_unique\non_hate_video_44,0.11660397797822952,0.4559934735298157,0.33850404620170593,0.08889854699373245,1,1,0.6014285087585449
non_hate_video_440,0,0.009435014799237251,-4.653847694396973,train,True,asr,0,E:\m-hvc\datasets\old-dataset\frames_unique\non_hate_video_440,0.9921987652778625,0.0019518110202625394,0.0042939879931509495,0.0015554092824459076,0,0,0.9905649852007627
non_hate_video_441,0,0.19777588546276093,-1.4002535343170166,train,True,asr,0,E:\m-hvc\datasets\old-dataset\frames_unique\non_hate_video_441,0.06348606944084167,0.015211665071547031,0.8817234039306641,0.03957879915833473,0,2,0.8022241145372391
non_hate_video_442,0,0.034179091453552246,-3.3413643836975098,train,False,missing,0,E:\m-hvc\datasets\old-dataset\frames_unique\non_hate_video_442,0.8223469853401184,0.037233419716358185,0.09989076852798462,0.040528856217861176,0,0,0.9658209085464478
non_hate_video_443,0,0.14103752374649048,-1.806699275970459,test,True,asr,0,E:\m-hvc\datasets\old-dataset\frames_unique\non_hate_video_443,0.09550150483846664,0.015312536619603634,0.8573065400123596,0.03187942877411842,0,2,0.8589624762535095
non_hate_video_444,0,0.47111696004867554,-0.1156608909368515,train,True,asr,0,E:\m-hvc\datasets\old-dataset\frames_unique\non_hate_video_444,0.026722660288214684,0.01000022143125534,0.9223405718803406,0.04093659669160843,1,2,0.5288830399513245
non_hate_video_445,0,0.301500529050827,-0.8401626348495483,train,True,asr,0,E:\m-hvc\datasets\old-dataset\frames_unique\non_hate_video_445,0.14001531898975372,0.08399907499551773,0.15521863102912903,0.6207669973373413,0,3,0.698499470949173
non_hate_video_446,0,0.9571747779846191,3.1068599224090576,train,True,asr,0,E:\m-hvc\datasets\old-dataset\frames_unique\non_hate_video_446,0.01642279140651226,0.09641651064157486,0.7289561033248901,0.1582045555114746,1,2,0.9571747779846191
non_hate_video_447,0,0.9289493560791016,2.5706615447998047,val,True,asr,0,E:\m-hvc\datasets\old-dataset\frames_unique\non_hate_video_447,0.01734025403857231,0.020399102941155434,0.926874577999115,0.035386063158512115,1,2,0.9289493560791016
non_hate_video_448,0,0.009202349931001663,-4.679051399230957,train,True,asr,0,E:\m-hvc\datasets\old-dataset\frames_unique\non_hate_video_448,0.9935424327850342,0.0013491264544427395,0.003954371903091669,0.0011541356798261404,0,0,0.9907976500689983
non_hate_video_449,0,0.046399056911468506,-3.022966146469116,train,False,missing,0,E:\m-hvc\datasets\old-dataset\frames_unique\non_hate_video_449,0.8027299046516418,0.04221441224217415,0.1109437495470047,0.044111911207437515,0,0,0.9536009430885315
non_hate_video_45,0,0.010479613207280636,-4.547788619995117,test,True,asr,0,E:\m-hvc\datasets\old-dataset\frames_unique\non_hate_video_45,0.9894679188728333,0.0027676692698150873,0.0060172718949615955,0.001747185131534934,0,0,0.9895203867927194
non_hate_video_450,0,0.45729517936706543,-0.17123647034168243,train,True,asr,0,E:\m-hvc\datasets\old-dataset\frames_unique\non_hate_video_450,0.047708772122859955,0.014799601398408413,0.8571709990501404,0.08032053709030151,1,2,0.5427048206329346
non_hate_video_451,1,0.9666255116462708,3.366020441055298,test,True,asr,2,E:\m-hvc\datasets\old-dataset\frames_unique\non_hate_video_451,0.009036974981427193,0.010117660276591778,0.9484054446220398,0.032439883798360825,1,2,0.9666255116462708
non_hate_video_452,0,0.027795178815722466,-3.554703950881958,train,False,missing,0,E:\m-hvc\datasets\old-dataset\frames_unique\non_hate_video_452,0.8529912829399109,0.02933882735669613,0.08599503338336945,0.0316748172044754,0,0,0.9722048211842775
non_hate_video_453,0,0.19243352115154266,-1.434274673461914,train,True,asr,0,E:\m-hvc\datasets\old-dataset\frames_unique\non_hate_video_453,0.2730258107185364,0.49968716502189636,0.13841021060943604,0.08887678384780884,0,1,0.8075664788484573
non_hate_video_454,0,0.5698439478874207,0.28121447563171387,train,True,asr,0,E:\m-hvc\datasets\old-dataset\frames_unique\non_hate_video_454,0.0830763578414917,0.4621657729148865,0.2725841701030731,0.1821737438440323,1,1,0.5698439478874207
non_hate_video_455,0,0.028747979551553726,-3.5200185775756836,train,True,asr,0,E:\m-hvc\datasets\old-dataset\frames_unique\non_hate_video_455,0.874760627746582,0.00952773354947567,0.10779376327991486,0.007917804643511772,0,0,0.9712520204484463
non_hate_video_456,0,0.29755547642707825,-0.8589657545089722,train,True,asr,0,E:\m-hvc\datasets\old-dataset\frames_unique\non_hate_video_456,0.13588444888591766,0.5542595386505127,0.21728400886058807,0.09257204085588455,0,1,0.7024445235729218
non_hate_video_457,0,0.5192800164222717,0.07715830206871033,train,True,asr,0,E:\m-hvc\datasets\old-dataset\frames_unique\non_hate_video_457,0.017584770917892456,0.013136938214302063,0.953042209148407,0.016236083582043648,1,2,0.5192800164222717
non_hate_video_458,1,0.9778085947036743,3.7856051921844482,train,False,missing,2,E:\m-hvc\datasets\old-dataset\frames_unique\non_hate_video_458,0.3115486204624176,0.1174786239862442,0.3517516255378723,0.21922115981578827,1,2,0.9778085947036743
non_hate_video_459,0,0.8573500514030457,1.7934529781341553,test,True,asr,0,E:\m-hvc\datasets\old-dataset\frames_unique\non_hate_video_459,0.9431871175765991,0.015402746386826038,0.028728481382131577,0.012681697495281696,1,0,0.8573500514030457
non_hate_video_46,0,0.36035168170928955,-0.5738381147384644,train,True,asr,0,E:\m-hvc\datasets\old-dataset\frames_unique\non_hate_video_46,0.16490116715431213,0.2806689739227295,0.15815682709217072,0.39627304673194885,1,3,0.6396483182907104
non_hate_video_460,0,0.01563282310962677,-4.1426262855529785,train,True,asr,0,E:\m-hvc\datasets\old-dataset\frames_unique\non_hate_video_460,0.9837031364440918,0.004052654840052128,0.008192727342247963,0.00405149906873703,0,0,0.9843671768903732
non_hate_video_461,1,0.9334576725959778,2.641056776046753,test,True,asr,2,E:\m-hvc\datasets\old-dataset\frames_unique\non_hate_video_461,0.0064057460986077785,0.007019820623099804,0.9702335000038147,0.01634093187749386,1,2,0.9334576725959778
non_hate_video_462,0,0.017333120107650757,-4.037651062011719,train,True,asr,0,E:\m-hvc\datasets\old-dataset\frames_unique\non_hate_video_462,0.9926331639289856,0.0019359920406714082,0.004162739031016827,0.0012681062798947096,0,0,0.9826668798923492
non_hate_video_463,0,0.01853414811193943,-3.9694323539733887,test,True,asr,0,E:\m-hvc\datasets\old-dataset\frames_unique\non_hate_video_463,0.9708857536315918,0.0035503751132637262,0.02302072010934353,0.0025431853719055653,0,0,0.9814658518880606
non_hate_video_464,0,0.371703177690506,-0.5249170064926147,train,False,missing,0,E:\m-hvc\datasets\old-dataset\frames_unique\non_hate_video_464,0.8254830837249756,0.026423431932926178,0.12228241562843323,0.025811031460762024,1,0,0.628296822309494
non_hate_video_465,0,0.9622253179550171,3.237610340118408,train,True,asr,0,E:\m-hvc\datasets\old-dataset\frames_unique\non_hate_video_465,0.00850533228367567,0.009559961035847664,0.9535714387893677,0.028363270685076714,1,2,0.9622253179550171
non_hate_video_466,0,0.012735141441226006,-4.3505730628967285,test,True,asr,0,E:\m-hvc\datasets\old-dataset\frames_unique\non_hate_video_466,0.9811900854110718,0.004352038726210594,0.01123129390180111,0.0032265863846987486,0,0,0.987264858558774
non_hate_video_467,0,0.01874648407101631,-3.95782470703125,train,True,asr,0,E:\m-hvc\datasets\old-dataset\frames_unique\non_hate_video_467,0.9954102635383606,0.0010080167558044195,0.0028782417066395283,0.0007034132140688598,0,0,0.9812535159289837
non_hate_video_468,0,0.010576115921139717,-4.538524627685547,test,True,asr,0,E:\m-hvc\datasets\old-dataset\frames_unique\non_hate_video_468,0.9911545515060425,0.001693118829280138,0.005650555714964867,0.001501843798905611,0,0,0.9894238840788603
non_hate_video_469,0,0.046125683933496475,-3.0291619300842285,train,True,asr,0,E:\m-hvc\datasets\old-dataset\frames_unique\non_hate_video_469,0.9966101050376892,0.000804730283562094,0.0020356348250061274,0.000549545104149729,0,0,0.9538743160665035
non_hate_video_47,0,0.032083168625831604,-3.4068145751953125,train,False,missing,0,E:\m-hvc\datasets\old-dataset\frames_unique\non_hate_video_47,0.8300790786743164,0.03787120804190636,0.0926583856344223,0.03939126059412956,0,0,0.9679168313741684
non_hate_video_470,0,0.6233128905296326,0.5036337375640869,val,False,missing,0,E:\m-hvc\datasets\old-dataset\frames_unique\non_hate_video_470,0.4265040457248688,0.1145041212439537,0.3205054700374603,0.1384863406419754,1,0,0.6233128905296326
non_hate_video_471,0,0.14931412041187286,-1.7399905920028687,train,True,asr,0,E:\m-hvc\datasets\old-dataset\frames_unique\non_hate_video_471,0.2883010804653168,0.44079020619392395,0.18601031601428986,0.08489840477705002,0,1,0.8506858795881271
non_hate_video_472,0,0.4871864318847656,-0.05126558616757393,train,True,asr,0,E:\m-hvc\datasets\old-dataset\frames_unique\non_hate_video_472,0.01656763069331646,0.007873516529798508,0.9643449187278748,0.011213861405849457,1,2,0.5128135681152344
non_hate_video_473,1,0.9441642165184021,2.8278846740722656,val,True,asr,2,E:\m-hvc\datasets\old-dataset\frames_unique\non_hate_video_473,0.02007185108959675,0.030009256675839424,0.05743354558944702,0.8924853205680847,1,3,0.9441642165184021
non_hate_video_474,1,0.9745745062828064,3.6462490558624268,test,True,asr,2,E:\m-hvc\datasets\old-dataset\frames_unique\non_hate_video_474,0.027045371010899544,0.16332606971263885,0.16327203810214996,0.646356463432312,1,3,0.9745745062828064
non_hate_video_475,0,0.15792790055274963,-1.673727035522461,train,True,asr,0,E:\m-hvc\datasets\old-dataset\frames_unique\non_hate_video_475,0.07276447862386703,0.0188762117177248,0.8788091540336609,0.02955012582242489,0,2,0.8420720994472504
non_hate_video_476,0,0.1517019271850586,-1.721314549446106,test,True,asr,0,E:\m-hvc\datasets\old-dataset\frames_unique\non_hate_video_476,0.3918445408344269,0.0998258963227272,0.131632998585701,0.37669655680656433,0,0,0.8482980728149414
non_hate_video_477,0,0.6275752782821655,0.5218287706375122,train,True,asr,0,E:\m-hvc\datasets\old-dataset\frames_unique\non_hate_video_477,0.018928898498415947,0.009746761061251163,0.9081212878227234,0.06320302933454514,1,2,0.6275752782821655
non_hate_video_478,0,0.062511146068573,-2.707859992980957,train,True,asr,0,E:\m-hvc\datasets\old-dataset\frames_unique\non_hate_video_478,0.7261963486671448,0.14223553240299225,0.08450352400541306,0.04706455394625664,0,0,0.937488853931427
non_hate_video_479,0,0.711870014667511,0.9044835567474365,train,True,asr,0,E:\m-hvc\datasets\old-dataset\frames_unique\non_hate_video_479,0.011076858267188072,0.017430806532502174,0.951332688331604,0.020159605890512466,1,2,0.711870014667511
non_hate_video_48,0,0.008877750486135483,-4.71528959274292,train,True,asr,0,E:\m-hvc\datasets\old-dataset\frames_unique\non_hate_video_48,0.9939992427825928,0.0015344760613515973,0.003460238454863429,0.0010060282656922936,0,0,0.9911222495138645
non_hate_video_480,0,0.2987743020057678,-0.8531414270401001,train,True,asr,0,E:\m-hvc\datasets\old-dataset\frames_unique\non_hate_video_480,0.02914448454976082,0.009976323693990707,0.9371741414070129,0.023705042898654938,0,2,0.7012256979942322
non_hate_video_481,0,0.0803309753537178,-2.4378585815429688,train,True,asr,0,E:\m-hvc\datasets\old-dataset\frames_unique\non_hate_video_481,0.24367886781692505,0.0283815935254097,0.6853094696998596,0.042630042880773544,0,2,0.9196690246462822
non_hate_video_482,0,0.9626019597053528,3.2480216026306152,train,False,missing,0,E:\m-hvc\datasets\old-dataset\frames_unique\non_hate_video_482,0.33382654190063477,0.11243055015802383,0.3688984215259552,0.18484452366828918,1,2,0.9626019597053528
non_hate_video_483,0,0.7961897850036621,1.362648367881775,test,True,asr,0,E:\m-hvc\datasets\old-dataset\frames_unique\non_hate_video_483,0.9725981950759888,0.008037406019866467,0.014383228495717049,0.004981091246008873,1,0,0.7961897850036621
non_hate_video_484,0,0.011945155449211597,-4.415412425994873,train,True,asr,0,E:\m-hvc\datasets\old-dataset\frames_unique\non_hate_video_484,0.9931783676147461,0.0013875615550205112,0.004281909205019474,0.0011521332198753953,0,0,0.9880548445507884
non_hate_video_485,0,0.6130451560020447,0.4601306617259979,test,True,asr,0,E:\m-hvc\datasets\old-dataset\frames_unique\non_hate_video_485,0.028968919068574905,0.024185452610254288,0.7256816029548645,0.22116398811340332,1,2,0.6130451560020447
non_hate_video_486,1,0.9832110404968262,4.070101737976074,test,True,asr,2,E:\m-hvc\datasets\old-dataset\frames_unique\non_hate_video_486,0.0452120378613472,0.23135356605052948,0.3803936541080475,0.34304079413414,1,2,0.9832110404968262
non_hate_video_487,0,0.18757876753807068,-1.465820074081421,train,True,asr,0,E:\m-hvc\datasets\old-dataset\frames_unique\non_hate_video_487,0.0761929601430893,0.016239209100604057,0.8595423102378845,0.04802548140287399,0,2,0.8124212324619293
non_hate_video_488,0,0.5706082582473755,0.28433340787887573,test,True,asr,0,E:\m-hvc\datasets\old-dataset\frames_unique\non_hate_video_488,0.9868086576461792,0.0039638797752559185,0.006836512126028538,0.0023909553419798613,1,0,0.5706082582473755
non_hate_video_489,1,0.9599025845527649,3.1755199432373047,val,False,missing,2,E:\m-hvc\datasets\old-dataset\frames_unique\non_hate_video_489,0.3796706795692444,0.0976535975933075,0.3663257658481598,0.1563500016927719,1,0,0.9599025845527649
non_hate_video_49,0,0.02097483165562153,-3.843234062194824,val,True,asr,0,E:\m-hvc\datasets\old-dataset\frames_unique\non_hate_video_49,0.9655755758285522,0.0035922487732023,0.027485795319080353,0.0033462962601333857,0,0,0.9790251683443785
non_hate_video_490,0,0.2183036208152771,-1.2755796909332275,train,True,asr,0,E:\m-hvc\datasets\old-dataset\frames_unique\non_hate_video_490,0.24500100314617157,0.5373935699462891,0.12535157799720764,0.09225389361381531,0,1,0.7816963791847229
non_hate_video_491,0,0.19885705411434174,-1.3934531211853027,train,True,asr,0,E:\m-hvc\datasets\old-dataset\frames_unique\non_hate_video_491,0.052656400948762894,0.014188653789460659,0.9159075617790222,0.017247388139367104,0,2,0.8011429458856583
non_hate_video_492,1,0.7999072670936584,1.3857144117355347,val,True,asr,2,E:\m-hvc\datasets\old-dataset\frames_unique\non_hate_video_492,0.007799262180924416,0.007742598187178373,0.9729007482528687,0.011557488702237606,1,2,0.7999072670936584
non_hate_video_493,0,0.02225343883037567,-3.7827539443969727,train,True,asr,0,E:\m-hvc\datasets\old-dataset\frames_unique\non_hate_video_493,0.9919772744178772,0.0013421660987660289,0.00540939113125205,0.001271189539693296,0,0,0.9777465611696243
non_hate_video_494,0,0.33842962980270386,-0.6703001260757446,train,True,asr,0,E:\m-hvc\datasets\old-dataset\frames_unique\non_hate_video_494,0.03328537195920944,0.009014207869768143,0.9399754405021667,0.017724940553307533,1,2,0.6615703701972961
non_hate_video_495,0,0.17389945685863495,-1.558239221572876,val,True,asr,0,E:\m-hvc\datasets\old-dataset\frames_unique\non_hate_video_495,0.9950657486915588,0.0010487474501132965,0.0031933849677443504,0.000692114292178303,0,0,0.826100543141365
non_hate_video_496,0,0.02939862385392189,-3.4969680309295654,val,False,missing,0,E:\m-hvc\datasets\old-dataset\frames_unique\non_hate_video_496,0.8356021046638489,0.033568911254405975,0.09468372911214828,0.03614522144198418,0,0,0.9706013761460781
non_hate_video_497,0,0.011881078593432903,-4.42085599899292,train,True,asr,0,E:\m-hvc\datasets\old-dataset\frames_unique\non_hate_video_497,0.9850032925605774,0.002933168550953269,0.009791402146220207,0.00227215513586998,0,0,0.9881189214065671
non_hate_video_498,0,0.03132450580596924,-3.4315290451049805,train,False,missing,0,E:\m-hvc\datasets\old-dataset\frames_unique\non_hate_video_498,0.8227232694625854,0.03534664586186409,0.10249748826026917,0.03943254053592682,0,0,0.9686754941940308
non_hate_video_499,0,0.0377206914126873,-3.23909592628479,val,False,missing,0,E:\m-hvc\datasets\old-dataset\frames_unique\non_hate_video_499,0.8063214421272278,0.04406885430216789,0.10450556129217148,0.04510413110256195,0,0,0.9622793085873127
non_hate_video_5,0,0.8543136119842529,1.768842339515686,train,True,asr,0,E:\m-hvc\datasets\old-dataset\frames_unique\non_hate_video_5,0.054146699607372284,0.5169578194618225,0.33102622628211975,0.09786927700042725,1,1,0.8543136119842529
non_hate_video_50,0,0.012061010114848614,-4.405642986297607,train,True,asr,0,E:\m-hvc\datasets\old-dataset\frames_unique\non_hate_video_50,0.9931182861328125,0.0013289623893797398,0.004441637080162764,0.00111114711035043,0,0,0.9879389898851514
non_hate_video_500,0,0.3362274169921875,-0.6801517009735107,train,True,asr,0,E:\m-hvc\datasets\old-dataset\frames_unique\non_hate_video_500,0.1760847568511963,0.6036087870597839,0.13566085696220398,0.0846455991268158,1,1,0.6637725830078125
non_hate_video_501,0,0.09028229117393494,-2.3101930618286133,train,True,asr,0,E:\m-hvc\datasets\old-dataset\frames_unique\non_hate_video_501,0.8756887912750244,0.023252524435520172,0.07933389395475388,0.021724898368120193,0,0,0.9097177088260651
non_hate_video_502,0,0.2888623774051666,-0.9009155631065369,val,True,asr,0,E:\m-hvc\datasets\old-dataset\frames_unique\non_hate_video_502,0.0353202223777771,0.00957341119647026,0.9331464767456055,0.021959880366921425,0,2,0.7111376225948334
non_hate_video_503,0,0.4704175591468811,-0.11846819519996643,train,True,asr,0,E:\m-hvc\datasets\old-dataset\frames_unique\non_hate_video_503,0.06516493856906891,0.03737376630306244,0.37028855085372925,0.5271727442741394,1,3,0.5295824408531189
non_hate_video_504,0,0.013185816816985607,-4.315340042114258,train,True,asr,0,E:\m-hvc\datasets\old-dataset\frames_unique\non_hate_video_504,0.9920003414154053,0.0015441101277247071,0.005126231350004673,0.0013293129159137607,0,0,0.9868141831830144
non_hate_video_505,1,0.922897219657898,2.48237943649292,val,False,missing,2,E:\m-hvc\datasets\old-dataset\frames_unique\non_hate_video_505,0.282586008310318,0.13213206827640533,0.43187496066093445,0.15340693295001984,1,2,0.922897219657898
non_hate_video_506,0,0.014883219264447689,-4.192525863647461,test,True,asr,0,E:\m-hvc\datasets\old-dataset\frames_unique\non_hate_video_506,0.992664635181427,0.0014679791638627648,0.00453978730365634,0.0013275574892759323,0,0,0.9851167807355523
non_hate_video_507,0,0.7035189270973206,0.864111602306366,train,True,asr,0,E:\m-hvc\datasets\old-dataset\frames_unique\non_hate_video_507,0.03281710296869278,0.03114529699087143,0.21822477877140045,0.7178127765655518,1,3,0.7035189270973206
non_hate_video_508,0,0.04210814833641052,-3.1244935989379883,test,False,missing,0,E:\m-hvc\datasets\old-dataset\frames_unique\non_hate_video_508,0.7669575214385986,0.05352824553847313,0.12446576356887817,0.05504842475056648,0,0,0.9578918516635895
non_hate_video_509,0,0.22783367335796356,-1.2205840349197388,test,True,asr,0,E:\m-hvc\datasets\old-dataset\frames_unique\non_hate_video_509,0.055518630892038345,0.029965942725539207,0.8765854239463806,0.03793003037571907,0,2,0.7721663266420364
non_hate_video_51,0,0.009983127005398273,-4.59682559967041,train,True,asr,0,E:\m-hvc\datasets\old-dataset\frames_unique\non_hate_video_51,0.9914496541023254,0.0019826646894216537,0.005183622241020203,0.0013840643223375082,0,0,0.9900168729946017
non_hate_video_510,0,0.0265753623098135,-3.6008358001708984,train,False,missing,0,E:\m-hvc\datasets\old-dataset\frames_unique\non_hate_video_510,0.8431642055511475,0.031525030732154846,0.09171132743358612,0.03359941393136978,0,0,0.9734246376901865
non_hate_video_511,0,0.4824395179748535,-0.07027068734169006,train,True,asr,0,E:\m-hvc\datasets\old-dataset\frames_unique\non_hate_video_511,0.014611933380365372,0.006285703741014004,0.9683930277824402,0.010709324851632118,1,2,0.5175604820251465
non_hate_video_512,0,0.02534625492990017,-3.64945125579834,train,False,missing,0,E:\m-hvc\datasets\old-dataset\frames_unique\non_hate_video_512,0.8566033840179443,0.028790781274437904,0.08386610448360443,0.030739760026335716,0,0,0.9746537450700998
non_hate_video_513,0,0.010307633318006992,-4.564509391784668,train,True,asr,0,E:\m-hvc\datasets\old-dataset\frames_unique\non_hate_video_513,0.9924352765083313,0.0017340759513899684,0.004404043313115835,0.0014266419457271695,0,0,0.989692366681993
non_hate_video_514,0,0.6346147656440735,0.5520659685134888,test,True,asr,0,E:\m-hvc\datasets\old-dataset\frames_unique\non_hate_video_514,0.39901965856552124,0.01679929718375206,0.5639521479606628,0.020228898152709007,1,2,0.6346147656440735
non_hate_video_515,0,0.009182563982903957,-4.6812238693237305,train,True,asr,0,E:\m-hvc\datasets\old-dataset\frames_unique\non_hate_video_515,0.9937695860862732,0.0013593579642474651,0.003790789283812046,0.001080192974768579,0,0,0.990817436017096
non_hate_video_516,0,0.031039724126458168,-3.440955877304077,train,False,missing,0,E:\m-hvc\datasets\old-dataset\frames_unique\non_hate_video_516,0.8349335789680481,0.03640255331993103,0.09178057312965393,0.036883220076560974,0,0,0.9689602758735418
non_hate_video_517,0,0.22379814088344574,-1.2436680793762207,val,True,asr,0,E:\m-hvc\datasets\old-dataset\frames_unique\non_hate_video_517,0.1898537427186966,0.38608884811401367,0.3091188371181488,0.1149386316537857,0,1,0.7762018591165543
non_hate_video_518,1,0.9829288721084595,4.053150653839111,val,True,asr,2,E:\m-hvc\datasets\old-dataset\frames_unique\non_hate_video_518,0.012192350812256336,0.01990821771323681,0.842036783695221,0.12586259841918945,1,2,0.9829288721084595
non_hate_video_519,1,0.8415840268135071,1.670061469078064,test,True,asr,2,E:\m-hvc\datasets\old-dataset\frames_unique\non_hate_video_519,0.020372020080685616,0.01713622361421585,0.6547667384147644,0.3077250123023987,1,2,0.8415840268135071
non_hate_video_52,0,0.302901029586792,-0.8335212469100952,train,True,asr,0,E:\m-hvc\datasets\old-dataset\frames_unique\non_hate_video_52,0.13223589956760406,0.2935066223144531,0.27990207076072693,0.2943554222583771,0,3,0.697098970413208
non_hate_video_520,0,0.029843494296073914,-3.4814906120300293,train,True,asr,0,E:\m-hvc\datasets\old-dataset\frames_unique\non_hate_video_520,0.996830403804779,0.000641163787804544,0.0020596696995198727,0.00046873933752067387,0,0,0.9701565057039261
non_hate_video_521,0,0.009684593416750431,-4.6274871826171875,train,True,asr,0,E:\m-hvc\datasets\old-dataset\frames_unique\non_hate_video_521,0.9935168027877808,0.0015092167304828763,0.0037803349550813437,0.0011936610098928213,0,0,0.9903154065832496
non_hate_video_522,0,0.011507025919854641,-4.453223705291748,train,True,asr,0,E:\m-hvc\datasets\old-dataset\frames_unique\non_hate_video_522,0.9930658340454102,0.001204943866468966,0.004817424342036247,0.0009117425652220845,0,0,0.9884929740801454
non_hate_video_523,0,0.9762628674507141,3.716693639755249,train,False,missing,0,E:\m-hvc\datasets\old-dataset\frames_unique\non_hate_video_523,0.21526843309402466,0.16636383533477783,0.31920191645622253,0.299165815114975,1,2,0.9762628674507141
non_hate_video_524,0,0.00959871243685484,-4.636481285095215,train,True,asr,0,E:\m-hvc\datasets\old-dataset\frames_unique\non_hate_video_524,0.9874349236488342,0.002854172373190522,0.007754316553473473,0.00195661885663867,0,0,0.9904012875631452
non_hate_video_525,0,0.013019227422773838,-4.32822322845459,val,True,asr,0,E:\m-hvc\datasets\old-dataset\frames_unique\non_hate_video_525,0.9915896058082581,0.0015051906229928136,0.005669448524713516,0.0012357949744910002,0,0,0.9869807725772262
non_hate_video_526,0,0.011969124898314476,-4.413383483886719,train,True,asr,0,E:\m-hvc\datasets\old-dataset\frames_unique\non_hate_video_526,0.9930960536003113,0.001442384673282504,0.004439739976078272,0.001021855161525309,0,0,0.9880308751016855
non_hate_video_527,0,0.2769777774810791,-0.959502637386322,train,True,asr,0,E:\m-hvc\datasets\old-dataset\frames_unique\non_hate_video_527,0.035064149647951126,0.014512051828205585,0.9161474704742432,0.03427639603614807,0,2,0.7230222225189209
non_hate_video_528,0,0.814078688621521,1.4767335653305054,test,True,asr,0,E:\m-hvc\datasets\old-dataset\frames_unique\non_hate_video_528,0.03253171592950821,0.03406483680009842,0.8826245069503784,0.050778958946466446,1,2,0.814078688621521
non_hate_video_529,0,0.18590885400772095,-1.476815938949585,val,True,asr,0,E:\m-hvc\datasets\old-dataset\frames_unique\non_hate_video_529,0.06465770304203033,0.011846709996461868,0.8978281617164612,0.025667458772659302,0,2,0.814091145992279
non_hate_video_53,0,0.019152509048581123,-3.935983180999756,train,True,asr,0,E:\m-hvc\datasets\old-dataset\frames_unique\non_hate_video_53,0.995105504989624,0.0010583566036075354,0.0029687925707548857,0.0008673050906509161,0,0,0.9808474909514189
non_hate_video_530,0,0.9358428716659546,2.680111885070801,train,True,asr,0,E:\m-hvc\datasets\old-dataset\frames_unique\non_hate_video_530,0.008606385439634323,0.007646997459232807,0.9611849188804626,0.022561633959412575,1,2,0.9358428716659546
non_hate_video_531,0,0.021077755838632584,-3.8382339477539062,val,True,asr,0,E:\m-hvc\datasets\old-dataset\frames_unique\non_hate_video_531,0.8830900192260742,0.014601616188883781,0.09209492802619934,0.010213460773229599,0,0,0.9789222441613674
non_hate_video_532,0,0.0115706417709589,-4.447646141052246,test,True,asr,0,E:\m-hvc\datasets\old-dataset\frames_unique\non_hate_video_532,0.9930620789527893,0.0018543775659054518,0.003921045921742916,0.001162428641691804,0,0,0.9884293582290411
non_hate_video_533,0,0.01639077439904213,-4.094510078430176,train,True,asr,0,E:\m-hvc\datasets\old-dataset\frames_unique\non_hate_video_533,0.9964386224746704,0.000682781683281064,0.00235854834318161,0.0005200456362217665,0,0,0.9836092256009579
non_hate_video_534,0,0.11691009253263474,-2.022021770477295,val,True,asr,0,E:\m-hvc\datasets\old-dataset\frames_unique\non_hate_video_534,0.1903991401195526,0.02927144058048725,0.7531537413597107,0.027175720781087875,0,2,0.8830899074673653
non_hate_video_535,0,0.013543248176574707,-4.288231372833252,train,True,asr,0,E:\m-hvc\datasets\old-dataset\frames_unique\non_hate_video_535,0.9618366360664368,0.0057645533233881,0.028468148782849312,0.003930787555873394,0,0,0.9864567518234253
non_hate_video_536,0,0.014801600016653538,-4.198107719421387,train,True,asr,0,E:\m-hvc\datasets\old-dataset\frames_unique\non_hate_video_536,0.995997428894043,0.0007665738230571151,0.002673763781785965,0.0005622946191579103,0,0,0.9851983999833465
non_hate_video_537,0,0.03926260769367218,-3.1974284648895264,train,True,asr,0,E:\m-hvc\datasets\old-dataset\frames_unique\non_hate_video_537,0.9939563870429993,0.0009667222620919347,0.00436670845374465,0.0007102154195308685,0,0,0.9607373923063278
non_hate_video_538,0,0.009085719473659992,-4.691924095153809,train,True,asr,0,E:\m-hvc\datasets\old-dataset\frames_unique\non_hate_video_538,0.9930126070976257,0.001606245874427259,0.0040794312953948975,0.0013016220182180405,0,0,0.99091428052634
non_hate_video_539,0,0.9427822828292847,2.801971435546875,test,False,missing,0,E:\m-hvc\datasets\old-dataset\frames_unique\non_hate_video_539,0.3189241588115692,0.10090474039316177,0.43522921204566956,0.14494195580482483,1,2,0.9427822828292847
non_hate_video_54,0,0.9705950021743774,3.496746063232422,train,False,missing,0,E:\m-hvc\datasets\old-dataset\frames_unique\non_hate_video_54,0.2916472852230072,0.12430869042873383,0.35042786598205566,0.2336161732673645,1,2,0.9705950021743774
non_hate_video_540,0,0.04903028532862663,-2.9650440216064453,train,True,asr,0,E:\m-hvc\datasets\old-dataset\frames_unique\non_hate_video_540,0.659776508808136,0.016310084611177444,0.30466413497924805,0.01924927718937397,0,0,0.9509697146713734
non_hate_video_541,0,0.02044631540775299,-3.8692944049835205,train,True,asr,0,E:\m-hvc\datasets\old-dataset\frames_unique\non_hate_video_541,0.8769297003746033,0.011049801483750343,0.10379664599895477,0.008223768323659897,0,0,0.979553684592247
non_hate_video_542,1,0.8341143727302551,1.6150720119476318,test,True,asr,2,E:\m-hvc\datasets\old-dataset\frames_unique\non_hate_video_542,0.009674462489783764,0.00752369686961174,0.9499133825302124,0.03288847953081131,1,2,0.8341143727302551
non_hate_video_543,0,0.03969700261950493,-3.1859731674194336,val,True,asr,0,E:\m-hvc\datasets\old-dataset\frames_unique\non_hate_video_543,0.9950844645500183,0.0009949880186468363,0.003082683775573969,0.0008378839702345431,0,0,0.9603029973804951
non_hate_video_544,0,0.02520313858985901,-3.6552605628967285,train,True,asr,0,E:\m-hvc\datasets\old-dataset\frames_unique\non_hate_video_544,0.9818077683448792,0.005502622574567795,0.010044677183032036,0.0026449605356901884,0,0,0.974796861410141
non_hate_video_545,0,0.2582651972770691,-1.0550047159194946,train,True,asr,0,E:\m-hvc\datasets\old-dataset\frames_unique\non_hate_video_545,0.046468522399663925,0.010204285383224487,0.9120773673057556,0.03124985098838806,0,2,0.7417348027229309
non_hate_video_546,0,0.14872677624225616,-1.7446222305297852,test,True,asr,0,E:\m-hvc\datasets\old-dataset\frames_unique\non_hate_video_546,0.17506253719329834,0.03628702461719513,0.7645317912101746,0.024118635803461075,0,2,0.8512732237577438
non_hate_video_547,0,0.15430152416229248,-1.7012542486190796,train,True,asr,0,E:\m-hvc\datasets\old-dataset\frames_unique\non_hate_video_547,0.29183077812194824,0.4390542805194855,0.17784424126148224,0.09127066284418106,0,1,0.8456984758377075
non_hate_video_548,0,0.011168464086949825,-4.483429908752441,test,True,asr,0,E:\m-hvc\datasets\old-dataset\frames_unique\non_hate_video_548,0.994086742401123,0.0012239041971042752,0.003758974839001894,0.000930360984057188,0,0,0.9888315359130502
non_hate_video_549,0,0.02708464115858078,-3.5813302993774414,test,False,missing,0,E:\m-hvc\datasets\old-dataset\frames_unique\non_hate_video_549,0.8622764348983765,0.02941186912357807,0.07788390666246414,0.03042786568403244,0,0,0.9729153588414192
non_hate_video_55,1,0.9801371693611145,3.8988454341888428,test,True,asr,2,E:\m-hvc\datasets\old-dataset\frames_unique\non_hate_video_55,0.011572061106562614,0.019173134118318558,0.1513935923576355,0.8178612589836121,1,3,0.9801371693611145
non_hate_video_550,0,0.0753728449344635,-2.506943464279175,train,True,asr,0,E:\m-hvc\datasets\old-dataset\frames_unique\non_hate_video_550,0.420310378074646,0.04470934346318245,0.4971594512462616,0.037820883095264435,0,2,0.9246271550655365
non_hate_video_551,0,0.15354906022548676,-1.7070320844650269,train,True,asr,0,E:\m-hvc\datasets\old-dataset\frames_unique\non_hate_video_551,0.8818626999855042,0.059544049203395844,0.045416757464408875,0.01317648310214281,0,0,0.8464509397745132
non_hate_video_552,0,0.008675000630319118,-4.7385969161987305,val,True,asr,0,E:\m-hvc\datasets\old-dataset\frames_unique\non_hate_video_552,0.9935522079467773,0.0015132728731259704,0.003786309389397502,0.0011481501860544086,0,0,0.9913249993696809
non_hate_video_553,0,0.2061520665884018,-1.3482778072357178,val,True,asr,0,E:\m-hvc\datasets\old-dataset\frames_unique\non_hate_video_553,0.056565869599580765,0.010949378833174706,0.9022765159606934,0.030208246782422066,0,2,0.7938479334115982
non_hate_video_554,0,0.7682985663414001,1.1987285614013672,test,True,asr,0,E:\m-hvc\datasets\old-dataset\frames_unique\non_hate_video_554,0.06557031720876694,0.7225835919380188,0.11668290197849274,0.09516319632530212,1,1,0.7682985663414001
non_hate_video_555,1,0.9854744672775269,4.217217445373535,train,True,asr,2,E:\m-hvc\datasets\old-dataset\frames_unique\non_hate_video_555,0.013735387474298477,0.019370364025235176,0.8038613796234131,0.1630328893661499,1,2,0.9854744672775269
non_hate_video_556,0,0.32903966307640076,-0.7125317454338074,train,True,asr,0,E:\m-hvc\datasets\old-dataset\frames_unique\non_hate_video_556,0.11890582740306854,0.07428519427776337,0.25126218795776367,0.555546760559082,1,3,0.6709603369235992
non_hate_video_557,0,0.15786710381507874,-1.6741843223571777,test,True,asr,0,E:\m-hvc\datasets\old-dataset\frames_unique\non_hate_video_557,0.08507642894983292,0.016548050567507744,0.8606185913085938,0.037756871432065964,0,2,0.8421328961849213
non_hate_video_558,0,0.7695009112358093,1.2054951190948486,train,True,asr,0,E:\m-hvc\datasets\old-dataset\frames_unique\non_hate_video_558,0.00997527502477169,0.007084293756633997,0.9725774526596069,0.010362960398197174,1,2,0.7695009112358093
non_hate_video_559,0,0.030570799484848976,-3.456662178039551,test,False,missing,0,E:\m-hvc\datasets\old-dataset\frames_unique\non_hate_video_559,0.8311875462532043,0.03235107660293579,0.0999719426035881,0.036489516496658325,0,0,0.969429200515151
non_hate_video_56,0,0.22155112028121948,-1.2566499710083008,val,True,asr,0,E:\m-hvc\datasets\old-dataset\frames_unique\non_hate_video_56,0.2118367999792099,0.5578964352607727,0.1290946751832962,0.1011720597743988,0,1,0.7784488797187805
non_hate_video_560,0,0.018476104363799095,-3.972628116607666,train,True,asr,0,E:\m-hvc\datasets\old-dataset\frames_unique\non_hate_video_560,0.9403676390647888,0.004508855286985636,0.050768811255693436,0.004354724660515785,0,0,0.9815238956362009
non_hate_video_561,0,0.4099038243293762,-0.3643629550933838,train,True,asr,0,E:\m-hvc\datasets\old-dataset\frames_unique\non_hate_video_561,0.020040633156895638,0.008307999931275845,0.9511843323707581,0.020466983318328857,1,2,0.5900961756706238
non_hate_video_562,0,0.2700257897377014,-0.994491696357727,train,True,asr,0,E:\m-hvc\datasets\old-dataset\frames_unique\non_hate_video_562,0.04093737527728081,0.014639937318861485,0.9246863722801208,0.01973637007176876,0,2,0.7299742102622986
non_hate_video_563,0,0.2123483419418335,-1.3108278512954712,train,True,asr,0,E:\m-hvc\datasets\old-dataset\frames_unique\non_hate_video_563,0.11005375534296036,0.026589950546622276,0.7166853547096252,0.14667096734046936,0,2,0.7876516580581665
non_hate_video_564,0,0.2614618241786957,-1.0383845567703247,train,True,asr,0,E:\m-hvc\datasets\old-dataset\frames_unique\non_hate_video_564,0.04675469174981117,0.019657041877508163,0.8868059515953064,0.046782344579696655,0,2,0.7385381758213043
non_hate_video_565,0,0.7804235219955444,1.2681363821029663,val,True,asr,0,E:\m-hvc\datasets\old-dataset\frames_unique\non_hate_video_565,0.06965472549200058,0.707028329372406,0.11057646572589874,0.11274053901433945,1,1,0.7804235219955444
non_hate_video_566,0,0.011309503577649593,-4.470737934112549,train,True,asr,0,E:\m-hvc\datasets\old-dataset\frames_unique\non_hate_video_566,0.9936522245407104,0.001380825531668961,0.003953561186790466,0.0010133758187294006,0,0,0.9886904964223504
non_hate_video_567,0,0.5070792436599731,0.028318773955106735,train,True,asr,0,E:\m-hvc\datasets\old-dataset\frames_unique\non_hate_video_567,0.01491574663668871,0.007370585575699806,0.9573634266853333,0.020350180566310883,1,2,0.5070792436599731
non_hate_video_568,0,0.01366147305816412,-4.279419898986816,test,True,asr,0,E:\m-hvc\datasets\old-dataset\frames_unique\non_hate_video_568,0.9776598811149597,0.006703950464725494,0.011884260922670364,0.0037519996985793114,0,0,0.9863385269418359
non_hate_video_569,0,0.7311276793479919,1.0003514289855957,train,True,asr,0,E:\m-hvc\datasets\old-dataset\frames_unique\non_hate_video_569,0.011704416945576668,0.011274558492004871,0.9612340927124023,0.01578703708946705,1,2,0.7311276793479919
non_hate_video_57,0,0.4215371608734131,-0.3164663016796112,train,True,asr,0,E:\m-hvc\datasets\old-dataset\frames_unique\non_hate_video_57,0.08044776320457458,0.02004559524357319,0.8759158253669739,0.023590853437781334,1,2,0.5784628391265869
non_hate_video_570,0,0.7856752872467041,1.2990511655807495,train,True,asr,0,E:\m-hvc\datasets\old-dataset\frames_unique\non_hate_video_570,0.008899034932255745,0.008809175342321396,0.9535778164863586,0.028713878244161606,1,2,0.7856752872467041
non_hate_video_571,0,0.013381448574364185,-4.300414085388184,train,True,asr,0,E:\m-hvc\datasets\old-dataset\frames_unique\non_hate_video_571,0.9953561425209045,0.0010862795170396566,0.002766731195151806,0.000790824240539223,0,0,0.9866185514256358
non_hate_video_572,0,0.03352537378668785,-3.3613524436950684,train,True,asr,0,E:\m-hvc\datasets\old-dataset\frames_unique\non_hate_video_572,0.9918434023857117,0.0017492163460701704,0.0055379727855324745,0.0008693517884239554,0,0,0.9664746262133121
non_hate_video_573,0,0.21578115224838257,-1.2904235124588013,train,True,asr,0,E:\m-hvc\datasets\old-dataset\frames_unique\non_hate_video_573,0.046871084719896317,0.01134638674557209,0.923745334148407,0.01803726889193058,0,2,0.7842188477516174
non_hate_video_574,0,0.8733025193214417,1.9304800033569336,train,True,asr,0,E:\m-hvc\datasets\old-dataset\frames_unique\non_hate_video_574,0.011870292015373707,0.012827504426240921,0.8597864508628845,0.11551576852798462,1,2,0.8733025193214417
non_hate_video_575,0,0.30986446142196655,-0.8007529973983765,train,True,asr,0,E:\m-hvc\datasets\old-dataset\frames_unique\non_hate_video_575,0.21241319179534912,0.5731932520866394,0.12613645195960999,0.08825702965259552,0,1,0.6901355385780334
non_hate_video_576,0,0.31362950801849365,-0.7832052707672119,train,True,asr,0,E:\m-hvc\datasets\old-dataset\frames_unique\non_hate_video_576,0.34301650524139404,0.021753311157226562,0.6196377277374268,0.015592468902468681,1,2,0.6863704919815063
non_hate_video_577,0,0.1931644231081009,-1.4295780658721924,val,True,asr,0,E:\m-hvc\datasets\old-dataset\frames_unique\non_hate_video_577,0.05636255070567131,0.011214783415198326,0.9132148623466492,0.019207777455449104,0,2,0.8068355768918991
non_hate_video_578,0,0.011577035300433636,-4.447087287902832,val,True,asr,0,E:\m-hvc\datasets\old-dataset\frames_unique\non_hate_video_578,0.99403315782547,0.0013395944843068719,0.0035233180969953537,0.0011039793025702238,0,0,0.9884229646995664
non_hate_video_579,0,0.3711939752101898,-0.5270980000495911,train,True,asr,0,E:\m-hvc\datasets\old-dataset\frames_unique\non_hate_video_579,0.16972613334655762,0.6250244379043579,0.11655496805906296,0.08869440853595734,1,1,0.6288060247898102
non_hate_video_58,0,0.6501179337501526,0.6195575594902039,train,True,asr,0,E:\m-hvc\datasets\old-dataset\frames_unique\non_hate_video_58,0.041408687829971313,0.049703918397426605,0.12310861796140671,0.7857787609100342,1,3,0.6501179337501526
non_hate_video_580,0,0.009664062410593033,-4.629630088806152,train,True,asr,0,E:\m-hvc\datasets\old-dataset\frames_unique\non_hate_video_580,0.9943057894706726,0.0014075234066694975,0.003373496001586318,0.0009131769766099751,0,0,0.990335937589407
non_hate_video_581,0,0.17360562086105347,-1.5602859258651733,test,True,asr,0,E:\m-hvc\datasets\old-dataset\frames_unique\non_hate_video_581,0.06114499643445015,0.013030733913183212,0.9066030979156494,0.019221173599362373,0,2,0.8263943791389465
non_hate_video_582,0,0.03146998584270477,-3.4267451763153076,train,True,asr,0,E:\m-hvc\datasets\old-dataset\frames_unique\non_hate_video_582,0.9867086410522461,0.0020095501095056534,0.01005103625357151,0.0012307718861848116,0,0,0.9685300141572952
non_hate_video_583,0,0.011431511491537094,-4.459884166717529,train,True,asr,0,E:\m-hvc\datasets\old-dataset\frames_unique\non_hate_video_583,0.9926209449768066,0.0016732404474169016,0.004557457286864519,0.0011483541456982493,0,0,0.9885684885084629
non_hate_video_584,0,0.8025986552238464,1.4026157855987549,val,True,asr,0,E:\m-hvc\datasets\old-dataset\frames_unique\non_hate_video_584,0.008213752880692482,0.009717188775539398,0.9546465277671814,0.027422579005360603,1,2,0.8025986552238464
non_hate_video_585,0,0.15260478854179382,-1.71431565284729,train,False,missing,0,E:\m-hvc\datasets\old-dataset\frames_unique\non_hate_video_585,0.7270628809928894,0.045175712555646896,0.18127654492855072,0.046484850347042084,0,0,0.8473952114582062
non_hate_video_586,0,0.23092161118984222,-1.2031145095825195,train,True,asr,0,E:\m-hvc\datasets\old-dataset\frames_unique\non_hate_video_586,0.04074639827013016,0.012059278786182404,0.9265562891960144,0.020637989044189453,0,2,0.7690783888101578
non_hate_video_587,0,0.08031098544597626,-2.438129186630249,train,False,missing,0,E:\m-hvc\datasets\old-dataset\frames_unique\non_hate_video_587,0.8255208134651184,0.025917883962392807,0.12281785905361176,0.025743497535586357,0,0,0.9196890145540237
non_hate_video_588,0,0.027650360018014908,-3.5600767135620117,train,True,asr,0,E:\m-hvc\datasets\old-dataset\frames_unique\non_hate_video_588,0.9907909631729126,0.0019863913767039776,0.006116766016930342,0.0011058305390179157,0,0,0.9723496399819851
non_hate_video_589,0,0.05942653492093086,-2.761748790740967,train,True,asr,0,E:\m-hvc\datasets\old-dataset\frames_unique\non_hate_video_589,0.9975988268852234,0.0005266658263280988,0.0014996217796579003,0.0003749476163648069,0,0,0.9405734650790691
non_hate_video_59,0,0.22722595930099487,-1.2240417003631592,train,True,asr,0,E:\m-hvc\datasets\old-dataset\frames_unique\non_hate_video_59,0.13318504393100739,0.2580406069755554,0.521184504032135,0.08758985251188278,0,2,0.7727740406990051
non_hate_video_590,0,0.03552515432238579,-3.301342725753784,train,False,missing,0,E:\m-hvc\datasets\old-dataset\frames_unique\non_hate_video_590,0.8692620992660522,0.02316518872976303,0.0836508497595787,0.02392181195318699,0,0,0.9644748456776142
non_hate_video_591,0,0.053628552705049515,-2.870553493499756,test,True,asr,0,E:\m-hvc\datasets\old-dataset\frames_unique\non_hate_video_591,0.9879910349845886,0.0030526805203408003,0.007507845759391785,0.0014484821585938334,0,0,0.9463714472949505
non_hate_video_592,0,0.3236231803894043,-0.7371704578399658,train,True,asr,0,E:\m-hvc\datasets\old-dataset\frames_unique\non_hate_video_592,0.04243689402937889,0.014237646013498306,0.8891815543174744,0.05414386838674545,1,2,0.6763768196105957
non_hate_video_593,0,0.09859505295753479,-2.2129335403442383,train,False,missing,0,E:\m-hvc\datasets\old-dataset\frames_unique\non_hate_video_593,0.7896457314491272,0.03379516676068306,0.1358390748500824,0.04072007164359093,0,0,0.9014049470424652
non_hate_video_594,0,0.011527171358466148,-4.451454162597656,test,True,asr,0,E:\m-hvc\datasets\old-dataset\frames_unique\non_hate_video_594,0.9914571642875671,0.0020902093965560198,0.004949967842549086,0.0015026899054646492,0,0,0.9884728286415339
non_hate_video_595,0,0.09801354259252548,-2.219493865966797,train,False,missing,0,E:\m-hvc\datasets\old-dataset\frames_unique\non_hate_video_595,0.8279768824577332,0.03210469335317612,0.10805738717317581,0.03186101093888283,0,0,0.9019864574074745
non_hate_video_596,0,0.15280431509017944,-1.7127735614776611,val,True,asr,0,E:\m-hvc\datasets\old-dataset\frames_unique\non_hate_video_596,0.29573628306388855,0.4456850290298462,0.15658241510391235,0.10199625790119171,0,1,0.8471956849098206
non_hate_video_597,0,0.48689472675323486,-0.0524330697953701,train,True,asr,0,E:\m-hvc\datasets\old-dataset\frames_unique\non_hate_video_597,0.018177686259150505,0.007906953804194927,0.94769686460495,0.026218555867671967,1,2,0.5131052732467651
non_hate_video_598,0,0.8110935688018799,1.4571317434310913,train,False,missing,0,E:\m-hvc\datasets\old-dataset\frames_unique\non_hate_video_598,0.46915364265441895,0.08297073096036911,0.3559233844280243,0.09195220470428467,1,0,0.8110935688018799
non_hate_video_599,0,0.4734506905078888,-0.10629715025424957,test,True,asr,0,E:\m-hvc\datasets\old-dataset\frames_unique\non_hate_video_599,0.014197617769241333,0.00761202909052372,0.9656538367271423,0.01253650151193142,1,2,0.5265493094921112
non_hate_video_6,0,0.05704602599143982,-2.805159091949463,test,False,missing,0,E:\m-hvc\datasets\old-dataset\frames_unique\non_hate_video_6,0.831607460975647,0.03127222880721092,0.10227243602275848,0.034847892820835114,0,0,0.9429539740085602
non_hate_video_60,0,0.1931515783071518,-1.429660439491272,val,True,asr,0,E:\m-hvc\datasets\old-dataset\frames_unique\non_hate_video_60,0.2766777575016022,0.070489801466465,0.2677531838417053,0.3850792944431305,0,3,0.8068484216928482
non_hate_video_600,0,0.2055264413356781,-1.3521050214767456,train,True,asr,0,E:\m-hvc\datasets\old-dataset\frames_unique\non_hate_video_600,0.05587650462985039,0.01607394777238369,0.9047685861587524,0.023280980065464973,0,2,0.7944735586643219
non_hate_video_601,0,0.010394399985671043,-4.556039333343506,train,True,asr,0,E:\m-hvc\datasets\old-dataset\frames_unique\non_hate_video_601,0.9929158687591553,0.0017287618247792125,0.004015175625681877,0.001340188435278833,0,0,0.989605600014329
non_hate_video_602,0,0.7916322350502014,1.3347924947738647,val,True,asr,0,E:\m-hvc\datasets\old-dataset\frames_unique\non_hate_video_602,0.008710967376828194,0.00678264582529664,0.9636462330818176,0.02086005173623562,1,2,0.7916322350502014
non_hate_video_603,0,0.8918782472610474,2.1100716590881348,val,True,asr,0,E:\m-hvc\datasets\old-dataset\frames_unique\non_hate_video_603,0.060889068990945816,0.023972047492861748,0.8965020179748535,0.018636824563145638,1,2,0.8918782472610474
non_hate_video_604,0,0.04357411339879036,-3.088740110397339,train,True,asr,0,E:\m-hvc\datasets\old-dataset\frames_unique\non_hate_video_604,0.988535463809967,0.002117706695571542,0.006841594818979502,0.0025053031276911497,0,0,0.9564258866012096
non_hate_video_605,1,0.983350932598114,4.078610420227051,train,True,asr,2,E:\m-hvc\datasets\old-dataset\frames_unique\non_hate_video_605,0.02410496212542057,0.027912279590964317,0.06886393576860428,0.879118800163269,1,3,0.983350932598114
non_hate_video_606,0,0.3460448086261749,-0.6364704966545105,train,True,asr,0,E:\m-hvc\datasets\old-dataset\frames_unique\non_hate_video_606,0.026147641241550446,0.009226995520293713,0.9461594223976135,0.018465856090188026,1,2,0.6539551913738251
non_hate_video_607,0,0.019907649606466293,-3.89654278755188,train,True,asr,0,E:\m-hvc\datasets\old-dataset\frames_unique\non_hate_video_607,0.9879677295684814,0.0036639547906816006,0.006431946996599436,0.0019363485043868423,0,0,0.9800923503935337
non_hate_video_608,0,0.01189020648598671,-4.420078754425049,train,True,asr,0,E:\m-hvc\datasets\old-dataset\frames_unique\non_hate_video_608,0.9877671003341675,0.002302252920344472,0.00812514964491129,0.0018054880201816559,0,0,0.9881097935140133
non_hate_video_609,0,0.7139332890510559,0.9145644903182983,train,True,asr,0,E:\m-hvc\datasets\old-dataset\frames_unique\non_hate_video_609,0.47468292713165283,0.035841383039951324,0.4694470167160034,0.020028648898005486,1,0,0.7139332890510559
non_hate_video_61,0,0.18426261842250824,-1.4877305030822754,train,True,asr,0,E:\m-hvc\datasets\old-dataset\frames_unique\non_hate_video_61,0.23277580738067627,0.5144235491752625,0.1463344246149063,0.10646620392799377,0,1,0.8157373815774918
non_hate_video_610,0,0.008943109773099422,-4.707888603210449,test,True,asr,0,E:\m-hvc\datasets\old-dataset\frames_unique\non_hate_video_610,0.9927472472190857,0.001761036110110581,0.004198844078928232,0.0012928418582305312,0,0,0.9910568902269006
non_hate_video_611,0,0.4467770755290985,-0.2137012928724289,train,True,asr,0,E:\m-hvc\datasets\old-dataset\frames_unique\non_hate_video_611,0.01726144552230835,0.006380404345691204,0.9634380340576172,0.012920079752802849,1,2,0.5532229244709015
non_hate_video_612,0,0.5728312730789185,0.29341235756874084,train,True,asr,0,E:\m-hvc\datasets\old-dataset\frames_unique\non_hate_video_612,0.01517582032829523,0.0070750098675489426,0.9603156447410583,0.017433419823646545,1,2,0.5728312730789185
non_hate_video_613,0,0.5785806775093079,0.31694966554641724,train,True,asr,0,E:\m-hvc\datasets\old-dataset\frames_unique\non_hate_video_613,0.015075636096298695,0.00621724734082818,0.9653598070144653,0.013347296044230461,1,2,0.5785806775093079
non_hate_video_614,0,0.022448765113949776,-3.773815155029297,train,True,asr,0,E:\m-hvc\datasets\old-dataset\frames_unique\non_hate_video_614,0.9909364581108093,0.002492139581590891,0.005230006296187639,0.0013413461856544018,0,0,0.9775512348860502
non_hate_video_615,0,0.021373026072978973,-3.8240208625793457,train,True,asr,0,E:\m-hvc\datasets\old-dataset\frames_unique\non_hate_video_615,0.8861308097839355,0.010387887246906757,0.09494265913963318,0.008538658730685711,0,0,0.978626973927021
non_hate_video_616,0,0.47285550832748413,-0.10868476331233978,val,False,missing,0,E:\m-hvc\datasets\old-dataset\frames_unique\non_hate_video_616,0.668658435344696,0.060455989092588425,0.20641766488552094,0.06446798145771027,1,0,0.5271444916725159
non_hate_video_617,0,0.1552642583847046,-1.6938953399658203,train,True,asr,0,E:\m-hvc\datasets\old-dataset\frames_unique\non_hate_video_617,0.08252588659524918,0.018216535449028015,0.8761659264564514,0.02309168502688408,0,2,0.8447357416152954
non_hate_video_618,0,0.027416804805397987,-3.5687994956970215,train,True,asr,0,E:\m-hvc\datasets\old-dataset\frames_unique\non_hate_video_618,0.9466526508331299,0.012320635840296745,0.03453633561730385,0.006490426138043404,0,0,0.972583195194602
non_hate_video_619,0,0.009441845118999481,-4.6531171798706055,train,True,asr,0,E:\m-hvc\datasets\old-dataset\frames_unique\non_hate_video_619,0.9918240904808044,0.0019566414412111044,0.00484958803281188,0.001369700999930501,0,0,0.9905581548810005
non_hate_video_62,0,0.02273859642446041,-3.760690450668335,test,True,asr,0,E:\m-hvc\datasets\old-dataset\frames_unique\non_hate_video_62,0.9951940178871155,0.001008724677376449,0.0030255652964115143,0.0007716416730545461,0,0,0.9772614035755396
non_hate_video_620,0,0.009537328965961933,-4.642958641052246,val,True,asr,0,E:\m-hvc\datasets\old-dataset\frames_unique\non_hate_video_620,0.9930971264839172,0.001659911940805614,0.0040453956462442875,0.0011975843226537108,0,0,0.9904626710340381
non_hate_video_621,0,0.025612106546759605,-3.638744354248047,train,False,missing,0,E:\m-hvc\datasets\old-dataset\frames_unique\non_hate_video_621,0.8536337614059448,0.030475938692688942,0.08335664868354797,0.03253358602523804,0,0,0.9743878934532404
non_hate_video_622,0,0.050667453557252884,-2.9304754734039307,train,False,missing,0,E:\m-hvc\datasets\old-dataset\frames_unique\non_hate_video_622,0.8322607278823853,0.03488435968756676,0.09655676782131195,0.036298174411058426,0,0,0.9493325464427471
non_hate_video_623,0,0.3226345181465149,-0.7416907548904419,val,True,asr,0,E:\m-hvc\datasets\old-dataset\frames_unique\non_hate_video_623,0.04246731474995613,0.014093566685914993,0.9296291470527649,0.01381002925336361,1,2,0.6773654818534851
non_hate_video_624,0,0.9720181226730347,3.547818422317505,train,False,missing,0,E:\m-hvc\datasets\old-dataset\frames_unique\non_hate_video_624,0.23446902632713318,0.10981427878141403,0.44087129831314087,0.2148454487323761,1,2,0.9720181226730347
non_hate_video_625,0,0.00919909868389368,-4.679408073425293,train,True,asr,0,E:\m-hvc\datasets\old-dataset\frames_unique\non_hate_video_625,0.9931522607803345,0.0014991374919191003,0.004081468563526869,0.0012671526055783033,0,0,0.9908009013161063
non_hate_video_626,0,0.010110177099704742,-4.584051132202148,train,True,asr,0,E:\m-hvc\datasets\old-dataset\frames_unique\non_hate_video_626,0.9923266172409058,0.0016819463344290853,0.004752941429615021,0.0012384714791551232,0,0,0.9898898229002953
non_hate_video_627,0,0.591485857963562,0.37011125683784485,train,False,missing,0,E:\m-hvc\datasets\old-dataset\frames_unique\non_hate_video_627,0.5799072980880737,0.05309278145432472,0.3110716640949249,0.05592823028564453,1,0,0.591485857963562
non_hate_video_628,0,0.035234373062849045,-3.3098630905151367,train,False,missing,0,E:\m-hvc\datasets\old-dataset\frames_unique\non_hate_video_628,0.8315069675445557,0.03533255308866501,0.09721717238426208,0.035943251103162766,0,0,0.964765626937151
non_hate_video_629,0,0.00956177432090044,-4.640374183654785,train,True,asr,0,E:\m-hvc\datasets\old-dataset\frames_unique\non_hate_video_629,0.9856891632080078,0.0030152995605021715,0.009258107282221317,0.0020374502055346966,0,0,0.9904382256790996
non_hate_video_63,0,0.03407374396920204,-3.344560384750366,train,False,missing,0,E:\m-hvc\datasets\old-dataset\frames_unique\non_hate_video_63,0.8855699300765991,0.022772278636693954,0.06963822990655899,0.022019516676664352,0,0,0.965926256030798
non_hate_video_630,0,0.3273915946483612,-0.7200064063072205,train,True,asr,0,E:\m-hvc\datasets\old-dataset\frames_unique\non_hate_video_630,0.026050681248307228,0.010793848894536495,0.9485809803009033,0.014574488624930382,1,2,0.6726084053516388
non_hate_video_631,0,0.2804170548915863,-0.9423937797546387,train,True,asr,0,E:\m-hvc\datasets\old-dataset\frames_unique\non_hate_video_631,0.03337179124355316,0.013026108965277672,0.9376813769340515,0.015920784324407578,0,2,0.7195829451084137
non_hate_video_632,1,0.983244776725769,4.072149276733398,train,True,asr,2,E:\m-hvc\datasets\old-dataset\frames_unique\non_hate_video_632,0.014369511045515537,0.020515743643045425,0.10938055068254471,0.8557341694831848,1,3,0.983244776725769
non_hate_video_633,0,0.811104953289032,1.457205891609192,test,True,asr,0,E:\m-hvc\datasets\old-dataset\frames_unique\non_hate_video_633,0.9780828952789307,0.00454358896240592,0.013314059004187584,0.004059494007378817,1,0,0.811104953289032
non_hate_video_634,0,0.03247685730457306,-3.394211530685425,train,True,asr,0,E:\m-hvc\datasets\old-dataset\frames_unique\non_hate_video_634,0.8494462370872498,0.02853826992213726,0.09911633282899857,0.022899162024259567,0,0,0.9675231426954269
non_hate_video_635,1,0.9593921899795532,3.1623408794403076,train,True,asr,2,E:\m-hvc\datasets\old-dataset\frames_unique\non_hate_video_635,0.07958877831697464,0.030150925740599632,0.8500946164131165,0.040165677666664124,1,2,0.9593921899795532
non_hate_video_636,0,0.42561137676239014,-0.29977962374687195,train,True,asr,0,E:\m-hvc\datasets\old-dataset\frames_unique\non_hate_video_636,0.017939921468496323,0.008539753034710884,0.9566195011138916,0.016900908201932907,1,2,0.5743886232376099
non_hate_video_637,0,0.431514173746109,-0.2756761610507965,train,True,asr,0,E:\m-hvc\datasets\old-dataset\frames_unique\non_hate_video_637,0.020714838057756424,0.008108613081276417,0.947319746017456,0.02385678142309189,1,2,0.568485826253891
non_hate_video_638,0,0.028416872024536133,-3.5319437980651855,train,False,missing,0,E:\m-hvc\datasets\old-dataset\frames_unique\non_hate_video_638,0.8406857848167419,0.03498372063040733,0.08840184658765793,0.035928722470998764,0,0,0.9715831279754639
non_hate_video_639,0,0.34302276372909546,-0.6498525738716125,train,True,asr,0,E:\m-hvc\datasets\old-dataset\frames_unique\non_hate_video_639,0.3349419832229614,0.034241773188114166,0.5598979592323303,0.07091830670833588,1,2,0.6569772362709045
non_hate_video_64,0,0.011565418913960457,-4.448102951049805,train,True,asr,0,E:\m-hvc\datasets\old-dataset\frames_unique\non_hate_video_64,0.9954347014427185,0.0009547527297399938,0.0028524796944111586,0.0007580685778521001,0,0,0.9884345810860395
non_hate_video_640,0,0.6711690425872803,0.7134771347045898,train,True,asr,0,E:\m-hvc\datasets\old-dataset\frames_unique\non_hate_video_640,0.010126661509275436,0.0069855209439992905,0.9590154886245728,0.023872317746281624,1,2,0.6711690425872803
non_hate_video_641,0,0.41641512513160706,-0.3375071883201599,train,True,asr,0,E:\m-hvc\datasets\old-dataset\frames_unique\non_hate_video_641,0.026417281478643417,0.01139036100357771,0.9502846002578735,0.011907723732292652,1,2,0.5835848748683929
non_hate_video_642,0,0.03448258340358734,-3.332209825515747,test,True,asr,0,E:\m-hvc\datasets\old-dataset\frames_unique\non_hate_video_642,0.8189082741737366,0.030947107821702957,0.13603466749191284,0.01410999707877636,0,0,0.9655174165964127
non_hate_video_643,0,0.04442368075251579,-3.068542003631592,test,False,missing,0,E:\m-hvc\datasets\old-dataset\frames_unique\non_hate_video_643,0.8734833002090454,0.022546494379639626,0.08146427571773529,0.02250591479241848,0,0,0.9555763192474842
non_hate_video_644,0,0.09375693649053574,-2.268601894378662,train,True,asr,0,E:\m-hvc\datasets\old-dataset\frames_unique\non_hate_video_644,0.9807424545288086,0.0028334343805909157,0.013630753383040428,0.0027934168465435505,0,0,0.9062430635094643
non_hate_video_645,0,0.012548972852528095,-4.365488052368164,train,True,asr,0,E:\m-hvc\datasets\old-dataset\frames_unique\non_hate_video_645,0.9898849725723267,0.0032961408142000437,0.004947980400174856,0.001870843698270619,0,0,0.9874510271474719
non_hate_video_646,0,0.09541517496109009,-2.2492384910583496,train,True,asr,0,E:\m-hvc\datasets\old-dataset\frames_unique\non_hate_video_646,0.2984151542186737,0.019250398501753807,0.6633399128913879,0.018994513899087906,0,2,0.9045848250389099
non_hate_video_647,0,0.08473975956439972,-2.3796234130859375,train,True,asr,0,E:\m-hvc\datasets\old-dataset\frames_unique\non_hate_video_647,0.25450241565704346,0.02049003355205059,0.703245222568512,0.021762298420071602,0,2,0.9152602404356003
non_hate_video_648,0,0.012521957978606224,-4.36767053604126,train,True,asr,0,E:\m-hvc\datasets\old-dataset\frames_unique\non_hate_video_648,0.9847714304924011,0.0052081262692809105,0.0073018684051930904,0.0027186039369553328,0,0,0.9874780420213938
non_hate_video_649,0,0.14678528904914856,-1.7600404024124146,train,True,asr,0,E:\m-hvc\datasets\old-dataset\frames_unique\non_hate_video_649,0.07084297388792038,0.01371261477470398,0.8973791599273682,0.018065255135297775,0,2,0.8532147109508514
non_hate_video_65,0,0.09409428387880325,-2.2646379470825195,train,True,asr,0,E:\m-hvc\datasets\old-dataset\frames_unique\non_hate_video_65,0.4223238229751587,0.017386216670274734,0.5402100682258606,0.020079834386706352,0,2,0.9059057161211967
non_hate_video_650,0,0.5609806776046753,0.24514304101467133,train,True,asr,0,E:\m-hvc\datasets\old-dataset\frames_unique\non_hate_video_650,0.013611014001071453,0.006659431383013725,0.9651401042938232,0.01458948478102684,1,2,0.5609806776046753
non_hate_video_651,0,0.05199300870299339,-2.903252601623535,train,False,missing,0,E:\m-hvc\datasets\old-dataset\frames_unique\non_hate_video_651,0.7991548776626587,0.04363404959440231,0.11508621275424957,0.04212479293346405,0,0,0.9480069912970066
non_hate_video_652,0,0.9124081134796143,2.3433990478515625,train,True,asr,0,E:\m-hvc\datasets\old-dataset\frames_unique\non_hate_video_652,0.008284499868750572,0.006411334034055471,0.9620468616485596,0.02325732819736004,1,2,0.9124081134796143
non_hate_video_66,0,0.014466236345469952,-4.221365928649902,train,True,asr,0,E:\m-hvc\datasets\old-dataset\frames_unique\non_hate_video_66,0.9918913841247559,0.0017158885020762682,0.004720093682408333,0.0016725966706871986,0,0,0.98553376365453
non_hate_video_67,0,0.043218210339546204,-3.097313404083252,train,True,asr,0,E:\m-hvc\datasets\old-dataset\frames_unique\non_hate_video_67,0.9967285394668579,0.0008239761809818447,0.0019375478150323033,0.0005099386908113956,0,0,0.9567817896604538
non_hate_video_68,0,0.22359532117843628,-1.2448360919952393,train,True,asr,0,E:\m-hvc\datasets\old-dataset\frames_unique\non_hate_video_68,0.05710384249687195,0.010474556125700474,0.9190461039543152,0.013375484384596348,0,2,0.7764046788215637
non_hate_video_69,0,0.013523978181183338,-4.289674758911133,val,True,asr,0,E:\m-hvc\datasets\old-dataset\frames_unique\non_hate_video_69,0.9933609962463379,0.0015044781612232327,0.003906696569174528,0.0012277323985472322,0,0,0.9864760218188167
non_hate_video_7,0,0.02969326637685299,-3.486691951751709,train,False,missing,0,E:\m-hvc\datasets\old-dataset\frames_unique\non_hate_video_7,0.8348247408866882,0.03614949807524681,0.09096532315015793,0.03806043416261673,0,0,0.970306733623147
non_hate_video_70,0,0.03372008353471756,-3.3553600311279297,train,False,missing,0,E:\m-hvc\datasets\old-dataset\frames_unique\non_hate_video_70,0.8212375640869141,0.03908253833651543,0.10061062127351761,0.03906931355595589,0,0,0.9662799164652824
non_hate_video_71,0,0.03559824824333191,-3.2992115020751953,train,True,asr,0,E:\m-hvc\datasets\old-dataset\frames_unique\non_hate_video_71,0.9938166737556458,0.001355174696072936,0.0037744955625385046,0.0010535478359088302,0,0,0.9644017517566681
non_hate_video_72,0,0.45494499802589417,-0.18071016669273376,test,True,asr,0,E:\m-hvc\datasets\old-dataset\frames_unique\non_hate_video_72,0.07973207533359528,0.05504286661744118,0.28395381569862366,0.581271231174469,1,3,0.5450550019741058
non_hate_video_73,0,0.0695074126124382,-2.59428071975708,train,True,asr,0,E:\m-hvc\datasets\old-dataset\frames_unique\non_hate_video_73,0.5112664103507996,0.1836947649717331,0.2361721396446228,0.06886671483516693,0,0,0.9304925873875618
non_hate_video_74,0,0.010792862623929977,-4.51801872253418,train,True,asr,0,E:\m-hvc\datasets\old-dataset\frames_unique\non_hate_video_74,0.9921702742576599,0.001784885535016656,0.004553133621811867,0.0014916989021003246,0,0,0.98920713737607
non_hate_video_75,0,0.04148956760764122,-3.1399383544921875,train,True,asr,0,E:\m-hvc\datasets\old-dataset\frames_unique\non_hate_video_75,0.7269245982170105,0.1255594938993454,0.10971181839704514,0.037804145365953445,0,0,0.9585104323923588
non_hate_video_76,0,0.0271783247590065,-3.5777809619903564,train,False,missing,0,E:\m-hvc\datasets\old-dataset\frames_unique\non_hate_video_76,0.8660361766815186,0.028509287163615227,0.07551950961351395,0.029935060068964958,0,0,0.9728216752409935
non_hate_video_77,0,0.13471727073192596,-1.8598779439926147,train,True,asr,0,E:\m-hvc\datasets\old-dataset\frames_unique\non_hate_video_77,0.09025496244430542,0.015065905638039112,0.8716297149658203,0.023049436509609222,0,2,0.865282729268074
non_hate_video_78,0,0.00932851992547512,-4.665306568145752,train,True,asr,0,E:\m-hvc\datasets\old-dataset\frames_unique\non_hate_video_78,0.9938905239105225,0.001319264410994947,0.003730634693056345,0.0010596085339784622,0,0,0.9906714800745249
non_hate_video_79,0,0.026827121153473854,-3.5911483764648438,train,False,missing,0,E:\m-hvc\datasets\old-dataset\frames_unique\non_hate_video_79,0.8511322736740112,0.031015902757644653,0.08489572256803513,0.03295615687966347,0,0,0.9731728788465261
non_hate_video_8,0,0.029413407668471336,-3.4964499473571777,val,False,missing,0,E:\m-hvc\datasets\old-dataset\frames_unique\non_hate_video_8,0.8618860840797424,0.028071284294128418,0.08075394481420517,0.02928871661424637,0,0,0.9705865923315287
non_hate_video_80,0,0.28914421796798706,-0.8995440006256104,val,True,asr,0,E:\m-hvc\datasets\old-dataset\frames_unique\non_hate_video_80,0.15240570902824402,0.5752763748168945,0.1560521125793457,0.11626577377319336,0,1,0.7108557820320129
non_hate_video_81,0,0.4354853928089142,-0.259505033493042,val,True,asr,0,E:\m-hvc\datasets\old-dataset\frames_unique\non_hate_video_81,0.05803995579481125,0.013802030123770237,0.9123159050941467,0.01584208756685257,1,2,0.5645146071910858
non_hate_video_82,0,0.8746324777603149,1.9425543546676636,val,True,asr,0,E:\m-hvc\datasets\old-dataset\frames_unique\non_hate_video_82,0.9772806763648987,0.005587452556937933,0.011920786462724209,0.005211027339100838,1,0,0.8746324777603149
non_hate_video_83,0,0.02172900177538395,-3.8071389198303223,train,True,asr,0,E:\m-hvc\datasets\old-dataset\frames_unique\non_hate_video_83,0.9616761803627014,0.009845031425356865,0.017058484256267548,0.011420300230383873,0,0,0.978270998224616
non_hate_video_84,0,0.2828425168991089,-0.9304051399230957,train,True,asr,0,E:\m-hvc\datasets\old-dataset\frames_unique\non_hate_video_84,0.03036097250878811,0.010770775377750397,0.9389685392379761,0.019899718463420868,0,2,0.7171574831008911
non_hate_video_85,1,0.9739829301834106,3.6226415634155273,train,True,asr,2,E:\m-hvc\datasets\old-dataset\frames_unique\non_hate_video_85,0.009323843754827976,0.00999736413359642,0.9367311000823975,0.04394768923521042,1,2,0.9739829301834106
non_hate_video_86,0,0.009725816547870636,-4.62319803237915,train,True,asr,0,E:\m-hvc\datasets\old-dataset\frames_unique\non_hate_video_86,0.9917639493942261,0.002246504183858633,0.004520452581346035,0.0014691962860524654,0,0,0.9902741834521294
non_hate_video_87,0,0.026671836152672768,-3.5971131324768066,val,False,missing,0,E:\m-hvc\datasets\old-dataset\frames_unique\non_hate_video_87,0.852106511592865,0.033183250576257706,0.08101483434438705,0.03369535133242607,0,0,0.9733281638473272
non_hate_video_88,0,0.043531935662031174,-3.089752674102783,train,True,asr,0,E:\m-hvc\datasets\old-dataset\frames_unique\non_hate_video_88,0.9960212111473083,0.0008227501530200243,0.002443167148157954,0.0007128391298465431,0,0,0.9564680643379688
non_hate_video_89,0,0.13315299153327942,-1.873363733291626,train,True,asr,0,E:\m-hvc\datasets\old-dataset\frames_unique\non_hate_video_89,0.3306405246257782,0.43673187494277954,0.14547565579414368,0.08715187013149261,0,1,0.8668470084667206
non_hate_video_9,0,0.010651023127138615,-4.531391143798828,train,True,asr,0,E:\m-hvc\datasets\old-dataset\frames_unique\non_hate_video_9,0.9928725957870483,0.0018226669635623693,0.003940653521567583,0.0013640084071084857,0,0,0.9893489768728614
non_hate_video_90,0,0.9141178131103516,2.3649837970733643,train,True,asr,0,E:\m-hvc\datasets\old-dataset\frames_unique\non_hate_video_90,0.01542136911302805,0.025419089943170547,0.07351130247116089,0.885648250579834,1,3,0.9141178131103516
non_hate_video_91,0,0.010936188511550426,-4.504681587219238,train,True,asr,0,E:\m-hvc\datasets\old-dataset\frames_unique\non_hate_video_91,0.989250898361206,0.0027274927124381065,0.0059231948107481,0.0020984995644539595,0,0,0.9890638114884496
non_hate_video_92,0,0.03411261737346649,-3.3433799743652344,train,False,missing,0,E:\m-hvc\datasets\old-dataset\frames_unique\non_hate_video_92,0.8300800323486328,0.0382680743932724,0.09088943898677826,0.04076242074370384,0,0,0.9658873826265335
non_hate_video_93,0,0.020877070724964142,-3.848005771636963,train,True,asr,0,E:\m-hvc\datasets\old-dataset\frames_unique\non_hate_video_93,0.9952937960624695,0.0010720170103013515,0.002825713949277997,0.0008083821157924831,0,0,0.9791229292750359
non_hate_video_94,0,0.020803302526474,-3.851620674133301,val,True,asr,0,E:\m-hvc\datasets\old-dataset\frames_unique\non_hate_video_94,0.9086402058601379,0.008469788357615471,0.07580050081014633,0.007089472375810146,0,0,0.979196697473526
non_hate_video_95,0,0.031839095056056976,-3.414703369140625,train,False,missing,0,E:\m-hvc\datasets\old-dataset\frames_unique\non_hate_video_95,0.8297556638717651,0.035403840243816376,0.09627320617437363,0.03856737166643143,0,0,0.968160904943943
non_hate_video_96,0,0.011732109822332859,-4.433624267578125,test,True,asr,0,E:\m-hvc\datasets\old-dataset\frames_unique\non_hate_video_96,0.9940363168716431,0.001250903820618987,0.0036848331801593304,0.0010279497364535928,0,0,0.9882678901776671
non_hate_video_97,0,0.012332161888480186,-4.383135795593262,train,True,asr,0,E:\m-hvc\datasets\old-dataset\frames_unique\non_hate_video_97,0.9951670169830322,0.0009988050442188978,0.003015028778463602,0.0008190752705559134,0,0,0.9876678381115198
non_hate_video_98,0,0.526136040687561,0.10463951528072357,train,True,asr,0,E:\m-hvc\datasets\old-dataset\frames_unique\non_hate_video_98,0.020129632204771042,0.010431749746203423,0.9520331621170044,0.017405478283762932,1,2,0.526136040687561
non_hate_video_99,0,0.2245204895734787,-1.2395145893096924,train,True,asr,0,E:\m-hvc\datasets\old-dataset\frames_unique\non_hate_video_99,0.99636310338974,0.0007946732803247869,0.002341135172173381,0.0005010018358007073,0,0,0.7754795104265213
video_1,1,0.7846240997314453,1.2928202152252197,train,True,human,2,E:\m-hvc\datasets\old-dataset\frames_unique\video_1,0.9293126463890076,0.009522332809865475,0.05429697409272194,0.006868134718388319,1,0,0.7846240997314453
video_10,1,0.9777002930641174,3.7806315422058105,train,False,missing,2,E:\m-hvc\datasets\old-dataset\frames_unique\video_10,0.3540997803211212,0.10967166721820831,0.3304136097431183,0.2058148980140686,1,0,0.9777002930641174
video_100,1,0.7272559404373169,0.9807448387145996,test,True,asr,2,E:\m-hvc\datasets\old-dataset\frames_unique\video_100,0.9904380440711975,0.0025592546444386244,0.005128537770360708,0.0018741039093583822,1,0,0.7272559404373169
video_101,0,0.055513761937618256,-2.834010124206543,train,True,human,0,E:\m-hvc\datasets\old-dataset\frames_unique\video_101,0.8251549005508423,0.07420118898153305,0.07488791644573212,0.025755971670150757,0,0,0.9444862380623817
video_102,1,0.9746256470680237,3.6483147144317627,train,False,missing,2,E:\m-hvc\datasets\old-dataset\frames_unique\video_102,0.35841527581214905,0.11170458048582077,0.33542054891586304,0.19445958733558655,1,0,0.9746256470680237
video_103,1,0.9827778935432434,4.044191360473633,val,False,missing,2,E:\m-hvc\datasets\old-dataset\frames_unique\video_103,0.2604833245277405,0.1271044909954071,0.3437146246433258,0.268697589635849,1,2,0.9827778935432434
video_104,1,0.17187687754631042,-1.5723834037780762,train,True,human,2,E:\m-hvc\datasets\old-dataset\frames_unique\video_104,0.9955582618713379,0.0011089520994573832,0.0025954146403819323,0.0007374061970040202,0,0,0.8281231224536896
video_105,1,0.9665144681930542,3.362581968307495,train,True,asr,1,E:\m-hvc\datasets\old-dataset\frames_unique\video_105,0.22614474594593048,0.29770803451538086,0.2643146514892578,0.21183261275291443,1,1,0.9665144681930542
video_106,1,0.7341935634613037,1.0160043239593506,test,True,asr,2,E:\m-hvc\datasets\old-dataset\frames_unique\video_106,0.010304369032382965,0.0063405209220945835,0.972423255443573,0.010931855998933315,1,2,0.7341935634613037
video_107,1,0.06329076737165451,-2.6946334838867188,train,True,asr,2,E:\m-hvc\datasets\old-dataset\frames_unique\video_107,0.9971569776535034,0.0006405034218914807,0.0017582712462171912,0.0004441594937816262,0,0,0.9367092326283455
video_108,0,0.009836267679929733,-4.6117939949035645,train,True,human,0,E:\m-hvc\datasets\old-dataset\frames_unique\video_108,0.9865960478782654,0.0022621590178459883,0.009206493385136127,0.0019352225353941321,0,0,0.9901637323200703
video_109,1,0.6892374157905579,0.7965565323829651,train,True,human,2,E:\m-hvc\datasets\old-dataset\frames_unique\video_109,0.988763689994812,0.0030217019375413656,0.006182254292070866,0.0020323307253420353,1,0,0.6892374157905579
video_11,1,0.9069191813468933,2.276585578918457,val,True,human,2,E:\m-hvc\datasets\old-dataset\frames_unique\video_11,0.9671264290809631,0.008216392248868942,0.01704389788210392,0.0076133268885314465,1,0,0.9069191813468933
video_110,1,0.9491825699806213,2.927361011505127,test,True,human,2,E:\m-hvc\datasets\old-dataset\frames_unique\video_110,0.044453855603933334,0.02312571182847023,0.8869453072547913,0.0454750619828701,1,2,0.9491825699806213
video_111,1,0.9280436635017395,2.5570197105407715,train,True,asr,2,E:\m-hvc\datasets\old-dataset\frames_unique\video_111,0.9532591700553894,0.011455904692411423,0.02398904412984848,0.011295897886157036,1,0,0.9280436635017395
video_112,1,0.950903594493866,2.963627338409424,test,False,missing,2,E:\m-hvc\datasets\old-dataset\frames_unique\video_112,0.47180652618408203,0.08374421298503876,0.3456910252571106,0.0987582728266716,1,0,0.950903594493866
video_113,1,0.32573309540748596,-0.7275477051734924,val,True,asr,2,E:\m-hvc\datasets\old-dataset\frames_unique\video_113,0.9953248500823975,0.0010280461283400655,0.002923301188275218,0.0007237113895826042,1,0,0.674266904592514
video_114,1,0.6015715003013611,0.4120173454284668,train,False,missing,2,E:\m-hvc\datasets\old-dataset\frames_unique\video_114,0.5980389714241028,0.07515934854745865,0.2431577742099762,0.08364380896091461,1,0,0.6015715003013611
video_115,1,0.9639384746551514,3.285801649093628,train,False,missing,2,E:\m-hvc\datasets\old-dataset\frames_unique\video_115,0.43372032046318054,0.10021758824586868,0.30859801173210144,0.15746407210826874,1,0,0.9639384746551514
video_116,1,0.9495676755905151,2.9353747367858887,val,False,missing,2,E:\m-hvc\datasets\old-dataset\frames_unique\video_116,0.5315952897071838,0.07281896471977234,0.27745792269706726,0.11812784522771835,1,0,0.9495676755905151
video_117,1,0.9167624115943909,2.3991494178771973,train,True,asr,2,E:\m-hvc\datasets\old-dataset\frames_unique\video_117,0.9633910655975342,0.008853037841618061,0.019302718341350555,0.008453164249658585,1,0,0.9167624115943909
video_118,1,0.9826165437698364,4.034700393676758,val,False,missing,2,E:\m-hvc\datasets\old-dataset\frames_unique\video_118,0.2683313488960266,0.12110316753387451,0.34289973974227905,0.2676657736301422,1,2,0.9826165437698364
video_119,1,0.9803106188774109,3.9077870845794678,val,False,missing,2,E:\m-hvc\datasets\old-dataset\frames_unique\video_119,0.32908523082733154,0.10689232498407364,0.3199768662452698,0.24404552578926086,1,0,0.9803106188774109
video_12,1,0.6834130883216858,0.7695017457008362,test,True,human,2,E:\m-hvc\datasets\old-dataset\frames_unique\video_12,0.9921026825904846,0.0021385767031461,0.004413728602230549,0.0013450589030981064,1,0,0.6834130883216858
video_120,1,0.9796232581138611,3.8727710247039795,train,False,missing,2,E:\m-hvc\datasets\old-dataset\frames_unique\video_120,0.29620081186294556,0.12265777587890625,0.32546335458755493,0.2556780278682709,1,2,0.9796232581138611
video_121,1,0.9313310980796814,2.6073176860809326,test,True,asr,2,E:\m-hvc\datasets\old-dataset\frames_unique\video_121,0.9358311295509338,0.01622256636619568,0.030850790441036224,0.017095515504479408,1,0,0.9313310980796814
video_122,1,0.19224703311920166,-1.4354751110076904,test,True,human,2,E:\m-hvc\datasets\old-dataset\frames_unique\video_122,0.06816776096820831,0.012315808795392513,0.9019972681999207,0.017519112676382065,0,2,0.8077529668807983
video_123,1,0.9820292592048645,4.000878810882568,test,False,missing,2,E:\m-hvc\datasets\old-dataset\frames_unique\video_123,0.2719990611076355,0.12365484982728958,0.3342934548854828,0.27005264163017273,1,2,0.9820292592048645
video_124,0,0.010666324757039547,-4.529940128326416,train,True,human,0,E:\m-hvc\datasets\old-dataset\frames_unique\video_124,0.9949701428413391,0.0013125654077157378,0.002798848319798708,0.0009184525697492063,0,0,0.9893336752429605
video_125,1,0.9624085426330566,3.2426624298095703,train,False,missing,2,E:\m-hvc\datasets\old-dataset\frames_unique\video_125,0.45428624749183655,0.09006615728139877,0.32335522770881653,0.13229231536388397,1,0,0.9624085426330566
video_126,1,0.14238421618938446,-1.7956269979476929,train,False,missing,2,E:\m-hvc\datasets\old-dataset\frames_unique\video_126,0.884605348110199,0.0167970173060894,0.08130744099617004,0.017290238291025162,0,0,0.8576157838106155
video_127,1,0.07632675766944885,-2.4933347702026367,test,True,human,1,E:\m-hvc\datasets\old-dataset\frames_unique\video_127,0.6028727889060974,0.108711376786232,0.2284255027770996,0.059990327805280685,0,0,0.9236732423305511
video_128,0,0.014596529304981232,-4.2122673988342285,train,True,human,0,E:\m-hvc\datasets\old-dataset\frames_unique\video_128,0.9773510694503784,0.0028280250262469053,0.017342787235975266,0.002478192560374737,0,0,0.9854034706950188
video_129,1,0.9110109806060791,2.3260421752929688,train,True,human,2,E:\m-hvc\datasets\old-dataset\frames_unique\video_129,0.9562541842460632,0.012210595421493053,0.020067766308784485,0.011467348784208298,1,0,0.9110109806060791
video_13,1,0.9859274625778198,4.249358654022217,val,True,asr,3,E:\m-hvc\datasets\old-dataset\frames_unique\video_13,0.016876395791769028,0.027342233806848526,0.06012052670121193,0.8956608176231384,1,3,0.9859274625778198
video_130,1,0.1069096103310585,-2.122704029083252,test,False,missing,2,E:\m-hvc\datasets\old-dataset\frames_unique\video_130,0.8797649145126343,0.01853729784488678,0.08297543227672577,0.018722346052527428,0,0,0.8930903896689415
video_131,1,0.09554381668567657,-2.247748851776123,train,True,human,2,E:\m-hvc\datasets\old-dataset\frames_unique\video_131,0.9966837763786316,0.0008450056775473058,0.0019770881626755,0.0004941172082908452,0,0,0.9044561833143234
video_132,1,0.24593082070350647,-1.1204338073730469,test,True,human,2,E:\m-hvc\datasets\old-dataset\frames_unique\video_132,0.3539584279060364,0.010937451384961605,0.6221562623977661,0.012947899289429188,0,2,0.7540691792964935
video_133,1,0.9542984962463379,3.038844108581543,train,False,missing,2,E:\m-hvc\datasets\old-dataset\frames_unique\video_133,0.4034220576286316,0.10003946721553802,0.36123204231262207,0.1353064924478531,1,0,0.9542984962463379
video_134,1,0.5240528583526611,0.09628565609455109,train,True,human,2,E:\m-hvc\datasets\old-dataset\frames_unique\video_134,0.9268079996109009,0.007371691521257162,0.06104683130979538,0.004773461259901524,1,0,0.5240528583526611
video_135,1,0.5704041123390198,0.2835000157356262,train,True,human,2,E:\m-hvc\datasets\old-dataset\frames_unique\video_135,0.9927283525466919,0.0019523125374689698,0.004097729455679655,0.001221681130118668,1,0,0.5704041123390198
video_136,1,0.41577187180519104,-0.3401549756526947,train,True,human,1,E:\m-hvc\datasets\old-dataset\frames_unique\video_136,0.1206619068980217,0.6055577397346497,0.19403578341007233,0.07974452525377274,1,1,0.584228128194809
video_137,1,0.6127941012382507,0.4590722918510437,test,True,human,3,E:\m-hvc\datasets\old-dataset\frames_unique\video_137,0.05560502037405968,0.03069082275032997,0.5198779106140137,0.3938262462615967,1,2,0.6127941012382507
video_138,1,0.9725091457366943,3.5660274028778076,train,True,human,2,E:\m-hvc\datasets\old-dataset\frames_unique\video_138,0.015242209658026695,0.013735110871493816,0.9370458722114563,0.03397679328918457,1,2,0.9725091457366943
video_139,1,0.6018980741500854,0.41338008642196655,train,True,human,2,E:\m-hvc\datasets\old-dataset\frames_unique\video_139,0.9895104169845581,0.003320968709886074,0.00515899108722806,0.002009566640481353,1,0,0.6018980741500854
video_14,1,0.9353775382041931,2.6723880767822266,train,True,human,2,E:\m-hvc\datasets\old-dataset\frames_unique\video_14,0.9401194453239441,0.01652924157679081,0.028772827237844467,0.014578444883227348,1,0,0.9353775382041931
video_140,1,0.02786998078227043,-3.5519394874572754,val,True,human,2,E:\m-hvc\datasets\old-dataset\frames_unique\video_140,0.8389292359352112,0.008936113677918911,0.1438528448343277,0.008281770162284374,0,0,0.9721300192177296
video_141,1,0.9690979719161987,3.445544719696045,train,True,human,3,E:\m-hvc\datasets\old-dataset\frames_unique\video_141,0.16511957347393036,0.08150450140237808,0.10906815528869629,0.6443077921867371,1,3,0.9690979719161987
video_142,0,0.028277665376663208,-3.5369977951049805,test,True,human,0,E:\m-hvc\datasets\old-dataset\frames_unique\video_142,0.9973090887069702,0.0005182289169169962,0.0017953846836462617,0.00037738686660304666,0,0,0.9717223346233368
video_143,1,0.8553200364112854,1.7769520282745361,train,True,human,2,E:\m-hvc\datasets\old-dataset\frames_unique\video_143,0.9732217788696289,0.0068800183944404125,0.013941912911832333,0.00595632940530777,1,0,0.8553200364112854
video_144,0,0.007852674461901188,-4.839017391204834,train,True,human,0,E:\m-hvc\datasets\old-dataset\frames_unique\video_144,0.9960904717445374,0.0008641590247862041,0.002392346737906337,0.0006530470564030111,0,0,0.9921473255380988
video_145,1,0.4313858151435852,-0.27619922161102295,train,True,human,2,E:\m-hvc\datasets\old-dataset\frames_unique\video_145,0.9953130483627319,0.0011748939286917448,0.002662992337718606,0.0008489996544085443,1,0,0.5686141848564148
video_146,1,0.9754712581634521,3.683074712753296,test,True,human,2,E:\m-hvc\datasets\old-dataset\frames_unique\video_146,0.054406315088272095,0.029371578246355057,0.8276742100715637,0.08854784071445465,1,2,0.9754712581634521
video_147,1,0.9003693461418152,2.2013354301452637,train,True,human,2,E:\m-hvc\datasets\old-dataset\frames_unique\video_147,0.9641233682632446,0.009137751534581184,0.018931835889816284,0.00780703779309988,1,0,0.9003693461418152
video_148,1,0.9631581902503967,3.263584852218628,train,True,human,2,E:\m-hvc\datasets\old-dataset\frames_unique\video_148,0.02539205551147461,0.01875736564397812,0.9228909611701965,0.032959673553705215,1,2,0.9631581902503967
video_149,1,0.9877724051475525,4.391757965087891,train,True,asr,3,E:\m-hvc\datasets\old-dataset\frames_unique\video_149,0.03750389814376831,0.038069527596235275,0.2316824048757553,0.6927441358566284,1,3,0.9877724051475525
video_15,1,0.9824271202087402,4.023670196533203,train,False,missing,2,E:\m-hvc\datasets\old-dataset\frames_unique\video_15,0.255346417427063,0.12310229241847992,0.34723249077796936,0.27431878447532654,1,2,0.9824271202087402
video_150,1,0.0803065225481987,-2.4381895065307617,train,True,human,2,E:\m-hvc\datasets\old-dataset\frames_unique\video_150,0.9811237454414368,0.007155031431466341,0.009192860685288906,0.0025284031871706247,0,0,0.9196934774518013
video_151,1,0.9190900325775146,2.4300460815429688,test,True,human,2,E:\m-hvc\datasets\old-dataset\frames_unique\video_151,0.7678653597831726,0.06871037185192108,0.12107871472835541,0.04234561696648598,1,0,0.9190900325775146
video_152,1,0.5067659020423889,0.027065221220254898,train,True,asr,3,E:\m-hvc\datasets\old-dataset\frames_unique\video_152,0.3471699655056,0.04492752254009247,0.21423222124576569,0.3936702609062195,1,3,0.5067659020423889
video_153,1,0.19966477155685425,-1.3883907794952393,test,True,human,2,E:\m-hvc\datasets\old-dataset\frames_unique\video_153,0.8885424137115479,0.014064372517168522,0.06850536912679672,0.028887871652841568,0,0,0.8003352284431458
video_154,1,0.04958919435739517,-2.9531214237213135,train,True,human,2,E:\m-hvc\datasets\old-dataset\frames_unique\video_154,0.9966327548027039,0.0008497544913552701,0.002053857082501054,0.00046372530050575733,0,0,0.9504108056426048
video_155,1,0.12824279069900513,-1.9165856838226318,train,True,human,2,E:\m-hvc\datasets\old-dataset\frames_unique\video_155,0.7190549373626709,0.018566614016890526,0.2510327994823456,0.011345619335770607,0,0,0.8717572093009949
video_156,1,0.9151707291603088,2.3784701824188232,train,True,human,2,E:\m-hvc\datasets\old-dataset\frames_unique\video_156,0.7209349870681763,0.03833603113889694,0.212449312210083,0.028279591351747513,1,0,0.9151707291603088
video_157,1,0.720639169216156,0.947634220123291,train,True,asr,2,E:\m-hvc\datasets\old-dataset\frames_unique\video_157,0.9880930781364441,0.002866503782570362,0.006503073964267969,0.0025372966192662716,1,0,0.720639169216156
video_158,1,0.9210981726646423,2.457362651824951,train,True,human,2,E:\m-hvc\datasets\old-dataset\frames_unique\video_158,0.8514578342437744,0.04967229440808296,0.06586135178804398,0.03300846740603447,1,0,0.9210981726646423
video_159,1,0.9449414610862732,2.842726230621338,val,True,asr,2,E:\m-hvc\datasets\old-dataset\frames_unique\video_159,0.9312980771064758,0.015577027574181557,0.030863068997859955,0.022261764854192734,1,0,0.9449414610862732
video_16,1,0.9195300936698914,2.4359798431396484,test,True,human,2,E:\m-hvc\datasets\old-dataset\frames_unique\video_16,0.9478908181190491,0.01488828007131815,0.025414060801267624,0.011806934140622616,1,0,0.9195300936698914
video_160,1,0.9022448658943176,2.2224199771881104,train,True,human,2,E:\m-hvc\datasets\old-dataset\frames_unique\video_160,0.5841339230537415,0.027684414759278297,0.36329221725463867,0.024889476597309113,1,0,0.9022448658943176
video_161,1,0.46658197045326233,-0.13387180864810944,test,True,human,2,E:\m-hvc\datasets\old-dataset\frames_unique\video_161,0.9845706820487976,0.0035308394581079483,0.009876810014247894,0.0020216985139995813,1,0,0.5334180295467377
video_162,0,0.6665608286857605,0.6926709413528442,val,True,asr,0,E:\m-hvc\datasets\old-dataset\frames_unique\video_162,0.028140824288129807,0.0086396848782897,0.9540849924087524,0.009134436957538128,1,2,0.6665608286857605
video_163,1,0.7376053333282471,1.0335592031478882,train,True,human,2,E:\m-hvc\datasets\old-dataset\frames_unique\video_163,0.9547700881958008,0.014740662649273872,0.021822595968842506,0.0086666876450181,1,0,0.7376053333282471
video_164,0,0.38787850737571716,-0.4562385082244873,test,True,human,0,E:\m-hvc\datasets\old-dataset\frames_unique\video_164,0.9389357566833496,0.029352137818932533,0.023197907954454422,0.008514137007296085,1,0,0.6121214926242828
video_165,0,0.6773295998573303,0.7415266633033752,test,True,human,0,E:\m-hvc\datasets\old-dataset\frames_unique\video_165,0.9802645444869995,0.005073565524071455,0.011076366528868675,0.003585530212149024,1,0,0.6773295998573303
video_166,0,0.01071841362863779,-4.525015830993652,train,True,asr,0,E:\m-hvc\datasets\old-dataset\frames_unique\video_166,0.9954556226730347,0.001009008614346385,0.002772711915895343,0.0007627484737895429,0,0,0.9892815863713622
video_167,0,0.07272608578205109,-2.545548915863037,val,True,human,0,E:\m-hvc\datasets\old-dataset\frames_unique\video_167,0.9852131009101868,0.005577604752033949,0.007483727764338255,0.0017255914863198996,0,0,0.9272739142179489
video_169,0,0.011112493462860584,-4.488510608673096,val,True,asr,0,E:\m-hvc\datasets\old-dataset\frames_unique\video_169,0.9943158030509949,0.0015683852834627032,0.0031547120306640863,0.0009611204150132835,0,0,0.9888875065371394
video_17,1,0.9787281155586243,3.8288674354553223,train,False,missing,2,E:\m-hvc\datasets\old-dataset\frames_unique\video_17,0.308534175157547,0.11190742254257202,0.3754114806652069,0.20414690673351288,1,2,0.9787281155586243
video_170,0,0.8044981956481934,1.414649248123169,val,True,human,0,E:\m-hvc\datasets\old-dataset\frames_unique\video_170,0.9577370285987854,0.009027747437357903,0.026968080550432205,0.006267188582569361,1,0,0.8044981956481934
video_171,0,0.939127504825592,2.7361702919006348,test,True,human,0,E:\m-hvc\datasets\old-dataset\frames_unique\video_171,0.6642454266548157,0.0934041365981102,0.1330985277891159,0.10925190150737762,1,0,0.939127504825592
video_172,1,0.974314272403717,3.6357996463775635,train,False,missing,2,E:\m-hvc\datasets\old-dataset\frames_unique\video_172,0.4184919595718384,0.10799786448478699,0.29696738719940186,0.17654280364513397,1,0,0.974314272403717
video_173,0,0.2748093008995056,-0.9703571796417236,train,True,human,0,E:\m-hvc\datasets\old-dataset\frames_unique\video_173,0.04795903339982033,0.018766440451145172,0.9144203662872314,0.01885421946644783,0,2,0.7251906991004944
video_174,0,0.019635185599327087,-3.9106016159057617,val,True,human,0,E:\m-hvc\datasets\old-dataset\frames_unique\video_174,0.9951122403144836,0.001105720759369433,0.0031049323733896017,0.0006771028856746852,0,0,0.9803648144006729
video_175,1,0.9507912993431091,2.9612247943878174,train,True,human,2,E:\m-hvc\datasets\old-dataset\frames_unique\video_175,0.26743316650390625,0.04431282356381416,0.629265308380127,0.05898871272802353,1,2,0.9507912993431091
video_176,1,0.9726030826568604,3.56954288482666,train,True,human,1,E:\m-hvc\datasets\old-dataset\frames_unique\video_176,0.22797353565692902,0.1700468510389328,0.3271288275718689,0.2748508155345917,1,2,0.9726030826568604
video_177,1,0.3411343991756439,-0.6582430601119995,train,True,human,2,E:\m-hvc\datasets\old-dataset\frames_unique\video_177,0.9731391072273254,0.002749247709289193,0.02245303802192211,0.001658506691455841,1,0,0.6588656008243561
video_178,1,0.8414198756217957,1.6688307523727417,train,True,human,2,E:\m-hvc\datasets\old-dataset\frames_unique\video_178,0.9801217317581177,0.0049681756645441055,0.01108574215322733,0.0038243199232965708,1,0,0.8414198756217957
video_179,1,0.06167533993721008,-2.7222118377685547,val,True,human,2,E:\m-hvc\datasets\old-dataset\frames_unique\video_179,0.5156339406967163,0.029730919748544693,0.409761905670166,0.04487323388457298,0,0,0.9383246600627899
video_18,1,0.9830496907234192,4.0603742599487305,train,False,missing,2,E:\m-hvc\datasets\old-dataset\frames_unique\video_18,0.2562534511089325,0.12385129928588867,0.351471483707428,0.26842376589775085,1,2,0.9830496907234192
video_180,1,0.9537022709846497,3.0252580642700195,train,True,human,2,E:\m-hvc\datasets\old-dataset\frames_unique\video_180,0.06691358983516693,0.025408389046788216,0.8712143301963806,0.03646371141076088,1,2,0.9537022709846497
video_181,1,0.9747064113616943,3.6515867710113525,train,False,missing,2,E:\m-hvc\datasets\old-dataset\frames_unique\video_181,0.3503039479255676,0.10850334912538528,0.3510362505912781,0.190156489610672,1,2,0.9747064113616943
video_182,1,0.9805840253829956,3.922049045562744,train,False,missing,2,E:\m-hvc\datasets\old-dataset\frames_unique\video_182,0.29870477318763733,0.11458373814821243,0.3326917886734009,0.2540196478366852,1,2,0.9805840253829956
video_183,0,0.41078823804855347,-0.36070775985717773,train,True,human,0,E:\m-hvc\datasets\old-dataset\frames_unique\video_183,0.07954796403646469,0.010936628095805645,0.8988378047943115,0.010677582584321499,1,2,0.5892117619514465
video_184,1,0.9520362019538879,2.9881575107574463,train,True,asr,2,E:\m-hvc\datasets\old-dataset\frames_unique\video_184,0.23518937826156616,0.04362623021006584,0.5328229665756226,0.18836145102977753,1,2,0.9520362019538879
video_185,1,0.9387682676315308,2.729903221130371,test,False,missing,2,E:\m-hvc\datasets\old-dataset\frames_unique\video_185,0.5324718356132507,0.0839591845870018,0.25307637453079224,0.13049262762069702,1,0,0.9387682676315308
video_186,1,0.9171409606933594,2.404120445251465,train,True,human,2,E:\m-hvc\datasets\old-dataset\frames_unique\video_186,0.9587953686714172,0.010798011906445026,0.02027883194386959,0.010127737186849117,1,0,0.9171409606933594
video_187,1,0.9647293090820312,3.3087949752807617,train,True,human,2,E:\m-hvc\datasets\old-dataset\frames_unique\video_187,0.08123545348644257,0.09489438682794571,0.7357894778251648,0.0880807414650917,1,2,0.9647293090820312
video_188,1,0.866600513458252,1.8712294101715088,test,True,human,2,E:\m-hvc\datasets\old-dataset\frames_unique\video_188,0.9682230353355408,0.009156121872365475,0.015968939289450645,0.006651808973401785,1,0,0.866600513458252
video_189,1,0.9365754127502441,2.6923773288726807,train,True,human,2,E:\m-hvc\datasets\old-dataset\frames_unique\video_189,0.023810846731066704,0.01471647247672081,0.9424683451652527,0.019004378467798233,1,2,0.9365754127502441
video_19,1,0.9830611348152161,4.061058521270752,train,False,missing,2,E:\m-hvc\datasets\old-dataset\frames_unique\video_19,0.25092223286628723,0.1222875639796257,0.3545757532119751,0.27221444249153137,1,2,0.9830611348152161
video_190,1,0.9816054701805115,3.9771335124969482,train,False,missing,2,E:\m-hvc\datasets\old-dataset\frames_unique\video_190,0.29421281814575195,0.11967066675424576,0.33341115713119507,0.25270533561706543,1,2,0.9816054701805115
video_191,1,0.07700193673372269,-2.4837965965270996,train,True,human,2,E:\m-hvc\datasets\old-dataset\frames_unique\video_191,0.9974494576454163,0.000674001406878233,0.0014842802193015814,0.0003922674513887614,0,0,0.9229980632662773
video_192,1,0.9435150027275085,2.8156380653381348,val,True,asr,2,E:\m-hvc\datasets\old-dataset\frames_unique\video_192,0.9290350675582886,0.018328294157981873,0.033249955624341965,0.01938667893409729,1,0,0.9435150027275085
video_193,1,0.9584410786628723,3.1381962299346924,train,False,missing,2,E:\m-hvc\datasets\old-dataset\frames_unique\video_193,0.43018195033073425,0.09867493808269501,0.3059536814689636,0.16518940031528473,1,0,0.9584410786628723
video_194,1,0.9092270731925964,2.3042335510253906,train,True,human,2,E:\m-hvc\datasets\old-dataset\frames_unique\video_194,0.9629969596862793,0.009987741708755493,0.017869707196950912,0.009145578369498253,1,0,0.9092270731925964
video_195,1,0.9813243746757507,3.9616823196411133,train,False,missing,2,E:\m-hvc\datasets\old-dataset\frames_unique\video_195,0.30106884241104126,0.11858858913183212,0.32397815585136414,0.25636449456214905,1,2,0.9813243746757507
video_196,1,0.9825098514556885,4.028470993041992,test,False,missing,2,E:\m-hvc\datasets\old-dataset\frames_unique\video_196,0.2833426296710968,0.11778883635997772,0.3390975594520569,0.2597710192203522,1,2,0.9825098514556885
video_197,1,0.9802712798118591,3.9057555198669434,train,False,missing,2,E:\m-hvc\datasets\old-dataset\frames_unique\video_197,0.2760448157787323,0.11976731568574905,0.329489529132843,0.27469831705093384,1,2,0.9802712798118591
video_198,1,0.9733438491821289,3.5977180004119873,test,True,human,1,E:\m-hvc\datasets\old-dataset\frames_unique\video_198,0.14434519410133362,0.23180687427520752,0.3402468264102936,0.2836011052131653,1,2,0.9733438491821289
video_199,1,0.6198614239692688,0.48896002769470215,train,True,human,2,E:\m-hvc\datasets\old-dataset\frames_unique\video_199,0.987734854221344,0.0035011142026633024,0.006420378107577562,0.0023435933981090784,1,0,0.6198614239692688
video_2,1,0.9821159839630127,4.005800247192383,val,False,missing,2,E:\m-hvc\datasets\old-dataset\frames_unique\video_2,0.28260013461112976,0.11955903470516205,0.3320605456829071,0.2657802999019623,1,2,0.9821159839630127
video_20,1,0.9819077849388123,3.9940128326416016,train,False,missing,2,E:\m-hvc\datasets\old-dataset\frames_unique\video_20,0.2659512162208557,0.12432041764259338,0.34514904022216797,0.26457932591438293,1,2,0.9819077849388123
video_200,1,0.909229040145874,2.304257869720459,train,True,asr,2,E:\m-hvc\datasets\old-dataset\frames_unique\video_200,0.9624666571617126,0.009716948494315147,0.01926554925739765,0.008550776168704033,1,0,0.909229040145874
video_201,1,0.7725152373313904,1.2225686311721802,train,True,asr,3,E:\m-hvc\datasets\old-dataset\frames_unique\video_201,0.04453890770673752,0.03181462734937668,0.093126580119133,0.8305199146270752,1,3,0.7725152373313904
video_202,0,0.14949747920036316,-1.7385478019714355,test,True,human,0,E:\m-hvc\datasets\old-dataset\frames_unique\video_202,0.9638779759407043,0.003928333520889282,0.02998002991080284,0.0022135507315397263,0,0,0.8505025207996368
video_206,1,0.9206111431121826,2.4506797790527344,train,True,asr,2,E:\m-hvc\datasets\old-dataset\frames_unique\video_206,0.960952639579773,0.009501720778644085,0.020282136276364326,0.009263595566153526,1,0,0.9206111431121826
video_207,1,0.9827820658683777,4.044436454772949,train,False,missing,2,E:\m-hvc\datasets\old-dataset\frames_unique\video_207,0.2649480402469635,0.12138255685567856,0.3428565561771393,0.27081286907196045,1,2,0.9827820658683777
video_208,1,0.9815993905067444,3.9767980575561523,test,False,missing,2,E:\m-hvc\datasets\old-dataset\frames_unique\video_208,0.28976306319236755,0.12410186231136322,0.3310672640800476,0.2550678253173828,1,2,0.9815993905067444
video_209,1,0.9785203337669373,3.818934440612793,train,False,missing,2,E:\m-hvc\datasets\old-dataset\frames_unique\video_209,0.3139438331127167,0.11840580403804779,0.33390045166015625,0.2337498962879181,1,2,0.9785203337669373
video_21,1,0.9595392942428589,3.166120767593384,train,True,human,1,E:\m-hvc\datasets\old-dataset\frames_unique\video_21,0.09614290297031403,0.40173351764678955,0.23526228964328766,0.26686131954193115,1,1,0.9595392942428589
video_210,1,0.9039179682731628,2.2415361404418945,train,True,human,1,E:\m-hvc\datasets\old-dataset\frames_unique\video_210,0.3056959807872772,0.17494410276412964,0.4014304578304291,0.11792950332164764,1,2,0.9039179682731628
video_211,1,0.7191395163536072,0.9401972889900208,train,True,human,2,E:\m-hvc\datasets\old-dataset\frames_unique\video_211,0.9883323311805725,0.002835846273228526,0.006758742034435272,0.002073077019304037,1,0,0.7191395163536072
video_212,1,0.9791339635848999,3.8485448360443115,val,True,asr,2,E:\m-hvc\datasets\old-dataset\frames_unique\video_212,0.08757620304822922,0.14212067425251007,0.37393346428871155,0.39636969566345215,1,3,0.9791339635848999
video_213,1,0.9769733548164368,3.747809648513794,train,False,missing,2,E:\m-hvc\datasets\old-dataset\frames_unique\video_213,0.3152441382408142,0.11718376725912094,0.34850725531578064,0.2190648466348648,1,2,0.9769733548164368
video_214,1,0.8511613607406616,1.7437388896942139,val,True,human,2,E:\m-hvc\datasets\old-dataset\frames_unique\video_214,0.9779025912284851,0.005216644145548344,0.01285800151526928,0.0040227994322776794,1,0,0.8511613607406616
video_215,1,0.9635692834854126,3.2752323150634766,train,True,human,2,E:\m-hvc\datasets\old-dataset\frames_unique\video_215,0.01673746109008789,0.016962451860308647,0.93438720703125,0.031912900507450104,1,2,0.9635692834854126
video_216,1,0.982999861240387,4.057384490966797,train,False,missing,2,E:\m-hvc\datasets\old-dataset\frames_unique\video_216,0.2484232634305954,0.12935771048069,0.35093510150909424,0.2712838649749756,1,2,0.982999861240387
video_217,1,0.9257870316505432,2.5237042903900146,train,True,human,2,E:\m-hvc\datasets\old-dataset\frames_unique\video_217,0.9376554489135742,0.01968545652925968,0.02762661874294281,0.01503247581422329,1,0,0.9257870316505432
video_218,1,0.9811212420463562,3.950657367706299,train,False,missing,2,E:\m-hvc\datasets\old-dataset\frames_unique\video_218,0.2738713324069977,0.12759511172771454,0.332074910402298,0.2664586305618286,1,2,0.9811212420463562
video_219,1,0.940121591091156,2.753692150115967,train,True,asr,2,E:\m-hvc\datasets\old-dataset\frames_unique\video_219,0.926682710647583,0.017389433458447456,0.036221448332071304,0.01970641501247883,1,0,0.940121591091156
video_22,1,0.9829882979393005,4.0566935539245605,test,False,missing,2,E:\m-hvc\datasets\old-dataset\frames_unique\video_22,0.2807643711566925,0.12115267664194107,0.34258460998535156,0.25549831986427307,1,2,0.9829882979393005
video_220,1,0.871310830116272,1.9125993251800537,train,True,asr,2,E:\m-hvc\datasets\old-dataset\frames_unique\video_220,0.971333384513855,0.007448191288858652,0.014816299080848694,0.006402106024324894,1,0,0.871310830116272
video_221,1,0.9265114665031433,2.5342965126037598,test,False,missing,2,E:\m-hvc\datasets\old-dataset\frames_unique\video_221,0.49137207865715027,0.07635483890771866,0.3192358613014221,0.11303727328777313,1,0,0.9265114665031433
video_222,1,0.9438686370849609,2.822291851043701,val,False,missing,2,E:\m-hvc\datasets\old-dataset\frames_unique\video_222,0.3688473105430603,0.11317497491836548,0.32887133955955505,0.18910634517669678,1,0,0.9438686370849609
video_223,1,0.9706769585609436,3.4996225833892822,train,False,missing,2,E:\m-hvc\datasets\old-dataset\frames_unique\video_223,0.38272127509117126,0.10763879120349884,0.33196213841438293,0.17767782509326935,1,0,0.9706769585609436
video_224,1,0.9751847982406616,3.671170234680176,train,True,human,2,E:\m-hvc\datasets\old-dataset\frames_unique\video_224,0.021753637120127678,0.019600344821810722,0.9144883751869202,0.044157687574625015,1,2,0.9751847982406616
video_225,1,0.96966153383255,3.4645307064056396,train,True,human,2,E:\m-hvc\datasets\old-dataset\frames_unique\video_225,0.04888078197836876,0.0993993952870369,0.7710857391357422,0.08063407242298126,1,2,0.96966153383255
video_226,1,0.9692583084106445,3.4509119987487793,train,True,human,2,E:\m-hvc\datasets\old-dataset\frames_unique\video_226,0.027083124965429306,0.03945448622107506,0.8726447224617004,0.06081772968173027,1,2,0.9692583084106445
video_227,1,0.9559440612792969,3.0772385597229004,train,True,human,1,E:\m-hvc\datasets\old-dataset\frames_unique\video_227,0.09505614638328552,0.46028441190719604,0.304874986410141,0.13978444039821625,1,1,0.9559440612792969
video_228,1,0.982957661151886,4.054864406585693,train,False,missing,2,E:\m-hvc\datasets\old-dataset\frames_unique\video_228,0.24459753930568695,0.12984934449195862,0.3326139450073242,0.2929391860961914,1,2,0.982957661151886
video_229,1,0.914411187171936,2.368725538253784,test,True,human,2,E:\m-hvc\datasets\old-dataset\frames_unique\video_229,0.9583175778388977,0.010186313651502132,0.021753503009676933,0.009742548689246178,1,0,0.914411187171936
video_23,1,0.9829285144805908,4.053130149841309,train,False,missing,2,E:\m-hvc\datasets\old-dataset\frames_unique\video_23,0.25019848346710205,0.12469862401485443,0.3516552448272705,0.2734476327896118,1,2,0.9829285144805908
video_230,1,0.9537783861160278,3.0269832611083984,val,True,human,1,E:\m-hvc\datasets\old-dataset\frames_unique\video_230,0.10956964641809464,0.5507687926292419,0.1387012004852295,0.20096036791801453,1,1,0.9537783861160278
video_231,1,0.8689083456993103,1.8913413286209106,val,True,asr,2,E:\m-hvc\datasets\old-dataset\frames_unique\video_231,0.9740741848945618,0.0065338704735040665,0.014299336820840836,0.005092585925012827,1,0,0.8689083456993103
video_232,1,0.9751392602920532,3.6692891120910645,train,True,human,2,E:\m-hvc\datasets\old-dataset\frames_unique\video_232,0.02682081051170826,0.018614327535033226,0.8571844100952148,0.09738045185804367,1,2,0.9751392602920532
video_233,1,0.8559502959251404,1.7820537090301514,val,True,human,2,E:\m-hvc\datasets\old-dataset\frames_unique\video_233,0.9605578184127808,0.008121985010802746,0.025101205334067345,0.006219014525413513,1,0,0.8559502959251404
video_234,1,0.9352858662605286,2.670872926712036,train,True,human,1,E:\m-hvc\datasets\old-dataset\frames_unique\video_234,0.09651113301515579,0.5992943048477173,0.11278413981199265,0.1914103776216507,1,1,0.9352858662605286
video_235,1,0.9430349469184875,2.8066658973693848,val,True,human,2,E:\m-hvc\datasets\old-dataset\frames_unique\video_235,0.01441576424986124,0.014729566872119904,0.946436882019043,0.024417787790298462,1,2,0.9430349469184875
video_236,1,0.9475218653678894,2.8934521675109863,train,True,human,2,E:\m-hvc\datasets\old-dataset\frames_unique\video_236,0.5859930515289307,0.04252078756690025,0.32923200726509094,0.04225413501262665,1,0,0.9475218653678894
video_237,1,0.9594125151634216,3.162862777709961,train,False,missing,2,E:\m-hvc\datasets\old-dataset\frames_unique\video_237,0.468370646238327,0.0918329656124115,0.2959388792514801,0.14385752379894257,1,0,0.9594125151634216
video_238,1,0.5255903005599976,0.10245057940483093,train,False,missing,2,E:\m-hvc\datasets\old-dataset\frames_unique\video_238,0.752301812171936,0.03921174630522728,0.16906459629535675,0.03942187875509262,1,0,0.5255903005599976
video_239,1,0.9836226105690002,4.09534215927124,train,False,missing,2,E:\m-hvc\datasets\old-dataset\frames_unique\video_239,0.24334277212619781,0.12116751819849014,0.3670728802680969,0.26841679215431213,1,2,0.9836226105690002
video_24,1,0.9813670516014099,3.9640164375305176,train,False,missing,2,E:\m-hvc\datasets\old-dataset\frames_unique\video_24,0.314386785030365,0.11296623200178146,0.34450480341911316,0.22814218699932098,1,2,0.9813670516014099
video_240,1,0.982954204082489,4.054657459259033,train,False,missing,2,E:\m-hvc\datasets\old-dataset\frames_unique\video_240,0.23339428007602692,0.1305953860282898,0.35404592752456665,0.28196439146995544,1,2,0.982954204082489
video_241,1,0.054086435586214066,-2.861567735671997,train,True,human,2,E:\m-hvc\datasets\old-dataset\frames_unique\video_241,0.9806231260299683,0.001775248791091144,0.01608014665544033,0.001521589932963252,0,0,0.9459135644137859
video_242,1,0.8775351643562317,1.9692929983139038,train,True,human,2,E:\m-hvc\datasets\old-dataset\frames_unique\video_242,0.9723387956619263,0.007736790459603071,0.013947715982794762,0.005976718384772539,1,0,0.8775351643562317
video_243,1,0.9517799615859985,2.9825596809387207,train,True,human,2,E:\m-hvc\datasets\old-dataset\frames_unique\video_243,0.2793962061405182,0.03728855773806572,0.6360553503036499,0.04725991189479828,1,2,0.9517799615859985
video_244,1,0.9829177260398865,4.052485466003418,train,False,missing,2,E:\m-hvc\datasets\old-dataset\frames_unique\video_244,0.26369136571884155,0.11976300925016403,0.357757031917572,0.2587886452674866,1,2,0.9829177260398865
video_245,1,0.8831871747970581,2.0229644775390625,val,True,human,2,E:\m-hvc\datasets\old-dataset\frames_unique\video_245,0.9710519313812256,0.007467613089829683,0.015148693695664406,0.006331672891974449,1,0,0.8831871747970581
video_246,1,0.9713016748428345,3.5217998027801514,train,False,missing,2,E:\m-hvc\datasets\old-dataset\frames_unique\video_246,0.35531699657440186,0.10587147623300552,0.3459375202655792,0.1928739696741104,1,0,0.9713016748428345
video_247,1,0.9806906580924988,3.927668571472168,test,False,missing,2,E:\m-hvc\datasets\old-dataset\frames_unique\video_247,0.2494487762451172,0.11847057193517685,0.3854302167892456,0.24665042757987976,1,2,0.9806906580924988
video_248,1,0.8501168489456177,1.735518217086792,train,True,human,2,E:\m-hvc\datasets\old-dataset\frames_unique\video_248,0.9788070917129517,0.005351252853870392,0.011673483066260815,0.00416810205206275,1,0,0.8501168489456177
video_249,1,0.4032627046108246,-0.3918887972831726,val,True,human,2,E:\m-hvc\datasets\old-dataset\frames_unique\video_249,0.982705295085907,0.0034594684839248657,0.01195723470300436,0.00187796785030514,1,0,0.5967372953891754
video_25,1,0.03790443018078804,-3.2340457439422607,val,True,human,2,E:\m-hvc\datasets\old-dataset\frames_unique\video_25,0.9973878264427185,0.0005311419954523444,0.0017198038985952735,0.00036122711026109755,0,0,0.962095569819212
video_250,1,0.9138117432594299,2.361090660095215,train,True,human,2,E:\m-hvc\datasets\old-dataset\frames_unique\video_250,0.9609290361404419,0.01049074623733759,0.020234419032931328,0.00834573432803154,1,0,0.9138117432594299
video_251,1,0.928779661655426,2.5680930614471436,train,True,human,2,E:\m-hvc\datasets\old-dataset\frames_unique\video_251,0.9488628506660461,0.012642065063118935,0.02416985109448433,0.014325227588415146,1,0,0.928779661655426
video_252,0,0.029189566150307655,-3.504319906234741,train,False,missing,0,E:\m-hvc\datasets\old-dataset\frames_unique\video_252,0.861445426940918,0.026238571852445602,0.08505311608314514,0.02726285345852375,0,0,0.9708104338496923
video_253,1,0.9746354222297668,3.6487112045288086,train,False,missing,2,E:\m-hvc\datasets\old-dataset\frames_unique\video_253,0.3417482376098633,0.1119130477309227,0.3671361804008484,0.1792026311159134,1,2,0.9746354222297668
video_254,1,0.9789798259735107,3.84102725982666,train,False,missing,2,E:\m-hvc\datasets\old-dataset\frames_unique\video_254,0.34460175037384033,0.11427463591098785,0.3511520326137543,0.18997162580490112,1,2,0.9789798259735107
video_255,1,0.9391858577728271,2.7371907234191895,train,True,human,3,E:\m-hvc\datasets\old-dataset\frames_unique\video_255,0.03120458871126175,0.030963925644755363,0.06922823935747147,0.8686032295227051,1,3,0.9391858577728271
video_256,1,0.7974907159805298,1.3706846237182617,train,False,missing,2,E:\m-hvc\datasets\old-dataset\frames_unique\video_256,0.5074537992477417,0.07167306542396545,0.3489028513431549,0.07197031378746033,1,0,0.7974907159805298
video_257,1,0.8863955140113831,2.05444073677063,train,True,human,2,E:\m-hvc\datasets\old-dataset\frames_unique\video_257,0.9722471833229065,0.007365834899246693,0.014478643424808979,0.005908322520554066,1,0,0.8863955140113831
video_258,1,0.9608023762702942,3.199152946472168,train,True,human,2,E:\m-hvc\datasets\old-dataset\frames_unique\video_258,0.07012111693620682,0.02131391130387783,0.8733267188072205,0.03523825481534004,1,2,0.9608023762702942
video_259,1,0.6945751905441284,0.8215966820716858,val,True,human,2,E:\m-hvc\datasets\old-dataset\frames_unique\video_259,0.9905135631561279,0.0027625365182757378,0.004970218520611525,0.00175357679836452,1,0,0.6945751905441284
video_26,1,0.48239612579345703,-0.07044462859630585,train,True,human,2,E:\m-hvc\datasets\old-dataset\frames_unique\video_26,0.9944614171981812,0.0013212626799941063,0.003409279976040125,0.0008080693078227341,1,0,0.517603874206543
video_260,1,0.7985371351242065,1.3771764039993286,val,True,human,2,E:\m-hvc\datasets\old-dataset\frames_unique\video_260,0.024691252037882805,0.010171592235565186,0.9532362818717957,0.011900962330400944,1,2,0.7985371351242065
video_261,1,0.9698774814605713,3.4718968868255615,train,True,human,3,E:\m-hvc\datasets\old-dataset\frames_unique\video_261,0.025243358686566353,0.023739231750369072,0.2598898410797119,0.6911275386810303,1,3,0.9698774814605713
video_262,1,0.9818213582038879,3.9891586303710938,train,False,missing,2,E:\m-hvc\datasets\old-dataset\frames_unique\video_262,0.29971399903297424,0.11597591638565063,0.3463827073574066,0.23792734742164612,1,2,0.9818213582038879
video_263,1,0.9780503511428833,3.796811103820801,train,False,missing,2,E:\m-hvc\datasets\old-dataset\frames_unique\video_263,0.37625351548194885,0.10118352621793747,0.34929829835891724,0.17326466739177704,1,0,0.9780503511428833
video_264,0,0.04177641496062279,-3.132749080657959,train,False,missing,0,E:\m-hvc\datasets\old-dataset\frames_unique\video_264,0.8766921758651733,0.024790681898593903,0.07368116825819016,0.024836067110300064,0,0,0.9582235850393772
video_265,1,0.9815550446510315,3.974348545074463,train,False,missing,2,E:\m-hvc\datasets\old-dataset\frames_unique\video_265,0.3163871467113495,0.11293342709541321,0.3494966924190521,0.221182718873024,1,2,0.9815550446510315
video_266,1,0.975252628326416,3.6739745140075684,train,False,missing,2,E:\m-hvc\datasets\old-dataset\frames_unique\video_266,0.38538822531700134,0.10446541756391525,0.35278016328811646,0.15736621618270874,1,0,0.975252628326416
video_267,1,0.9743230938911438,3.636148691177368,train,False,missing,2,E:\m-hvc\datasets\old-dataset\frames_unique\video_267,0.41482535004615784,0.09890729933977127,0.30748963356018066,0.17877773940563202,1,0,0.9743230938911438
video_268,1,0.9820776581764221,4.003625392913818,train,False,missing,2,E:\m-hvc\datasets\old-dataset\frames_unique\video_268,0.23865772783756256,0.12906360626220703,0.3440329134464264,0.28824582695961,1,2,0.9820776581764221
video_269,1,0.9824066162109375,4.022481441497803,train,False,missing,2,E:\m-hvc\datasets\old-dataset\frames_unique\video_269,0.27674150466918945,0.1235882118344307,0.34290823340415955,0.2567620873451233,1,2,0.9824066162109375
video_27,1,0.8952104449272156,2.1451046466827393,val,True,human,3,E:\m-hvc\datasets\old-dataset\frames_unique\video_27,0.2981356084346771,0.06784071773290634,0.09819476306438446,0.5358288884162903,1,3,0.8952104449272156
video_270,1,0.9754754304885864,3.683248281478882,train,False,missing,2,E:\m-hvc\datasets\old-dataset\frames_unique\video_270,0.3510076403617859,0.1067226380109787,0.3543322682380676,0.18793748319149017,1,2,0.9754754304885864
video_271,0,0.6749989986419678,0.730883002281189,train,True,asr,0,E:\m-hvc\datasets\old-dataset\frames_unique\video_271,0.9907608032226562,0.002193255117163062,0.005531086586415768,0.0015148448292165995,1,0,0.6749989986419678
video_272,1,0.9832783341407776,4.074183464050293,train,False,missing,2,E:\m-hvc\datasets\old-dataset\frames_unique\video_272,0.2500157654285431,0.1253862977027893,0.3548985421657562,0.2696993947029114,1,2,0.9832783341407776
video_273,0,0.016469735652208328,-4.089623928070068,test,True,human,0,E:\m-hvc\datasets\old-dataset\frames_unique\video_273,0.9969417452812195,0.0007207200978882611,0.0018238965421915054,0.0005135727697052062,0,0,0.9835302643477917
video_274,1,0.9748982787132263,3.6593992710113525,test,False,missing,2,E:\m-hvc\datasets\old-dataset\frames_unique\video_274,0.38727208971977234,0.10634611546993256,0.33898070454597473,0.16740109026432037,1,0,0.9748982787132263
video_275,1,0.9693154692649841,3.452831268310547,train,True,human,2,E:\m-hvc\datasets\old-dataset\frames_unique\video_275,0.0190590713173151,0.014959136955440044,0.934643030166626,0.03133882209658623,1,2,0.9693154692649841
video_276,1,0.09547114372253418,-2.2485902309417725,train,False,missing,2,E:\m-hvc\datasets\old-dataset\frames_unique\video_276,0.8274094462394714,0.034586865454912186,0.10561066120862961,0.032393041998147964,0,0,0.9045288562774658
video_277,0,0.03930432349443436,-3.1963231563568115,val,True,human,0,E:\m-hvc\datasets\old-dataset\frames_unique\video_277,0.997408926486969,0.0005636373534798622,0.001637193956412375,0.00039034828660078347,0,0,0.9606956765055656
video_278,1,0.8228739500045776,1.5359411239624023,train,True,human,2,E:\m-hvc\datasets\old-dataset\frames_unique\video_278,0.9668843150138855,0.007102849427610636,0.021221917122602463,0.004790867678821087,1,0,0.8228739500045776
video_279,1,0.5430799722671509,0.1727481633424759,test,True,human,2,E:\m-hvc\datasets\old-dataset\frames_unique\video_279,0.02981593832373619,0.025127949193120003,0.9302854537963867,0.014770655892789364,1,2,0.5430799722671509
video_28,1,0.14446887373924255,-1.778658390045166,train,True,human,2,E:\m-hvc\datasets\old-dataset\frames_unique\video_28,0.9966340661048889,0.0006918641156516969,0.002246254589408636,0.00042780174408107996,0,0,0.8555311262607574
video_280,0,0.7641253471374512,1.175431251525879,train,True,human,0,E:\m-hvc\datasets\old-dataset\frames_unique\video_280,0.05355287715792656,0.1262194812297821,0.3957529664039612,0.42447465658187866,1,3,0.7641253471374512
video_281,1,0.9646785259246826,3.307302474975586,train,True,human,2,E:\m-hvc\datasets\old-dataset\frames_unique\video_281,0.05829675495624542,0.03343947231769562,0.867135763168335,0.041128017008304596,1,2,0.9646785259246826
video_282,1,0.45971256494522095,-0.16149981319904327,train,True,human,2,E:\m-hvc\datasets\old-dataset\frames_unique\video_282,0.9919590950012207,0.0027446572203189135,0.0040664225816726685,0.0012298740912228823,1,0,0.540287435054779
video_283,1,0.9175176620483398,2.409087657928467,train,True,asr,2,E:\m-hvc\datasets\old-dataset\frames_unique\video_283,0.9611576199531555,0.008999829180538654,0.022057635709643364,0.007784952875226736,1,0,0.9175176620483398
video_284,1,0.879900336265564,1.9914863109588623,train,True,human,2,E:\m-hvc\datasets\old-dataset\frames_unique\video_284,0.9709159731864929,0.008194616064429283,0.014293060638010502,0.006596434395760298,1,0,0.879900336265564
video_285,1,0.9750984311103821,3.667606830596924,train,False,missing,2,E:\m-hvc\datasets\old-dataset\frames_unique\video_285,0.37466397881507874,0.10222089290618896,0.3419688642024994,0.18114621937274933,1,0,0.9750984311103821
video_286,1,0.9816998839378357,3.9823813438415527,train,False,missing,2,E:\m-hvc\datasets\old-dataset\frames_unique\video_286,0.24018056690692902,0.1355869024991989,0.32225871086120605,0.3019738495349884,1,2,0.9816998839378357
video_287,1,0.9648507237434387,3.312368631362915,train,False,missing,2,E:\m-hvc\datasets\old-dataset\frames_unique\video_287,0.3749399483203888,0.0996541678905487,0.3738536834716797,0.151552215218544,1,0,0.9648507237434387
video_288,1,0.9591164588928223,3.1552841663360596,train,False,missing,2,E:\m-hvc\datasets\old-dataset\frames_unique\video_288,0.37935933470726013,0.10585784167051315,0.3458031117916107,0.1689797341823578,1,0,0.9591164588928223
video_289,1,0.8561468124389648,1.78364896774292,test,True,asr,2,E:\m-hvc\datasets\old-dataset\frames_unique\video_289,0.6916683316230774,0.14775261282920837,0.08864934742450714,0.07192975282669067,1,0,0.8561468124389648
video_29,1,0.6471799612045288,0.606666088104248,train,True,human,2,E:\m-hvc\datasets\old-dataset\frames_unique\video_29,0.9032484889030457,0.022779377177357674,0.06415069103240967,0.009821426123380661,1,0,0.6471799612045288
video_290,1,0.9725344777107239,3.566976547241211,train,False,missing,2,E:\m-hvc\datasets\old-dataset\frames_unique\video_290,0.3583568036556244,0.10589364916086197,0.36373215913772583,0.17201735079288483,1,2,0.9725344777107239
video_291,1,0.886093020439148,2.0514395236968994,val,False,missing,2,E:\m-hvc\datasets\old-dataset\frames_unique\video_291,0.4864121079444885,0.09392617642879486,0.2974350154399872,0.12222672998905182,1,0,0.886093020439148
video_3,1,0.9042050838470459,2.2448463439941406,train,False,missing,2,E:\m-hvc\datasets\old-dataset\frames_unique\video_3,0.42107993364334106,0.09112658351659775,0.3758682906627655,0.1119251400232315,1,0,0.9042050838470459
video_30,1,0.3844025135040283,-0.47090303897857666,train,False,missing,2,E:\m-hvc\datasets\old-dataset\frames_unique\video_30,0.801003098487854,0.02813725173473358,0.14540404081344604,0.02545568346977234,1,0,0.6155974864959717
video_31,1,0.9629475474357605,3.2576656341552734,train,True,asr,1,E:\m-hvc\datasets\old-dataset\frames_unique\video_31,0.1361679881811142,0.201959490776062,0.5066031813621521,0.15526935458183289,1,2,0.9629475474357605
video_32,1,0.9710496068000793,3.512791395187378,train,False,missing,2,E:\m-hvc\datasets\old-dataset\frames_unique\video_32,0.41201162338256836,0.08831340074539185,0.35922887921333313,0.14044606685638428,1,0,0.9710496068000793
video_34,1,0.3817897439002991,-0.4819585978984833,test,True,asr,2,E:\m-hvc\datasets\old-dataset\frames_unique\video_34,0.9942398071289062,0.001281843869946897,0.0034127470571547747,0.0010656630620360374,1,0,0.6182102560997009
video_35,1,0.7152745127677917,0.9211407899856567,train,False,missing,2,E:\m-hvc\datasets\old-dataset\frames_unique\video_35,0.6242413520812988,0.056646015495061874,0.24711297452449799,0.07199964672327042,1,0,0.7152745127677917
video_36,1,0.30919137597084045,-0.8039023876190186,train,False,missing,2,E:\m-hvc\datasets\old-dataset\frames_unique\video_36,0.8374577164649963,0.024391695857048035,0.1128118708729744,0.025338714942336082,0,0,0.6908086240291595
video_37,1,0.9334688782691956,2.64123797416687,val,True,asr,2,E:\m-hvc\datasets\old-dataset\frames_unique\video_37,0.9501524567604065,0.01195449661463499,0.026534227654337883,0.011358795687556267,1,0,0.9334688782691956
video_38,1,0.011194190941751003,-4.48110294342041,train,True,human,2,E:\m-hvc\datasets\old-dataset\frames_unique\video_38,0.9953972697257996,0.0010340898297727108,0.00289911893196404,0.0006695091724395752,0,0,0.988805809058249
video_39,1,0.034219127148389816,-3.3401522636413574,train,False,missing,2,E:\m-hvc\datasets\old-dataset\frames_unique\video_39,0.8661393523216248,0.022800490260124207,0.08567244559526443,0.02538776956498623,0,0,0.9657808728516102
video_4,1,0.9815245270729065,3.972661018371582,train,False,missing,2,E:\m-hvc\datasets\old-dataset\frames_unique\video_4,0.2721624970436096,0.12304867058992386,0.3404630720615387,0.2643258273601532,1,2,0.9815245270729065
video_40,1,0.971824586391449,3.540724039077759,test,True,human,3,E:\m-hvc\datasets\old-dataset\frames_unique\video_40,0.02291863225400448,0.030184948816895485,0.07895120233297348,0.8679451942443848,1,3,0.971824586391449
video_41,1,0.09782539308071136,-2.2216238975524902,train,True,asr,2,E:\m-hvc\datasets\old-dataset\frames_unique\video_41,0.997270405292511,0.0005187983042560518,0.0018608227837830782,0.0003500190796330571,0,0,0.9021746069192886
video_42,1,0.9804689288139343,3.916024684906006,train,False,missing,2,E:\m-hvc\datasets\old-dataset\frames_unique\video_42,0.31535035371780396,0.11467088013887405,0.3203485608100891,0.2496301680803299,1,2,0.9804689288139343
video_43,1,0.9750382304191589,3.6651298999786377,train,True,asr,1,E:\m-hvc\datasets\old-dataset\frames_unique\video_43,0.06877268850803375,0.21513774991035461,0.5204006433486938,0.1956889033317566,1,2,0.9750382304191589
video_44,1,0.9817456007003784,3.984929084777832,test,False,missing,2,E:\m-hvc\datasets\old-dataset\frames_unique\video_44,0.2732200622558594,0.11891444772481918,0.34582728147506714,0.26203814148902893,1,2,0.9817456007003784
video_45,1,0.9656636118888855,3.336611747741699,test,True,human,2,E:\m-hvc\datasets\old-dataset\frames_unique\video_45,0.04322279989719391,0.04581847041845322,0.7531511187553406,0.1578076332807541,1,2,0.9656636118888855
video_46,1,0.010580243542790413,-4.538130283355713,train,True,human,2,E:\m-hvc\datasets\old-dataset\frames_unique\video_46,0.9951115250587463,0.0010306743206456304,0.003089358564466238,0.000768423720728606,0,0,0.9894197564572096
video_47,1,0.9801537990570068,3.8996949195861816,train,False,missing,2,E:\m-hvc\datasets\old-dataset\frames_unique\video_47,0.3119661509990692,0.11828524619340897,0.35267141461372375,0.21707718074321747,1,2,0.9801537990570068
video_48,1,0.9390336275100708,2.734529495239258,train,True,asr,2,E:\m-hvc\datasets\old-dataset\frames_unique\video_48,0.9308197498321533,0.016269756481051445,0.035865768790245056,0.01704469695687294,1,0,0.9390336275100708
video_49,1,0.5412359237670898,0.16531933844089508,test,False,missing,2,E:\m-hvc\datasets\old-dataset\frames_unique\video_49,0.6648983359336853,0.040477853268384933,0.24638473987579346,0.0482390820980072,1,0,0.5412359237670898
video_5,1,0.9787236452102661,3.8286523818969727,test,False,missing,2,E:\m-hvc\datasets\old-dataset\frames_unique\video_5,0.2711944580078125,0.12466005980968475,0.35090380907058716,0.2532415986061096,1,2,0.9787236452102661
video_50,1,0.9813008308410645,3.960400104522705,train,False,missing,2,E:\m-hvc\datasets\old-dataset\frames_unique\video_50,0.3335995674133301,0.1104680672287941,0.3238118588924408,0.23212048411369324,1,0,0.9813008308410645
video_51,1,0.9306360483169556,2.5965003967285156,train,True,human,2,E:\m-hvc\datasets\old-dataset\frames_unique\video_51,0.941825807094574,0.01510557159781456,0.027925552800297737,0.015143044292926788,1,0,0.9306360483169556
video_52,1,0.31180891394615173,-0.7916760444641113,test,True,human,1,E:\m-hvc\datasets\old-dataset\frames_unique\video_52,0.6311284899711609,0.14526280760765076,0.16065344214439392,0.06295530498027802,1,0,0.6881910860538483
video_53,1,0.9824855327606201,4.027061462402344,train,False,missing,2,E:\m-hvc\datasets\old-dataset\frames_unique\video_53,0.28638550639152527,0.11642911285161972,0.34938278794288635,0.24780267477035522,1,2,0.9824855327606201
video_54,1,0.9812458753585815,3.9574098587036133,train,False,missing,2,E:\m-hvc\datasets\old-dataset\frames_unique\video_54,0.2901070713996887,0.1171603575348854,0.335153728723526,0.25757893919944763,1,2,0.9812458753585815
video_55,1,0.8430266976356506,1.6809231042861938,train,True,human,2,E:\m-hvc\datasets\old-dataset\frames_unique\video_55,0.9784970283508301,0.0062137143686413765,0.010370846837759018,0.004918401595205069,1,0,0.8430266976356506
video_56,1,0.9788433313369751,3.8344168663024902,train,True,asr,3,E:\m-hvc\datasets\old-dataset\frames_unique\video_56,0.05413374677300453,0.09302013367414474,0.21185266971588135,0.6409934163093567,1,3,0.9788433313369751
video_57,1,0.9833024144172668,4.075654983520508,train,False,missing,2,E:\m-hvc\datasets\old-dataset\frames_unique\video_57,0.28362902998924255,0.11892564594745636,0.33400994539260864,0.26343539357185364,1,2,0.9833024144172668
video_58,1,0.9088425636291504,2.299583673477173,test,True,asr,2,E:\m-hvc\datasets\old-dataset\frames_unique\video_58,0.9650339484214783,0.008424977771937847,0.018479768186807632,0.008061273023486137,1,0,0.9088425636291504
video_59,1,0.982032835483551,4.001077175140381,train,False,missing,2,E:\m-hvc\datasets\old-dataset\frames_unique\video_59,0.3022119402885437,0.1145908385515213,0.334452360868454,0.2487449049949646,1,2,0.982032835483551
video_6,1,0.9250834584236145,2.513509511947632,val,True,asr,2,E:\m-hvc\datasets\old-dataset\frames_unique\video_6,0.9491642117500305,0.012403974309563637,0.025855151936411858,0.012576625682413578,1,0,0.9250834584236145
video_60,1,0.9749027490615845,3.6595802307128906,train,True,asr,2,E:\m-hvc\datasets\old-dataset\frames_unique\video_60,0.051637254655361176,0.03695231303572655,0.8065748810768127,0.10483554750680923,1,2,0.9749027490615845
video_61,1,0.9640691876411438,3.2895689010620117,val,True,human,2,E:\m-hvc\datasets\old-dataset\frames_unique\video_61,0.45823678374290466,0.09490357339382172,0.3643159568309784,0.08254368603229523,1,0,0.9640691876411438
video_611,1,0.977971613407135,3.7931463718414307,test,False,missing,2,E:\m-hvc\datasets\old-dataset\frames_unique\video_611,0.3517070412635803,0.10986609011888504,0.3370153605937958,0.20141150057315826,1,0,0.977971613407135
video_612,1,0.9802166819572449,3.9029316902160645,val,False,missing,2,E:\m-hvc\datasets\old-dataset\frames_unique\video_612,0.31255125999450684,0.11485002189874649,0.333882212638855,0.23871652781963348,1,2,0.9802166819572449
video_613,1,0.9816509485244751,3.9796557426452637,train,False,missing,2,E:\m-hvc\datasets\old-dataset\frames_unique\video_613,0.3002604842185974,0.12122026085853577,0.3209795355796814,0.2575397491455078,1,2,0.9816509485244751
video_614,1,0.9812831878662109,3.959439754486084,train,False,missing,2,E:\m-hvc\datasets\old-dataset\frames_unique\video_614,0.3061792850494385,0.11944075673818588,0.321052610874176,0.2533273994922638,1,2,0.9812831878662109
video_615,1,0.9801599979400635,3.900015115737915,test,False,missing,2,E:\m-hvc\datasets\old-dataset\frames_unique\video_615,0.3241341710090637,0.11640273034572601,0.311686635017395,0.24777647852897644,1,0,0.9801599979400635
video_616,1,0.7096168398857117,0.893524169921875,val,True,human,2,E:\m-hvc\datasets\old-dataset\frames_unique\video_616,0.9883757829666138,0.0028044625651091337,0.006458213087171316,0.002361508784815669,1,0,0.7096168398857117
video_617,1,0.9793717265129089,3.860250473022461,val,False,missing,2,E:\m-hvc\datasets\old-dataset\frames_unique\video_617,0.30315640568733215,0.11914221942424774,0.3489077687263489,0.22879362106323242,1,2,0.9793717265129089
video_618,1,0.8450300097465515,1.6961406469345093,test,False,missing,2,E:\m-hvc\datasets\old-dataset\frames_unique\video_618,0.6114797592163086,0.06156341731548309,0.25825467705726624,0.06870222091674805,1,0,0.8450300097465515
video_62,1,0.9648715853691101,3.3129830360412598,train,True,human,2,E:\m-hvc\datasets\old-dataset\frames_unique\video_62,0.6888953447341919,0.07839635759592056,0.12346538156270981,0.10924289375543594,1,0,0.9648715853691101
video_623,1,0.800005316734314,1.3863279819488525,train,True,asr,2,E:\m-hvc\datasets\old-dataset\frames_unique\video_623,0.9739699959754944,0.006820350419729948,0.014493188820779324,0.004716459196060896,1,0,0.800005316734314
video_624,1,0.9810346961021423,3.945998191833496,val,False,missing,2,E:\m-hvc\datasets\old-dataset\frames_unique\video_624,0.2997649312019348,0.11608344316482544,0.33356115221977234,0.250590443611145,1,2,0.9810346961021423
video_625,1,0.9334695339202881,2.6412482261657715,test,False,missing,2,E:\m-hvc\datasets\old-dataset\frames_unique\video_625,0.42299148440361023,0.11082638800144196,0.3073369860649109,0.15884514153003693,1,0,0.9334695339202881
video_626,1,0.7837985157966614,1.2879408597946167,train,True,asr,2,E:\m-hvc\datasets\old-dataset\frames_unique\video_626,0.9829285144805908,0.004404434002935886,0.008947164751589298,0.0037198099307715893,1,0,0.7837985157966614
video_627,1,0.6858043670654297,0.7805765867233276,train,True,asr,2,E:\m-hvc\datasets\old-dataset\frames_unique\video_627,0.9882263541221619,0.0031147506088018417,0.00600143987685442,0.0026573436334729195,1,0,0.6858043670654297
video_628,1,0.9796196818351746,3.87259840965271,val,False,missing,2,E:\m-hvc\datasets\old-dataset\frames_unique\video_628,0.3395163416862488,0.11443990468978882,0.32752475142478943,0.2185189425945282,1,0,0.9796196818351746
video_629,1,0.9346054196357727,2.6596851348876953,train,True,asr,2,E:\m-hvc\datasets\old-dataset\frames_unique\video_629,0.9494295716285706,0.01143839955329895,0.02629595249891281,0.01283610612154007,1,0,0.9346054196357727
video_63,1,0.7662717700004578,1.187378168106079,train,True,asr,2,E:\m-hvc\datasets\old-dataset\frames_unique\video_63,0.9876618385314941,0.0029455232433974743,0.007044361904263496,0.0023482022807002068,1,0,0.7662717700004578
video_630,1,0.9748960137367249,3.659306287765503,val,False,missing,2,E:\m-hvc\datasets\old-dataset\frames_unique\video_630,0.29397153854370117,0.13482892513275146,0.30095019936561584,0.2702493369579315,1,2,0.9748960137367249
video_631,0,0.3754577040672302,-0.5088732838630676,train,True,human,0,E:\m-hvc\datasets\old-dataset\frames_unique\video_631,0.9962124824523926,0.0009358277311548591,0.0022692778147757053,0.0005825462285429239,1,0,0.6245422959327698
video_632,1,0.7218523621559143,0.9536685347557068,train,True,human,2,E:\m-hvc\datasets\old-dataset\frames_unique\video_632,0.9905303120613098,0.0024413573555648327,0.005293297115713358,0.0017350036650896072,1,0,0.7218523621559143
video_633,0,0.011569839902222157,-4.447716236114502,train,True,human,0,E:\m-hvc\datasets\old-dataset\frames_unique\video_633,0.9964572787284851,0.0007275043753907084,0.0022620882373303175,0.0005530900089070201,0,0,0.9884301600977778
video_634,0,0.7652533650398254,1.1816999912261963,val,False,missing,0,E:\m-hvc\datasets\old-dataset\frames_unique\video_634,0.6411736607551575,0.05174867436289787,0.24970005452632904,0.05737759545445442,1,0,0.7652533650398254
video_635,0,0.015677064657211304,-4.1397552490234375,train,True,human,0,E:\m-hvc\datasets\old-dataset\frames_unique\video_635,0.9961530566215515,0.0008067304734140635,0.00240201223641634,0.0006382383871823549,0,0,0.9843229353427887
video_636,1,0.9675581455230713,3.3953261375427246,train,True,human,2,E:\m-hvc\datasets\old-dataset\frames_unique\video_636,0.02481810189783573,0.015271292999386787,0.9231831431388855,0.03672746196389198,1,2,0.9675581455230713
video_637,0,0.8661251068115234,1.867124080657959,val,True,human,0,E:\m-hvc\datasets\old-dataset\frames_unique\video_637,0.9730693697929382,0.006806781981140375,0.01359875313937664,0.006525070406496525,1,0,0.8661251068115234
video_638,0,0.010403992608189583,-4.555107116699219,train,True,human,0,E:\m-hvc\datasets\old-dataset\frames_unique\video_638,0.9967633485794067,0.0007207203307189047,0.0019713875371962786,0.000544500071555376,0,0,0.9895960073918104
video_639,0,0.20695234835147858,-1.3433947563171387,val,True,human,0,E:\m-hvc\datasets\old-dataset\frames_unique\video_639,0.9972724318504333,0.0006479983567260206,0.0016513577429577708,0.00042822156683541834,0,0,0.7930476516485214
video_64,1,0.9686604142189026,3.4310312271118164,test,True,asr,2,E:\m-hvc\datasets\old-dataset\frames_unique\video_64,0.049899760633707047,0.033507995307445526,0.8267239332199097,0.08986838907003403,1,2,0.9686604142189026
video_640,1,0.839694619178772,1.655957579612732,val,True,human,2,E:\m-hvc\datasets\old-dataset\frames_unique\video_640,0.9805958271026611,0.005321079865098,0.009514027275145054,0.004569028504192829,1,0,0.839694619178772
video_641,0,0.29308223724365234,-0.8804610967636108,test,True,human,0,E:\m-hvc\datasets\old-dataset\frames_unique\video_641,0.9956821203231812,0.0013487407704815269,0.0021184792276471853,0.0008506864542141557,0,0,0.7069177627563477
video_642,0,0.023630166426301003,-3.7213172912597656,train,True,human,0,E:\m-hvc\datasets\old-dataset\frames_unique\video_642,0.9975948929786682,0.0005540737183764577,0.0014803656376898289,0.0003706339339260012,0,0,0.976369833573699
video_643,0,0.018068037927150726,-3.995377540588379,train,True,human,0,E:\m-hvc\datasets\old-dataset\frames_unique\video_643,0.9479158520698547,0.004627506714314222,0.043060146272182465,0.004396439529955387,0,0,0.9819319620728493
video_66,1,0.9664674401283264,3.361130475997925,val,True,human,2,E:\m-hvc\datasets\old-dataset\frames_unique\video_66,0.4448535144329071,0.16926610469818115,0.24756821990013123,0.13831214606761932,1,0,0.9664674401283264
video_67,1,0.8661168217658997,1.8670520782470703,val,True,asr,2,E:\m-hvc\datasets\old-dataset\frames_unique\video_67,0.9809606075286865,0.004571722354739904,0.010531759820878506,0.00393583532422781,1,0,0.8661168217658997
video_7,0,0.217998668551445,-1.2773674726486206,train,True,human,0,E:\m-hvc\datasets\old-dataset\frames_unique\video_7,0.05245880037546158,0.010860136710107327,0.9195627570152283,0.017118241637945175,0,2,0.782001331448555
video_70,1,0.9813627004623413,3.963778018951416,test,False,missing,2,E:\m-hvc\datasets\old-dataset\frames_unique\video_70,0.29963693022727966,0.11599281430244446,0.34414994716644287,0.24022027850151062,1,2,0.9813627004623413
video_71,0,0.018693214282393456,-3.9607245922088623,train,True,human,0,E:\m-hvc\datasets\old-dataset\frames_unique\video_71,0.9970999956130981,0.0006022025481797755,0.0018265501130372286,0.00047129607992246747,0,0,0.9813067857176065
video_72,1,0.8544239401817322,1.7697290182113647,train,True,asr,2,E:\m-hvc\datasets\old-dataset\frames_unique\video_72,0.9783350825309753,0.005618657451122999,0.010782720521092415,0.005263566970825195,1,0,0.8544239401817322
video_73,1,0.982174813747406,4.009158134460449,val,False,missing,2,E:\m-hvc\datasets\old-dataset\frames_unique\video_73,0.3168540596961975,0.10879480838775635,0.3539327085018158,0.22041840851306915,1,2,0.982174813747406
video_74,1,0.940700888633728,2.764031410217285,train,True,asr,2,E:\m-hvc\datasets\old-dataset\frames_unique\video_74,0.9362095594406128,0.014808719977736473,0.03212343156337738,0.016858257353305817,1,0,0.940700888633728
video_75,1,0.8065841197967529,1.4279654026031494,val,True,human,1,E:\m-hvc\datasets\old-dataset\frames_unique\video_75,0.46656593680381775,0.15999799966812134,0.32243970036506653,0.050996340811252594,1,0,0.8065841197967529
video_76,1,0.9812801480293274,3.9592738151550293,train,False,missing,2,E:\m-hvc\datasets\old-dataset\frames_unique\video_76,0.32396015524864197,0.12199029326438904,0.33474990725517273,0.21929961442947388,1,2,0.9812801480293274
video_77,1,0.9076488614082336,2.285259246826172,val,True,asr,2,E:\m-hvc\datasets\old-dataset\frames_unique\video_77,0.9639998078346252,0.008939102292060852,0.01891234889626503,0.008148729801177979,1,0,0.9076488614082336
video_78,1,0.9804974794387817,3.917513847351074,train,False,missing,2,E:\m-hvc\datasets\old-dataset\frames_unique\video_78,0.3349378705024719,0.11495880782604218,0.3403359651565552,0.20976734161376953,1,2,0.9804974794387817
video_79,1,0.9092759490013123,2.304826498031616,train,True,human,2,E:\m-hvc\datasets\old-dataset\frames_unique\video_79,0.9175781011581421,0.01477192621678114,0.05427861586213112,0.01337133627384901,1,0,0.9092759490013123
video_8,1,0.9358820915222168,2.6807668209075928,train,False,missing,2,E:\m-hvc\datasets\old-dataset\frames_unique\video_8,0.4783537685871124,0.08684759587049484,0.3176550567150116,0.11714351177215576,1,0,0.9358820915222168
video_80,1,0.7814797163009644,1.2743102312088013,train,True,human,2,E:\m-hvc\datasets\old-dataset\frames_unique\video_80,0.9819319248199463,0.004758657421916723,0.010033098980784416,0.003276372794061899,1,0,0.7814797163009644
video_81,0,0.1783614456653595,-1.5274884700775146,train,True,asr,0,E:\m-hvc\datasets\old-dataset\frames_unique\video_81,0.0914069414138794,0.012473887763917446,0.8785659074783325,0.017553262412548065,0,2,0.8216385543346405
video_82,1,0.980588972568512,3.9223124980926514,test,False,missing,2,E:\m-hvc\datasets\old-dataset\frames_unique\video_82,0.25134578347206116,0.13521917164325714,0.3421374559402466,0.2712976336479187,1,2,0.980588972568512
video_83,0,0.011168759316205978,-4.483403205871582,train,True,human,0,E:\m-hvc\datasets\old-dataset\frames_unique\video_83,0.9951240420341492,0.0012785805156454444,0.002709578024223447,0.0008878290536813438,0,0,0.988831240683794
video_84,1,0.9829315543174744,4.053304672241211,train,False,missing,2,E:\m-hvc\datasets\old-dataset\frames_unique\video_84,0.2821556031703949,0.11955686658620834,0.35407233238220215,0.2442152351140976,1,2,0.9829315543174744
video_85,1,0.9792197942733765,3.8527565002441406,train,False,missing,2,E:\m-hvc\datasets\old-dataset\frames_unique\video_85,0.2316264808177948,0.1371496021747589,0.3611467480659485,0.2700771391391754,1,2,0.9792197942733765
video_87,1,0.9120876789093018,2.3393959999084473,test,False,missing,2,E:\m-hvc\datasets\old-dataset\frames_unique\video_87,0.4714029133319855,0.09209098666906357,0.33298957347869873,0.10351650416851044,1,0,0.9120876789093018
video_88,0,0.555847704410553,0.22432701289653778,train,True,human,0,E:\m-hvc\datasets\old-dataset\frames_unique\video_88,0.9942753911018372,0.0014603545423597097,0.003288086038082838,0.000976238981820643,1,0,0.555847704410553
video_89,1,0.5173251628875732,0.06932860612869263,train,False,missing,2,E:\m-hvc\datasets\old-dataset\frames_unique\video_89,0.6875653266906738,0.050293587148189545,0.21119807660579681,0.050943005830049515,1,0,0.5173251628875732
video_90,1,0.04461541771888733,-3.0640344619750977,train,True,asr,2,E:\m-hvc\datasets\old-dataset\frames_unique\video_90,0.9970851540565491,0.0006207320839166641,0.0018602844793349504,0.00043384943273849785,0,0,0.9553845822811127
video_91,1,0.9380348324775696,2.717214584350586,train,True,human,2,E:\m-hvc\datasets\old-dataset\frames_unique\video_91,0.9248502254486084,0.021439021453261375,0.033277932554483414,0.020432772114872932,1,0,0.9380348324775696
video_92,1,0.3523555099964142,-0.6087013483047485,train,True,asr,2,E:\m-hvc\datasets\old-dataset\frames_unique\video_92,0.9954695701599121,0.001070020254701376,0.00268274056725204,0.0007776920101605356,1,0,0.6476444900035858
video_93,1,0.5946383476257324,0.3831738233566284,train,True,human,2,E:\m-hvc\datasets\old-dataset\frames_unique\video_93,0.9784100651741028,0.003590618260204792,0.015597164630889893,0.002402144018560648,1,0,0.5946383476257324
video_94,1,0.9832472205162048,4.072298526763916,train,False,missing,2,E:\m-hvc\datasets\old-dataset\frames_unique\video_94,0.2920539379119873,0.12430375814437866,0.34896326065063477,0.23467907309532166,1,2,0.9832472205162048
video_95,1,0.9612920880317688,3.2122344970703125,train,False,missing,2,E:\m-hvc\datasets\old-dataset\frames_unique\video_95,0.4374783933162689,0.09519609063863754,0.33157795667648315,0.1357475072145462,1,0,0.9612920880317688
video_96,1,0.9335495233535767,2.6425368785858154,train,True,asr,2,E:\m-hvc\datasets\old-dataset\frames_unique\video_96,0.9412369728088379,0.014213595539331436,0.03035501018166542,0.014194367453455925,1,0,0.9335495233535767
video_97,1,0.9503635168075562,2.952117919921875,train,True,human,2,E:\m-hvc\datasets\old-dataset\frames_unique\video_97,0.7713878154754639,0.06008702516555786,0.11051975935697556,0.058005351573228836,1,0,0.9503635168075562
video_98,1,0.981819748878479,3.989070415496826,val,False,missing,2,E:\m-hvc\datasets\old-dataset\frames_unique\video_98,0.31885144114494324,0.11873874068260193,0.3245513141155243,0.23785853385925293,1,2,0.981819748878479
