source_video_id,label,prob_hate,binary_logit,split,has_text,transcript_source,severity_target,frame_dir,severity_prob_0,severity_prob_1,severity_prob_2,severity_prob_3,pred_binary,pred_severity,confidence
BV117421N7HM,1,0.20339356362819672,-1.365217924118042,train,False,missing,2,E:\m-hvc\datasets\old-dataset\frames_unique\BV117421N7HM,0.7795921564102173,0.005968746729195118,0.20899875462055206,0.005440367851406336,0,0,0.7966064363718033
BV1184y1Y7he,0,0.031002970412373543,-3.44217848777771,train,True,asr,0,E:\m-hvc\datasets\old-dataset\frames_unique\BV1184y1Y7he,0.988744854927063,0.00025006974465213716,0.010790461674332619,0.0002147172053810209,0,0,0.9689970295876265
BV11B4y1E7WW,0,0.008249050006270409,-4.789373874664307,train,True,asr,0,E:\m-hvc\datasets\old-dataset\frames_unique\BV11B4y1E7WW,0.9903510212898254,0.0007146893185563385,0.008286434225738049,0.0006478375871665776,0,0,0.9917509499937296
BV11K4y1R733,1,0.012895927764475346,-4.337863922119141,train,True,asr,2,E:\m-hvc\datasets\old-dataset\frames_unique\BV11K4y1R733,0.992197573184967,0.0004438143514562398,0.007006606552749872,0.0003519672609400004,0,0,0.9871040722355247
BV11N411v7pX,0,0.01285204291343689,-4.341317176818848,train,True,asr,0,E:\m-hvc\datasets\old-dataset\frames_unique\BV11N411v7pX,0.9886699914932251,0.000540605338755995,0.010309656150639057,0.00047974244807846844,0,0,0.9871479570865631
BV11P411x729,0,0.018719853833317757,-3.959273338317871,train,True,asr,0,E:\m-hvc\datasets\old-dataset\frames_unique\BV11P411x729,0.9632543325424194,0.001117031672038138,0.03434322029352188,0.0012854400556534529,0,0,0.9812801461666822
BV11S4y1X7Qc,1,0.008881288580596447,-4.714887619018555,test,True,asr,2,E:\m-hvc\datasets\old-dataset\frames_unique\BV11S4y1X7Qc,0.9926890730857849,0.0004189083119854331,0.006547209806740284,0.00034481092006899416,0,0,0.9911187114194036
BV11S4y1n72U,0,0.007859598845243454,-4.838129043579102,train,True,asr,0,E:\m-hvc\datasets\old-dataset\frames_unique\BV11S4y1n72U,0.9909913539886475,0.0006913304096087813,0.007736591622233391,0.0005807320703752339,0,0,0.9921404011547565
BV11T411x7HG,1,0.09059397876262665,-2.306403875350952,train,True,asr,2,E:\m-hvc\datasets\old-dataset\frames_unique\BV11T411x7HG,0.9260355830192566,0.0010362735483795404,0.07175009697675705,0.0011781329521909356,0,0,0.9094060212373734
BV11V411o7aP,0,0.06625872850418091,-2.645632266998291,val,True,asr,0,E:\m-hvc\datasets\old-dataset\frames_unique\BV11V411o7aP,0.9770435690879822,0.00041117926593869925,0.02225980907678604,0.00028542542713694274,0,0,0.9337412714958191
BV11V411t797,0,0.0189835112541914,-3.9450185298919678,train,True,asr,0,E:\m-hvc\datasets\old-dataset\frames_unique\BV11V411t797,0.9745395183563232,0.0015508795622736216,0.022480394691228867,0.0014292093692347407,0,0,0.9810164887458086
BV11W4y1J7DA,0,0.045014623552560806,-3.05470871925354,val,True,asr,0,E:\m-hvc\datasets\old-dataset\frames_unique\BV11W4y1J7DA,0.9830465912818909,0.0004948357818648219,0.016112254932522774,0.00034629745641723275,0,0,0.9549853764474392
BV11a4y1w7oT,0,0.020865868777036667,-3.8485538959503174,train,False,missing,0,E:\m-hvc\datasets\old-dataset\frames_unique\BV11a4y1w7oT,0.9437042474746704,0.008710396476089954,0.03919127956032753,0.00839406717568636,0,0,0.9791341312229633
BV11g4y1F7kn,0,0.019033821299672127,-3.9423205852508545,train,True,asr,0,E:\m-hvc\datasets\old-dataset\frames_unique\BV11g4y1F7kn,0.9728551506996155,0.0024376248475164175,0.021507475525140762,0.003199679544195533,0,0,0.9809661787003279
BV11j411R76r,0,0.013204232789576054,-4.313925743103027,train,True,asr,0,E:\m-hvc\datasets\old-dataset\frames_unique\BV11j411R76r,0.9878451228141785,0.0005877774674445391,0.01106242835521698,0.0005046323640272021,0,0,0.986795767210424
BV11m4y1C7CJ,0,0.02774127945303917,-3.5567004680633545,test,True,asr,0,E:\m-hvc\datasets\old-dataset\frames_unique\BV11m4y1C7CJ,0.9486454725265503,0.0028927496168762445,0.04585621878504753,0.002605586079880595,0,0,0.9722587205469608
BV11o4y187gX,0,0.010545313358306885,-4.541472434997559,train,True,asr,0,E:\m-hvc\datasets\old-dataset\frames_unique\BV11o4y187gX,0.9830279350280762,0.0012778212549164891,0.014557169750332832,0.0011370375286787748,0,0,0.9894546866416931
BV11u411G7Na,0,0.01986444555222988,-3.898759365081787,train,True,asr,0,E:\m-hvc\datasets\old-dataset\frames_unique\BV11u411G7Na,0.9514642357826233,0.0020099561661481857,0.04420921206474304,0.0023166087921708822,0,0,0.9801355544477701
BV11u4m1w73c,0,0.2399994283914566,-1.1526825428009033,train,False,missing,0,E:\m-hvc\datasets\old-dataset\frames_unique\BV11u4m1w73c,0.7881383895874023,0.00685860775411129,0.19834163784980774,0.0066613019444048405,0,0,0.7600005716085434
BV11v411t7vP,0,0.036947451531887054,-3.2606112957000732,train,True,asr,0,E:\m-hvc\datasets\old-dataset\frames_unique\BV11v411t7vP,0.9548773765563965,0.0010458226315677166,0.04274289309978485,0.001333900261670351,0,0,0.963052548468113
BV1214y1279y,0,0.15228153765201569,-1.7168176174163818,test,True,asr,0,E:\m-hvc\datasets\old-dataset\frames_unique\BV1214y1279y,0.8985148072242737,0.0010856196749955416,0.09929995238780975,0.0010996294440701604,0,0,0.8477184623479843
BV12B4y1J7FM,1,0.4552171230316162,-0.17961278557777405,train,True,asr,2,E:\m-hvc\datasets\old-dataset\frames_unique\BV12B4y1J7FM,0.8736878037452698,0.003441567299887538,0.12024892121553421,0.0026216108817607164,1,0,0.5447828769683838
BV12B4y1x7eK,1,0.013711951673030853,-4.2756805419921875,train,True,asr,2,E:\m-hvc\datasets\old-dataset\frames_unique\BV12B4y1x7eK,0.9906566143035889,0.0003250248555559665,0.00873819924890995,0.000280054344329983,0,0,0.9862880483269691
BV12C4y1m7ic,0,0.010705518536269665,-4.526232719421387,test,True,asr,0,E:\m-hvc\datasets\old-dataset\frames_unique\BV12C4y1m7ic,0.9847047328948975,0.001074118190445006,0.013263843022286892,0.0009574100258760154,0,0,0.9892944814637303
BV12G4y1S7mN,1,0.4463925063610077,-0.21525734663009644,train,True,asr,2,E:\m-hvc\datasets\old-dataset\frames_unique\BV12G4y1S7mN,0.575439989566803,0.0020279984455555677,0.41876521706581116,0.0037667513824999332,1,0,0.5536074936389923
BV12M4y1t7RL,1,0.9038258194923401,2.240475654602051,train,True,asr,2,E:\m-hvc\datasets\old-dataset\frames_unique\BV12M4y1t7RL,0.4767342507839203,0.004841891583055258,0.5129966735839844,0.005427204072475433,1,2,0.9038258194923401
BV12R4y1w7Xq,0,0.014896782115101814,-4.191601276397705,train,True,asr,0,E:\m-hvc\datasets\old-dataset\frames_unique\BV12R4y1w7Xq,0.9816673994064331,0.0009723442490212619,0.016552411019802094,0.0008078283863142133,0,0,0.9851032178848982
BV12V411N7ti,1,0.9555620551109314,3.0682058334350586,val,False,missing,2,E:\m-hvc\datasets\old-dataset\frames_unique\BV12V411N7ti,0.11495479941368103,0.021691687405109406,0.8284333348274231,0.03492027893662453,1,2,0.9555620551109314
BV12V4y1g7pd,0,0.292513370513916,-0.8832083940505981,val,True,asr,0,E:\m-hvc\datasets\old-dataset\frames_unique\BV12V4y1g7pd,0.8577275276184082,0.0015075244009494781,0.13967591524124146,0.0010889825643971562,0,0,0.707486629486084
BV12j411q7UR,1,0.9644286632537842,3.299995183944702,train,True,asr,2,E:\m-hvc\datasets\old-dataset\frames_unique\BV12j411q7UR,0.12987388670444489,0.014987421222031116,0.8310467004776001,0.02409200370311737,1,2,0.9644286632537842
BV12s4y1M7rX,0,0.017255492508411407,-4.0422186851501465,test,True,asr,0,E:\m-hvc\datasets\old-dataset\frames_unique\BV12s4y1M7rX,0.9821956753730774,0.0006825412856414914,0.016436802223324776,0.0006850320496596396,0,0,0.9827445074915886
BV12u4y1c7B8,0,0.010597193613648415,-4.53651237487793,val,True,asr,0,E:\m-hvc\datasets\old-dataset\frames_unique\BV12u4y1c7B8,0.9848281741142273,0.0010571252787485719,0.013164620846509933,0.0009500594460405409,0,0,0.9894028063863516
BV12v411g72s,0,0.009955341927707195,-4.599640846252441,val,True,asr,0,E:\m-hvc\datasets\old-dataset\frames_unique\BV12v411g72s,0.9907572865486145,0.0005169744254089892,0.008242923766374588,0.00048278813483193517,0,0,0.9900446580722928
BV12x411e7uK,0,0.06492255628108978,-2.6674342155456543,train,True,asr,0,E:\m-hvc\datasets\old-dataset\frames_unique\BV12x411e7uK,0.9614567160606384,0.0005378149216994643,0.03742877021431923,0.0005767226684838533,0,0,0.9350774437189102
BV12z411b7mg,0,0.13727730512619019,-1.838090181350708,train,True,asr,0,E:\m-hvc\datasets\old-dataset\frames_unique\BV12z411b7mg,0.7485890984535217,0.002829199191182852,0.24483731389045715,0.003744432469829917,0,0,0.8627226948738098
BV1324y1L7jj,0,0.009534185752272606,-4.643291473388672,train,True,asr,0,E:\m-hvc\datasets\old-dataset\frames_unique\BV1324y1L7jj,0.9867461323738098,0.0010167976142838597,0.011327279731631279,0.0009098713635466993,0,0,0.9904658142477274
BV133411N7Lz,0,0.024163957685232162,-3.698432445526123,train,False,missing,0,E:\m-hvc\datasets\old-dataset\frames_unique\BV133411N7Lz,0.9320018887519836,0.010690081864595413,0.046281807124614716,0.011026171036064625,0,0,0.9758360423147678
BV1354y1G7Td,0,0.016187768429517746,-4.107179164886475,train,True,asr,0,E:\m-hvc\datasets\old-dataset\frames_unique\BV1354y1G7Td,0.9699596762657166,0.0015888256020843983,0.02671702578663826,0.0017343935323879123,0,0,0.9838122315704823
BV13C4y197kf,0,0.01897713914513588,-3.9453606605529785,val,True,asr,0,E:\m-hvc\datasets\old-dataset\frames_unique\BV13C4y197kf,0.9789876937866211,0.0008827840792946517,0.019338218495249748,0.0007912097498774529,0,0,0.9810228608548641
BV13K4y1B7rQ,0,0.32906681299209595,-0.7124087810516357,train,True,asr,0,E:\m-hvc\datasets\old-dataset\frames_unique\BV13K4y1B7rQ,0.8328506946563721,0.001594875706359744,0.1635260283946991,0.0020283376798033714,1,0,0.670933187007904
BV13K4y1x7bQ,1,0.6117605566978455,0.45471861958503723,train,False,missing,2,E:\m-hvc\datasets\old-dataset\frames_unique\BV13K4y1x7bQ,0.46784040331840515,0.01838357001543045,0.4933909475803375,0.020385058596730232,1,2,0.6117605566978455
BV13Q4y1F7Ct,0,0.02024432271718979,-3.8794288635253906,train,True,asr,0,E:\m-hvc\datasets\old-dataset\frames_unique\BV13Q4y1F7Ct,0.9755081534385681,0.0007351028616540134,0.022899292409420013,0.0008574664825573564,0,0,0.9797556772828102
BV13Q4y1y7UW,0,0.8067050576210022,1.428741216659546,train,True,asr,0,E:\m-hvc\datasets\old-dataset\frames_unique\BV13Q4y1y7UW,0.5283011198043823,0.003084869822487235,0.4643470346927643,0.004266907460987568,1,0,0.8067050576210022
BV13V411Q7zg,0,0.06955285370349884,-2.593578338623047,test,True,asr,0,E:\m-hvc\datasets\old-dataset\frames_unique\BV13V411Q7zg,0.969743013381958,0.0006305747083388269,0.02917245775461197,0.00045391920139081776,0,0,0.9304471462965012
BV13c411j7Q2,0,0.016468584537506104,-4.089694976806641,train,True,asr,0,E:\m-hvc\datasets\old-dataset\frames_unique\BV13c411j7Q2,0.9823408126831055,0.0007014967850409448,0.01625371351838112,0.0007039878983050585,0,0,0.9835314154624939
BV13g411w7Dr,1,0.9439523220062256,2.82387375831604,train,True,asr,2,E:\m-hvc\datasets\old-dataset\frames_unique\BV13g411w7Dr,0.2700832486152649,0.009139868430793285,0.7006210088729858,0.02015591785311699,1,2,0.9439523220062256
BV13i4y1U7Ac,0,0.806879460811615,1.4298601150512695,val,True,asr,0,E:\m-hvc\datasets\old-dataset\frames_unique\BV13i4y1U7Ac,0.2462979108095169,0.003257145406678319,0.7429036498069763,0.007541241589933634,1,2,0.806879460811615
BV13j411R79M,0,0.009200576692819595,-4.679245948791504,test,True,asr,0,E:\m-hvc\datasets\old-dataset\frames_unique\BV13j411R79M,0.9916692972183228,0.0007464222144335508,0.006949966307729483,0.0006343157729133964,0,0,0.9907994233071804
BV13u411N7dP,1,0.9058348536491394,2.2638072967529297,train,True,asr,2,E:\m-hvc\datasets\old-dataset\frames_unique\BV13u411N7dP,0.08344190567731857,0.0028983084484934807,0.9061353802680969,0.007524450775235891,1,2,0.9058348536491394
BV13y4y1J7ZU,0,0.011689736507833004,-4.437285423278809,train,True,asr,0,E:\m-hvc\datasets\old-dataset\frames_unique\BV13y4y1J7ZU,0.991263747215271,0.0005359047208912671,0.007832411676645279,0.00036798277869820595,0,0,0.988310263492167
BV13z4y197Mb,0,0.009081149473786354,-4.692431926727295,train,True,asr,0,E:\m-hvc\datasets\old-dataset\frames_unique\BV13z4y197Mb,0.9920572638511658,0.0004996449570171535,0.007033658679574728,0.000409380707424134,0,0,0.9909188505262136
BV13z4y1x7CP,1,0.012812592089176178,-4.344431400299072,train,True,asr,2,E:\m-hvc\datasets\old-dataset\frames_unique\BV13z4y1x7CP,0.9883899688720703,0.0008579237619414926,0.010001051239669323,0.0007511561852879822,0,0,0.9871874079108238
BV1414y1G7xq,0,0.09743663668632507,-2.226036548614502,test,False,missing,0,E:\m-hvc\datasets\old-dataset\frames_unique\BV1414y1G7xq,0.8554009199142456,0.00742256548255682,0.1306760013103485,0.0065005188807845116,0,0,0.9025633633136749
BV1424y1S7KV,0,0.9279685020446777,2.555894374847412,val,False,missing,0,E:\m-hvc\datasets\old-dataset\frames_unique\BV1424y1S7KV,0.21525679528713226,0.01219077780842781,0.7594454884529114,0.013106957077980042,1,2,0.9279685020446777
BV144411K7on,0,0.1303911954164505,-1.8975043296813965,train,False,missing,0,E:\m-hvc\datasets\old-dataset\frames_unique\BV144411K7on,0.7909884452819824,0.02061118371784687,0.16934050619602203,0.019059788435697556,0,0,0.8696088045835495
BV144421w742,0,0.7311576008796692,1.0005037784576416,train,True,asr,0,E:\m-hvc\datasets\old-dataset\frames_unique\BV144421w742,0.7078521251678467,0.0026228982023894787,0.28744736313819885,0.0020776030141860247,1,0,0.7311576008796692
BV1454y1w795,0,0.020307939499616623,-3.8762264251708984,train,True,asr,0,E:\m-hvc\datasets\old-dataset\frames_unique\BV1454y1w795,0.9560048580169678,0.0015739314258098602,0.04055944085121155,0.0018617097521200776,0,0,0.9796920605003834
BV148411M7Gb,0,0.019311191514134407,-3.927570343017578,train,True,asr,0,E:\m-hvc\datasets\old-dataset\frames_unique\BV148411M7Gb,0.9565783739089966,0.001772577641531825,0.03977998346090317,0.0018690380966290832,0,0,0.9806888084858656
BV1494y1F7Vz,0,0.009249475784599781,-4.673895835876465,test,True,asr,0,E:\m-hvc\datasets\old-dataset\frames_unique\BV1494y1F7Vz,0.9912039041519165,0.0006208062404766679,0.0076669673435389996,0.0005083544529043138,0,0,0.9907505242154002
BV14C4y1G7Ey,1,0.8392772674560547,1.6528600454330444,train,True,asr,2,E:\m-hvc\datasets\old-dataset\frames_unique\BV14C4y1G7Ey,0.5423370003700256,0.01467858999967575,0.42800280451774597,0.014981651678681374,1,0,0.8392772674560547
BV14E411b7oC,0,0.009983137249946594,-4.596824645996094,test,True,asr,0,E:\m-hvc\datasets\old-dataset\frames_unique\BV14E411b7oC,0.9898403286933899,0.0007183948764577508,0.008804338052868843,0.0006368773174472153,0,0,0.9900168627500534
BV14F411a7PJ,0,0.03031180426478386,-3.465437412261963,train,True,asr,0,E:\m-hvc\datasets\old-dataset\frames_unique\BV14F411a7PJ,0.9870635271072388,0.00028758664848282933,0.012409085407853127,0.00023977327509783208,0,0,0.9696881957352161
BV14K411t7QQ,0,0.01565641537308693,-4.141094207763672,train,True,asr,0,E:\m-hvc\datasets\old-dataset\frames_unique\BV14K411t7QQ,0.9884781241416931,0.00041392684215679765,0.010783268138766289,0.0003246489504817873,0,0,0.9843435846269131
BV14R4y1v7WF,0,0.021832257509231567,-3.802292585372925,test,True,asr,0,E:\m-hvc\datasets\old-dataset\frames_unique\BV14R4y1v7WF,0.966303825378418,0.00139466708060354,0.030537448823451996,0.001764032756909728,0,0,0.9781677424907684
BV14u411Y7V1,1,0.8435516953468323,1.6848957538604736,train,True,asr,2,E:\m-hvc\datasets\old-dataset\frames_unique\BV14u411Y7V1,0.20369978249073029,0.0032617002725601196,0.7865335941314697,0.006504915654659271,1,2,0.8435516953468323
BV14u4y1H7sA,0,0.011939112097024918,-4.415924549102783,train,True,asr,0,E:\m-hvc\datasets\old-dataset\frames_unique\BV14u4y1H7sA,0.9807577133178711,0.0013518413761630654,0.01664014719426632,0.0012503794860094786,0,0,0.9880608879029751
BV14x4y187MJ,0,0.009198238141834736,-4.679502487182617,train,True,asr,0,E:\m-hvc\datasets\old-dataset\frames_unique\BV14x4y187MJ,0.9895793795585632,0.0007000154000706971,0.009036782197654247,0.000683802121784538,0,0,0.9908017618581653
BV14x4y1X7FG,0,0.11769187450408936,-2.0144712924957275,val,True,asr,0,E:\m-hvc\datasets\old-dataset\frames_unique\BV14x4y1X7FG,0.9188991189002991,0.001041930983774364,0.07913905382156372,0.0009199630003422499,0,0,0.8823081254959106
BV153411W7zg,0,0.014042016118764877,-4.251559734344482,val,True,asr,0,E:\m-hvc\datasets\old-dataset\frames_unique\BV153411W7zg,0.9883920550346375,0.0004656318633351475,0.010768420062959194,0.0003739211242645979,0,0,0.9859579838812351
BV1554y1z76C,0,0.13848142325878143,-1.8279603719711304,val,True,asr,0,E:\m-hvc\datasets\old-dataset\frames_unique\BV1554y1z76C,0.5331916809082031,0.36960065364837646,0.0570574626326561,0.040150195360183716,0,0,0.8615185767412186
BV1564y1M7Z6,1,0.014443549327552319,-4.222958564758301,val,True,asr,2,E:\m-hvc\datasets\old-dataset\frames_unique\BV1564y1M7Z6,0.9901548624038696,0.0004821215115953237,0.00896456092596054,0.00039838027441874146,0,0,0.9855564506724477
BV158411i7rQ,1,0.22549642622470856,-1.2339179515838623,train,True,asr,2,E:\m-hvc\datasets\old-dataset\frames_unique\BV158411i7rQ,0.7595281004905701,0.0011605434119701385,0.23810477554798126,0.001206583809107542,0,0,0.7745035737752914
BV15B4y1Q7JM,0,0.010324823670089245,-4.562825679779053,train,True,asr,0,E:\m-hvc\datasets\old-dataset\frames_unique\BV15B4y1Q7JM,0.9858373999595642,0.0010740746511146426,0.012148057110607624,0.0009405081509612501,0,0,0.9896751763299108
BV15E411a7Jd,1,0.9515802264213562,2.9782159328460693,train,False,missing,2,E:\m-hvc\datasets\old-dataset\frames_unique\BV15E411a7Jd,0.11718813329935074,0.027109496295452118,0.8057160377502441,0.04998631775379181,1,2,0.9515802264213562
BV15F411z7tS,0,0.00974882859736681,-4.620811462402344,train,True,asr,0,E:\m-hvc\datasets\old-dataset\frames_unique\BV15F411z7tS,0.9919624924659729,0.00042706512613222003,0.0072663514874875546,0.0003441394947003573,0,0,0.9902511714026332
BV15M411A7xj,0,0.00910250749439001,-4.690061092376709,train,True,asr,0,E:\m-hvc\datasets\old-dataset\frames_unique\BV15M411A7xj,0.9910385608673096,0.0006245113327167928,0.007769264280796051,0.0005676646833308041,0,0,0.99089749250561
BV15P4y1J7xG,0,0.032590001821517944,-3.3906168937683105,train,True,asr,0,E:\m-hvc\datasets\old-dataset\frames_unique\BV15P4y1J7xG,0.9826379418373108,0.0007279624114744365,0.016164297237992287,0.00046981521882116795,0,0,0.9674099981784821
BV15U4y1p7jY,1,0.7981299757957458,1.374647617340088,train,True,asr,2,E:\m-hvc\datasets\old-dataset\frames_unique\BV15U4y1p7jY,0.35908690094947815,0.004054003860801458,0.6317809224128723,0.005078124348074198,1,2,0.7981299757957458
BV15V411A7TH,1,0.7713270783424377,1.2158197164535522,train,True,asr,2,E:\m-hvc\datasets\old-dataset\frames_unique\BV15V411A7TH,0.6896877884864807,0.0025439406745135784,0.30550616979599,0.0022620309609919786,1,0,0.7713270783424377
BV15V4y1k7tZ,1,0.1317981779575348,-1.8851523399353027,train,True,asr,2,E:\m-hvc\datasets\old-dataset\frames_unique\BV15V4y1k7tZ,0.9344449043273926,0.0006877543055452406,0.06421271711587906,0.0006546829245053232,0,0,0.8682018220424652
BV15W411C7FT,1,0.846795380115509,1.7096846103668213,train,True,asr,2,E:\m-hvc\datasets\old-dataset\frames_unique\BV15W411C7FT,0.45074525475502014,0.0035351146943867207,0.5400012135505676,0.005718385335057974,1,2,0.846795380115509
BV15W4y1m7zy,0,0.02609405666589737,-3.6196072101593018,train,False,missing,0,E:\m-hvc\datasets\old-dataset\frames_unique\BV15W4y1m7zy,0.9312237501144409,0.00916568748652935,0.04980824887752533,0.009802393615245819,0,0,0.9739059433341026
BV15X4y1N74H,0,0.022530874237418175,-3.770080089569092,train,True,asr,0,E:\m-hvc\datasets\old-dataset\frames_unique\BV15X4y1N74H,0.9651961922645569,0.0008221479947678745,0.03306898847222328,0.0009126426302827895,0,0,0.9774691257625818
BV15c411477v,0,0.032264649868011475,-3.400986433029175,test,True,asr,0,E:\m-hvc\datasets\old-dataset\frames_unique\BV15c411477v,0.9430274367332458,0.0015407571336254478,0.05390728637576103,0.001524486462585628,0,0,0.9677353501319885
BV15h4y157Km,1,0.015110858716070652,-4.177115440368652,train,True,asr,2,E:\m-hvc\datasets\old-dataset\frames_unique\BV15h4y157Km,0.9748119711875916,0.001442696200683713,0.02218923531472683,0.0015561716863885522,0,0,0.9848891412839293
BV15o4y1t7gw,0,0.011305147781968117,-4.471127510070801,train,True,asr,0,E:\m-hvc\datasets\old-dataset\frames_unique\BV15o4y1t7gw,0.9917077422142029,0.000425581238232553,0.007506773807108402,0.0003598726761993021,0,0,0.9886948522180319
BV15p4y1L7we,0,0.009425469674170017,-4.654869556427002,train,True,asr,0,E:\m-hvc\datasets\old-dataset\frames_unique\BV15p4y1L7we,0.9868559241294861,0.0009440989815630019,0.011347014456987381,0.0008530464256182313,0,0,0.99057453032583
BV15w411B7fJ,0,0.00922517292201519,-4.676551342010498,test,True,asr,0,E:\m-hvc\datasets\old-dataset\frames_unique\BV15w411B7fJ,0.9901706576347351,0.0007931928266771138,0.00840877927839756,0.000627377419732511,0,0,0.9907748270779848
BV15w411U7DR,0,0.01581837795674801,-4.130638122558594,test,True,asr,0,E:\m-hvc\datasets\old-dataset\frames_unique\BV15w411U7DR,0.9630732536315918,0.001837396644987166,0.032987020909786224,0.002102332655340433,0,0,0.984181622043252
BV15w411w7ZS,0,0.011171707883477211,-4.483136177062988,train,True,asr,0,E:\m-hvc\datasets\old-dataset\frames_unique\BV15w411w7ZS,0.9824469089508057,0.0010282505536451936,0.015476598404347897,0.0010482410434633493,0,0,0.9888282921165228
BV165411474t,0,0.7026907205581665,0.8601438999176025,val,True,asr,0,E:\m-hvc\datasets\old-dataset\frames_unique\BV165411474t,0.7840160727500916,0.0021425026934593916,0.21171212196350098,0.0021292930468916893,1,0,0.7026907205581665
BV167411j7vS,0,0.11476492136716843,-2.0429673194885254,train,True,asr,0,E:\m-hvc\datasets\old-dataset\frames_unique\BV167411j7vS,0.9460767507553101,0.0007309106877073646,0.05243263021111488,0.0007597033400088549,0,0,0.8852350786328316
BV1694y1N7xU,0,0.16800197958946228,-1.5998542308807373,train,True,asr,0,E:\m-hvc\datasets\old-dataset\frames_unique\BV1694y1N7xU,0.8953512907028198,0.001205979147925973,0.1023189052939415,0.0011237976141273975,0,0,0.8319980204105377
BV16E411b7B6,1,0.9381425380706787,2.719069480895996,test,False,missing,2,E:\m-hvc\datasets\old-dataset\frames_unique\BV16E411b7B6,0.12984871864318848,0.025062741711735725,0.8039801716804504,0.041108377277851105,1,2,0.9381425380706787
BV16M4y1c7eo,0,0.09995773434638977,-2.1976943016052246,train,True,asr,0,E:\m-hvc\datasets\old-dataset\frames_unique\BV16M4y1c7eo,0.9682874083518982,0.000625222222879529,0.030587416142225266,0.0005000038654543459,0,0,0.9000422656536102
BV16N4y1q7WU,0,0.017189931124448776,-4.0460920333862305,train,True,asr,0,E:\m-hvc\datasets\old-dataset\frames_unique\BV16N4y1q7WU,0.9812418222427368,0.0007242858991958201,0.01739323139190674,0.0006406376487575471,0,0,0.9828100688755512
BV16U4y1m7Vb,0,0.009104636497795582,-4.689825057983398,train,True,asr,0,E:\m-hvc\datasets\old-dataset\frames_unique\BV16U4y1m7Vb,0.9918782711029053,0.0005440372624434531,0.0070839738473296165,0.0004937818739563227,0,0,0.9908953635022044
BV16W4y1b7r3,1,0.9620850086212158,3.2337570190429688,test,True,asr,2,E:\m-hvc\datasets\old-dataset\frames_unique\BV16W4y1b7r3,0.18047860264778137,0.008725802414119244,0.7903691530227661,0.020426519215106964,1,2,0.9620850086212158
BV16X4y1k7oJ,0,0.021665915846824646,-3.8101108074188232,train,True,asr,0,E:\m-hvc\datasets\old-dataset\frames_unique\BV16X4y1k7oJ,0.9666652679443359,0.000896467303391546,0.03162277862429619,0.0008154165698215365,0,0,0.9783340841531754
BV16Y411W7KG,0,0.011320466175675392,-4.469758033752441,test,True,asr,0,E:\m-hvc\datasets\old-dataset\frames_unique\BV16Y411W7KG,0.9912621974945068,0.00037717237137258053,0.00801493227481842,0.0003457044658716768,0,0,0.9886795338243246
BV16a4y1R7Cr,0,0.009771161712706089,-4.618500709533691,test,True,asr,0,E:\m-hvc\datasets\old-dataset\frames_unique\BV16a4y1R7Cr,0.9858343005180359,0.0011137399123981595,0.01204004604369402,0.0010118932696059346,0,0,0.9902288382872939
BV16g411H7Mr,1,0.2513311505317688,-1.0915254354476929,val,True,asr,2,E:\m-hvc\datasets\old-dataset\frames_unique\BV16g411H7Mr,0.9087955951690674,0.008789668790996075,0.07292133569717407,0.009493399411439896,0,0,0.7486688494682312
BV16o4y1X7BL,0,0.010423914529383183,-4.553174018859863,train,True,asr,0,E:\m-hvc\datasets\old-dataset\frames_unique\BV16o4y1X7BL,0.9919102787971497,0.0005368051351979375,0.007103063631802797,0.00044981343671679497,0,0,0.9895760854706168
BV16p4y1G7mk,1,0.7096685767173767,0.8937748074531555,train,True,asr,2,E:\m-hvc\datasets\old-dataset\frames_unique\BV16p4y1G7mk,0.32300591468811035,0.002603498287498951,0.6707205176353455,0.0036700612399727106,1,2,0.7096685767173767
BV16p4y1H7rh,1,0.22961246967315674,-1.210500717163086,train,True,asr,2,E:\m-hvc\datasets\old-dataset\frames_unique\BV16p4y1H7rh,0.9197043776512146,0.000979659496806562,0.07861848920583725,0.0006974826683290303,0,0,0.7703875303268433
BV16p4y1f7fi,1,0.009871831163764,-4.60814905166626,train,True,asr,2,E:\m-hvc\datasets\old-dataset\frames_unique\BV16p4y1f7fi,0.9897375702857971,0.0006519857561215758,0.009065825492143631,0.0005446638097055256,0,0,0.990128168836236
BV16q4y1J75z,0,0.014637457206845284,-4.209425926208496,train,True,asr,0,E:\m-hvc\datasets\old-dataset\frames_unique\BV16q4y1J75z,0.9920054078102112,0.00031581654911860824,0.0074179889634251595,0.000260813016211614,0,0,0.9853625427931547
BV16u4y1c7nA,0,0.012178067117929459,-4.3958659172058105,train,True,asr,0,E:\m-hvc\datasets\old-dataset\frames_unique\BV16u4y1c7nA,0.9786977171897888,0.00127794046420604,0.01872585341334343,0.0012985076755285263,0,0,0.9878219328820705
BV16v4y1j7xk,0,0.012684803456068039,-4.354584693908691,train,True,asr,0,E:\m-hvc\datasets\old-dataset\frames_unique\BV16v4y1j7xk,0.9849110841751099,0.0008077159291133285,0.013579683378338814,0.0007015258888714015,0,0,0.987315196543932
BV1724y1475b,0,0.019668007269501686,-3.908897876739502,train,True,asr,0,E:\m-hvc\datasets\old-dataset\frames_unique\BV1724y1475b,0.9871104955673218,0.00036280721542425454,0.01218812819570303,0.00033859111135825515,0,0,0.9803319927304983
BV17341127LR,1,0.8926213979721069,2.1178019046783447,train,True,asr,2,E:\m-hvc\datasets\old-dataset\frames_unique\BV17341127LR,0.5295158624649048,0.00872278306633234,0.4528273940086365,0.008933981880545616,1,0,0.8926213979721069
BV1754y1T79z,0,0.025630591437220573,-3.6380038261413574,train,True,asr,0,E:\m-hvc\datasets\old-dataset\frames_unique\BV1754y1T79z,0.9854656457901001,0.0004782716860063374,0.01372672338038683,0.0003293398185633123,0,0,0.9743694085627794
BV17B4y1d7g7,0,0.03002571128308773,-3.475215435028076,train,True,asr,0,E:\m-hvc\datasets\old-dataset\frames_unique\BV17B4y1d7g7,0.9865747094154358,0.0004649379407055676,0.012565068900585175,0.00039522393490187824,0,0,0.9699742887169123
BV17C4y127hS,0,0.02151523157954216,-3.817244052886963,train,False,missing,0,E:\m-hvc\datasets\old-dataset\frames_unique\BV17C4y127hS,0.9425665140151978,0.006081456784158945,0.04465772211551666,0.006694270763546228,0,0,0.9784847684204578
BV17K4y1r7Dt,1,0.25515198707580566,-1.0713207721710205,train,True,asr,2,E:\m-hvc\datasets\old-dataset\frames_unique\BV17K4y1r7Dt,0.9413003325462341,0.0009288386208936572,0.05702837184071541,0.0007424978539347649,0,0,0.7448480129241943
BV17N4y187LL,0,0.02920280396938324,-3.5038528442382812,train,True,asr,0,E:\m-hvc\datasets\old-dataset\frames_unique\BV17N4y187LL,0.8823353052139282,0.004045853391289711,0.10805292427539825,0.005565965082496405,0,0,0.9707971960306168
BV17N4y1q7qc,0,0.025455093011260033,-3.645054817199707,test,False,missing,0,E:\m-hvc\datasets\old-dataset\frames_unique\BV17N4y1q7qc,0.9489357471466064,0.006085162982344627,0.03877803683280945,0.006201120559126139,0,0,0.97454490698874
BV17Q4y1d7bR,1,0.8946667313575745,2.139321804046631,train,True,asr,2,E:\m-hvc\datasets\old-dataset\frames_unique\BV17Q4y1d7bR,0.5333740711212158,0.006591015495359898,0.45207861065864563,0.007956323213875294,1,0,0.8946667313575745
BV17T411x7jK,1,0.9780569672584534,3.797119379043579,train,False,missing,2,E:\m-hvc\datasets\old-dataset\frames_unique\BV17T411x7jK,0.08532840013504028,0.03202904760837555,0.8123273253440857,0.07031521201133728,1,2,0.9780569672584534
BV17a411q7Ei,0,0.018004968762397766,-3.99893856048584,train,True,asr,0,E:\m-hvc\datasets\old-dataset\frames_unique\BV17a411q7Ei,0.9590954184532166,0.0027995400596410036,0.03529411926865578,0.0028109352570027113,0,0,0.9819950312376022
BV17a4y1o75B,0,0.13186824321746826,-1.8845402002334595,train,True,asr,0,E:\m-hvc\datasets\old-dataset\frames_unique\BV17a4y1o75B,0.9502590894699097,0.000836498336866498,0.04817470535635948,0.0007296513649635017,0,0,0.8681317567825317
BV17w411g7iA,0,0.013755756430327892,-4.272446632385254,train,True,asr,0,E:\m-hvc\datasets\old-dataset\frames_unique\BV17w411g7iA,0.9710704684257507,0.0017658367287367582,0.02514205127954483,0.002021669177338481,0,0,0.9862442435696721
BV17x411f7n3,0,0.01292282622307539,-4.335752964019775,train,True,asr,0,E:\m-hvc\datasets\old-dataset\frames_unique\BV17x411f7n3,0.9808281064033508,0.0010120028164237738,0.016915766522288322,0.0012442104052752256,0,0,0.9870771737769246
BV17z4y1M7z4,0,0.011191077530384064,-4.48138427734375,train,True,asr,0,E:\m-hvc\datasets\old-dataset\frames_unique\BV17z4y1M7z4,0.9904882907867432,0.00051263312343508,0.008535582572221756,0.00046347652096301317,0,0,0.9888089224696159
BV1824y1g76b,1,0.7317559719085693,1.0035498142242432,test,True,asr,2,E:\m-hvc\datasets\old-dataset\frames_unique\BV1824y1g76b,0.6838175654411316,0.003379632718861103,0.3099713921546936,0.002831383841112256,1,0,0.7317559719085693
BV1834y1T71Z,0,0.008787544444203377,-4.725593566894531,train,True,asr,0,E:\m-hvc\datasets\old-dataset\frames_unique\BV1834y1T71Z,0.9898310303688049,0.0008685025968588889,0.008569451048970222,0.0007311112713068724,0,0,0.9912124555557966
BV18D4y1s7kM,1,0.7646214962005615,1.1781858205795288,train,True,asr,2,E:\m-hvc\datasets\old-dataset\frames_unique\BV18D4y1s7kM,0.5290018916130066,0.0025632926262915134,0.46503278613090515,0.0034020424354821444,1,0,0.7646214962005615
BV18H4y1h79P,0,0.05929908528923988,-2.764031410217285,train,False,missing,0,E:\m-hvc\datasets\old-dataset\frames_unique\BV18H4y1h79P,0.9064146876335144,0.005237946752458811,0.08243489265441895,0.005912457127124071,0,0,0.9407009147107601
BV18N4y1B7qA,0,0.01335842814296484,-4.302159309387207,train,True,asr,0,E:\m-hvc\datasets\old-dataset\frames_unique\BV18N4y1B7qA,0.988335132598877,0.0007370072416961193,0.010254580527544022,0.0006732557667419314,0,0,0.9866415718570352
BV18N4y1w7t7,0,0.010018705390393734,-4.593232154846191,train,True,asr,0,E:\m-hvc\datasets\old-dataset\frames_unique\BV18N4y1w7t7,0.9910385608673096,0.0006204312667250633,0.007814973592758179,0.0005260517355054617,0,0,0.9899812946096063
BV18a4y127o3,0,0.012674649246037006,-4.355395793914795,val,True,asr,0,E:\m-hvc\datasets\old-dataset\frames_unique\BV18a4y127o3,0.9852766394615173,0.0006936456193216145,0.013388283550739288,0.000641477236058563,0,0,0.987325350753963
BV18a4y1r7XW,0,0.0726337805390358,-2.5469183921813965,train,True,asr,0,E:\m-hvc\datasets\old-dataset\frames_unique\BV18a4y1r7XW,0.9276130795478821,0.001046489691361785,0.07012124359607697,0.0012192283757030964,0,0,0.9273662194609642
BV18e4y1B7XD,0,0.016130562871694565,-4.110777378082275,train,True,asr,0,E:\m-hvc\datasets\old-dataset\frames_unique\BV18e4y1B7XD,0.9793407917022705,0.0010023911017924547,0.018840398639440536,0.0008164009195752442,0,0,0.9838694371283054
BV18f421o7ne,0,0.04437069594860077,-3.069790840148926,train,True,asr,0,E:\m-hvc\datasets\old-dataset\frames_unique\BV18f421o7ne,0.9212366938591003,0.0013887208187952638,0.07566230744123459,0.0017122982535511255,0,0,0.9556293040513992
BV18i4y1b7k3,1,0.09425544738769531,-2.2627487182617188,val,True,asr,2,E:\m-hvc\datasets\old-dataset\frames_unique\BV18i4y1b7k3,0.8683913350105286,0.0021394146606326103,0.12716610729694366,0.0023031658492982388,0,0,0.9057445526123047
BV18s4y1N7WZ,0,0.01191252376884222,-4.4181809425354,train,True,asr,0,E:\m-hvc\datasets\old-dataset\frames_unique\BV18s4y1N7WZ,0.9824212193489075,0.0011031052563339472,0.01543385535478592,0.00104187719989568,0,0,0.9880874762311578
BV18u411N7Le,0,0.012867726385593414,-4.340081691741943,val,True,asr,0,E:\m-hvc\datasets\old-dataset\frames_unique\BV18u411N7Le,0.977349579334259,0.0017440019873902202,0.01936132274568081,0.0015449962811544538,0,0,0.9871322736144066
BV18u411N7U1,0,0.01402357779443264,-4.25289249420166,test,True,asr,0,E:\m-hvc\datasets\old-dataset\frames_unique\BV18u411N7U1,0.9691436290740967,0.0017725861398503184,0.027339229360222816,0.0017445574048906565,0,0,0.9859764222055674
BV18u411p74B,1,0.19221371412277222,-1.4356896877288818,test,True,asr,2,E:\m-hvc\datasets\old-dataset\frames_unique\BV18u411p74B,0.874345600605011,0.0016080134082585573,0.12245528399944305,0.0015910773072391748,0,0,0.8077862858772278
BV18v4y187td,1,0.9512309432029724,2.970660924911499,test,False,missing,2,E:\m-hvc\datasets\old-dataset\frames_unique\BV18v4y187td,0.11997040361166,0.03397929295897484,0.7930492758750916,0.053001102060079575,1,2,0.9512309432029724
BV18w411o7SQ,0,0.021782878786325455,-3.804607391357422,train,True,asr,0,E:\m-hvc\datasets\old-dataset\frames_unique\BV18w411o7SQ,0.9515990018844604,0.00267885928042233,0.04285845905542374,0.0028637012001127005,0,0,0.9782171212136745
BV1914y1L7pm,0,0.0093914233148098,-4.658522605895996,train,True,asr,0,E:\m-hvc\datasets\old-dataset\frames_unique\BV1914y1L7pm,0.989486813545227,0.0008208943763747811,0.0090214554220438,0.0006707859574817121,0,0,0.9906085766851902
BV1924y1N7DA,0,0.022152835503220558,-3.7873878479003906,train,True,asr,0,E:\m-hvc\datasets\old-dataset\frames_unique\BV1924y1N7DA,0.9618999361991882,0.0010361116146668792,0.036016739904880524,0.001047241734340787,0,0,0.9778471644967794
BV193411W7MX,0,0.929338812828064,2.5765771865844727,test,True,asr,0,E:\m-hvc\datasets\old-dataset\frames_unique\BV193411W7MX,0.2230951339006424,0.014953269623219967,0.7512038946151733,0.010747740045189857,1,2,0.929338812828064
BV1964y1J7pE,1,0.9762070775032043,3.714285373687744,val,True,asr,2,E:\m-hvc\datasets\old-dataset\frames_unique\BV1964y1J7pE,0.10340060293674469,0.010390053503215313,0.8554297685623169,0.03077951818704605,1,2,0.9762070775032043
BV19C4y177iH,1,0.9751371145248413,3.669198513031006,train,False,missing,2,E:\m-hvc\datasets\old-dataset\frames_unique\BV19C4y177iH,0.10376950353384018,0.021017692983150482,0.8356295824050903,0.03958320990204811,1,2,0.9751371145248413
BV19J411G7MT,1,0.043169986456632614,-3.098480224609375,test,False,missing,2,E:\m-hvc\datasets\old-dataset\frames_unique\BV19J411G7MT,0.9222913980484009,0.010397247970104218,0.05686816945672035,0.010443148203194141,0,0,0.9568300135433674
BV19J411G7i2,1,0.031216932460665703,-3.435080051422119,train,False,missing,2,E:\m-hvc\datasets\old-dataset\frames_unique\BV19J411G7i2,0.9345426559448242,0.0075494032353162766,0.05042686313390732,0.007481025531888008,0,0,0.9687830675393343
BV19K4y1U7s8,0,0.008996437303721905,-4.701889514923096,train,True,asr,0,E:\m-hvc\datasets\old-dataset\frames_unique\BV19K4y1U7s8,0.9916257858276367,0.0006367015885189176,0.007173653692007065,0.0005638139555230737,0,0,0.9910035626962781
BV19N4y1v7yG,0,0.014356031082570553,-4.229125022888184,train,True,asr,0,E:\m-hvc\datasets\old-dataset\frames_unique\BV19N4y1v7yG,0.9668088555335999,0.001937519758939743,0.02931050956249237,0.0019431414548307657,0,0,0.9856439689174294
BV19P411x7hk,0,0.014260462485253811,-4.235901355743408,train,True,asr,0,E:\m-hvc\datasets\old-dataset\frames_unique\BV19P411x7hk,0.9800330996513367,0.0008333752630278468,0.01829308085143566,0.0008404082618653774,0,0,0.9857395375147462
BV19Q4y1a7KG,1,0.020122896879911423,-3.885568857192993,val,True,asr,2,E:\m-hvc\datasets\old-dataset\frames_unique\BV19Q4y1a7KG,0.9866194128990173,0.0005716443411074579,0.012315658852458,0.0004933978780172765,0,0,0.9798771031200886
BV19Q4y1j7nx,0,0.03519086912274361,-3.311143636703491,train,True,asr,0,E:\m-hvc\datasets\old-dataset\frames_unique\BV19Q4y1j7nx,0.9730507135391235,0.001085520489141345,0.024764887988567352,0.0010988459689542651,0,0,0.9648091308772564
BV19Q4y1m74q,0,0.06733696907758713,-2.6283345222473145,test,True,asr,0,E:\m-hvc\datasets\old-dataset\frames_unique\BV19Q4y1m74q,0.9628288745880127,0.0015642098151147366,0.03428461402654648,0.0013223709538578987,0,0,0.9326630309224129
BV19T411379q,0,0.016959041357040405,-4.059849739074707,train,True,asr,0,E:\m-hvc\datasets\old-dataset\frames_unique\BV19T411379q,0.9537903666496277,0.002835886087268591,0.0399932898581028,0.003380467649549246,0,0,0.9830409586429596
BV19c411t7r5,0,0.028971975669264793,-3.512026309967041,train,False,missing,0,E:\m-hvc\datasets\old-dataset\frames_unique\BV19c411t7r5,0.9432984590530396,0.005963199771940708,0.04413946717977524,0.006598759908229113,0,0,0.9710280243307352
BV19e411q7UE,0,0.9567809700965881,3.0972952842712402,train,False,missing,0,E:\m-hvc\datasets\old-dataset\frames_unique\BV19e411q7UE,0.14171217381954193,0.01629672199487686,0.8175355195999146,0.02445559948682785,1,2,0.9567809700965881
BV19m4y1b7UC,1,0.9571275115013123,3.1057071685791016,train,True,asr,2,E:\m-hvc\datasets\old-dataset\frames_unique\BV19m4y1b7UC,0.15575261414051056,0.006081702653318644,0.8271510004997253,0.011014661751687527,1,2,0.9571275115013123
BV19o4y1L7vD,0,0.011631293222308159,-4.442356586456299,train,True,asr,0,E:\m-hvc\datasets\old-dataset\frames_unique\BV19o4y1L7vD,0.9862459897994995,0.0013776655541732907,0.010800182819366455,0.001576123875565827,0,0,0.9883687067776918
BV19w411u73q,0,0.030965667217969894,-3.443420886993408,train,True,asr,0,E:\m-hvc\datasets\old-dataset\frames_unique\BV19w411u73q,0.9542337656021118,0.0013269282644614577,0.043084561824798584,0.001354734762571752,0,0,0.9690343327820301
BV1A24y1T7JN,0,0.034893110394477844,-3.3199493885040283,train,True,asr,0,E:\m-hvc\datasets\old-dataset\frames_unique\BV1A24y1T7JN,0.983855664730072,0.0007032495341263711,0.014897352084517479,0.0005437730578705668,0,0,0.9651068896055222
BV1A64y1W7Bx,0,0.014128856360912323,-4.245306491851807,train,True,asr,0,E:\m-hvc\datasets\old-dataset\frames_unique\BV1A64y1W7Bx,0.9877930283546448,0.00060877954820171,0.011126994155347347,0.00047130580060184,0,0,0.9858711436390877
BV1A94y1M7bQ,0,0.010841435752809048,-4.513479232788086,train,True,asr,0,E:\m-hvc\datasets\old-dataset\frames_unique\BV1A94y1M7bQ,0.9848586320877075,0.00098613987211138,0.013139983639121056,0.0010152214672416449,0,0,0.989158564247191
BV1AK4y1B7Lv,1,0.010096966288983822,-4.585371971130371,val,True,asr,2,E:\m-hvc\datasets\old-dataset\frames_unique\BV1AK4y1B7Lv,0.991806149482727,0.0004580120148602873,0.007347587030380964,0.00038830499397590756,0,0,0.9899030337110162
BV1AP4y1y7Wk,0,0.02195434644818306,-3.796591281890869,train,False,missing,0,E:\m-hvc\datasets\old-dataset\frames_unique\BV1AP4y1y7Wk,0.9401214718818665,0.0073194666765630245,0.04462870582938194,0.007930444553494453,0,0,0.9780456535518169
BV1AT411t7wB,1,0.1666652411222458,-1.6094481945037842,train,True,asr,2,E:\m-hvc\datasets\old-dataset\frames_unique\BV1AT411t7wB,0.9314881563186646,0.0005089567857794464,0.06754327565431595,0.00045959552517160773,0,0,0.8333347588777542
BV1AT411y7ER,0,0.00780494324862957,-4.845162391662598,train,True,asr,0,E:\m-hvc\datasets\old-dataset\frames_unique\BV1AT411y7ER,0.9921846985816956,0.0005550578935071826,0.006786668673157692,0.0004736421396955848,0,0,0.9921950567513704
BV1Aa411u7S4,0,0.04087940976023674,-3.1553902626037598,train,True,asr,0,E:\m-hvc\datasets\old-dataset\frames_unique\BV1Aa411u7S4,0.8750108480453491,0.0028393655084073544,0.11796249449253082,0.004187361337244511,0,0,0.9591205902397633
BV1Aq4y187wR,0,0.040246423333883286,-3.1716554164886475,train,True,asr,0,E:\m-hvc\datasets\old-dataset\frames_unique\BV1Aq4y187wR,0.9243186712265015,0.0012845376040786505,0.07302606850862503,0.0013707922771573067,0,0,0.9597535766661167
BV1At411a71T,0,0.008066132664680481,-4.811982154846191,train,True,asr,0,E:\m-hvc\datasets\old-dataset\frames_unique\BV1At411a71T,0.9923176765441895,0.0005772184231318533,0.006614945828914642,0.0004901034408248961,0,0,0.9919338673353195
BV1Au411M78x,0,0.015363739803433418,-4.160262107849121,test,True,asr,0,E:\m-hvc\datasets\old-dataset\frames_unique\BV1Au411M78x,0.982689380645752,0.0007273554801940918,0.015815546736121178,0.0007678139372728765,0,0,0.9846362601965666
BV1B94y1F7uj,0,0.02591056004166603,-3.626852512359619,val,True,asr,0,E:\m-hvc\datasets\old-dataset\frames_unique\BV1B94y1F7uj,0.9839681386947632,0.0004791858955286443,0.015163167379796505,0.00038948917062953115,0,0,0.974089439958334
BV1BK411m7fv,0,0.013838540762662888,-4.26636266708374,test,True,asr,0,E:\m-hvc\datasets\old-dataset\frames_unique\BV1BK411m7fv,0.9903268218040466,0.0005052723572589457,0.008726527914404869,0.00044143805280327797,0,0,0.9861614592373371
BV1BL4y1e744,1,0.9066940546035767,2.273921012878418,train,True,asr,2,E:\m-hvc\datasets\old-dataset\frames_unique\BV1BL4y1e744,0.40259915590286255,0.009349294938147068,0.5757380127906799,0.01231350377202034,1,2,0.9066940546035767
BV1BL4y1j7iH,1,0.5553709864616394,0.22239607572555542,train,True,asr,2,E:\m-hvc\datasets\old-dataset\frames_unique\BV1BL4y1j7iH,0.7867949604988098,0.0035846771206706762,0.2064976692199707,0.0031226626597344875,1,0,0.5553709864616394
BV1BM411Q7fY,0,0.021076658740639687,-3.838287115097046,train,False,missing,0,E:\m-hvc\datasets\old-dataset\frames_unique\BV1BM411Q7fY,0.9386680722236633,0.00874466821551323,0.04311507195234299,0.009472182020545006,0,0,0.9789233412593603
BV1Bb4y1475H,1,0.941982626914978,2.787245035171509,train,True,asr,2,E:\m-hvc\datasets\old-dataset\frames_unique\BV1Bb4y1475H,0.2653561234474182,0.011346830055117607,0.7084870934486389,0.014809940941631794,1,2,0.941982626914978
BV1Bk4y1A7y9,0,0.00896984152495861,-4.704876899719238,train,True,asr,0,E:\m-hvc\datasets\old-dataset\frames_unique\BV1Bk4y1A7y9,0.9922916293144226,0.0005698530585505068,0.006681116297841072,0.00045734038576483727,0,0,0.9910301584750414
BV1Bk4y1U7Fk,0,0.01939457468688488,-3.9231767654418945,train,True,asr,0,E:\m-hvc\datasets\old-dataset\frames_unique\BV1Bk4y1U7Fk,0.9765125513076782,0.0009832702344283462,0.021459383890032768,0.0010447704698890448,0,0,0.9806054253131151
BV1Bp4y117ZU,1,0.8858023881912231,2.0485634803771973,val,True,asr,2,E:\m-hvc\datasets\old-dataset\frames_unique\BV1Bp4y117ZU,0.3024100959300995,0.00906611979007721,0.6697320342063904,0.01879177615046501,1,2,0.8858023881912231
BV1Bw411z71n,1,0.9278692603111267,2.554410934448242,train,True,asr,2,E:\m-hvc\datasets\old-dataset\frames_unique\BV1Bw411z71n,0.40762802958488464,0.006920824758708477,0.5763922929763794,0.009058830328285694,1,2,0.9278692603111267
BV1By4y1N74T,1,0.9610981941223145,3.2070350646972656,train,False,missing,2,E:\m-hvc\datasets\old-dataset\frames_unique\BV1By4y1N74T,0.10559991747140884,0.023029686883091927,0.8310416340827942,0.040328800678253174,1,2,0.9610981941223145
BV1C14y1w7vm,0,0.011212706565856934,-4.479431629180908,test,True,asr,0,E:\m-hvc\datasets\old-dataset\frames_unique\BV1C14y1w7vm,0.9882319569587708,0.0005998097476549447,0.010580560192465782,0.0005876255454495549,0,0,0.9887872934341431
BV1C84y1J7LA,1,0.9454010725021362,2.8515942096710205,train,True,asr,2,E:\m-hvc\datasets\old-dataset\frames_unique\BV1C84y1J7LA,0.288900762796402,0.011277587153017521,0.6861596703529358,0.013662027195096016,1,2,0.9454010725021362
BV1C84y1V7Rv,0,0.04194944351911545,-3.1284353733062744,train,False,missing,0,E:\m-hvc\datasets\old-dataset\frames_unique\BV1C84y1V7Rv,0.9332416653633118,0.004489980638027191,0.05774287134408951,0.004525450989603996,0,0,0.9580505564808846
BV1CC4y1Y76y,0,0.01229155994951725,-4.386474609375,train,True,asr,0,E:\m-hvc\datasets\old-dataset\frames_unique\BV1CC4y1Y76y,0.9884204864501953,0.0006503020995296538,0.010318374261260033,0.0006108221714384854,0,0,0.9877084400504827
BV1CN4y1f7gx,0,0.6636765003204346,0.6797214150428772,test,True,asr,0,E:\m-hvc\datasets\old-dataset\frames_unique\BV1CN4y1f7gx,0.25904783606529236,0.0125507777556777,0.7063705921173096,0.022030800580978394,1,2,0.6636765003204346
BV1CN4y1h79K,1,0.9662585258483887,3.354703426361084,test,False,missing,2,E:\m-hvc\datasets\old-dataset\frames_unique\BV1CN4y1h79K,0.10663668066263199,0.028449857607483864,0.8150779008865356,0.04983554407954216,1,2,0.9662585258483887
BV1CT411Y78R,1,0.4527665972709656,-0.189498633146286,val,False,missing,2,E:\m-hvc\datasets\old-dataset\frames_unique\BV1CT411Y78R,0.5506704449653625,0.01628301851451397,0.4161056578159332,0.01694091595709324,1,0,0.5472334027290344
BV1Cc411k7sw,1,0.9353299736976624,2.671602487564087,train,True,asr,2,E:\m-hvc\datasets\old-dataset\frames_unique\BV1Cc411k7sw,0.3545598089694977,0.009335811249911785,0.6218807101249695,0.014223676174879074,1,2,0.9353299736976624
BV1Cc411w7vA,0,0.009178954176604748,-4.6816205978393555,train,True,asr,0,E:\m-hvc\datasets\old-dataset\frames_unique\BV1Cc411w7vA,0.991870641708374,0.00048574156244285405,0.00722609693184495,0.0004174873174633831,0,0,0.9908210458233953
BV1Cd4y1p7yA,1,0.5513140559196472,0.2059812843799591,val,True,asr,2,E:\m-hvc\datasets\old-dataset\frames_unique\BV1Cd4y1p7yA,0.6673705577850342,0.07321187108755112,0.11223207414150238,0.14718550443649292,1,0,0.5513140559196472
BV1Cg4y1174P,1,0.9605610966682434,3.192765235900879,train,False,missing,2,E:\m-hvc\datasets\old-dataset\frames_unique\BV1Cg4y1174P,0.09834610670804977,0.02850520983338356,0.8252187967300415,0.047929879277944565,1,2,0.9605610966682434
BV1Ci4y1M7EX,1,0.9285991191864014,2.565366744995117,train,False,missing,2,E:\m-hvc\datasets\old-dataset\frames_unique\BV1Ci4y1M7EX,0.13423368334770203,0.04381987079977989,0.7467255592346191,0.07522089779376984,1,2,0.9285991191864014
BV1Cq4y1r7bW,1,0.9452676773071289,2.8490138053894043,train,True,asr,2,E:\m-hvc\datasets\old-dataset\frames_unique\BV1Cq4y1r7bW,0.22222717106342316,0.007098325993865728,0.7593172192573547,0.01135721243917942,1,2,0.9452676773071289
BV1Cr4y1u7Y7,0,0.009954363107681274,-4.599740028381348,train,True,asr,0,E:\m-hvc\datasets\old-dataset\frames_unique\BV1Cr4y1u7Y7,0.9919325709342957,0.00045931845670565963,0.007180123124271631,0.00042800899245776236,0,0,0.9900456368923187
BV1Cs4y197aX,0,0.04778822511434555,-2.9920082092285156,train,True,asr,0,E:\m-hvc\datasets\old-dataset\frames_unique\BV1Cs4y197aX,0.8820106387138367,0.0017528473399579525,0.11405913531780243,0.002177416579797864,0,0,0.9522117748856544
BV1Cz4y1g7qg,0,0.08300358802080154,-2.402219772338867,train,True,asr,0,E:\m-hvc\datasets\old-dataset\frames_unique\BV1Cz4y1g7qg,0.9055554270744324,0.0010509515414014459,0.09206065535545349,0.0013330129440873861,0,0,0.9169964119791985
BV1D3411W7qK,1,0.6042274236679077,0.42311087250709534,train,False,missing,2,E:\m-hvc\datasets\old-dataset\frames_unique\BV1D3411W7qK,0.5238179564476013,0.008621657267212868,0.4590488374233246,0.008511612191796303,1,0,0.6042274236679077
BV1D44y1t7sc,0,0.019093139097094536,-3.939148426055908,val,True,asr,0,E:\m-hvc\datasets\old-dataset\frames_unique\BV1D44y1t7sc,0.9732620716094971,0.0009051283705048263,0.024857565760612488,0.0009752786718308926,0,0,0.9809068609029055
BV1D94y197UN,1,0.5412227511405945,0.16526615619659424,train,True,asr,2,E:\m-hvc\datasets\old-dataset\frames_unique\BV1D94y197UN,0.7408190369606018,0.004035987425595522,0.25071337819099426,0.004431566223502159,1,0,0.5412227511405945
BV1DA411y7vy,1,0.9597160220146179,3.1706836223602295,train,False,missing,2,E:\m-hvc\datasets\old-dataset\frames_unique\BV1DA411y7vy,0.10661489516496658,0.025528138503432274,0.828722357749939,0.039134591817855835,1,2,0.9597160220146179
BV1DP4y1j7J4,0,0.010680850595235825,-4.528564453125,train,True,asr,0,E:\m-hvc\datasets\old-dataset\frames_unique\BV1DP4y1j7J4,0.9855427742004395,0.0010627515148371458,0.01245170459151268,0.0009427419863641262,0,0,0.9893191494047642
BV1DX4y1R74Z,0,0.05903587117791176,-2.7687597274780273,test,True,asr,0,E:\m-hvc\datasets\old-dataset\frames_unique\BV1DX4y1R74Z,0.9707592129707336,0.00105410092510283,0.027304016053676605,0.0008826012490317225,0,0,0.9409641288220882
BV1Dg4y1r7vg,0,0.4067405164241791,-0.3774564862251282,test,True,asr,0,E:\m-hvc\datasets\old-dataset\frames_unique\BV1Dg4y1r7vg,0.7218581438064575,0.0028075827285647392,0.2727038264274597,0.002630525268614292,1,0,0.5932594835758209
BV1Dm4y1H79W,0,0.02338656224310398,-3.731929302215576,train,True,asr,0,E:\m-hvc\datasets\old-dataset\frames_unique\BV1Dm4y1H79W,0.9608851671218872,0.0011548150796443224,0.036710258573293686,0.0012497553834691644,0,0,0.976613437756896
BV1Dm4y1J7Pj,1,0.0996321365237236,-2.2013187408447266,train,False,missing,2,E:\m-hvc\datasets\old-dataset\frames_unique\BV1Dm4y1J7Pj,0.8816921710968018,0.005087308119982481,0.1080736294388771,0.005146848503500223,0,0,0.9003678634762764
BV1Dm4y1L7Uf,0,0.024026377126574516,-3.7042832374572754,train,False,missing,0,E:\m-hvc\datasets\old-dataset\frames_unique\BV1Dm4y1L7Uf,0.9343289136886597,0.007705042138695717,0.04878951236605644,0.009176512248814106,0,0,0.9759736228734255
BV1Dv4y1r7pu,1,0.8479924201965332,1.7189414501190186,train,True,asr,2,E:\m-hvc\datasets\old-dataset\frames_unique\BV1Dv4y1r7pu,0.5751023292541504,0.006528068333864212,0.4127327501773834,0.005636849906295538,1,0,0.8479924201965332
BV1E24y1X7Fo,1,0.7675188779830933,1.1943538188934326,train,True,asr,2,E:\m-hvc\datasets\old-dataset\frames_unique\BV1E24y1X7Fo,0.6309410333633423,0.0027443822473287582,0.3631766140460968,0.0031379556749016047,1,0,0.7675188779830933
BV1E7411A783,0,0.011386588215827942,-4.4638671875,val,True,asr,0,E:\m-hvc\datasets\old-dataset\frames_unique\BV1E7411A783,0.9832811951637268,0.001420383807271719,0.014074325561523438,0.0012241106014698744,0,0,0.9886134117841721
BV1EC4y1S7Ht,1,0.6771014928817749,0.7404831051826477,train,True,asr,2,E:\m-hvc\datasets\old-dataset\frames_unique\BV1EC4y1S7Ht,0.5019664764404297,0.002419897122308612,0.4921470582485199,0.0034665968269109726,1,0,0.6771014928817749
BV1EL411q7Bu,0,0.046304963529109955,-3.025094747543335,train,True,asr,0,E:\m-hvc\datasets\old-dataset\frames_unique\BV1EL411q7Bu,0.9353806972503662,0.0016421842155978084,0.061107754707336426,0.0018693977035582066,0,0,0.95369503647089
BV1EN411E7Dy,1,0.0254200529307127,-3.646468162536621,test,True,asr,2,E:\m-hvc\datasets\old-dataset\frames_unique\BV1EN411E7Dy,0.9869219064712524,0.00044109721784479916,0.012337606400251389,0.00029943848494440317,0,0,0.9745799470692873
BV1EN4y1j7rN,0,0.047468263655900955,-2.9990620613098145,train,True,asr,0,E:\m-hvc\datasets\old-dataset\frames_unique\BV1EN4y1j7rN,0.8629530668258667,0.0031070278491824865,0.12870104610919952,0.005238836631178856,0,0,0.952531736344099
BV1EP4y1g7aS,1,0.9254231452941895,2.5184202194213867,test,True,asr,2,E:\m-hvc\datasets\old-dataset\frames_unique\BV1EP4y1g7aS,0.3931961953639984,0.006323427427560091,0.5922500491142273,0.008230305276811123,1,2,0.9254231452941895
BV1EP4y1p7az,1,0.9228399991989136,2.481574058532715,train,True,asr,2,E:\m-hvc\datasets\old-dataset\frames_unique\BV1EP4y1p7az,0.33716779947280884,0.0065231588669121265,0.6476168036460876,0.008692275732755661,1,2,0.9228399991989136
BV1EU4y1M7dd,0,0.01403779350221157,-4.251864910125732,train,True,asr,0,E:\m-hvc\datasets\old-dataset\frames_unique\BV1EU4y1M7dd,0.9801307916641235,0.0009938604198396206,0.017975036054849625,0.0009003762388601899,0,0,0.9859622064977884
BV1EW411o75g,1,0.013065249659121037,-4.324647903442383,val,True,asr,2,E:\m-hvc\datasets\old-dataset\frames_unique\BV1EW411o75g,0.9774029850959778,0.0013717040419578552,0.01982327550649643,0.0014020766830071807,0,0,0.986934750340879
BV1EY4y1V7WP,0,0.017415586858987808,-4.032820701599121,test,True,asr,0,E:\m-hvc\datasets\old-dataset\frames_unique\BV1EY4y1V7WP,0.9879284501075745,0.0005482148262672126,0.011013299226760864,0.0005100283888168633,0,0,0.9825844131410122
BV1Ea411H71M,1,0.5993728041648865,0.4028525948524475,train,True,asr,2,E:\m-hvc\datasets\old-dataset\frames_unique\BV1Ea411H71M,0.7274738550186157,0.0027316310442984104,0.2667595148086548,0.0030350442975759506,1,0,0.5993728041648865
BV1Ed4y1J7bF,0,0.05050189048051834,-2.93392276763916,train,True,asr,0,E:\m-hvc\datasets\old-dataset\frames_unique\BV1Ed4y1J7bF,0.9093377590179443,0.0013202318223193288,0.08757592737674713,0.0017660445300862193,0,0,0.9494981095194817
BV1Es4y1m7AT,0,0.02973063662648201,-3.485395669937134,val,True,asr,0,E:\m-hvc\datasets\old-dataset\frames_unique\BV1Es4y1m7AT,0.9448641538619995,0.0013505175011232495,0.0523185133934021,0.0014667364303022623,0,0,0.970269363373518
BV1F24y1i7ox,0,0.008621813729405403,-4.744800567626953,val,True,asr,0,E:\m-hvc\datasets\old-dataset\frames_unique\BV1F24y1i7ox,0.9909135103225708,0.0007957396446727216,0.0076175592839717865,0.0006732108886353672,0,0,0.9913781862705946
BV1F4411P7xp,0,0.013170537538826466,-4.31651496887207,train,True,asr,0,E:\m-hvc\datasets\old-dataset\frames_unique\BV1F4411P7xp,0.9897996187210083,0.0004789136000908911,0.009306170977652073,0.00041530298767611384,0,0,0.9868294624611735
BV1FG411j7YT,0,0.20617461204528809,-1.3481401205062866,test,False,missing,0,E:\m-hvc\datasets\old-dataset\frames_unique\BV1FG411j7YT,0.7272634506225586,0.009161686524748802,0.2549045979976654,0.008670219220221043,0,0,0.7938253879547119
BV1FJ411c7ui,1,0.8567330837249756,1.7884169816970825,train,True,asr,2,E:\m-hvc\datasets\old-dataset\frames_unique\BV1FJ411c7ui,0.5941473245620728,0.004171865060925484,0.39757880568504333,0.004101945087313652,1,0,0.8567330837249756
BV1FN41167Ei,0,0.018353626132011414,-3.9794039726257324,val,True,asr,0,E:\m-hvc\datasets\old-dataset\frames_unique\BV1FN41167Ei,0.9878041744232178,0.0003661580558400601,0.011523252353072166,0.000306353293126449,0,0,0.9816463738679886
BV1FY411u7Je,0,0.009649059735238552,-4.631198883056641,train,True,asr,0,E:\m-hvc\datasets\old-dataset\frames_unique\BV1FY411u7Je,0.9917690753936768,0.0006033817189745605,0.007063810247927904,0.0005637746653519571,0,0,0.9903509402647614
BV1Fa4y1B79W,0,0.01330622099339962,-4.306128025054932,train,True,asr,0,E:\m-hvc\datasets\old-dataset\frames_unique\BV1Fa4y1B79W,0.9887186288833618,0.0005256666336208582,0.010262780822813511,0.0004929417045786977,0,0,0.9866937790066004
BV1Ff4y1T7hU,1,0.9461907148361206,2.8669991493225098,train,True,asr,2,E:\m-hvc\datasets\old-dataset\frames_unique\BV1Ff4y1T7hU,0.12014336884021759,0.009420614689588547,0.818067193031311,0.05236883461475372,1,2,0.9461907148361206
BV1Ff4y1f7C4,0,0.03335145488381386,-3.3667335510253906,val,True,asr,0,E:\m-hvc\datasets\old-dataset\frames_unique\BV1Ff4y1f7C4,0.984505832195282,0.0006668125279247761,0.014211122877895832,0.0006162415957078338,0,0,0.9666485451161861
BV1Fg411Z7UE,0,0.04650738835334778,-3.0205204486846924,train,False,missing,0,E:\m-hvc\datasets\old-dataset\frames_unique\BV1Fg411Z7UE,0.9162771701812744,0.007555996533483267,0.0681399405002594,0.008026852272450924,0,0,0.9534926116466522
BV1Fi42117Sj,1,0.94603031873703,2.8638522624969482,train,True,asr,2,E:\m-hvc\datasets\old-dataset\frames_unique\BV1Fi42117Sj,0.08667714893817902,0.004205385223031044,0.9014877676963806,0.00762973353266716,1,2,0.94603031873703
BV1Fi4y1e7LM,0,0.011094890534877777,-4.490113735198975,train,True,asr,0,E:\m-hvc\datasets\old-dataset\frames_unique\BV1Fi4y1e7LM,0.9872548580169678,0.0006928058573976159,0.011365423910319805,0.0006868727505207062,0,0,0.9889051094651222
BV1Fm411D7Lr,1,0.9698907136917114,3.472350597381592,train,False,missing,2,E:\m-hvc\datasets\old-dataset\frames_unique\BV1Fm411D7Lr,0.10233879834413528,0.02648412622511387,0.8192930221557617,0.051884084939956665,1,2,0.9698907136917114
BV1Fs4y1i7wM,0,0.9656431674957275,3.3359932899475098,val,True,asr,0,E:\m-hvc\datasets\old-dataset\frames_unique\BV1Fs4y1i7wM,0.14036545157432556,0.012267223559319973,0.8226675987243652,0.024699734523892403,1,2,0.9656431674957275
BV1Fw411c7mX,0,0.6769514679908752,0.7397969961166382,test,True,asr,0,E:\m-hvc\datasets\old-dataset\frames_unique\BV1Fw411c7mX,0.6140416860580444,0.0023067486472427845,0.38114258646965027,0.002509006531909108,1,0,0.6769514679908752
BV1G24y187Fh,0,0.8046668767929077,1.4157220125198364,train,True,asr,0,E:\m-hvc\datasets\old-dataset\frames_unique\BV1G24y187Fh,0.3182913064956665,0.004048056434839964,0.6721986532211304,0.005461987107992172,1,2,0.8046668767929077
BV1GB4y16758,1,0.2100469022989273,-1.3246426582336426,train,True,asr,2,E:\m-hvc\datasets\old-dataset\frames_unique\BV1GB4y16758,0.9404756426811218,0.0013781714951619506,0.05700191482901573,0.0011442475952208042,0,0,0.7899530977010727
BV1GB4y1M7y1,0,0.04622119665145874,-3.0269932746887207,val,True,asr,0,E:\m-hvc\datasets\old-dataset\frames_unique\BV1GB4y1M7y1,0.9854753017425537,0.0006588437827304006,0.013393837958574295,0.0004719686694443226,0,0,0.9537788033485413
BV1GD4y127wf,1,0.010530238039791584,-4.5429182052612305,test,True,asr,2,E:\m-hvc\datasets\old-dataset\frames_unique\BV1GD4y127wf,0.987962543964386,0.0009633007575757802,0.010242627933621407,0.000831608718726784,0,0,0.9894697619602084
BV1GD4y187g7,0,0.01239553652703762,-4.377945899963379,train,True,asr,0,E:\m-hvc\datasets\old-dataset\frames_unique\BV1GD4y187g7,0.98336261510849,0.0014383592642843723,0.013889414258301258,0.0013096772599965334,0,0,0.9876044634729624
BV1GD4y1R7jX,0,0.021653927862644196,-3.8106765747070312,val,True,asr,0,E:\m-hvc\datasets\old-dataset\frames_unique\BV1GD4y1R7jX,0.9258777499198914,0.002690026303753257,0.06796891987323761,0.003463259432464838,0,0,0.9783460721373558
BV1GD4y1u7Yf,1,0.9521401524543762,2.990434169769287,test,False,missing,2,E:\m-hvc\datasets\old-dataset\frames_unique\BV1GD4y1u7Yf,0.11484064906835556,0.044686246663331985,0.7626415491104126,0.07783146947622299,1,2,0.9521401524543762
BV1GK4y137t4,0,0.021921243518590927,-3.7981340885162354,val,False,missing,0,E:\m-hvc\datasets\old-dataset\frames_unique\BV1GK4y137t4,0.9397806525230408,0.0091864550486207,0.04130870848894119,0.009724229574203491,0,0,0.9780787564814091
BV1GL411G7SG,0,0.01174225378781557,-4.4327497482299805,test,True,asr,0,E:\m-hvc\datasets\old-dataset\frames_unique\BV1GL411G7SG,0.9901230931282043,0.0006441074656322598,0.00870493520051241,0.0005278130411170423,0,0,0.9882577462121844
BV1GL411q7rm,0,0.01912136748433113,-3.9376423358917236,train,True,asr,0,E:\m-hvc\datasets\old-dataset\frames_unique\BV1GL411q7rm,0.9726914763450623,0.002444828161969781,0.021666519343852997,0.0031971207354217768,0,0,0.9808786325156689
BV1GN41157rE,1,0.9087643027305603,2.2986395359039307,train,True,asr,2,E:\m-hvc\datasets\old-dataset\frames_unique\BV1GN41157rE,0.3958526849746704,0.005960904527455568,0.591261625289917,0.006924804765731096,1,2,0.9087643027305603
BV1GN411y7fq,0,0.011997698806226254,-4.410970211029053,train,True,asr,0,E:\m-hvc\datasets\old-dataset\frames_unique\BV1GN411y7fq,0.9899028539657593,0.0006893347017467022,0.008827031590044498,0.0005808121641166508,0,0,0.9880023011937737
BV1GQ4y1w7P2,0,0.017016053199768066,-4.056435585021973,val,True,asr,0,E:\m-hvc\datasets\old-dataset\frames_unique\BV1GQ4y1w7P2,0.9826899766921997,0.0006473826360888779,0.016052547842264175,0.0006101156468503177,0,0,0.9829839468002319
BV1GW4y1v7Qi,0,0.01989918015897274,-3.896976947784424,train,True,asr,0,E:\m-hvc\datasets\old-dataset\frames_unique\BV1GW4y1v7Qi,0.9871988892555237,0.00044102122774347663,0.012017956003546715,0.0003422125882934779,0,0,0.9801008198410273
BV1Gb411o7Fr,1,0.012208454310894012,-4.393342971801758,val,True,asr,2,E:\m-hvc\datasets\old-dataset\frames_unique\BV1Gb411o7Fr,0.9877718687057495,0.0006090214010328054,0.011100190691649914,0.0005188664654269814,0,0,0.987791545689106
BV1Gj411s7Cb,0,0.6002256870269775,0.4064057171344757,train,True,asr,0,E:\m-hvc\datasets\old-dataset\frames_unique\BV1Gj411s7Cb,0.4275541305541992,0.0033642868511378765,0.5649363398551941,0.004145196173340082,1,2,0.6002256870269775
BV1Gk4y1p71q,0,0.05977579578757286,-2.7555174827575684,train,True,asr,0,E:\m-hvc\datasets\old-dataset\frames_unique\BV1Gk4y1p71q,0.9808722734451294,0.00046037949505262077,0.018307270482182503,0.00036014942452311516,0,0,0.9402242042124271
BV1Go4y1J7ZA,0,0.01928010769188404,-3.929213047027588,train,True,asr,0,E:\m-hvc\datasets\old-dataset\frames_unique\BV1Go4y1J7ZA,0.9864163398742676,0.0003592126886360347,0.01290671993046999,0.00031772928196005523,0,0,0.980719892308116
BV1Go4y1p7RS,0,0.009212333709001541,-4.677957057952881,val,True,asr,0,E:\m-hvc\datasets\old-dataset\frames_unique\BV1Go4y1p7RS,0.9906138181686401,0.0009098431328311563,0.007669981103390455,0.0008063819259405136,0,0,0.9907876662909985
BV1Gu411A7py,0,0.0371667854487896,-3.254464626312256,train,True,asr,0,E:\m-hvc\datasets\old-dataset\frames_unique\BV1Gu411A7py,0.9871457815170288,0.00025679197278805077,0.012381954118609428,0.00021545869822148234,0,0,0.9628332145512104
BV1Gv411E772,0,0.018620748072862625,-3.9646825790405273,train,True,asr,0,E:\m-hvc\datasets\old-dataset\frames_unique\BV1Gv411E772,0.9456819891929626,0.0029414084274321795,0.04748399183154106,0.0038925171829760075,0,0,0.9813792519271374
BV1Gw411E7i2,0,0.272591769695282,-0.9815124273300171,val,True,asr,0,E:\m-hvc\datasets\old-dataset\frames_unique\BV1Gw411E7i2,0.691145122051239,0.0018452334916219115,0.304390013217926,0.0026196131948381662,0,0,0.727408230304718
BV1H94y1C7U7,0,0.46105045080184937,-0.15611469745635986,val,False,missing,0,E:\m-hvc\datasets\old-dataset\frames_unique\BV1H94y1C7U7,0.6081061959266663,0.011702107265591621,0.3687863051891327,0.0114053413271904,1,0,0.5389495491981506
BV1HA411d7mr,1,0.7201878428459167,0.9453936219215393,train,True,asr,2,E:\m-hvc\datasets\old-dataset\frames_unique\BV1HA411d7mr,0.7275695204734802,0.002636105054989457,0.2675306499004364,0.00226371712051332,1,0,0.7201878428459167
BV1Ha411H75C,0,0.9437291026115417,2.8196616172790527,val,True,asr,0,E:\m-hvc\datasets\old-dataset\frames_unique\BV1Ha411H75C,0.3060111999511719,0.011458280496299267,0.6630260944366455,0.01950448378920555,1,2,0.9437291026115417
BV1Hd4y1k7RJ,0,0.9265572428703308,2.534968614578247,val,True,asr,0,E:\m-hvc\datasets\old-dataset\frames_unique\BV1Hd4y1k7RJ,0.21037200093269348,0.005575092509388924,0.7737666964530945,0.01028626598417759,1,2,0.9265572428703308
BV1He411k7EL,1,0.21319244801998138,-1.305788278579712,train,True,asr,2,E:\m-hvc\datasets\old-dataset\frames_unique\BV1He411k7EL,0.8897198438644409,0.0012440391583368182,0.10802944004535675,0.0010066517861559987,0,0,0.7868075519800186
BV1Hg41147vd,1,0.08328492939472198,-2.398529052734375,train,True,asr,2,E:\m-hvc\datasets\old-dataset\frames_unique\BV1Hg41147vd,0.9632112979888916,0.0006640815990976989,0.03551086038351059,0.0006138486205600202,0,0,0.916715070605278
BV1Hv41147NT,0,0.06498932838439941,-2.666334867477417,train,False,missing,0,E:\m-hvc\datasets\old-dataset\frames_unique\BV1Hv41147NT,0.9100905060768127,0.0050472416914999485,0.07955122739076614,0.005311052780598402,0,0,0.9350106716156006
BV1Hy4y1E7g2,1,0.38570326566696167,-0.46540969610214233,train,True,asr,2,E:\m-hvc\datasets\old-dataset\frames_unique\BV1Hy4y1E7g2,0.8608083724975586,0.0021572154946625233,0.13493727147579193,0.0020971575286239386,1,0,0.6142967343330383
BV1J3411B7Ag,0,0.06287681311368942,-2.7016372680664062,train,True,asr,0,E:\m-hvc\datasets\old-dataset\frames_unique\BV1J3411B7Ag,0.968180239200592,0.0004766799684148282,0.03088441677391529,0.00045870442409068346,0,0,0.9371231868863106
BV1J84y1M7Wi,0,0.016799692064523697,-4.069452285766602,train,True,asr,0,E:\m-hvc\datasets\old-dataset\frames_unique\BV1J84y1M7Wi,0.9569783210754395,0.0019472123822197318,0.038493912667036057,0.002580540254712105,0,0,0.9832003079354763
BV1JL411z7TM,0,0.043146416544914246,-3.099050998687744,train,True,asr,0,E:\m-hvc\datasets\old-dataset\frames_unique\BV1JL411z7TM,0.9627004861831665,0.000874527613632381,0.03552163764834404,0.0009033350506797433,0,0,0.9568535834550858
BV1JV4y157qo,0,0.014092616736888885,-4.24791145324707,train,True,asr,0,E:\m-hvc\datasets\old-dataset\frames_unique\BV1JV4y157qo,0.9780595898628235,0.0007163191330619156,0.020599067211151123,0.0006249416619539261,0,0,0.9859073832631111
BV1JX4y1x7nT,0,0.008366068825125694,-4.775169849395752,train,True,asr,0,E:\m-hvc\datasets\old-dataset\frames_unique\BV1JX4y1x7nT,0.9922605156898499,0.0004748534120153636,0.006870752200484276,0.00039386801654472947,0,0,0.9916339311748743
BV1JZ421z7Y7,0,0.00932743214070797,-4.665424346923828,train,True,asr,0,E:\m-hvc\datasets\old-dataset\frames_unique\BV1JZ421z7Y7,0.991905689239502,0.0005282890633679926,0.007117114029824734,0.00044884486123919487,0,0,0.990672567859292
BV1Jm4y1G7fx,0,0.016939885914325714,-4.060999393463135,train,True,asr,0,E:\m-hvc\datasets\old-dataset\frames_unique\BV1Jm4y1G7fx,0.9865928292274475,0.0007086640107445419,0.012118183076381683,0.0005803669337183237,0,0,0.9830601140856743
BV1Jp4y1R7Au,0,0.013687030412256718,-4.277524948120117,train,True,asr,0,E:\m-hvc\datasets\old-dataset\frames_unique\BV1Jp4y1R7Au,0.9708762764930725,0.001792559283785522,0.02526555210351944,0.0020655402913689613,0,0,0.9863129695877433
BV1Js4y1z7fR,0,0.012668767012655735,-4.355865955352783,train,True,asr,0,E:\m-hvc\datasets\old-dataset\frames_unique\BV1Js4y1z7fR,0.9904024600982666,0.00040158009505830705,0.008874609135091305,0.0003213573945686221,0,0,0.9873312329873443
BV1Jw411j7oC,0,0.01640029437839985,-4.09391975402832,train,True,asr,0,E:\m-hvc\datasets\old-dataset\frames_unique\BV1Jw411j7oC,0.986840009689331,0.0005406962591223419,0.012083604000508785,0.0005357090849429369,0,0,0.9835997056216002
BV1Jz411q73E,0,0.01245067361742258,-4.3734517097473145,train,True,asr,0,E:\m-hvc\datasets\old-dataset\frames_unique\BV1Jz411q73E,0.980657160282135,0.0010348461801186204,0.01730998046696186,0.0009979690657928586,0,0,0.9875493263825774
BV1K8411C7m9,0,0.008500870317220688,-4.759049415588379,train,True,asr,0,E:\m-hvc\datasets\old-dataset\frames_unique\BV1K8411C7m9,0.991541862487793,0.0005322983488440514,0.007459428161382675,0.0004663792497012764,0,0,0.9914991296827793
BV1K8411Q7W4,0,0.021823380142450333,-3.802708387374878,train,False,missing,0,E:\m-hvc\datasets\old-dataset\frames_unique\BV1K8411Q7W4,0.9356729984283447,0.008730068802833557,0.046419788151979446,0.009177101776003838,0,0,0.9781766198575497
BV1K8411u7WV,0,0.00883456040173769,-4.720210075378418,train,True,asr,0,E:\m-hvc\datasets\old-dataset\frames_unique\BV1K8411u7WV,0.9908826947212219,0.000779573165345937,0.0076889763586223125,0.0006487205973826349,0,0,0.9911654395982623
BV1KK411P7uJ,0,0.10507284104824066,-2.1420884132385254,train,True,asr,0,E:\m-hvc\datasets\old-dataset\frames_unique\BV1KK411P7uJ,0.9387930631637573,0.0008791587897576392,0.0594983771443367,0.0008294471772387624,0,0,0.8949271589517593
BV1KN411v7pm,0,0.02044079080224037,-3.869570255279541,val,True,asr,0,E:\m-hvc\datasets\old-dataset\frames_unique\BV1KN411v7pm,0.989314079284668,0.0003560107434168458,0.010046026669442654,0.0002838894142769277,0,0,0.9795592091977596
BV1KS4y147N8,0,0.011849300935864449,-4.4235663414001465,test,True,asr,0,E:\m-hvc\datasets\old-dataset\frames_unique\BV1KS4y147N8,0.9832521677017212,0.0013883416540920734,0.01412032451480627,0.0012392442440614104,0,0,0.9881506990641356
BV1KT4y127UC,0,0.009309775196015835,-4.667336940765381,train,True,asr,0,E:\m-hvc\datasets\old-dataset\frames_unique\BV1KT4y127UC,0.9892966151237488,0.0007489332929253578,0.009287131018936634,0.0006672748131677508,0,0,0.9906902248039842
BV1KU4y117ZF,0,0.6278808116912842,0.5231361985206604,train,True,asr,0,E:\m-hvc\datasets\old-dataset\frames_unique\BV1KU4y117ZF,0.7642776966094971,0.0026443665847182274,0.2310299426317215,0.0020479841623455286,1,0,0.6278808116912842
BV1KY4y147Ud,0,0.01115364395081997,-4.484772682189941,train,True,asr,0,E:\m-hvc\datasets\old-dataset\frames_unique\BV1KY4y147Ud,0.984689474105835,0.0011153039522469044,0.013173227198421955,0.0010219868272542953,0,0,0.98884635604918
BV1Kh411T7FJ,1,0.4869777262210846,-0.052101053297519684,train,True,asr,2,E:\m-hvc\datasets\old-dataset\frames_unique\BV1Kh411T7FJ,0.7099993228912354,0.0016157905338332057,0.28625035285949707,0.0021345019340515137,1,0,0.5130222737789154
BV1Km4y1u7ri,0,0.40355855226516724,-0.39065948128700256,train,True,asr,0,E:\m-hvc\datasets\old-dataset\frames_unique\BV1Km4y1u7ri,0.8181428909301758,0.0015126949874684215,0.17909853160381317,0.0012458906276151538,1,0,0.5964414477348328
BV1Kq4y1j7Af,0,0.009349956177175045,-4.662989616394043,train,True,asr,0,E:\m-hvc\datasets\old-dataset\frames_unique\BV1Kq4y1j7Af,0.9910447597503662,0.0006296054925769567,0.007820210419595242,0.0005054764333181083,0,0,0.990650043822825
BV1Kq4y1q7P1,0,0.22764047980308533,-1.2216825485229492,train,True,asr,0,E:\m-hvc\datasets\old-dataset\frames_unique\BV1Kq4y1q7P1,0.6424452662467957,0.0034200819209218025,0.34868717193603516,0.005447413772344589,0,0,0.7723595201969147
BV1L4411Z72N,0,0.019556162878870964,-3.914714813232422,train,True,asr,0,E:\m-hvc\datasets\old-dataset\frames_unique\BV1L4411Z72N,0.9821459650993347,0.0005483923014253378,0.01678519882261753,0.0005204899935051799,0,0,0.980443837121129
BV1L94y1e7bV,0,0.12409597635269165,-1.9542012214660645,train,False,missing,0,E:\m-hvc\datasets\old-dataset\frames_unique\BV1L94y1e7bV,0.8501769304275513,0.008642571978271008,0.13298285007476807,0.008197678253054619,0,0,0.8759040236473083
BV1LA4y1D75Q,0,0.012910662218928337,-4.33670711517334,train,True,asr,0,E:\m-hvc\datasets\old-dataset\frames_unique\BV1LA4y1D75Q,0.9807790517807007,0.0015293487813323736,0.016240939497947693,0.0014506077859550714,0,0,0.9870893377810717
BV1LG41187u5,1,0.8994280099868774,2.1908857822418213,train,True,asr,2,E:\m-hvc\datasets\old-dataset\frames_unique\BV1LG41187u5,0.5317143797874451,0.006287350319325924,0.45419842004776,0.007799852639436722,1,0,0.8994280099868774
BV1LJ411y7QX,1,0.13125117123126984,-1.8899412155151367,train,True,asr,2,E:\m-hvc\datasets\old-dataset\frames_unique\BV1LJ411y7QX,0.9049884676933289,0.002208699705079198,0.09035489708185196,0.0024479783605784178,0,0,0.8687488287687302
BV1LN4y1477F,0,0.013914693146944046,-4.260797500610352,train,True,asr,0,E:\m-hvc\datasets\old-dataset\frames_unique\BV1LN4y1477F,0.980102002620697,0.001152658136561513,0.017718814313411713,0.001026419224217534,0,0,0.986085306853056
BV1LW4y1J7eY,1,0.27252233028411865,-0.9818627238273621,train,True,asr,2,E:\m-hvc\datasets\old-dataset\frames_unique\BV1LW4y1J7eY,0.9095818996429443,0.0021181826014071703,0.08637607842683792,0.0019238456152379513,0,0,0.7274776697158813
BV1LZ4y1v7FB,0,0.03069114498794079,-3.452609062194824,train,True,asr,0,E:\m-hvc\datasets\old-dataset\frames_unique\BV1LZ4y1v7FB,0.941096842288971,0.0014765415107831359,0.05499589815735817,0.0024306748528033495,0,0,0.9693088550120592
BV1Le411J7LZ,0,0.010966060683131218,-4.501923561096191,train,True,asr,0,E:\m-hvc\datasets\old-dataset\frames_unique\BV1Le411J7LZ,0.9885231852531433,0.0006954383570700884,0.010207186453044415,0.0005741544882766902,0,0,0.9890339393168688
BV1Le411f78S,1,0.54763263463974,0.19111007452011108,train,True,asr,2,E:\m-hvc\datasets\old-dataset\frames_unique\BV1Le411f78S,0.8098343014717102,0.002006176859140396,0.18630343675613403,0.0018561286851763725,1,0,0.54763263463974
BV1Lf4y1f7a3,0,0.037026502192020416,-3.258391857147217,train,False,missing,0,E:\m-hvc\datasets\old-dataset\frames_unique\BV1Lf4y1f7a3,0.9373507499694824,0.0049781533889472485,0.05281352251768112,0.004857451654970646,0,0,0.9629734978079796
BV1Lj411D76g,1,0.9788863658905029,3.8364992141723633,train,True,asr,3,E:\m-hvc\datasets\old-dataset\frames_unique\BV1Lj411D76g,0.012090553529560566,0.01353414822369814,0.0564529113471508,0.9179224967956543,1,3,0.9788863658905029
BV1Lz4y1S7U5,0,0.022131705656647682,-3.7883636951446533,train,True,asr,0,E:\m-hvc\datasets\old-dataset\frames_unique\BV1Lz4y1S7U5,0.9858829379081726,0.0004567913128994405,0.013214090839028358,0.0004461678327061236,0,0,0.9778682943433523
BV1Lz4y1T7rn,0,0.04475191608071327,-3.0608367919921875,train,True,asr,0,E:\m-hvc\datasets\old-dataset\frames_unique\BV1Lz4y1T7rn,0.9776753783226013,0.0005184791516512632,0.021333130076527596,0.00047296160482801497,0,0,0.9552480839192867
BV1M34y1n7FT,0,0.008139993995428085,-4.802792549133301,train,True,asr,0,E:\m-hvc\datasets\old-dataset\frames_unique\BV1M34y1n7FT,0.9911591410636902,0.0006427452899515629,0.007611763197928667,0.000586336012929678,0,0,0.9918600060045719
BV1MN411Z7Ra,0,0.0288114994764328,-3.5177459716796875,train,True,asr,0,E:\m-hvc\datasets\old-dataset\frames_unique\BV1MN411Z7Ra,0.9221433401107788,0.002032173564657569,0.07281607389450073,0.0030083172023296356,0,0,0.9711885005235672
BV1MP41197h9,1,0.5719489455223083,0.28980717062950134,train,True,asr,2,E:\m-hvc\datasets\old-dataset\frames_unique\BV1MP41197h9,0.7593129277229309,0.0021945801563560963,0.23677413165569305,0.0017183979507535696,1,0,0.5719489455223083
BV1MQ4y1K7Jb,0,0.09094570577144623,-2.3021421432495117,train,True,asr,0,E:\m-hvc\datasets\old-dataset\frames_unique\BV1MQ4y1K7Jb,0.6560020446777344,0.23255063593387604,0.05399356037378311,0.057453714311122894,0,0,0.9090542942285538
BV1MQ4y1N77K,0,0.04034010320901871,-3.1692328453063965,train,True,asr,0,E:\m-hvc\datasets\old-dataset\frames_unique\BV1MQ4y1N77K,0.9673426747322083,0.011333138681948185,0.018350845202803612,0.002973326249048114,0,0,0.9596598967909813
BV1MU4y1D7Ks,0,0.1448896825313568,-1.7752578258514404,train,True,asr,0,E:\m-hvc\datasets\old-dataset\frames_unique\BV1MU4y1D7Ks,0.7405850887298584,0.002252449980005622,0.2543145418167114,0.002847939031198621,0,0,0.8551103174686432
BV1Md4y1f7dn,1,0.21188686788082123,-1.313589096069336,train,True,asr,2,E:\m-hvc\datasets\old-dataset\frames_unique\BV1Md4y1f7dn,0.9309495687484741,0.0008612400270067155,0.06757031381130219,0.0006188707775436342,0,0,0.7881131321191788
BV1Me411J74o,0,0.01678970828652382,-4.070056915283203,train,True,asr,0,E:\m-hvc\datasets\old-dataset\frames_unique\BV1Me411J74o,0.9885290265083313,0.0007200845866464078,0.010229176841676235,0.0005217491998337209,0,0,0.9832102917134762
BV1Mi4y1u7WX,0,0.01133525837212801,-4.468437194824219,test,True,asr,0,E:\m-hvc\datasets\old-dataset\frames_unique\BV1Mi4y1u7WX,0.9913946986198425,0.0003606886602938175,0.00794593058526516,0.00029868114506825805,0,0,0.988664741627872
BV1Mp421f7MK,0,0.08373173326253891,-2.392691135406494,val,False,missing,0,E:\m-hvc\datasets\old-dataset\frames_unique\BV1Mp421f7MK,0.875311017036438,0.010949988849461079,0.10298752039670944,0.010751507245004177,0,0,0.9162682667374611
BV1Mt4y1u77X,0,0.008684076368808746,-4.737542152404785,train,True,asr,0,E:\m-hvc\datasets\old-dataset\frames_unique\BV1Mt4y1u77X,0.9913552403450012,0.0005823845276609063,0.007603872567415237,0.00045851446338929236,0,0,0.9913159236311913
BV1Mw411B7uJ,0,0.011811490170657635,-4.426800727844238,train,True,asr,0,E:\m-hvc\datasets\old-dataset\frames_unique\BV1Mw411B7uJ,0.9896960258483887,0.0004739747382700443,0.009405967779457569,0.0004240505222696811,0,0,0.9881885098293424
BV1N14y1a7Pq,0,0.011778597719967365,-4.429622650146484,test,True,asr,0,E:\m-hvc\datasets\old-dataset\frames_unique\BV1N14y1a7Pq,0.9846087694168091,0.0010938678169623017,0.013375885784626007,0.0009214527672156692,0,0,0.9882214022800326
BV1N8411R7h7,0,0.009432857856154442,-4.654078483581543,val,True,asr,0,E:\m-hvc\datasets\old-dataset\frames_unique\BV1N8411R7h7,0.9900686144828796,0.0005270024412311614,0.008929025381803513,0.00047539177467115223,0,0,0.9905671421438456
BV1N94y1a73A,0,0.035043999552726746,-3.3154780864715576,test,True,asr,0,E:\m-hvc\datasets\old-dataset\frames_unique\BV1N94y1a73A,0.9302898645401001,0.0012725968845188618,0.06656498461961746,0.0018724935362115502,0,0,0.9649560004472733
BV1NJ41177A9,0,0.015643935650587082,-4.141904354095459,train,True,asr,0,E:\m-hvc\datasets\old-dataset\frames_unique\BV1NJ41177A9,0.9822413325309753,0.0009403696749359369,0.01582016795873642,0.0009981151670217514,0,0,0.9843560643494129
BV1NM41137FM,0,0.0279326643794775,-3.549628257751465,val,True,asr,0,E:\m-hvc\datasets\old-dataset\frames_unique\BV1NM41137FM,0.96808260679245,0.0006477916613221169,0.030587228015065193,0.0006823342409916222,0,0,0.9720673356205225
BV1NV4y1y7Kv,0,0.03877730295062065,-3.2103710174560547,test,True,asr,0,E:\m-hvc\datasets\old-dataset\frames_unique\BV1NV4y1y7Kv,0.9467582702636719,0.0010045544477179646,0.05100327357649803,0.0012338008964434266,0,0,0.9612226970493793
BV1NX4y177c8,0,0.022523315623402596,-3.770423412322998,train,True,asr,0,E:\m-hvc\datasets\old-dataset\frames_unique\BV1NX4y177c8,0.9812881946563721,0.0005710553959943354,0.017667297273874283,0.00047340799937956035,0,0,0.9774766843765974
BV1NZ421r7eh,1,0.943840503692627,2.8217616081237793,train,True,asr,2,E:\m-hvc\datasets\old-dataset\frames_unique\BV1NZ421r7eh,0.26199203729629517,0.0076087284833192825,0.7164562344551086,0.013943011872470379,1,2,0.943840503692627
BV1Nc411J7JG,0,0.011132622137665749,-4.486680507659912,train,True,asr,0,E:\m-hvc\datasets\old-dataset\frames_unique\BV1Nc411J7JG,0.9808361530303955,0.0014507676241919398,0.016323091462254524,0.0013900392223149538,0,0,0.9888673778623343
BV1Ns411f7oq,0,0.9519240856170654,2.985703945159912,val,False,missing,0,E:\m-hvc\datasets\old-dataset\frames_unique\BV1Ns411f7oq,0.11033156514167786,0.021388282999396324,0.8359513282775879,0.03232879564166069,1,2,0.9519240856170654
BV1Nt411N7bA,1,0.8324781060218811,1.6032929420471191,train,True,asr,2,E:\m-hvc\datasets\old-dataset\frames_unique\BV1Nt411N7bA,0.6124861836433411,0.00451347092166543,0.3789575397968292,0.004042832646518946,1,0,0.8324781060218811
BV1Nw411X7Xj,0,0.06068987026810646,-2.7393689155578613,train,True,asr,0,E:\m-hvc\datasets\old-dataset\frames_unique\BV1Nw411X7Xj,0.9101705551147461,0.001248834771104157,0.08710426092147827,0.001476363162510097,0,0,0.9393101297318935
BV1P64y1a7R5,0,0.08543052524328232,-2.3707499504089355,val,True,asr,0,E:\m-hvc\datasets\old-dataset\frames_unique\BV1P64y1a7R5,0.9095908403396606,0.0011138785630464554,0.0879037082195282,0.0013915396993979812,0,0,0.9145694747567177
BV1PK4y1B7BF,1,0.9333367943763733,2.639113187789917,train,False,missing,2,E:\m-hvc\datasets\old-dataset\frames_unique\BV1PK4y1B7BF,0.15615449845790863,0.010296296328306198,0.8185846209526062,0.014964587986469269,1,2,0.9333367943763733
BV1PN411275K,1,0.8427777886390686,1.679043173789978,train,True,asr,2,E:\m-hvc\datasets\old-dataset\frames_unique\BV1PN411275K,0.5776822566986084,0.0036508459597826004,0.41574037075042725,0.0029265722259879112,1,0,0.8427777886390686
BV1PV411N7VV,0,0.01768265664577484,-4.017330169677734,train,True,asr,0,E:\m-hvc\datasets\old-dataset\frames_unique\BV1PV411N7VV,0.9761185050010681,0.000938634795602411,0.021792234852910042,0.001150634023360908,0,0,0.9823173433542252
BV1PW4y1x7kS,1,0.9415799379348755,2.779900074005127,train,True,asr,2,E:\m-hvc\datasets\old-dataset\frames_unique\BV1PW4y1x7kS,0.26892778277397156,0.008429584093391895,0.7096248865127563,0.013017797842621803,1,2,0.9415799379348755
BV1Pe411Y7c5,0,0.010923744179308414,-4.505832672119141,train,True,asr,0,E:\m-hvc\datasets\old-dataset\frames_unique\BV1Pe411Y7c5,0.9810982942581177,0.0014060668181627989,0.016091633588075638,0.0014039998641237617,0,0,0.9890762558206916
BV1Pj411N7Mb,1,0.954129159450531,3.0349698066711426,train,True,asr,2,E:\m-hvc\datasets\old-dataset\frames_unique\BV1Pj411N7Mb,0.08037609606981277,0.005056924652308226,0.9041005373001099,0.010466490872204304,1,2,0.954129159450531
BV1Pz4y1c7Rd,0,0.0120948925614357,-4.402803421020508,train,True,asr,0,E:\m-hvc\datasets\old-dataset\frames_unique\BV1Pz4y1c7Rd,0.9827852845191956,0.0009308599983341992,0.015368648804724216,0.0009151803096756339,0,0,0.9879051074385643
BV1Q4411X7ZX,0,0.06732314079999924,-2.6285548210144043,train,True,asr,0,E:\m-hvc\datasets\old-dataset\frames_unique\BV1Q4411X7ZX,0.937370240688324,0.0012747934088110924,0.059983570128679276,0.0013714199885725975,0,0,0.9326768592000008
BV1QJ4m1P7xo,0,0.014457334764301777,-4.221990585327148,val,True,asr,0,E:\m-hvc\datasets\old-dataset\frames_unique\BV1QJ4m1P7xo,0.9818425178527832,0.0007585068233311176,0.016561632975935936,0.0008374242461286485,0,0,0.9855426652356982
BV1QP411h7zp,0,0.01711825281381607,-4.0503435134887695,train,True,asr,0,E:\m-hvc\datasets\old-dataset\frames_unique\BV1QP411h7zp,0.9905250668525696,0.0002993429370690137,0.008907997980713844,0.00026770023396238685,0,0,0.9828817471861839
BV1QT41127um,0,0.06781505793333054,-2.6207468509674072,test,True,asr,0,E:\m-hvc\datasets\old-dataset\frames_unique\BV1QT41127um,0.9675657153129578,0.0006981976330280304,0.031069278717041016,0.0006667583948001266,0,0,0.9321849420666695
BV1Qa4y1W7xv,0,0.010284840129315853,-4.566746234893799,train,True,asr,0,E:\m-hvc\datasets\old-dataset\frames_unique\BV1Qa4y1W7xv,0.9908884763717651,0.0006271745660342276,0.00796098355203867,0.0005232928670011461,0,0,0.9897151598706841
BV1Qb4y197h5,1,0.009381500072777271,-4.659589767456055,train,True,asr,2,E:\m-hvc\datasets\old-dataset\frames_unique\BV1Qb4y197h5,0.990613579750061,0.0009072621469385922,0.007709077093750238,0.0007700957357883453,0,0,0.9906184999272227
BV1Qe411Q7Dr,0,0.0155042028054595,-4.1510186195373535,train,True,asr,0,E:\m-hvc\datasets\old-dataset\frames_unique\BV1Qe411Q7Dr,0.961220383644104,0.0020608771592378616,0.034369319677352905,0.002349435817450285,0,0,0.9844957971945405
BV1Qj411a7wg,0,0.011468369513750076,-4.45662784576416,test,True,asr,0,E:\m-hvc\datasets\old-dataset\frames_unique\BV1Qj411a7wg,0.982920229434967,0.0011409121798351407,0.014756392687559128,0.0011823935201391578,0,0,0.9885316304862499
BV1Qk4y1g7PM,0,0.019084155559539795,-3.9396281242370605,val,True,asr,0,E:\m-hvc\datasets\old-dataset\frames_unique\BV1Qk4y1g7PM,0.979831874370575,0.000584038149099797,0.018987249583005905,0.0005968097830191255,0,0,0.9809158444404602
BV1Qu411t7vm,0,0.009306807070970535,-4.667658805847168,val,True,asr,0,E:\m-hvc\datasets\old-dataset\frames_unique\BV1Qu411t7vm,0.9896174669265747,0.0010520560899749398,0.008467387408018112,0.0008630806114524603,0,0,0.9906931929290295
BV1Qv4y1H7La,1,0.953278124332428,3.0156943798065186,train,False,missing,2,E:\m-hvc\datasets\old-dataset\frames_unique\BV1Qv4y1H7La,0.11654581874608994,0.021215548738837242,0.8287715911865234,0.03346705809235573,1,2,0.953278124332428
BV1Qx411V7tT,0,0.9432739615440369,2.8111228942871094,train,False,missing,0,E:\m-hvc\datasets\old-dataset\frames_unique\BV1Qx411V7tT,0.1419481486082077,0.015074738301336765,0.8207513093948364,0.022225717082619667,1,2,0.9432739615440369
BV1R341127r6,1,0.7660343050956726,1.1860523223876953,train,True,asr,2,E:\m-hvc\datasets\old-dataset\frames_unique\BV1R341127r6,0.6998223662376404,0.005124565213918686,0.29062920808792114,0.004423799924552441,1,0,0.7660343050956726
BV1R4411v7Z8,0,0.02274184674024582,-3.7605440616607666,train,True,asr,0,E:\m-hvc\datasets\old-dataset\frames_unique\BV1R4411v7Z8,0.9882715344429016,0.0004067433765158057,0.010965924710035324,0.0003556922310963273,0,0,0.9772581532597542
BV1R54y1V73E,0,0.014164013788104057,-4.242785453796387,train,True,asr,0,E:\m-hvc\datasets\old-dataset\frames_unique\BV1R54y1V73E,0.9902908205986023,0.00036217368324287236,0.00901079922914505,0.00033622438786551356,0,0,0.9858359862118959
BV1R64y1f78D,1,0.7929309606552124,1.3426841497421265,train,True,asr,2,E:\m-hvc\datasets\old-dataset\frames_unique\BV1R64y1f78D,0.172428697347641,0.003188386559486389,0.8192469477653503,0.005135906394571066,1,2,0.7929309606552124
BV1R8411N7m6,1,0.8106505870819092,1.4542431831359863,train,True,asr,2,E:\m-hvc\datasets\old-dataset\frames_unique\BV1R8411N7m6,0.46913740038871765,0.005333997774869204,0.518003523349762,0.007525105960667133,1,2,0.8106505870819092
BV1R84y1q7AT,0,0.04157999902963638,-3.137666702270508,test,True,asr,0,E:\m-hvc\datasets\old-dataset\frames_unique\BV1R84y1q7AT,0.9783985018730164,0.00047085731057450175,0.020733337849378586,0.0003972184204030782,0,0,0.9584200009703636
BV1RC4y1Q7KU,0,0.013891171663999557,-4.262513160705566,val,True,asr,0,E:\m-hvc\datasets\old-dataset\frames_unique\BV1RC4y1Q7KU,0.9734665155410767,0.0015429535415023565,0.023380814120173454,0.001609782804735005,0,0,0.9861088283360004
BV1RH4y1i7Lu,0,0.009529372677206993,-4.643801212310791,train,True,asr,0,E:\m-hvc\datasets\old-dataset\frames_unique\BV1RH4y1i7Lu,0.990874171257019,0.0005242121405899525,0.008108125999569893,0.0004935276811011136,0,0,0.990470627322793
BV1RV411X777,0,0.0109207509085536,-4.506109714508057,train,True,asr,0,E:\m-hvc\datasets\old-dataset\frames_unique\BV1RV411X777,0.9820224046707153,0.001272836816497147,0.015481023117899895,0.0012236636830493808,0,0,0.9890792490914464
BV1RV4y1b7vk,0,0.019196296110749245,-3.933655023574829,val,True,asr,0,E:\m-hvc\datasets\old-dataset\frames_unique\BV1RV4y1b7vk,0.9890959858894348,0.00039841237594373524,0.010152545757591724,0.0003529948298819363,0,0,0.9808037038892508
BV1RW4y1A7i6,0,0.015023651532828808,-4.182991981506348,train,True,asr,0,E:\m-hvc\datasets\old-dataset\frames_unique\BV1RW4y1A7i6,0.9647448658943176,0.0018065993208438158,0.031285081058740616,0.0021633796859532595,0,0,0.9849763484671712
BV1RW4y1D7rD,1,0.5795421600341797,0.3208942115306854,train,True,asr,2,E:\m-hvc\datasets\old-dataset\frames_unique\BV1RW4y1D7rD,0.8147029876708984,0.002005694666877389,0.18120725452899933,0.002084053587168455,1,0,0.5795421600341797
BV1RY411A7ZQ,1,0.07102857530117035,-2.570995807647705,train,True,asr,1,E:\m-hvc\datasets\old-dataset\frames_unique\BV1RY411A7ZQ,0.8225991129875183,0.0932059958577156,0.05974913761019707,0.02444581128656864,0,0,0.9289714246988297
BV1Ra4y1V7Ji,1,0.9565551280975342,3.0918467044830322,val,True,asr,2,E:\m-hvc\datasets\old-dataset\frames_unique\BV1Ra4y1V7Ji,0.2955476939678192,0.012693123891949654,0.6734833717346191,0.018275784328579903,1,2,0.9565551280975342
BV1Rc411u7sJ,1,0.35126549005508423,-0.6134812235832214,train,True,asr,2,E:\m-hvc\datasets\old-dataset\frames_unique\BV1Rc411u7sJ,0.9215120673179626,0.0010249181650578976,0.0767417922616005,0.0007212231867015362,1,0,0.6487345099449158
BV1Rg411T7eN,0,0.055161576718091965,-2.840747356414795,train,False,missing,0,E:\m-hvc\datasets\old-dataset\frames_unique\BV1Rg411T7eN,0.9150746464729309,0.007488219998776913,0.06943336874246597,0.0080037172883749,0,0,0.944838423281908
BV1Ro4y1q7Jo,0,0.027785368263721466,-3.5550670623779297,train,False,missing,0,E:\m-hvc\datasets\old-dataset\frames_unique\BV1Ro4y1q7Jo,0.9364255666732788,0.005633385386317968,0.05162579193711281,0.006315199192613363,0,0,0.9722146317362785
BV1Rq4y157fL,1,0.1286150962114334,-1.9132596254348755,train,True,asr,2,E:\m-hvc\datasets\old-dataset\frames_unique\BV1Rq4y157fL,0.9509068131446838,0.001338105765171349,0.04676993191242218,0.0009851050563156605,0,0,0.8713849037885666
BV1Rs411u7EH,0,0.9325990080833435,2.627316474914551,train,True,asr,0,E:\m-hvc\datasets\old-dataset\frames_unique\BV1Rs411u7EH,0.3829556107521057,0.006376673933118582,0.6026424765586853,0.00802524946630001,1,2,0.9325990080833435
BV1Rt4y1U78p,1,0.7550976872444153,1.1259876489639282,train,True,asr,2,E:\m-hvc\datasets\old-dataset\frames_unique\BV1Rt4y1U78p,0.716696560382843,0.0020795052405446768,0.27860724925994873,0.0026167198084294796,1,0,0.7550976872444153
BV1Rv4y1C7x8,0,0.01752891018986702,-4.026219367980957,train,True,asr,0,E:\m-hvc\datasets\old-dataset\frames_unique\BV1Rv4y1C7x8,0.9844714999198914,0.0005859312950633466,0.014442743733525276,0.0004997229552827775,0,0,0.982471089810133
BV1Rw411T76e,1,0.9728083610534668,3.5772786140441895,train,False,missing,2,E:\m-hvc\datasets\old-dataset\frames_unique\BV1Rw411T76e,0.08906786888837814,0.027011705562472343,0.8327708840370178,0.05114954710006714,1,2,0.9728083610534668
BV1S84y1R7B4,0,0.014664770103991032,-4.207533836364746,train,True,asr,0,E:\m-hvc\datasets\old-dataset\frames_unique\BV1S84y1R7B4,0.9648345112800598,0.00235603260807693,0.030271371826529503,0.0025380856823176146,0,0,0.985335229896009
BV1SH4y1D7kF,1,0.008581792935729027,-4.749493598937988,train,True,asr,2,E:\m-hvc\datasets\old-dataset\frames_unique\BV1SH4y1D7kF,0.9911894798278809,0.0006366627640090883,0.00765223940834403,0.000521698035299778,0,0,0.991418207064271
BV1SL411L7nB,0,0.013662347570061684,-4.279355049133301,val,True,asr,0,E:\m-hvc\datasets\old-dataset\frames_unique\BV1SL411L7nB,0.9821518659591675,0.0012289268197491765,0.015434347093105316,0.0011848029680550098,0,0,0.9863376524299383
BV1SM41117HN,1,0.15016400814056396,-1.7333152294158936,train,True,asr,2,E:\m-hvc\datasets\old-dataset\frames_unique\BV1SM41117HN,0.8805175423622131,0.002557249739766121,0.11550702899694443,0.001418107422068715,0,0,0.849835991859436
BV1SY411A7jM,0,0.07598564028739929,-2.498183250427246,train,True,asr,0,E:\m-hvc\datasets\old-dataset\frames_unique\BV1SY411A7jM,0.8267037272453308,0.002826289739459753,0.16671206057071686,0.003757952945306897,0,0,0.9240143597126007
BV1Sh4y1L74E,1,0.009304714389145374,-4.667885780334473,test,True,asr,2,E:\m-hvc\datasets\old-dataset\frames_unique\BV1Sh4y1L74E,0.9887231588363647,0.000958078948315233,0.009491347707808018,0.0008274956489913166,0,0,0.9906952856108546
BV1Sk4y1B7Cr,0,0.015435823239386082,-4.155508041381836,train,True,asr,0,E:\m-hvc\datasets\old-dataset\frames_unique\BV1Sk4y1B7Cr,0.9898406863212585,0.00036285744863562286,0.00948568806052208,0.00031078458414413035,0,0,0.9845641767606139
BV1Sk4y1U7qt,0,0.9484961628913879,2.913220167160034,test,True,asr,0,E:\m-hvc\datasets\old-dataset\frames_unique\BV1Sk4y1U7qt,0.17899909615516663,0.007211545016616583,0.7975155115127563,0.01627381145954132,1,2,0.9484961628913879
BV1So4y1c7cw,0,0.014403345994651318,-4.2257866859436035,train,True,asr,0,E:\m-hvc\datasets\old-dataset\frames_unique\BV1So4y1c7cw,0.9901174902915955,0.0003250367008149624,0.009256101213395596,0.00030141070601530373,0,0,0.9855966540053487
BV1Ss41167Ga,1,0.5898532271385193,0.36335867643356323,train,True,asr,2,E:\m-hvc\datasets\old-dataset\frames_unique\BV1Ss41167Ga,0.8149321675300598,0.0013959533534944057,0.182047501206398,0.0016243509016931057,1,0,0.5898532271385193
BV1St421E7Rm,0,0.012546367011964321,-4.365698337554932,train,True,asr,0,E:\m-hvc\datasets\old-dataset\frames_unique\BV1St421E7Rm,0.9791252017021179,0.0011216659331694245,0.018606867641210556,0.001146317576058209,0,0,0.9874536329880357
BV1T44y1R7fk,1,0.9763976335525513,3.722522258758545,train,False,missing,2,E:\m-hvc\datasets\old-dataset\frames_unique\BV1T44y1R7fk,0.0845404639840126,0.027908768504858017,0.8307899832725525,0.05676082894206047,1,2,0.9763976335525513
BV1TA411t7FJ,0,0.010768397711217403,-4.520312786102295,train,True,asr,0,E:\m-hvc\datasets\old-dataset\frames_unique\BV1TA411t7FJ,0.9905591011047363,0.0005904772551730275,0.008332501165568829,0.0005180141888558865,0,0,0.9892316022887826
BV1TC4y197wx,0,0.009143548086285591,-4.685521125793457,train,True,asr,0,E:\m-hvc\datasets\old-dataset\frames_unique\BV1TC4y197wx,0.9878596663475037,0.0009476838167756796,0.01030387356877327,0.0008887684671208262,0,0,0.9908564519137144
BV1TP411173t,0,0.023596035316586494,-3.7227976322174072,train,True,asr,0,E:\m-hvc\datasets\old-dataset\frames_unique\BV1TP411173t,0.9361881613731384,0.0019018726889044046,0.059258341789245605,0.0026516499929130077,0,0,0.9764039646834135
BV1TP411s7VM,0,0.008164925500750542,-4.799709320068359,train,True,asr,0,E:\m-hvc\datasets\old-dataset\frames_unique\BV1TP411s7VM,0.9915868043899536,0.0006551279220730066,0.00719505175948143,0.0005629382794722915,0,0,0.9918350744992495
BV1TS4y1r7m6,0,0.009601159952580929,-4.636223793029785,train,True,asr,0,E:\m-hvc\datasets\old-dataset\frames_unique\BV1TS4y1r7m6,0.9891477823257446,0.0008941199630498886,0.009286552667617798,0.000671558897010982,0,0,0.9903988400474191
BV1TX4y1c7KX,0,0.9449047446250916,2.8420207500457764,train,False,missing,0,E:\m-hvc\datasets\old-dataset\frames_unique\BV1TX4y1c7KX,0.14266830682754517,0.01671719364821911,0.8178991079330444,0.02271542139351368,1,2,0.9449047446250916
BV1Te411m7PS,0,0.0087508549913764,-4.729814529418945,val,True,asr,0,E:\m-hvc\datasets\old-dataset\frames_unique\BV1Te411m7PS,0.9919413328170776,0.0005732325953431427,0.006996185053139925,0.0004892275319434702,0,0,0.9912491450086236
BV1Tf4y1k7rM,0,0.027241304516792297,-3.575401782989502,train,False,missing,0,E:\m-hvc\datasets\old-dataset\frames_unique\BV1Tf4y1k7rM,0.9453644156455994,0.0048112389631569386,0.044840846210718155,0.004983547609299421,0,0,0.9727586954832077
BV1Tp4y1k7HG,1,0.013056128285825253,-4.325355529785156,train,True,asr,2,E:\m-hvc\datasets\old-dataset\frames_unique\BV1Tp4y1k7HG,0.9874453544616699,0.0005440040840767324,0.011536018922924995,0.0004745911282952875,0,0,0.9869438717141747
BV1Ts4y1A7XN,1,0.008145670406520367,-4.802089691162109,test,True,asr,2,E:\m-hvc\datasets\old-dataset\frames_unique\BV1Ts4y1A7XN,0.9913524389266968,0.0006660110084339976,0.0074323988519608974,0.0005492069176398218,0,0,0.9918543295934796
BV1Tz4y1c7Vg,0,0.6402543783187866,0.5764684081077576,val,True,asr,0,E:\m-hvc\datasets\old-dataset\frames_unique\BV1Tz4y1c7Vg,0.7838342189788818,0.006242218427360058,0.2065170258283615,0.003406511154025793,1,0,0.6402543783187866
BV1U24y1n7kh,0,0.009055919013917446,-4.695239543914795,train,True,asr,0,E:\m-hvc\datasets\old-dataset\frames_unique\BV1U24y1n7kh,0.9919094443321228,0.0005758081679232419,0.006988344714045525,0.0005264106439426541,0,0,0.9909440809860826
BV1U94y1b7Q8,1,0.881149172782898,2.0033578872680664,train,True,asr,2,E:\m-hvc\datasets\old-dataset\frames_unique\BV1U94y1b7Q8,0.3429865539073944,0.005159738939255476,0.6437151432037354,0.008138524368405342,1,2,0.881149172782898
BV1UK4y1j7N9,0,0.03897316753864288,-3.2051289081573486,train,True,asr,0,E:\m-hvc\datasets\old-dataset\frames_unique\BV1UK4y1j7N9,0.9320946931838989,0.0012586043449118733,0.06497674435377121,0.0016699318075552583,0,0,0.9610268324613571
BV1UL411n7Pe,1,0.9666897654533386,3.368013381958008,train,False,missing,2,E:\m-hvc\datasets\old-dataset\frames_unique\BV1UL411n7Pe,0.11497417092323303,0.01893850788474083,0.8322266340255737,0.033860690891742706,1,2,0.9666897654533386
BV1UN4y1i76c,0,0.021128159016370773,-3.835793972015381,train,False,missing,0,E:\m-hvc\datasets\old-dataset\frames_unique\BV1UN4y1i76c,0.9496784210205078,0.006109729874879122,0.03754783421754837,0.006664069835096598,0,0,0.9788718409836292
BV1US4y1k7tq,1,0.8413544297218323,1.6683404445648193,train,True,asr,2,E:\m-hvc\datasets\old-dataset\frames_unique\BV1US4y1k7tq,0.5645962357521057,0.006428556516766548,0.42176395654678345,0.00721121346578002,1,0,0.8413544297218323
BV1UT4y1p7WS,0,0.010933599434792995,-4.504920959472656,val,True,asr,0,E:\m-hvc\datasets\old-dataset\frames_unique\BV1UT4y1p7WS,0.9847864508628845,0.0009705432457849383,0.013254998251795769,0.000988020095974207,0,0,0.989066400565207
BV1Ua4y1z7qi,0,0.02619205042719841,-3.615758180618286,train,True,asr,0,E:\m-hvc\datasets\old-dataset\frames_unique\BV1Ua4y1z7qi,0.9688774943351746,0.0007823874475434422,0.029500627890229225,0.0008395492914132774,0,0,0.9738079495728016
BV1Ug411K7Ps,0,0.009477164596319199,-4.64934778213501,test,True,asr,0,E:\m-hvc\datasets\old-dataset\frames_unique\BV1Ug411K7Ps,0.9897435307502747,0.0006734906346537173,0.008977804332971573,0.000605150475166738,0,0,0.9905228354036808
BV1Uh411p7nE,0,0.2522510886192322,-1.0866422653198242,train,True,asr,0,E:\m-hvc\datasets\old-dataset\frames_unique\BV1Uh411p7nE,0.29787731170654297,0.10085730254650116,0.0748458132147789,0.5264195203781128,0,3,0.7477489113807678
BV1Uk4y1F73H,0,0.2770214080810547,-0.9592848420143127,train,True,asr,0,E:\m-hvc\datasets\old-dataset\frames_unique\BV1Uk4y1F73H,0.8496797680854797,0.0011033250484615564,0.14782775938510895,0.0013890768168494105,0,0,0.7229785919189453
BV1Um4y1G7Dy,0,0.025378186255693436,-3.6481595039367676,train,True,asr,0,E:\m-hvc\datasets\old-dataset\frames_unique\BV1Um4y1G7Dy,0.9789943695068359,0.0009459526627324522,0.019042765721678734,0.0010168544249609113,0,0,0.9746218137443066
BV1Us411K7va,0,0.007926159538328648,-4.829628944396973,test,True,asr,0,E:\m-hvc\datasets\old-dataset\frames_unique\BV1Us411K7va,0.9914429783821106,0.0007557162316516042,0.007132730446755886,0.0006686258711852133,0,0,0.9920738404616714
BV1Uu411o7YR,0,0.011390099301934242,-4.463555335998535,test,True,asr,0,E:\m-hvc\datasets\old-dataset\frames_unique\BV1Uu411o7YR,0.991145670413971,0.0005050426116213202,0.007893210276961327,0.00045598024735227227,0,0,0.9886099006980658
BV1Uw411v7w1,1,0.012204297818243504,-4.393687725067139,val,True,asr,2,E:\m-hvc\datasets\old-dataset\frames_unique\BV1Uw411v7w1,0.9895909428596497,0.00044592804624699056,0.009573806077241898,0.00038924074033275247,0,0,0.9877957021817565
BV1Uz4y1q7XQ,0,0.012849266640841961,-4.341536045074463,val,True,asr,0,E:\m-hvc\datasets\old-dataset\frames_unique\BV1Uz4y1q7XQ,0.9827537536621094,0.0011626635678112507,0.014981911517679691,0.0011017319047823548,0,0,0.987150733359158
BV1Uz4y1y7qZ,0,0.024916214868426323,-3.6670045852661133,train,True,asr,0,E:\m-hvc\datasets\old-dataset\frames_unique\BV1Uz4y1y7qZ,0.9697550535202026,0.0007587234140373766,0.028828807175159454,0.0006574176950380206,0,0,0.9750837851315737
BV1VC4y1H73M,1,0.8712124228477478,1.9117215871810913,train,False,missing,2,E:\m-hvc\datasets\old-dataset\frames_unique\BV1VC4y1H73M,0.23558638989925385,0.01351990643888712,0.7340078353881836,0.01688583567738533,1,2,0.8712124228477478
BV1VG411o7NR,1,0.7787482738494873,1.2583866119384766,train,True,asr,2,E:\m-hvc\datasets\old-dataset\frames_unique\BV1VG411o7NR,0.2956608235836029,0.02640445902943611,0.6695243120193481,0.008410442620515823,1,2,0.7787482738494873
BV1VG4y177A5,0,0.9679204225540161,3.406928062438965,test,True,asr,0,E:\m-hvc\datasets\old-dataset\frames_unique\BV1VG4y177A5,0.11963093280792236,0.006615538615733385,0.8558359742164612,0.017917560413479805,1,2,0.9679204225540161
BV1VJ411378e,0,0.09262163192033768,-2.282036781311035,test,True,asr,0,E:\m-hvc\datasets\old-dataset\frames_unique\BV1VJ411378e,0.9441266655921936,0.0008799723582342267,0.05377812311053276,0.0012152654817327857,0,0,0.9073783680796623
BV1VX4y1q7Mc,1,0.09852078557014465,-2.2137694358825684,train,True,asr,2,E:\m-hvc\datasets\old-dataset\frames_unique\BV1VX4y1q7Mc,0.9519087076187134,0.0007144120172597468,0.04672237113118172,0.0006544141215272248,0,0,0.9014792144298553
BV1Vy4y1p7x2,1,0.03812243789434433,-3.228084087371826,val,True,asr,2,E:\m-hvc\datasets\old-dataset\frames_unique\BV1Vy4y1p7x2,0.9688720107078552,0.0010118151549249887,0.02906579151749611,0.0010504289530217648,0,0,0.9618775621056557
BV1Vz4y1G7ky,0,0.01883566379547119,-3.9529879093170166,train,True,asr,0,E:\m-hvc\datasets\old-dataset\frames_unique\BV1Vz4y1G7ky,0.9822105169296265,0.0009531032992526889,0.015992188826203346,0.0008441676618531346,0,0,0.9811643362045288
BV1WF411r7Sn,1,0.9721034169197083,3.5509586334228516,train,True,asr,2,E:\m-hvc\datasets\old-dataset\frames_unique\BV1WF411r7Sn,0.05418524146080017,0.006052906159311533,0.9219191670417786,0.017842700704932213,1,2,0.9721034169197083
BV1WV4y1L7yu,0,0.020619962364435196,-3.8606600761413574,train,True,asr,0,E:\m-hvc\datasets\old-dataset\frames_unique\BV1WV4y1L7yu,0.944637656211853,0.0021602304186671972,0.05030940845608711,0.0028927100356668234,0,0,0.9793800376355648
BV1Wa4y1A7Kq,0,0.012592049315571785,-4.362017631530762,train,True,asr,0,E:\m-hvc\datasets\old-dataset\frames_unique\BV1Wa4y1A7Kq,0.9914883375167847,0.0004151028406340629,0.007718806155025959,0.0003777849778998643,0,0,0.9874079506844282
BV1Wd4y1C7Nk,0,0.013096755370497704,-4.322207450866699,test,True,asr,0,E:\m-hvc\datasets\old-dataset\frames_unique\BV1Wd4y1C7Nk,0.9817802309989929,0.001254228875041008,0.015879467129707336,0.0010860513430088758,0,0,0.9869032446295023
BV1We411D7sc,0,0.011233136057853699,-4.477590560913086,train,True,asr,0,E:\m-hvc\datasets\old-dataset\frames_unique\BV1We411D7sc,0.9859641790390015,0.000891385949216783,0.012343314476311207,0.0008011035388335586,0,0,0.9887668639421463
BV1Wm4y1S7xc,0,0.00785868801176548,-4.838245868682861,train,True,asr,0,E:\m-hvc\datasets\old-dataset\frames_unique\BV1Wm4y1S7xc,0.9917703866958618,0.0006404647720046341,0.0070408848114311695,0.0005482874112203717,0,0,0.9921413119882345
BV1Wp4y1z7Dr,0,0.24608992040157318,-1.119576096534729,test,True,asr,0,E:\m-hvc\datasets\old-dataset\frames_unique\BV1Wp4y1z7Dr,0.6997607350349426,0.0034916505683213472,0.2928280234336853,0.003919621463865042,0,0,0.7539100795984268
BV1X34y1u77R,0,0.034414976835250854,-3.334242343902588,val,True,asr,0,E:\m-hvc\datasets\old-dataset\frames_unique\BV1X34y1u77R,0.9368370175361633,0.0024524934124201536,0.057045962661504745,0.0036645783111453056,0,0,0.9655850231647491
BV1X5411s76j,0,0.3649806082248688,-0.5538111329078674,train,True,asr,0,E:\m-hvc\datasets\old-dataset\frames_unique\BV1X5411s76j,0.7517420053482056,0.001511847716756165,0.24433453381061554,0.0024115315172821283,1,0,0.6350193917751312
BV1X84y1m7j7,0,0.0956537127494812,-2.2464778423309326,train,True,asr,0,E:\m-hvc\datasets\old-dataset\frames_unique\BV1X84y1m7j7,0.5789070129394531,0.004176406189799309,0.41273850202560425,0.0041780914179980755,0,0,0.9043462872505188
BV1XC4y1C7s7,0,0.04264353960752487,-3.111299991607666,train,True,asr,0,E:\m-hvc\datasets\old-dataset\frames_unique\BV1XC4y1C7s7,0.9810312390327454,0.00034746923483908176,0.018340401351451874,0.0002808596473187208,0,0,0.9573564603924751
BV1XG4y1a7c1,0,0.0390314944088459,-3.2035727500915527,train,True,asr,0,E:\m-hvc\datasets\old-dataset\frames_unique\BV1XG4y1a7c1,0.9257380962371826,0.002720595570281148,0.06820555031299591,0.0033358237706124783,0,0,0.9609685055911541
BV1XN4y1U7fj,0,0.09037400782108307,-2.3090767860412598,val,True,asr,0,E:\m-hvc\datasets\old-dataset\frames_unique\BV1XN4y1U7fj,0.9662094116210938,0.00039228738751262426,0.03310607373714447,0.00029219791758805513,0,0,0.9096259921789169
BV1XP411F7Bm,0,0.015017866156995296,-4.183382987976074,train,True,asr,0,E:\m-hvc\datasets\old-dataset\frames_unique\BV1XP411F7Bm,0.9916389584541321,0.00042224006028845906,0.007610616274178028,0.0003282155084889382,0,0,0.9849821338430047
BV1XQ4y117qV,1,0.9108116626739502,2.323585033416748,val,True,asr,2,E:\m-hvc\datasets\old-dataset\frames_unique\BV1XQ4y117qV,0.46569517254829407,0.005289520602673292,0.5237302184104919,0.005285073071718216,1,2,0.9108116626739502
BV1XR4y1E75t,0,0.010239860974252224,-4.571174621582031,train,True,asr,0,E:\m-hvc\datasets\old-dataset\frames_unique\BV1XR4y1E75t,0.9927405714988708,0.00031284725992009044,0.006684001535177231,0.00026266236091032624,0,0,0.9897601390257478
BV1XV4y1D75H,0,0.024456048384308815,-3.686117649078369,train,False,missing,0,E:\m-hvc\datasets\old-dataset\frames_unique\BV1XV4y1D75H,0.9346399903297424,0.008943257853388786,0.0469614677131176,0.00945521891117096,0,0,0.9755439516156912
BV1XY4y1L72E,0,0.02803998440504074,-3.5456831455230713,test,True,asr,0,E:\m-hvc\datasets\old-dataset\frames_unique\BV1XY4y1L72E,0.9839533567428589,0.0009549848618917167,0.014316490851342678,0.000775080407038331,0,0,0.9719600155949593
BV1Xa4y1u7Bq,1,0.01959194988012314,-3.9128501415252686,train,False,missing,2,E:\m-hvc\datasets\old-dataset\frames_unique\BV1Xa4y1u7Bq,0.9415084719657898,0.008294852450489998,0.04125377908349037,0.008942896500229836,0,0,0.9804080501198769
BV1Xc411U7pj,0,0.9684370756149292,3.423701047897339,val,True,asr,0,E:\m-hvc\datasets\old-dataset\frames_unique\BV1Xc411U7pj,0.08540451526641846,0.006934805773198605,0.8853298425674438,0.022330863401293755,1,2,0.9684370756149292
BV1Xc411y7rj,0,0.018375420942902565,-3.9781949520111084,val,True,asr,0,E:\m-hvc\datasets\old-dataset\frames_unique\BV1Xc411y7rj,0.975606381893158,0.0008131537470035255,0.022769402712583542,0.0008111369097605348,0,0,0.9816245790570974
BV1Xg4y147aM,0,0.007817741483449936,-4.84351110458374,train,True,asr,0,E:\m-hvc\datasets\old-dataset\frames_unique\BV1Xg4y147aM,0.9921172261238098,0.0005563697195611894,0.006858013570308685,0.000468448328319937,0,0,0.9921822585165501
BV1Xr4y1F7wr,0,0.031298208981752396,-3.4323959350585938,train,False,missing,0,E:\m-hvc\datasets\old-dataset\frames_unique\BV1Xr4y1F7wr,0.9179129004478455,0.009248175658285618,0.06236426159739494,0.010474619455635548,0,0,0.9687017910182476
BV1Xv411G7ur,0,0.02015073224902153,-3.884158134460449,train,True,asr,0,E:\m-hvc\datasets\old-dataset\frames_unique\BV1Xv411G7ur,0.9664098024368286,0.0011138672707602382,0.031143391504883766,0.0013329447247087955,0,0,0.9798492677509785
BV1Xz4y1N77w,0,0.022229546681046486,-3.7838525772094727,test,False,missing,0,E:\m-hvc\datasets\old-dataset\frames_unique\BV1Xz4y1N77w,0.9500291347503662,0.005125019699335098,0.039471596479415894,0.005374254193156958,0,0,0.9777704533189535
BV1Y44y1v7uy,0,0.22857214510440826,-1.2163913249969482,train,True,asr,0,E:\m-hvc\datasets\old-dataset\frames_unique\BV1Y44y1v7uy,0.7244462370872498,0.001639402355067432,0.2720654606819153,0.0018489212961867452,0,0,0.7714278548955917
BV1Y541157m6,0,0.008559062145650387,-4.752168655395508,train,True,asr,0,E:\m-hvc\datasets\old-dataset\frames_unique\BV1Y541157m6,0.9919758439064026,0.0005264654755592346,0.007031388580799103,0.0004662615538109094,0,0,0.9914409378543496
BV1YA411r78E,1,0.9101484417915344,2.3154492378234863,train,True,asr,2,E:\m-hvc\datasets\old-dataset\frames_unique\BV1YA411r78E,0.31468746066093445,0.008143430575728416,0.6625994443893433,0.014569730497896671,1,2,0.9101484417915344
BV1YF411Q7hD,0,0.029064390808343887,-3.508746385574341,train,True,asr,0,E:\m-hvc\datasets\old-dataset\frames_unique\BV1YF411Q7hD,0.9571253061294556,0.001341954106464982,0.040266044437885284,0.0012666675029322505,0,0,0.9709356091916561
BV1YQ4y1C7gV,1,0.7127806544303894,0.9089276194572449,train,True,asr,2,E:\m-hvc\datasets\old-dataset\frames_unique\BV1YQ4y1C7gV,0.7027804255485535,0.002093543531373143,0.2932639718055725,0.001862018252722919,1,0,0.7127806544303894
BV1YQ4y1b7rr,1,0.01013207621872425,-4.581865310668945,val,True,asr,2,E:\m-hvc\datasets\old-dataset\frames_unique\BV1YQ4y1b7rr,0.9853547811508179,0.0010250251507386565,0.01268757227808237,0.0009326700237579644,0,0,0.9898679237812757
BV1YW4y127gs,0,0.0163514893501997,-4.096949577331543,train,True,asr,0,E:\m-hvc\datasets\old-dataset\frames_unique\BV1YW4y127gs,0.9690866470336914,0.001252982416190207,0.02832038141787052,0.001339909271337092,0,0,0.9836485106498003
BV1Ya4y1M7Ye,1,0.5393254160881042,0.157627135515213,train,True,asr,2,E:\m-hvc\datasets\old-dataset\frames_unique\BV1Ya4y1M7Ye,0.8556841611862183,0.0057360208593308926,0.1340680867433548,0.0045117707923054695,1,0,0.5393254160881042
BV1Yb4y1g7f1,0,0.014126504771411419,-4.2454752922058105,val,True,asr,0,E:\m-hvc\datasets\old-dataset\frames_unique\BV1Yb4y1g7f1,0.972339391708374,0.0016698181862011552,0.02438569813966751,0.001605191733688116,0,0,0.9858734952285886
BV1Ye411Z73C,0,0.0201103575527668,-3.886204957962036,train,True,asr,0,E:\m-hvc\datasets\old-dataset\frames_unique\BV1Ye411Z73C,0.9897589683532715,0.000430926273111254,0.009485384449362755,0.0003247759013902396,0,0,0.9798896424472332
BV1Yf4y1n7fF,1,0.3647306263446808,-0.5548900961875916,train,True,asr,2,E:\m-hvc\datasets\old-dataset\frames_unique\BV1Yf4y1n7fF,0.823814332485199,0.001452074502594769,0.1727866381406784,0.0019469578983262181,1,0,0.6352693736553192
BV1Yh411B7XD,0,0.24082186818122864,-1.1481789350509644,test,True,asr,0,E:\m-hvc\datasets\old-dataset\frames_unique\BV1Yh411B7XD,0.9261555075645447,0.0012040715664625168,0.0717034637928009,0.0009369715698994696,0,0,0.7591781318187714
BV1Yo4y1A7G2,0,0.014796190895140171,-4.198478698730469,train,True,asr,0,E:\m-hvc\datasets\old-dataset\frames_unique\BV1Yo4y1A7G2,0.9623816013336182,0.002027051290497184,0.033442482352256775,0.0021488734055310488,0,0,0.9852038091048598
BV1Yo4y1o7Wn,0,0.09467839449644089,-2.2578043937683105,train,True,asr,0,E:\m-hvc\datasets\old-dataset\frames_unique\BV1Yo4y1o7Wn,0.9567441344261169,0.0006839612615294755,0.04197695478796959,0.0005949848564341664,0,0,0.9053216055035591
BV1Yp4y13771,0,0.14542637765407562,-1.770932674407959,val,True,asr,0,E:\m-hvc\datasets\old-dataset\frames_unique\BV1Yp4y13771,0.953044056892395,0.0005405832780525088,0.04589245095849037,0.0005228910595178604,0,0,0.8545736223459244
BV1Yp4y1R7fS,0,0.011202401481568813,-4.480361461639404,train,True,asr,0,E:\m-hvc\datasets\old-dataset\frames_unique\BV1Yp4y1R7fS,0.9881563186645508,0.000648008193820715,0.010604721494019032,0.0005909692845307291,0,0,0.9887975985184312
BV1Yt411T7Fr,1,0.04913273826241493,-2.9628489017486572,train,True,asr,2,E:\m-hvc\datasets\old-dataset\frames_unique\BV1Yt411T7Fr,0.9798562526702881,0.0004275433602742851,0.019411735236644745,0.0003045388148166239,0,0,0.9508672617375851
BV1ZV4y1a7uV,0,0.13687969744205475,-1.841451644897461,test,True,asr,0,E:\m-hvc\datasets\old-dataset\frames_unique\BV1ZV4y1a7uV,0.7389291524887085,0.00243249349296093,0.2561449110507965,0.0024934732355177402,0,0,0.8631203025579453
BV1ZW4y1L7rT,0,0.013031217269599438,-4.3272905349731445,train,True,asr,0,E:\m-hvc\datasets\old-dataset\frames_unique\BV1ZW4y1L7rT,0.9827879071235657,0.0009975360007956624,0.015143710188567638,0.001070860424079001,0,0,0.9869687827304006
BV1Ze411h7yw,0,0.008037048391997814,-4.815623760223389,val,True,asr,0,E:\m-hvc\datasets\old-dataset\frames_unique\BV1Ze411h7yw,0.9912015199661255,0.0007156992214731872,0.007439167704433203,0.0006436555413529277,0,0,0.9919629516080022
BV1Zg4y1H7ih,1,0.9393466711044312,2.740009307861328,test,True,asr,2,E:\m-hvc\datasets\old-dataset\frames_unique\BV1Zg4y1H7ih,0.3566818833351135,0.006917243357747793,0.6282786130905151,0.008122194558382034,1,2,0.9393466711044312
BV1Zk4y1W7mz,0,0.04325533285737038,-3.0964159965515137,test,True,asr,0,E:\m-hvc\datasets\old-dataset\frames_unique\BV1Zk4y1W7mz,0.8733773827552795,0.002692301059141755,0.12015826255083084,0.0037721029948443174,0,0,0.9567446671426296
BV1Zm4y1z7sE,0,0.018225671723484993,-3.986530303955078,train,True,asr,0,E:\m-hvc\datasets\old-dataset\frames_unique\BV1Zm4y1z7sE,0.9533591270446777,0.0018089531222358346,0.04270182177424431,0.002130117267370224,0,0,0.981774328276515
BV1Zo4y1x7dF,0,0.16329413652420044,-1.6339194774627686,train,True,asr,0,E:\m-hvc\datasets\old-dataset\frames_unique\BV1Zo4y1x7dF,0.9050089120864868,0.0016925990348681808,0.09136982262134552,0.0019286712631583214,0,0,0.8367058634757996
BV1a14y1n712,0,0.02867206372320652,-3.5227408409118652,train,False,missing,0,E:\m-hvc\datasets\old-dataset\frames_unique\BV1a14y1n712,0.9305607676506042,0.008204623125493526,0.05265399441123009,0.008580640889704227,0,0,0.9713279362767935
BV1a24y1w79M,0,0.024453256279230118,-3.686234712600708,train,True,asr,0,E:\m-hvc\datasets\old-dataset\frames_unique\BV1a24y1w79M,0.9864313006401062,0.0006437193951569498,0.012462847866117954,0.0004621485131792724,0,0,0.9755467437207699
BV1a34y1p7xu,1,0.923259437084198,2.487480878829956,test,True,asr,2,E:\m-hvc\datasets\old-dataset\frames_unique\BV1a34y1p7xu,0.42916011810302734,0.009058885276317596,0.5517669916152954,0.010014018043875694,1,2,0.923259437084198
BV1aE411F77P,1,0.023451657965779305,-3.7290830612182617,train,True,asr,2,E:\m-hvc\datasets\old-dataset\frames_unique\BV1aE411F77P,0.9886940121650696,0.0005183350876905024,0.010366346687078476,0.0004212804778944701,0,0,0.9765483420342207
BV1aF411x7Xt,0,0.012780877761542797,-4.346941947937012,test,True,asr,0,E:\m-hvc\datasets\old-dataset\frames_unique\BV1aF411x7Xt,0.9877297282218933,0.0005426449934020638,0.011177841573953629,0.0005498550017364323,0,0,0.9872191222384572
BV1aG411S72h,0,0.011655696667730808,-4.4402360916137695,train,True,asr,0,E:\m-hvc\datasets\old-dataset\frames_unique\BV1aG411S72h,0.9892734885215759,0.001001877710223198,0.008896615356206894,0.000828043557703495,0,0,0.9883443033322692
BV1aM41147V7,0,0.02011459693312645,-3.8859899044036865,train,True,asr,0,E:\m-hvc\datasets\old-dataset\frames_unique\BV1aM41147V7,0.9829299449920654,0.0006940092425793409,0.015762237831950188,0.0006137417512945831,0,0,0.9798854030668736
BV1aM4y1x7RU,0,0.8871938586235046,2.0623927116394043,train,False,missing,0,E:\m-hvc\datasets\old-dataset\frames_unique\BV1aM4y1x7RU,0.19532087445259094,0.015054771676659584,0.7724229693412781,0.017201408743858337,1,2,0.8871938586235046
BV1aP41167kx,0,0.011718560941517353,-4.434793472290039,train,True,asr,0,E:\m-hvc\datasets\old-dataset\frames_unique\BV1aP41167kx,0.9890885949134827,0.0005900113610550761,0.009756132028996944,0.0005652775871567428,0,0,0.9882814390584826
BV1aP4y1E7PF,1,0.09164958447217941,-2.2936577796936035,train,True,asr,2,E:\m-hvc\datasets\old-dataset\frames_unique\BV1aP4y1E7PF,0.955070436000824,0.0005980933783575892,0.04381120949983597,0.0005203332402743399,0,0,0.9083504155278206
BV1aT4y1j73u,0,0.03030191920697689,-3.465773582458496,train,True,asr,0,E:\m-hvc\datasets\old-dataset\frames_unique\BV1aT4y1j73u,0.9381313323974609,0.0015236182371154428,0.05844967067241669,0.0018953218823298812,0,0,0.9696980807930231
BV1aV4y1b7tA,1,0.009116914123296738,-4.688465118408203,test,True,asr,2,E:\m-hvc\datasets\old-dataset\frames_unique\BV1aV4y1b7tA,0.9903027415275574,0.0008324357331730425,0.008145933970808983,0.0007189203752204776,0,0,0.9908830858767033
BV1aa4y1m7DK,0,0.03231091797351837,-3.399505615234375,train,True,asr,0,E:\m-hvc\datasets\old-dataset\frames_unique\BV1aa4y1m7DK,0.963007390499115,0.0009320732788182795,0.03507619351148605,0.0009843866573646665,0,0,0.9676890820264816
BV1ad4y1Q7eL,0,0.008409915491938591,-4.769898414611816,test,True,asr,0,E:\m-hvc\datasets\old-dataset\frames_unique\BV1ad4y1Q7eL,0.9915247559547424,0.0005865908460691571,0.007351631298661232,0.0005369812133722007,0,0,0.9915900845080614
BV1ad4y1p7Qz,1,0.955662190914154,3.0705678462982178,train,True,asr,2,E:\m-hvc\datasets\old-dataset\frames_unique\BV1ad4y1p7Qz,0.02721872180700302,0.002996983705088496,0.9598647952079773,0.009919509291648865,1,2,0.955662190914154
BV1aj411a7N8,0,0.02070416882634163,-3.8564987182617188,train,True,asr,0,E:\m-hvc\datasets\old-dataset\frames_unique\BV1aj411a7N8,0.9630168676376343,0.006230329629033804,0.025537431240081787,0.005215391516685486,0,0,0.9792958311736584
BV1am4y1s7RM,1,0.5036427974700928,0.014571554958820343,test,False,missing,2,E:\m-hvc\datasets\old-dataset\frames_unique\BV1am4y1s7RM,0.5009049773216248,0.010946854948997498,0.4784301519393921,0.009718022309243679,1,0,0.5036427974700928
BV1at4y1w7Yd,0,0.19957269728183746,-1.3889671564102173,val,True,asr,0,E:\m-hvc\datasets\old-dataset\frames_unique\BV1at4y1w7Yd,0.9489990472793579,0.0009178670006804168,0.0493314154446125,0.0007517258636653423,0,0,0.8004273027181625
BV1au4y147Mr,0,0.015000002458691597,-4.184591293334961,train,True,asr,0,E:\m-hvc\datasets\old-dataset\frames_unique\BV1au4y147Mr,0.9744814038276672,0.0018592715496197343,0.021983487531542778,0.001675833365879953,0,0,0.9849999975413084
BV1aw411y75E,0,0.039523590356111526,-3.1905317306518555,train,True,asr,0,E:\m-hvc\datasets\old-dataset\frames_unique\BV1aw411y75E,0.9350343942642212,0.0014527300372719765,0.06150138005614281,0.002011463511735201,0,0,0.9604764096438885
BV1b84y197NJ,0,0.012676248326897621,-4.3552680015563965,test,True,asr,0,E:\m-hvc\datasets\old-dataset\frames_unique\BV1b84y197NJ,0.9849907755851746,0.0007565568666905165,0.013571039773523808,0.0006815515225753188,0,0,0.9873237516731024
BV1bA41137we,1,0.023729896172881126,-3.717003583908081,train,True,asr,2,E:\m-hvc\datasets\old-dataset\frames_unique\BV1bA41137we,0.9492598176002502,0.002221309347078204,0.04583163931965828,0.0026872872840613127,0,0,0.9762701038271189
BV1bV4y1i74t,0,0.011515800841152668,-4.452452659606934,train,True,asr,0,E:\m-hvc\datasets\old-dataset\frames_unique\BV1bV4y1i74t,0.9849948287010193,0.0009414656087756157,0.013266783207654953,0.0007969639846123755,0,0,0.9884841991588473
BV1bg4y1Z7ht,0,0.02619718760251999,-3.6155567169189453,val,True,asr,0,E:\m-hvc\datasets\old-dataset\frames_unique\BV1bg4y1Z7ht,0.9180229306221008,0.0033664675429463387,0.07397934794425964,0.0046312930062413216,0,0,0.97380281239748
BV1bh4y1173w,0,0.9328466653823853,2.631263256072998,val,True,asr,0,E:\m-hvc\datasets\old-dataset\frames_unique\BV1bh4y1173w,0.4026201069355011,0.010125810280442238,0.5729650855064392,0.01428901869803667,1,2,0.9328466653823853
BV1bk4y1K7Eu,1,0.8727983236312866,1.9259312152862549,train,True,asr,2,E:\m-hvc\datasets\old-dataset\frames_unique\BV1bk4y1K7Eu,0.5881335139274597,0.00541679048910737,0.4012708365917206,0.005178852938115597,1,0,0.8727983236312866
BV1bm4y1C75b,1,0.9417597055435181,2.783172845840454,train,True,asr,1,E:\m-hvc\datasets\old-dataset\frames_unique\BV1bm4y1C75b,0.23438532650470734,0.2761961817741394,0.3664258122444153,0.1229926198720932,1,2,0.9417597055435181
BV1bm4y1C7W4,0,0.03658600151538849,-3.270817518234253,train,True,asr,0,E:\m-hvc\datasets\old-dataset\frames_unique\BV1bm4y1C7W4,0.9845749139785767,0.0004891454009339213,0.014528880827128887,0.00040705359424464405,0,0,0.9634139984846115
BV1bp4y1h7m1,1,0.5638178586959839,0.2566714584827423,train,True,asr,2,E:\m-hvc\datasets\old-dataset\frames_unique\BV1bp4y1h7m1,0.8260078430175781,0.0023661775048822165,0.16979140043258667,0.0018346059368923306,1,0,0.5638178586959839
BV1bp4y1n7FC,1,0.9768288731575012,3.7414050102233887,val,False,missing,2,E:\m-hvc\datasets\old-dataset\frames_unique\BV1bp4y1n7FC,0.08690349757671356,0.04059393331408501,0.7721962332725525,0.10030626505613327,1,2,0.9768288731575012
BV1bw411V79d,1,0.49689003825187683,-0.012440018355846405,train,True,asr,3,E:\m-hvc\datasets\old-dataset\frames_unique\BV1bw411V79d,0.10560674965381622,0.08849772065877914,0.048534516245126724,0.7573610544204712,1,3,0.5031099617481232
BV1c3411m7nb,0,0.008969341404736042,-4.704933166503906,train,True,asr,0,E:\m-hvc\datasets\old-dataset\frames_unique\BV1c3411m7nb,0.9914290308952332,0.0005332411965355277,0.00758498115465045,0.0004527728306129575,0,0,0.991030658595264
BV1cC4y1J75j,0,0.011205977760255337,-4.480038642883301,test,True,asr,0,E:\m-hvc\datasets\old-dataset\frames_unique\BV1cC4y1J75j,0.9916989803314209,0.00047330529196187854,0.0074129425920546055,0.00041481800144538283,0,0,0.9887940222397447
BV1cM411J7bN,0,0.05028032138943672,-2.9385530948638916,val,True,asr,0,E:\m-hvc\datasets\old-dataset\frames_unique\BV1cM411J7bN,0.7701858878135681,0.0056597026996314526,0.21434015035629272,0.009814214892685413,0,0,0.9497196786105633
BV1cP41187kC,0,0.04450477659702301,-3.0666332244873047,train,True,asr,0,E:\m-hvc\datasets\old-dataset\frames_unique\BV1cP41187kC,0.9022279977798462,0.0020494817290455103,0.09341699630022049,0.0023056308273226023,0,0,0.955495223402977
BV1cR4y1m7YS,1,0.44840461015701294,-0.20711883902549744,train,False,missing,2,E:\m-hvc\datasets\old-dataset\frames_unique\BV1cR4y1m7YS,0.6066552996635437,0.009856138378381729,0.3736431300640106,0.009845445863902569,1,0,0.5515953898429871
BV1cW4y1D756,1,0.4201841354370117,-0.32201769948005676,train,True,asr,2,E:\m-hvc\datasets\old-dataset\frames_unique\BV1cW4y1D756,0.9011180400848389,0.0016315272077918053,0.09625322371721268,0.0009972358820959926,1,0,0.5798158645629883
BV1ca4y157Pi,0,0.014809404499828815,-4.197572708129883,train,True,asr,0,E:\m-hvc\datasets\old-dataset\frames_unique\BV1ca4y157Pi,0.9796538949012756,0.0016080653294920921,0.01720999740064144,0.0015280211810022593,0,0,0.9851905955001712
BV1ca4y1e7ud,1,0.9432320594787598,2.8103413581848145,train,True,asr,2,E:\m-hvc\datasets\old-dataset\frames_unique\BV1ca4y1e7ud,0.2617926001548767,0.009961260482668877,0.7099595069885254,0.01828673668205738,1,2,0.9432320594787598
BV1cb411Q7c7,0,0.012037045322358608,-4.407656192779541,test,True,asr,0,E:\m-hvc\datasets\old-dataset\frames_unique\BV1cb411Q7c7,0.9914529323577881,0.0010756982956081629,0.006888518109917641,0.0005828753346577287,0,0,0.9879629546776414
BV1cc411C7b4,1,0.07940279692411423,-2.450489044189453,val,False,missing,2,E:\m-hvc\datasets\old-dataset\frames_unique\BV1cc411C7b4,0.8466016054153442,0.011415467597544193,0.1317158192396164,0.010267063975334167,0,0,0.9205972030758858
BV1cf4y1K7QG,1,0.505068838596344,0.020276181399822235,test,True,asr,2,E:\m-hvc\datasets\old-dataset\frames_unique\BV1cf4y1K7QG,0.8800690770149231,0.004613633267581463,0.11223352700471878,0.0030837752856314182,1,0,0.505068838596344
BV1ch411L7VP,1,0.716396152973175,0.9266552329063416,train,True,asr,2,E:\m-hvc\datasets\old-dataset\frames_unique\BV1ch411L7VP,0.6620534658432007,0.0026828984264284372,0.3329133987426758,0.0023502216208726168,1,0,0.716396152973175
BV1cp421o7gr,0,0.019111141562461853,-3.938187599182129,train,True,asr,0,E:\m-hvc\datasets\old-dataset\frames_unique\BV1cp421o7gr,0.9890669584274292,0.00043016791460104287,0.01018335111439228,0.00031957076862454414,0,0,0.9808888584375381
BV1cs4y1Y7hn,0,0.013329699635505676,-4.3043413162231445,train,True,asr,0,E:\m-hvc\datasets\old-dataset\frames_unique\BV1cs4y1Y7hn,0.99137282371521,0.0005139614804647863,0.007701408118009567,0.0004119175428058952,0,0,0.9866703003644943
BV1cu4y1g76S,0,0.022020740434527397,-3.793503761291504,train,True,asr,0,E:\m-hvc\datasets\old-dataset\frames_unique\BV1cu4y1g76S,0.986954391002655,0.00029708939837291837,0.012472162023186684,0.00027629893156699836,0,0,0.9779792595654726
BV1cw41137uv,0,0.014099620282649994,-4.24740743637085,train,True,asr,0,E:\m-hvc\datasets\old-dataset\frames_unique\BV1cw41137uv,0.9837861657142639,0.000809071003459394,0.014678066596388817,0.0007267067558132112,0,0,0.98590037971735
BV1d24y1z73i,0,0.02582688070833683,-3.6301732063293457,train,False,missing,0,E:\m-hvc\datasets\old-dataset\frames_unique\BV1d24y1z73i,0.9325670003890991,0.00982796959578991,0.04814089462161064,0.009464138187468052,0,0,0.9741731192916632
BV1dC4y1N73S,0,0.014025384560227394,-4.2527618408203125,train,True,asr,0,E:\m-hvc\datasets\old-dataset\frames_unique\BV1dC4y1N73S,0.9794943332672119,0.0011777769541367888,0.018148137256503105,0.0011796654434874654,0,0,0.9859746154397726
BV1dM4m1d7FB,0,0.015014669857919216,-4.18359899520874,train,True,asr,0,E:\m-hvc\datasets\old-dataset\frames_unique\BV1dM4m1d7FB,0.9907190203666687,0.0004078360216226429,0.008522862568497658,0.00035028380807489157,0,0,0.9849853301420808
BV1dM4y1x7rM,1,0.7562220096588135,1.1320769786834717,train,True,asr,2,E:\m-hvc\datasets\old-dataset\frames_unique\BV1dM4y1x7rM,0.2165304273366928,0.003600866999477148,0.7711408138275146,0.00872788019478321,1,2,0.7562220096588135
BV1dN411p72h,0,0.010974260047078133,-4.5011677742004395,train,True,asr,0,E:\m-hvc\datasets\old-dataset\frames_unique\BV1dN411p72h,0.9874870777130127,0.0008987750625237823,0.010798690840601921,0.0008154580136761069,0,0,0.9890257399529219
BV1dR4y1F78e,0,0.016370967030525208,-4.095739364624023,test,True,asr,0,E:\m-hvc\datasets\old-dataset\frames_unique\BV1dR4y1F78e,0.9738940596580505,0.0011556186946108937,0.02381613478064537,0.0011342098005115986,0,0,0.9836290329694748
BV1dX4y1c7GG,0,0.018999839201569557,-3.9441421031951904,train,True,asr,0,E:\m-hvc\datasets\old-dataset\frames_unique\BV1dX4y1c7GG,0.9910089373588562,0.00024367577861994505,0.00854211300611496,0.00020525349827948958,0,0,0.9810001607984304
BV1da411c76p,1,0.6661251783370972,0.6907115578651428,train,True,asr,2,E:\m-hvc\datasets\old-dataset\frames_unique\BV1da411c76p,0.7589166760444641,0.004273690283298492,0.23375952243804932,0.003050154307857156,1,0,0.6661251783370972
BV1de41127of,1,0.5138641595840454,0.055470697581768036,train,True,asr,2,E:\m-hvc\datasets\old-dataset\frames_unique\BV1de41127of,0.8512879610061646,0.0033336817286908627,0.14148811995983124,0.0038901481311768293,1,0,0.5138641595840454
BV1dh411A7p3,0,0.06573749333620071,-2.654088020324707,train,False,missing,0,E:\m-hvc\datasets\old-dataset\frames_unique\BV1dh411A7p3,0.90533846616745,0.0066537391394376755,0.0805792361497879,0.007428597193211317,0,0,0.9342625066637993
BV1dm4y1r7Yn,0,0.01599244214594364,-4.1195173263549805,val,True,asr,0,E:\m-hvc\datasets\old-dataset\frames_unique\BV1dm4y1r7Yn,0.964597225189209,0.0017902193358168006,0.031711146235466,0.0019013319397345185,0,0,0.9840075578540564
BV1dq4y1z78t,0,0.042202431708574295,-3.1221585273742676,val,False,missing,0,E:\m-hvc\datasets\old-dataset\frames_unique\BV1dq4y1z78t,0.9095960855484009,0.007579396013170481,0.07457464933395386,0.008249925449490547,0,0,0.9577975682914257
BV1du411g7tk,0,0.02024969458580017,-3.8791580200195312,train,True,asr,0,E:\m-hvc\datasets\old-dataset\frames_unique\BV1du411g7tk,0.9896963834762573,0.0002840508532244712,0.009775429964065552,0.0002442027616780251,0,0,0.9797503054141998
BV1dw411f76v,1,0.04101913049817085,-3.1518325805664062,train,True,asr,2,E:\m-hvc\datasets\old-dataset\frames_unique\BV1dw411f76v,0.8231458067893982,0.0054812622256577015,0.1635964959859848,0.007776455953717232,0,0,0.9589808695018291
BV1e24y1T7Z2,1,0.1879221498966217,-1.4635684490203857,train,True,asr,2,E:\m-hvc\datasets\old-dataset\frames_unique\BV1e24y1T7Z2,0.9507602453231812,0.0005792775773443282,0.0482046939432621,0.00045572727685794234,0,0,0.8120778501033783
BV1eM4y1d7RX,0,0.03246879205107689,-3.394468307495117,train,True,asr,0,E:\m-hvc\datasets\old-dataset\frames_unique\BV1eM4y1d7RX,0.96158766746521,0.0007388736121356487,0.036879897117614746,0.0007935935282148421,0,0,0.9675312079489231
BV1eT4y1r73n,0,0.013363330624997616,-4.301787376403809,train,True,asr,0,E:\m-hvc\datasets\old-dataset\frames_unique\BV1eT4y1r73n,0.9687370657920837,0.0018009641207754612,0.02746349759399891,0.0019985088147222996,0,0,0.9866366693750024
BV1eV4y1Q7Ys,0,0.009646071121096611,-4.631511688232422,train,True,asr,0,E:\m-hvc\datasets\old-dataset\frames_unique\BV1eV4y1Q7Ys,0.9918176531791687,0.0005277320742607117,0.0072188470512628555,0.0004357023281045258,0,0,0.9903539288789034
BV1eb411K7Bd,0,0.025400208309292793,-3.6472694873809814,test,False,missing,0,E:\m-hvc\datasets\old-dataset\frames_unique\BV1eb411K7Bd,0.9479188919067383,0.006398266181349754,0.03899377956986427,0.006689118221402168,0,0,0.9745997916907072
BV1ec411i7DD,0,0.012604126706719398,-4.36104679107666,train,True,asr,0,E:\m-hvc\datasets\old-dataset\frames_unique\BV1ec411i7DD,0.9780405759811401,0.0012222254881635308,0.019471416249871254,0.0012658474734053016,0,0,0.9873958732932806
BV1eg4y1J7Zj,0,0.08764635771512985,-2.3427176475524902,train,True,asr,0,E:\m-hvc\datasets\old-dataset\frames_unique\BV1eg4y1J7Zj,0.9683319926261902,0.00041174713987857103,0.030928652733564377,0.0003276543284300715,0,0,0.9123536422848701
BV1em4y1B7bQ,0,0.021689271554350853,-3.809009552001953,train,False,missing,0,E:\m-hvc\datasets\old-dataset\frames_unique\BV1em4y1B7bQ,0.9418158531188965,0.007837201468646526,0.04175737872719765,0.008589568547904491,0,0,0.9783107284456491
BV1es4y167Q5,1,0.32497742772102356,-0.7309904098510742,test,True,asr,2,E:\m-hvc\datasets\old-dataset\frames_unique\BV1es4y167Q5,0.4941973090171814,0.004222010727971792,0.4972339868545532,0.004346636589616537,1,2,0.6750225722789764
BV1ey4y1r7nP,0,0.015458233654499054,-4.154034614562988,train,True,asr,0,E:\m-hvc\datasets\old-dataset\frames_unique\BV1ey4y1r7nP,0.9751161336898804,0.0011500769760459661,0.022540967911481857,0.0011928034946322441,0,0,0.984541766345501
BV1f4411F7FC,1,0.07824502140283585,-2.4664342403411865,val,True,asr,2,E:\m-hvc\datasets\old-dataset\frames_unique\BV1f4411F7FC,0.9407715797424316,0.001093926839530468,0.057274363934993744,0.0008601951994933188,0,0,0.9217549785971642
BV1f4411V7of,1,0.7336275577545166,1.0131062269210815,val,True,asr,2,E:\m-hvc\datasets\old-dataset\frames_unique\BV1f4411V7of,0.6845274567604065,0.00858364999294281,0.29982995986938477,0.0070589096285402775,1,0,0.7336275577545166
BV1f64y117V2,0,0.016095450147986412,-4.112992286682129,test,True,asr,0,E:\m-hvc\datasets\old-dataset\frames_unique\BV1f64y117V2,0.9769907593727112,0.001192788709886372,0.020759230479598045,0.0010572405299171805,0,0,0.9839045498520136
BV1f8411b7Xz,0,0.01633833535015583,-4.0977678298950195,val,True,asr,0,E:\m-hvc\datasets\old-dataset\frames_unique\BV1f8411b7Xz,0.990755021572113,0.0004661107377614826,0.00835882592946291,0.00042004388524219394,0,0,0.9836616646498442
BV1fG411B7iM,0,0.016882790252566338,-4.064433574676514,val,True,asr,0,E:\m-hvc\datasets\old-dataset\frames_unique\BV1fG411B7iM,0.975021243095398,0.001141632441431284,0.022862687706947327,0.0009744372800923884,0,0,0.9831172097474337
BV1fG411p7g6,0,0.009800798259675503,-4.615442276000977,train,True,asr,0,E:\m-hvc\datasets\old-dataset\frames_unique\BV1fG411p7g6,0.9897593259811401,0.0004892815486527979,0.009308840148150921,0.0004426253435667604,0,0,0.9901992017403245
BV1fS4y1z7XE,0,0.03101378306746483,-3.4418187141418457,train,True,asr,0,E:\m-hvc\datasets\old-dataset\frames_unique\BV1fS4y1z7XE,0.9698609709739685,0.0011104699224233627,0.027937516570091248,0.00109096709638834,0,0,0.9689862169325352
BV1fU4y1X7Gu,0,0.011021509766578674,-4.496823787689209,train,True,asr,0,E:\m-hvc\datasets\old-dataset\frames_unique\BV1fU4y1X7Gu,0.9918660521507263,0.0003029328945558518,0.007571708876639605,0.00025934563018381596,0,0,0.9889784902334213
BV1fZ4y1A75h,0,0.10814417898654938,-2.1098392009735107,train,True,asr,0,E:\m-hvc\datasets\old-dataset\frames_unique\BV1fZ4y1A75h,0.9412947297096252,0.0005709107499569654,0.05763712525367737,0.0004972434835508466,0,0,0.8918558210134506
BV1fb4y197W1,0,0.016586728394031525,-4.08242654800415,train,True,asr,0,E:\m-hvc\datasets\old-dataset\frames_unique\BV1fb4y197W1,0.9866640567779541,0.0007683022413402796,0.011837027035653591,0.0007306028855964541,0,0,0.9834132716059685
BV1fc411o7Rt,0,0.03324350714683533,-3.370087146759033,train,True,asr,0,E:\m-hvc\datasets\old-dataset\frames_unique\BV1fc411o7Rt,0.8896686434745789,0.002018681028857827,0.10551494359970093,0.00279774097725749,0,0,0.9667564928531647
BV1fg4y1x7Xt,0,0.00945010781288147,-4.652234077453613,train,True,asr,0,E:\m-hvc\datasets\old-dataset\frames_unique\BV1fg4y1x7Xt,0.9901177287101746,0.0007425479125231504,0.00853027869015932,0.0006094491691328585,0,0,0.9905498921871185
BV1fh411K7kf,0,0.020624248310923576,-3.860447883605957,train,True,asr,0,E:\m-hvc\datasets\old-dataset\frames_unique\BV1fh411K7kf,0.9363551139831543,0.003015426453202963,0.05669504776597023,0.00393440667539835,0,0,0.9793757516890764
BV1fp4y1M7HW,0,0.013578873127698898,-4.2855682373046875,val,True,asr,0,E:\m-hvc\datasets\old-dataset\frames_unique\BV1fp4y1M7HW,0.9774545431137085,0.0010581864044070244,0.020423544570803642,0.0010636438382789493,0,0,0.9864211268723011
BV1g14y1u7XD,1,0.8902273774147034,2.0930652618408203,train,True,asr,2,E:\m-hvc\datasets\old-dataset\frames_unique\BV1g14y1u7XD,0.3164738416671753,0.005849879235029221,0.6661431193351746,0.011533149518072605,1,2,0.8902273774147034
BV1g8411Z791,0,0.008888611570000648,-4.714056015014648,train,True,asr,0,E:\m-hvc\datasets\old-dataset\frames_unique\BV1g8411Z791,0.9919623732566833,0.0005518398247659206,0.007004811894148588,0.0004809740639757365,0,0,0.9911113884299994
BV1gC4y1R7KF,1,0.15069936215877533,-1.7291263341903687,test,False,missing,2,E:\m-hvc\datasets\old-dataset\frames_unique\BV1gC4y1R7KF,0.7901325225830078,0.016361497342586517,0.17585863173007965,0.01764729619026184,0,0,0.8493006378412247
BV1gP411W7fx,0,0.03953658789396286,-3.1901893615722656,train,False,missing,0,E:\m-hvc\datasets\old-dataset\frames_unique\BV1gP411W7fx,0.9350330829620361,0.004116290248930454,0.0560157373547554,0.004834879655390978,0,0,0.9604634121060371
BV1gT41167Jb,1,0.9513007402420044,2.972167491912842,train,True,asr,2,E:\m-hvc\datasets\old-dataset\frames_unique\BV1gT41167Jb,0.04236782342195511,0.0031693235505372286,0.9506312608718872,0.0038316138088703156,1,2,0.9513007402420044
BV1gT411H7a3,0,0.023614872246980667,-3.721980333328247,test,False,missing,0,E:\m-hvc\datasets\old-dataset\frames_unique\BV1gT411H7a3,0.9469664692878723,0.00599553482607007,0.040792688727378845,0.006245271302759647,0,0,0.9763851277530193
BV1gT4y1Y7WY,1,0.03950340300798416,-3.191063642501831,val,True,asr,2,E:\m-hvc\datasets\old-dataset\frames_unique\BV1gT4y1Y7WY,0.82631915807724,0.014148758724331856,0.15315303206443787,0.006379002705216408,0,0,0.9604965969920158
BV1gV4y1a7HY,0,0.009662346914410591,-4.629809379577637,train,True,asr,0,E:\m-hvc\datasets\old-dataset\frames_unique\BV1gV4y1a7HY,0.9899958372116089,0.0008034838829189539,0.00847332738339901,0.0007272838265635073,0,0,0.9903376530855894
BV1gV4y1t7zi,0,0.6533045172691345,0.6335965991020203,train,False,missing,0,E:\m-hvc\datasets\old-dataset\frames_unique\BV1gV4y1t7zi,0.4818483293056488,0.009282838553190231,0.499423086643219,0.009445690549910069,1,2,0.6533045172691345
BV1gW4y127V2,0,0.02603546902537346,-3.621915102005005,test,True,asr,0,E:\m-hvc\datasets\old-dataset\frames_unique\BV1gW4y127V2,0.9835039377212524,0.0007432373240590096,0.015091268345713615,0.0006615579477511346,0,0,0.9739645309746265
BV1gW4y1t7an,1,0.7574358582496643,1.1386728286743164,train,True,asr,3,E:\m-hvc\datasets\old-dataset\frames_unique\BV1gW4y1t7an,0.10058686882257462,0.031849004328250885,0.06276268512010574,0.8048014640808105,1,3,0.7574358582496643
BV1gc411m7cN,0,0.01640828140079975,-4.0934247970581055,train,True,asr,0,E:\m-hvc\datasets\old-dataset\frames_unique\BV1gc411m7cN,0.9851380586624146,0.0007114967447705567,0.013586129061877728,0.0005643793847411871,0,0,0.9835917185992002
BV1gf4y1A75S,0,0.031900472939014435,-3.4127140045166016,train,True,asr,0,E:\m-hvc\datasets\old-dataset\frames_unique\BV1gf4y1A75S,0.9799372553825378,0.00045821897219866514,0.019210096448659897,0.00039440448745153844,0,0,0.9680995270609856
BV1gh411Z7U8,1,0.5495015382766724,0.19865688681602478,train,False,missing,2,E:\m-hvc\datasets\old-dataset\frames_unique\BV1gh411Z7U8,0.5159482359886169,0.012355489656329155,0.45921748876571655,0.012478809803724289,1,0,0.5495015382766724
BV1go4y1J7MX,1,0.9243058562278748,2.5023417472839355,train,False,missing,2,E:\m-hvc\datasets\old-dataset\frames_unique\BV1go4y1J7MX,0.18771524727344513,0.018381601199507713,0.7698041796684265,0.024098917841911316,1,2,0.9243058562278748
BV1gr4y1h7T1,1,0.7821156978607178,1.278038740158081,train,True,asr,2,E:\m-hvc\datasets\old-dataset\frames_unique\BV1gr4y1h7T1,0.6057406663894653,0.0033268951810896397,0.3874675929546356,0.003464845009148121,1,0,0.7821156978607178
BV1h64y1p7AY,0,0.2191670835018158,-1.2705268859863281,test,True,asr,0,E:\m-hvc\datasets\old-dataset\frames_unique\BV1h64y1p7AY,0.7787452936172485,0.0016677005914971232,0.2172204703092575,0.002366498112678528,0,0,0.7808329164981842
BV1h8411i7ia,0,0.029334815219044685,-3.49920654296875,test,True,asr,0,E:\m-hvc\datasets\old-dataset\frames_unique\BV1h8411i7ia,0.905437707901001,0.002947855042293668,0.08778779208660126,0.0038266468327492476,0,0,0.9706651847809553
BV1hB4y1t7Au,0,0.025745322927832603,-3.6334197521209717,train,True,asr,0,E:\m-hvc\datasets\old-dataset\frames_unique\BV1hB4y1t7Au,0.941664457321167,0.0016620112583041191,0.054748598486185074,0.0019249336328357458,0,0,0.9742546770721674
BV1hC4y1Z7tH,0,0.00960286520421505,-4.636044502258301,train,True,asr,0,E:\m-hvc\datasets\old-dataset\frames_unique\BV1hC4y1Z7tH,0.9864673018455505,0.0009893859969452024,0.011640086770057678,0.0009031980880536139,0,0,0.990397134795785
BV1hL4y1j7pp,1,0.10101877897977829,-2.185955762863159,train,False,missing,2,E:\m-hvc\datasets\old-dataset\frames_unique\BV1hL4y1j7pp,0.8126165270805359,0.014609579928219318,0.15653501451015472,0.016238797456026077,0,0,0.8989812210202217
BV1hQ4y1h7tb,0,0.055255912244319916,-2.8389387130737305,val,True,asr,0,E:\m-hvc\datasets\old-dataset\frames_unique\BV1hQ4y1h7tb,0.9195849895477295,0.0012488552602007985,0.07798906415700912,0.001177147263661027,0,0,0.9447440877556801
BV1he4y1N76x,1,0.030180515721440315,-3.4699134826660156,train,True,asr,2,E:\m-hvc\datasets\old-dataset\frames_unique\BV1he4y1N76x,0.9597431421279907,0.0009863203158602118,0.03819907084107399,0.0010714312084019184,0,0,0.9698194842785597
BV1hf4y1Z7Pm,1,0.5851341485977173,0.34388595819473267,train,True,asr,2,E:\m-hvc\datasets\old-dataset\frames_unique\BV1hf4y1Z7Pm,0.7744544148445129,0.0025421183090656996,0.22043710947036743,0.002566397190093994,1,0,0.5851341485977173
BV1ho4y1G7sV,0,0.024542737752199173,-3.682490348815918,val,False,missing,0,E:\m-hvc\datasets\old-dataset\frames_unique\BV1ho4y1G7sV,0.93723064661026,0.008124247193336487,0.04616604372859001,0.008479124866425991,0,0,0.9754572622478008
BV1ho4y1h7P8,1,0.010096651501953602,-4.5854034423828125,test,True,asr,2,E:\m-hvc\datasets\old-dataset\frames_unique\BV1ho4y1h7P8,0.9908507466316223,0.0006096317665651441,0.007998322136700153,0.0005413233884610236,0,0,0.9899033484980464
BV1hp4y1E7z8,1,0.9706568717956543,3.4989147186279297,train,False,missing,2,E:\m-hvc\datasets\old-dataset\frames_unique\BV1hp4y1E7z8,0.11238769441843033,0.02009342797100544,0.8325629830360413,0.034955933690071106,1,2,0.9706568717956543
BV1hr4y1T7EE,0,0.019930869340896606,-3.895353317260742,train,True,asr,0,E:\m-hvc\datasets\old-dataset\frames_unique\BV1hr4y1T7EE,0.9585863351821899,0.0022449325770139694,0.03600006923079491,0.003168683499097824,0,0,0.9800691306591034
BV1hr4y1T7VM,0,0.013210581615567207,-4.313438415527344,test,True,asr,0,E:\m-hvc\datasets\old-dataset\frames_unique\BV1hr4y1T7VM,0.9819843173027039,0.001098436419852078,0.015936244279146194,0.0009810511255636811,0,0,0.9867894183844328
BV1hu4y1f7Ni,1,0.2707136869430542,-0.9910045266151428,train,True,asr,2,E:\m-hvc\datasets\old-dataset\frames_unique\BV1hu4y1f7Ni,0.7296849489212036,0.003510183421894908,0.2628229558467865,0.003981944639235735,0,0,0.7292863130569458
BV1i24y1K7iC,0,0.010105849243700504,-4.584483623504639,train,True,asr,0,E:\m-hvc\datasets\old-dataset\frames_unique\BV1i24y1K7iC,0.9890989065170288,0.0006483984179794788,0.00967959500849247,0.0005731576820835471,0,0,0.9898941507562995
BV1i34y1n7VT,0,0.11050828546285629,-2.085559606552124,train,False,missing,0,E:\m-hvc\datasets\old-dataset\frames_unique\BV1i34y1n7VT,0.863916277885437,0.00551690673455596,0.12498150020837784,0.005585325416177511,0,0,0.8894917145371437
BV1i34y1p7jU,1,0.888064444065094,2.0711209774017334,train,False,missing,2,E:\m-hvc\datasets\old-dataset\frames_unique\BV1i34y1p7jU,0.27787110209465027,0.010224699042737484,0.6988087892532349,0.013095412403345108,1,2,0.888064444065094
BV1iD4y1B7Sw,0,0.42454853653907776,-0.3041285574436188,train,True,asr,0,E:\m-hvc\datasets\old-dataset\frames_unique\BV1iD4y1B7Sw,0.12220869958400726,0.030904678627848625,0.05157070979475975,0.7953159213066101,1,3,0.5754514634609222
BV1iK4y1x72Q,0,0.009901073761284351,-4.605161666870117,train,True,asr,0,E:\m-hvc\datasets\old-dataset\frames_unique\BV1iK4y1x72Q,0.993164598941803,0.00034501179470680654,0.0062142470851540565,0.0002761082723736763,0,0,0.9900989262387156
BV1iP411B7fA,0,0.832388699054718,1.6026523113250732,train,True,asr,0,E:\m-hvc\datasets\old-dataset\frames_unique\BV1iP411B7fA,0.23083432018756866,0.002393826376646757,0.7629361152648926,0.003835765877738595,1,2,0.832388699054718
BV1iQ4y197ww,1,0.08923735469579697,-2.3229825496673584,train,True,asr,2,E:\m-hvc\datasets\old-dataset\frames_unique\BV1iQ4y197ww,0.9502578973770142,0.0009560221806168556,0.04777977988123894,0.0010063392110168934,0,0,0.910762645304203
BV1iQ4y1X7qY,0,0.01775604858994484,-4.013113498687744,train,True,asr,0,E:\m-hvc\datasets\old-dataset\frames_unique\BV1iQ4y1X7qY,0.9617486000061035,0.0018384846625849605,0.03460954502224922,0.0018033413216471672,0,0,0.9822439514100552
BV1iW411V7pN,0,0.017542580142617226,-4.025425910949707,train,True,asr,0,E:\m-hvc\datasets\old-dataset\frames_unique\BV1iW411V7pN,0.9644493460655212,0.0015682544326409698,0.032395340502262115,0.001587037229910493,0,0,0.9824574198573828
BV1iW411k7xa,0,0.009172175079584122,-4.682366371154785,train,True,asr,0,E:\m-hvc\datasets\old-dataset\frames_unique\BV1iW411k7xa,0.9906848073005676,0.0006772226188331842,0.00801476463675499,0.00062319211428985,0,0,0.9908278249204159
BV1iW4y1j7Qi,0,0.02474287524819374,-3.674163579940796,val,True,asr,0,E:\m-hvc\datasets\old-dataset\frames_unique\BV1iW4y1j7Qi,0.9871838092803955,0.00026045559206977487,0.012362000532448292,0.00019378928118385375,0,0,0.9752571247518063
BV1ia411m7Yy,1,0.9537932872772217,3.0273215770721436,val,True,asr,2,E:\m-hvc\datasets\old-dataset\frames_unique\BV1ia411m7Yy,0.3448443114757538,0.01251168455928564,0.6258414387702942,0.016802534461021423,1,2,0.9537932872772217
BV1ia4y1M7dJ,0,0.5609396696090698,0.24497660994529724,train,True,asr,0,E:\m-hvc\datasets\old-dataset\frames_unique\BV1ia4y1M7dJ,0.5540037751197815,0.0022933499421924353,0.4408201575279236,0.0028827283531427383,1,0,0.5609396696090698
BV1ic411t7aJ,0,0.01684357225894928,-4.066799163818359,test,True,asr,0,E:\m-hvc\datasets\old-dataset\frames_unique\BV1ic411t7aJ,0.9824007749557495,0.0006607632385566831,0.01630411483347416,0.0006344098947010934,0,0,0.9831564277410507
BV1ie41157AN,1,0.04114285111427307,-3.1486918926239014,train,True,asr,2,E:\m-hvc\datasets\old-dataset\frames_unique\BV1ie41157AN,0.9861830472946167,0.0003844740567728877,0.013088371604681015,0.0003441644075792283,0,0,0.9588571488857269
BV1ig41137ru,1,0.7537516951560974,1.1187225580215454,train,True,asr,2,E:\m-hvc\datasets\old-dataset\frames_unique\BV1ig41137ru,0.7313947677612305,0.0027275062166154385,0.26282787322998047,0.0030498518608510494,1,0,0.7537516951560974
BV1ig4y1A7uq,0,0.05943168327212334,-2.7616567611694336,train,True,asr,0,E:\m-hvc\datasets\old-dataset\frames_unique\BV1ig4y1A7uq,0.9738823771476746,0.0005004346603527665,0.025251878425478935,0.0003652518498711288,0,0,0.9405683167278767
BV1ij411H7xa,0,0.0335763655602932,-3.3597798347473145,val,True,asr,0,E:\m-hvc\datasets\old-dataset\frames_unique\BV1ij411H7xa,0.9258485436439514,0.0027009767945855856,0.06865821033716202,0.002792264334857464,0,0,0.9664236344397068
BV1is4y167BW,1,0.7249215841293335,0.9690073728561401,val,False,missing,2,E:\m-hvc\datasets\old-dataset\frames_unique\BV1is4y167BW,0.37130382657051086,0.010247563011944294,0.6089994311332703,0.00944914948195219,1,2,0.7249215841293335
BV1iy4y1G7aD,1,0.0177341066300869,-4.0143723487854,val,True,asr,2,E:\m-hvc\datasets\old-dataset\frames_unique\BV1iy4y1G7aD,0.9876875281333923,0.0005214475095272064,0.011320238001644611,0.00047074659960344434,0,0,0.9822658933699131
BV1j24y1p7cy,0,0.008591242134571075,-4.748383522033691,train,True,asr,0,E:\m-hvc\datasets\old-dataset\frames_unique\BV1j24y1p7cy,0.9916346073150635,0.0005265428917482495,0.007365291938185692,0.0004735342226922512,0,0,0.9914087578654289
BV1jE411V7cn,0,0.08742238581180573,-2.3455216884613037,train,True,asr,0,E:\m-hvc\datasets\old-dataset\frames_unique\BV1jE411V7cn,0.6052401065826416,0.028255758807063103,0.35346224904060364,0.013041885569691658,0,0,0.9125776141881943
BV1jJ41147t5,0,0.0497933104634285,-2.948798894882202,test,True,asr,0,E:\m-hvc\datasets\old-dataset\frames_unique\BV1jJ41147t5,0.9812468886375427,0.0003429996722843498,0.01813255064189434,0.00027751302695833147,0,0,0.9502066895365715
BV1jS4y1J74m,1,0.798175573348999,1.3749302625656128,train,True,asr,2,E:\m-hvc\datasets\old-dataset\frames_unique\BV1jS4y1J74m,0.5319830775260925,0.002868838608264923,0.46201518177986145,0.003132911864668131,1,0,0.798175573348999
BV1jT4y1Q7qJ,0,0.04058834910392761,-3.16283917427063,test,True,asr,0,E:\m-hvc\datasets\old-dataset\frames_unique\BV1jT4y1Q7qJ,0.9208488464355469,0.0013523749075829983,0.07614763081073761,0.0016511420253664255,0,0,0.9594116508960724
BV1jT4y1j7P6,1,0.1435329020023346,-1.7862515449523926,test,False,missing,2,E:\m-hvc\datasets\old-dataset\frames_unique\BV1jT4y1j7P6,0.793495237827301,0.01733076013624668,0.1741647571325302,0.015009230002760887,0,0,0.8564670979976654
BV1jW4y1n7fP,0,0.010766010731458664,-4.52053689956665,test,True,asr,0,E:\m-hvc\datasets\old-dataset\frames_unique\BV1jW4y1n7fP,0.9880578517913818,0.0007169049349613488,0.010585245676338673,0.000640037062112242,0,0,0.9892339892685413
BV1ja4y1k7Y6,1,0.2985677421092987,-0.8541274666786194,train,True,asr,2,E:\m-hvc\datasets\old-dataset\frames_unique\BV1ja4y1k7Y6,0.8892238736152649,0.0028146642725914717,0.10553109645843506,0.0024304415564984083,0,0,0.7014322578907013
BV1jh411F7HB,0,0.030817918479442596,-3.4483561515808105,train,True,asr,0,E:\m-hvc\datasets\old-dataset\frames_unique\BV1jh411F7HB,0.9318838715553284,0.0019862884655594826,0.0636013001203537,0.002528606913983822,0,0,0.9691820815205574
BV1jh4y1E7yZ,0,0.017922254279255867,-4.003627300262451,train,True,asr,0,E:\m-hvc\datasets\old-dataset\frames_unique\BV1jh4y1E7yZ,0.9775830507278442,0.001090475358068943,0.020352447405457497,0.0009739644592627883,0,0,0.9820777457207441
BV1jj411C7nk,0,0.08278506249189377,-2.4050941467285156,val,True,asr,0,E:\m-hvc\datasets\old-dataset\frames_unique\BV1jj411C7nk,0.9740890264511108,0.0006176025490276515,0.024798331782221794,0.0004950151778757572,0,0,0.9172149375081062
BV1jk4y1Q7JZ,1,0.008284954354166985,-4.784994602203369,val,True,asr,2,E:\m-hvc\datasets\old-dataset\frames_unique\BV1jk4y1Q7JZ,0.9914706349372864,0.0008728698594495654,0.006997418124228716,0.0006590457633137703,0,0,0.991715045645833
BV1jp4y1m7sE,1,0.903500497341156,2.2367382049560547,train,True,asr,2,E:\m-hvc\datasets\old-dataset\frames_unique\BV1jp4y1m7sE,0.5138446688652039,0.0074264430440962315,0.4698277413845062,0.008901096880435944,1,0,0.903500497341156
BV1js4y1m7Xq,0,0.021500736474990845,-3.8179328441619873,train,True,asr,0,E:\m-hvc\datasets\old-dataset\frames_unique\BV1js4y1m7Xq,0.9515547752380371,0.0015678388299420476,0.04505101218819618,0.0018263700185343623,0,0,0.9784992635250092
BV1jz4y1P77v,1,0.8451265692710876,1.6968779563903809,train,True,asr,2,E:\m-hvc\datasets\old-dataset\frames_unique\BV1jz4y1P77v,0.24489161372184753,0.0033637676388025284,0.7462269067764282,0.00551775423809886,1,2,0.8451265692710876
BV1kK411B7bL,0,0.016827091574668884,-4.0677947998046875,train,True,asr,0,E:\m-hvc\datasets\old-dataset\frames_unique\BV1kK411B7bL,0.9621462821960449,0.0013182477559894323,0.03490416705608368,0.0016313465312123299,0,0,0.9831729084253311
BV1kN4y1e7NX,0,0.020818550139665604,-3.85087251663208,train,True,asr,0,E:\m-hvc\datasets\old-dataset\frames_unique\BV1kN4y1e7NX,0.932977020740509,0.0022832739632576704,0.06182466819882393,0.002915026154369116,0,0,0.9791814498603344
BV1kQ4y1k72V,1,0.11623169481754303,-2.028609275817871,train,True,asr,2,E:\m-hvc\datasets\old-dataset\frames_unique\BV1kQ4y1k72V,0.963615894317627,0.0005555677926167846,0.03530283272266388,0.000525713840033859,0,0,0.883768305182457
BV1kT411m7Lm,1,0.08898112922906876,-2.326139211654663,train,True,asr,2,E:\m-hvc\datasets\old-dataset\frames_unique\BV1kT411m7Lm,0.8738712072372437,0.0016405873466283083,0.12233297526836395,0.0021551502868533134,0,0,0.9110188707709312
BV1kT411t7ax,1,0.07359662652015686,-2.532710552215576,train,False,missing,2,E:\m-hvc\datasets\old-dataset\frames_unique\BV1kT411t7ax,0.8978168368339539,0.005031370557844639,0.09172067046165466,0.005431110970675945,0,0,0.9264033734798431
BV1ka4y1m7Ti,0,0.011005154810845852,-4.498325347900391,train,True,asr,0,E:\m-hvc\datasets\old-dataset\frames_unique\BV1ka4y1m7Ti,0.9848092198371887,0.0009657220798544586,0.01322703156620264,0.0009980559116229415,0,0,0.9889948451891541
BV1ke41157yE,0,0.014840004965662956,-4.195477485656738,test,True,asr,0,E:\m-hvc\datasets\old-dataset\frames_unique\BV1ke41157yE,0.9708714485168457,0.0016802563332021236,0.025724157691001892,0.0017242018366232514,0,0,0.985159995034337
BV1ke411n7vj,1,0.8852004408836365,2.04262638092041,test,True,asr,2,E:\m-hvc\datasets\old-dataset\frames_unique\BV1ke411n7vj,0.5195200443267822,0.006481691263616085,0.46652424335479736,0.007473993115127087,1,0,0.8852004408836365
BV1kj41157Je,0,0.008274833671748638,-4.786227226257324,train,True,asr,0,E:\m-hvc\datasets\old-dataset\frames_unique\BV1kj41157Je,0.9914809465408325,0.0007231067284010351,0.007178904488682747,0.0006170725100673735,0,0,0.9917251663282514
BV1ko4y187wP,0,0.34346485137939453,-0.6478915810585022,train,True,asr,0,E:\m-hvc\datasets\old-dataset\frames_unique\BV1ko4y187wP,0.46558207273483276,0.0033482471480965614,0.5220178961753845,0.009051784873008728,1,2,0.6565351486206055
BV1kq4y1d7L2,0,0.016053246334195137,-4.115660667419434,val,True,asr,0,E:\m-hvc\datasets\old-dataset\frames_unique\BV1kq4y1d7L2,0.9727238416671753,0.007085934281349182,0.01745481975376606,0.0027354792691767216,0,0,0.9839467536658049
BV1m341167pW,0,0.024980077520012856,-3.664379358291626,train,False,missing,0,E:\m-hvc\datasets\old-dataset\frames_unique\BV1m341167pW,0.9495630264282227,0.004561105277389288,0.04100528731942177,0.004870558623224497,0,0,0.9750199224799871
BV1m741167yf,0,0.2889440953731537,-0.9005178809165955,train,True,asr,0,E:\m-hvc\datasets\old-dataset\frames_unique\BV1m741167yf,0.9348183870315552,0.0012070613447576761,0.06292101740837097,0.0010534534230828285,0,0,0.7110559046268463
BV1m8411z7mV,0,0.011201519519090652,-4.480441093444824,val,True,asr,0,E:\m-hvc\datasets\old-dataset\frames_unique\BV1m8411z7mV,0.9920541048049927,0.00036657616146840155,0.007279868703335524,0.00029948438168503344,0,0,0.9887984804809093
BV1mB421k7aq,0,0.00968865491449833,-4.627063751220703,train,True,asr,0,E:\m-hvc\datasets\old-dataset\frames_unique\BV1mB421k7aq,0.9906038641929626,0.0005293510621413589,0.008405971340835094,0.0004607985611073673,0,0,0.9903113450855017
BV1mG411J7Gy,0,0.014538631774485111,-4.2163004875183105,val,True,asr,0,E:\m-hvc\datasets\old-dataset\frames_unique\BV1mG411J7Gy,0.9692436456680298,0.0014652869431301951,0.02774164080619812,0.0015494672115892172,0,0,0.9854613682255149
BV1mG411W753,0,0.010275160893797874,-4.567697525024414,train,True,asr,0,E:\m-hvc\datasets\old-dataset\frames_unique\BV1mG411W753,0.9858373403549194,0.0011322211939841509,0.011940428987145424,0.0010899851331487298,0,0,0.9897248391062021
BV1mJ41187Gc,0,0.03244185820221901,-3.3953258991241455,train,True,asr,0,E:\m-hvc\datasets\old-dataset\frames_unique\BV1mJ41187Gc,0.9302560091018677,0.002495628083124757,0.06375949829816818,0.0034887928050011396,0,0,0.967558141797781
BV1mL411U7jj,0,0.01022785808891058,-4.572359561920166,train,True,asr,0,E:\m-hvc\datasets\old-dataset\frames_unique\BV1mL411U7jj,0.9877908229827881,0.0009476534905843437,0.010438473895192146,0.0008230447419919074,0,0,0.9897721419110894
BV1mL411x7dS,0,0.014209876768290997,-4.239506244659424,train,True,asr,0,E:\m-hvc\datasets\old-dataset\frames_unique\BV1mL411x7dS,0.9859251379966736,0.0005751929711550474,0.01301579363644123,0.00048388694995082915,0,0,0.985790123231709
BV1mQ4y1r7GD,0,0.015234329737722874,-4.16885232925415,train,True,asr,0,E:\m-hvc\datasets\old-dataset\frames_unique\BV1mQ4y1r7GD,0.9672940373420715,0.0015631766291335225,0.029537593945860863,0.0016052513383328915,0,0,0.9847656702622771
BV1mX4y1Y79n,0,0.014526319690048695,-4.217160224914551,train,True,asr,0,E:\m-hvc\datasets\old-dataset\frames_unique\BV1mX4y1Y79n,0.9698567390441895,0.0018591559492051601,0.026712501421570778,0.001571659347973764,0,0,0.9854736803099513
BV1ma4y1z7Kv,0,0.013035407289862633,-4.326964855194092,train,True,asr,0,E:\m-hvc\datasets\old-dataset\frames_unique\BV1ma4y1z7Kv,0.9685713052749634,0.0017427415587008,0.02786700613796711,0.001818880788050592,0,0,0.9869645927101374
BV1me4y1S7Y1,0,0.02897294983267784,-3.5119917392730713,train,True,asr,0,E:\m-hvc\datasets\old-dataset\frames_unique\BV1me4y1S7Y1,0.9805604219436646,0.00042831565951928496,0.018624311313033104,0.0003869660431519151,0,0,0.9710270501673222
BV1mp4y1E7QP,0,0.013082969933748245,-4.323274612426758,train,True,asr,0,E:\m-hvc\datasets\old-dataset\frames_unique\BV1mp4y1E7QP,0.9749116897583008,0.0017896653153002262,0.02133561111986637,0.0019630740862339735,0,0,0.9869170300662518
BV1mv4y197DG,1,0.9334542751312256,2.641003131866455,train,False,missing,2,E:\m-hvc\datasets\old-dataset\frames_unique\BV1mv4y197DG,0.18202511966228485,0.015530641190707684,0.7861589789390564,0.016285179182887077,1,2,0.9334542751312256
BV1nB4y1Q73J,1,0.014110330492258072,-4.246637344360352,test,True,asr,2,E:\m-hvc\datasets\old-dataset\frames_unique\BV1nB4y1Q73J,0.9816174507141113,0.0014447966823354363,0.015674207359552383,0.0012636127648875117,0,0,0.9858896695077419
BV1nJ4m1p7BG,0,0.008770233951508999,-4.727582931518555,test,True,asr,0,E:\m-hvc\datasets\old-dataset\frames_unique\BV1nJ4m1p7BG,0.9913414120674133,0.0006415390525944531,0.007515523582696915,0.0005016306531615555,0,0,0.991229766048491
BV1nP4y1s75k,0,0.11358658969402313,-2.0546178817749023,train,True,asr,0,E:\m-hvc\datasets\old-dataset\frames_unique\BV1nP4y1s75k,0.9531980752944946,0.0006084708729758859,0.0456262044608593,0.0005672440165653825,0,0,0.8864134103059769
BV1nQ4y1A7Dy,1,0.9140394330024719,2.3639845848083496,train,True,asr,2,E:\m-hvc\datasets\old-dataset\frames_unique\BV1nQ4y1A7Dy,0.4567262530326843,0.008427825756371021,0.5240887403488159,0.01075719203799963,1,2,0.9140394330024719
BV1nV411W7aY,1,0.3456035256385803,-0.6384212374687195,val,True,asr,2,E:\m-hvc\datasets\old-dataset\frames_unique\BV1nV411W7aY,0.893192708492279,0.0018867523176595569,0.10320979356765747,0.001710721873678267,1,0,0.6543964743614197
BV1nV4y1B7co,0,0.018456485122442245,-3.973710536956787,val,True,asr,0,E:\m-hvc\datasets\old-dataset\frames_unique\BV1nV4y1B7co,0.963698148727417,0.0017792925937101245,0.03189055621623993,0.002631896873936057,0,0,0.9815435148775578
BV1nY4y1B7h3,0,0.008476918563246727,-4.761895179748535,test,True,asr,0,E:\m-hvc\datasets\old-dataset\frames_unique\BV1nY4y1B7h3,0.9908450245857239,0.0007081850781105459,0.007810206152498722,0.0006366139277815819,0,0,0.9915230814367533
BV1nf4y1q7NV,0,0.841223955154419,1.6673636436462402,test,False,missing,0,E:\m-hvc\datasets\old-dataset\frames_unique\BV1nf4y1q7NV,0.2380857765674591,0.035662923008203506,0.6683013439178467,0.057949990034103394,1,2,0.841223955154419
BV1nj411a7tK,0,0.02552116848528385,-3.642394542694092,train,True,asr,0,E:\m-hvc\datasets\old-dataset\frames_unique\BV1nj411a7tK,0.9823415875434875,0.0004559683729894459,0.016808390617370605,0.00039399496745318174,0,0,0.9744788315147161
BV1o44y197Eu,0,0.012744090519845486,-4.3498616218566895,train,True,asr,0,E:\m-hvc\datasets\old-dataset\frames_unique\BV1o44y197Eu,0.990471601486206,0.00042391681927256286,0.00875021331012249,0.0003543231578078121,0,0,0.9872559094801545
BV1o54y157yg,0,0.3995133340358734,-0.4074932634830475,train,True,asr,0,E:\m-hvc\datasets\old-dataset\frames_unique\BV1o54y157yg,0.5722613334655762,0.0020243951585143805,0.42341452836990356,0.0022997295018285513,1,0,0.6004866659641266
BV1oJ411p7Hi,1,0.4891187250614166,-0.043532051146030426,train,True,asr,2,E:\m-hvc\datasets\old-dataset\frames_unique\BV1oJ411p7Hi,0.8234030604362488,0.0016360251465812325,0.1733648031949997,0.00159613904543221,1,0,0.5108812749385834
BV1oK41127n4,1,0.9743705987930298,3.6380538940429688,train,False,missing,2,E:\m-hvc\datasets\old-dataset\frames_unique\BV1oK41127n4,0.09466684609651566,0.04192905128002167,0.7795222401618958,0.0838819146156311,1,2,0.9743705987930298
BV1oS4y1c7v3,1,0.26582396030426025,-1.0159145593643188,train,True,asr,2,E:\m-hvc\datasets\old-dataset\frames_unique\BV1oS4y1c7v3,0.9106298089027405,0.0015571010299026966,0.08663816750049591,0.0011749300174415112,0,0,0.7341760396957397
BV1oT4y1b7fT,1,0.38489097356796265,-0.4688393771648407,test,True,asr,2,E:\m-hvc\datasets\old-dataset\frames_unique\BV1oT4y1b7fT,0.43662595748901367,0.005154646933078766,0.5504662394523621,0.0077531179413199425,1,2,0.6151090264320374
BV1oV411D7dG,0,0.009810044430196285,-4.614490032196045,val,True,asr,0,E:\m-hvc\datasets\old-dataset\frames_unique\BV1oV411D7dG,0.9892997741699219,0.0006147022941149771,0.00950683280825615,0.0005787119152955711,0,0,0.9901899555698037
BV1oX4y1979H,1,0.9665265679359436,3.3629581928253174,train,False,missing,2,E:\m-hvc\datasets\old-dataset\frames_unique\BV1oX4y1979H,0.1093885600566864,0.019482169300317764,0.8442612886428833,0.02686803787946701,1,2,0.9665265679359436
BV1od4y1J7DX,0,0.010157952085137367,-4.579288482666016,train,True,asr,0,E:\m-hvc\datasets\old-dataset\frames_unique\BV1od4y1J7DX,0.99094557762146,0.0007688375189900398,0.007624492514878511,0.0006611266871914268,0,0,0.9898420479148626
BV1oi4y1g7fm,0,0.011769498698413372,-4.4304046630859375,train,True,asr,0,E:\m-hvc\datasets\old-dataset\frames_unique\BV1oi4y1g7fm,0.9776042699813843,0.0015555369900539517,0.019332733005285263,0.0015075216069817543,0,0,0.9882305013015866
BV1ok4y1N7tr,0,0.39164990186691284,-0.44038236141204834,val,True,asr,0,E:\m-hvc\datasets\old-dataset\frames_unique\BV1ok4y1N7tr,0.9017502069473267,0.0013049208791926503,0.09596101194620132,0.0009838478872552514,1,0,0.6083500981330872
BV1oq4y1X7bV,0,0.054449766874313354,-2.8544883728027344,train,True,asr,0,E:\m-hvc\datasets\old-dataset\frames_unique\BV1oq4y1X7bV,0.952507495880127,0.002059226855635643,0.04346854239702225,0.00196463568136096,0,0,0.9455502331256866
BV1ot411h7my,0,0.013324043713510036,-4.304771423339844,train,True,asr,0,E:\m-hvc\datasets\old-dataset\frames_unique\BV1ot411h7my,0.9918524622917175,0.0004719761782325804,0.007320818956941366,0.00035468771238811314,0,0,0.98667595628649
BV1ou4y1n7vU,1,0.572532594203949,0.2921915352344513,train,True,asr,2,E:\m-hvc\datasets\old-dataset\frames_unique\BV1ou4y1n7vU,0.7909941077232361,0.002048887312412262,0.2049795240163803,0.001977422973141074,1,0,0.572532594203949
BV1ov4y1b7Yb,0,0.01844606176018715,-3.9742860794067383,test,True,asr,0,E:\m-hvc\datasets\old-dataset\frames_unique\BV1ov4y1b7Yb,0.9855499863624573,0.0006933333352208138,0.013018542900681496,0.0007381364121101797,0,0,0.9815539382398129
BV1p14y1D7da,1,0.22149014472961426,-1.257003664970398,train,True,asr,2,E:\m-hvc\datasets\old-dataset\frames_unique\BV1p14y1D7da,0.938634991645813,0.0013601407408714294,0.05898614227771759,0.001018672133795917,0,0,0.7785098552703857
BV1pB4y1y7xu,0,0.01577143929898739,-4.133657455444336,train,True,asr,0,E:\m-hvc\datasets\old-dataset\frames_unique\BV1pB4y1y7xu,0.9802796840667725,0.0010610469616949558,0.017613636329770088,0.0010457243770360947,0,0,0.9842285607010126
BV1pE411A787,1,0.48153427243232727,-0.07389641553163528,train,True,asr,2,E:\m-hvc\datasets\old-dataset\frames_unique\BV1pE411A787,0.8547125458717346,0.0018182196654379368,0.14176873862743378,0.001700508059002459,1,0,0.5184657275676727
BV1pK411G7vj,0,0.008070445619523525,-4.811443328857422,train,True,asr,0,E:\m-hvc\datasets\old-dataset\frames_unique\BV1pK411G7vj,0.9915210008621216,0.0006538433372043073,0.007260001730173826,0.0005650836392305791,0,0,0.9919295543804765
BV1pQ4y1o7aZ,0,0.04683497175574303,-3.013157844543457,val,True,asr,0,E:\m-hvc\datasets\old-dataset\frames_unique\BV1pQ4y1o7aZ,0.9356711506843567,0.0012398529797792435,0.062007319182157516,0.001081697060726583,0,0,0.953165028244257
BV1pY4y187qh,1,0.6241403818130493,0.5071595311164856,train,False,missing,2,E:\m-hvc\datasets\old-dataset\frames_unique\BV1pY4y187qh,0.3304000794887543,0.019645756110548973,0.6290700435638428,0.0208840724080801,1,2,0.6241403818130493
BV1pY4y1L7TN,0,0.01982307806611061,-3.900886297225952,train,False,missing,0,E:\m-hvc\datasets\old-dataset\frames_unique\BV1pY4y1L7TN,0.9445026516914368,0.00785522349178791,0.039636384695768356,0.008005667477846146,0,0,0.9801769219338894
BV1pc411y7qs,0,0.10805826634168625,-2.1107301712036133,val,True,asr,0,E:\m-hvc\datasets\old-dataset\frames_unique\BV1pc411y7qs,0.9288698434829712,0.0008873718907125294,0.06924978643655777,0.0009929208317771554,0,0,0.8919417336583138
BV1po4y1o7Fk,0,0.09473592042922974,-2.2571334838867188,train,True,asr,0,E:\m-hvc\datasets\old-dataset\frames_unique\BV1po4y1o7Fk,0.7975602746009827,0.002783737378194928,0.1958554983139038,0.0038005535025149584,0,0,0.9052640795707703
BV1pr4y1H7fx,1,0.801815390586853,1.3976795673370361,train,True,asr,2,E:\m-hvc\datasets\old-dataset\frames_unique\BV1pr4y1H7fx,0.2077072560787201,0.0023654578253626823,0.7841927409172058,0.005734565667808056,1,2,0.801815390586853
BV1pv4y1a71S,0,0.010404699482023716,-4.5550384521484375,train,True,asr,0,E:\m-hvc\datasets\old-dataset\frames_unique\BV1pv4y1a71S,0.9844881296157837,0.0011751509737223387,0.013228124007582664,0.0011085784062743187,0,0,0.9895953005179763
BV1q14y1M7ob,1,0.9668367505073547,3.3725852966308594,val,True,asr,2,E:\m-hvc\datasets\old-dataset\frames_unique\BV1q14y1M7ob,0.10102183371782303,0.005118758417665958,0.8800355792045593,0.013823778368532658,1,2,0.9668367505073547
BV1q24y1V7G5,0,0.2871306836605072,-0.9093605875968933,train,True,asr,0,E:\m-hvc\datasets\old-dataset\frames_unique\BV1q24y1V7G5,0.9209475517272949,0.001615618821233511,0.07613067328929901,0.0013062490615993738,0,0,0.7128693163394928
BV1q5411w7fX,0,0.00897888746112585,-4.703859806060791,train,True,asr,0,E:\m-hvc\datasets\old-dataset\frames_unique\BV1q5411w7fX,0.9904662370681763,0.0006160451448522508,0.00837930478155613,0.0005385152762755752,0,0,0.9910211125388741
BV1q54y1u73X,1,0.9493947625160217,2.9317703247070312,train,False,missing,2,E:\m-hvc\datasets\old-dataset\frames_unique\BV1q54y1u73X,0.12553825974464417,0.020315764471888542,0.8251439332962036,0.02900196984410286,1,2,0.9493947625160217
BV1q642137Ej,1,0.9172230362892151,2.405200481414795,train,True,asr,2,E:\m-hvc\datasets\old-dataset\frames_unique\BV1q642137Ej,0.41153740882873535,0.005425482522696257,0.5767096281051636,0.006327453069388866,1,2,0.9172230362892151
BV1q84y1e78M,1,0.773362398147583,1.2273954153060913,train,True,asr,2,E:\m-hvc\datasets\old-dataset\frames_unique\BV1q84y1e78M,0.7199957370758057,0.004414234310388565,0.27161774039268494,0.003972307313233614,1,0,0.773362398147583
BV1q94y1L76j,0,0.016164902597665787,-4.108615875244141,train,True,asr,0,E:\m-hvc\datasets\old-dataset\frames_unique\BV1q94y1L76j,0.988339900970459,0.0004323058237787336,0.01083225104957819,0.00039549710345454514,0,0,0.9838350974023342
BV1qF411Z7Lj,1,0.9233134388923645,2.4882419109344482,train,True,asr,2,E:\m-hvc\datasets\old-dataset\frames_unique\BV1qF411Z7Lj,0.40658068656921387,0.009859367273747921,0.5715935826301575,0.011966321617364883,1,2,0.9233134388923645
BV1qJ4m1J7Jo,1,0.5422559380531311,0.16942772269248962,train,True,asr,2,E:\m-hvc\datasets\old-dataset\frames_unique\BV1qJ4m1J7Jo,0.7328218221664429,0.0016811476089060307,0.2636762857437134,0.0018207449465990067,1,0,0.5422559380531311
BV1qK411H72N,0,0.01613379642367363,-4.110573768615723,train,True,asr,0,E:\m-hvc\datasets\old-dataset\frames_unique\BV1qK411H72N,0.9613945484161377,0.001812402275390923,0.034675586968660355,0.002117492025718093,0,0,0.9838662035763264
BV1qT411a7CZ,0,0.009149758145213127,-4.684835910797119,train,True,asr,0,E:\m-hvc\datasets\old-dataset\frames_unique\BV1qT411a7CZ,0.9894292950630188,0.000706769700627774,0.009171619080007076,0.0006922922912053764,0,0,0.9908502418547869
BV1qT4y1B7xM,0,0.2728940546512604,-0.9799886345863342,test,True,asr,0,E:\m-hvc\datasets\old-dataset\frames_unique\BV1qT4y1B7xM,0.8704827427864075,0.0033932062797248363,0.12296256422996521,0.003161504166200757,0,0,0.7271059453487396
BV1qV411w7t1,0,0.012032294645905495,-4.408055782318115,train,True,asr,0,E:\m-hvc\datasets\old-dataset\frames_unique\BV1qV411w7t1,0.9884118437767029,0.0005584241589531302,0.0105038583278656,0.000525792536791414,0,0,0.9879677053540945
BV1qV4y1F7cQ,1,0.6427896618843079,0.5874927639961243,train,True,asr,2,E:\m-hvc\datasets\old-dataset\frames_unique\BV1qV4y1F7cQ,0.8144692182540894,0.0026236397679895163,0.18094968795776367,0.001957449596375227,1,0,0.6427896618843079
BV1qZ4y1T71a,1,0.3950566351413727,-0.4261057376861572,train,True,asr,2,E:\m-hvc\datasets\old-dataset\frames_unique\BV1qZ4y1T71a,0.9040821194648743,0.0010985565604642034,0.09388270974159241,0.000936619471758604,1,0,0.6049433648586273
BV1qd4y1z75Z,1,0.5674968361854553,0.27164560556411743,train,True,asr,3,E:\m-hvc\datasets\old-dataset\frames_unique\BV1qd4y1z75Z,0.1929987072944641,0.05991891026496887,0.0830124095082283,0.6640700101852417,1,3,0.5674968361854553
BV1qe411r7Mg,1,0.09702958911657333,-2.2306737899780273,train,True,asr,2,E:\m-hvc\datasets\old-dataset\frames_unique\BV1qe411r7Mg,0.9123175740242004,0.0010183758568018675,0.08561989665031433,0.0010440930491313338,0,0,0.9029704108834267
BV1qm4y1B7QG,1,0.8346651196479797,1.6190574169158936,train,True,asr,2,E:\m-hvc\datasets\old-dataset\frames_unique\BV1qm4y1B7QG,0.6054688096046448,0.0035859188064932823,0.3873407542705536,0.0036045643500983715,1,0,0.8346651196479797
BV1qv4y1v7uo,0,0.01379525475203991,-4.2695393562316895,train,True,asr,0,E:\m-hvc\datasets\old-dataset\frames_unique\BV1qv4y1v7uo,0.9886892437934875,0.00045292306458577514,0.010448461398482323,0.00040930110844783485,0,0,0.9862047452479601
BV1r64y1H78r,0,0.86924147605896,1.89426851272583,val,True,asr,0,E:\m-hvc\datasets\old-dataset\frames_unique\BV1r64y1H78r,0.2696862816810608,0.005962556693702936,0.7151132225990295,0.009237948805093765,1,2,0.86924147605896
BV1rG411L7n6,1,0.041696034371852875,-3.134758949279785,val,True,asr,2,E:\m-hvc\datasets\old-dataset\frames_unique\BV1rG411L7n6,0.8055467009544373,0.004955252166837454,0.18193119764328003,0.007566905114799738,0,0,0.9583039656281471
BV1rG4y167RB,0,0.01108583714812994,-4.490939140319824,train,True,asr,0,E:\m-hvc\datasets\old-dataset\frames_unique\BV1rG4y167RB,0.9899610280990601,0.0005047570448368788,0.009073673747479916,0.00046053333790041506,0,0,0.9889141628518701
BV1rL411B7pD,0,0.013333393260836601,-4.304060459136963,train,True,asr,0,E:\m-hvc\datasets\old-dataset\frames_unique\BV1rL411B7pD,0.975781261920929,0.0012800788972526789,0.021661963313817978,0.0012767084408551455,0,0,0.9866666067391634
BV1rV4y167VC,1,0.03678683936595917,-3.265134572982788,train,False,missing,2,E:\m-hvc\datasets\old-dataset\frames_unique\BV1rV4y167VC,0.9175179600715637,0.008660406805574894,0.06532728672027588,0.008494350127875805,0,0,0.9632131606340408
BV1rh411y7gS,1,0.3844330608844757,-0.47077399492263794,train,True,asr,3,E:\m-hvc\datasets\old-dataset\frames_unique\BV1rh411y7gS,0.23659159243106842,0.04980216175317764,0.25478529930114746,0.45882099866867065,1,3,0.6155669391155243
BV1rq4y177j1,0,0.8502092361450195,1.7362430095672607,val,True,asr,0,E:\m-hvc\datasets\old-dataset\frames_unique\BV1rq4y177j1,0.1976669281721115,0.0031319831032305956,0.7944169044494629,0.004784138407558203,1,2,0.8502092361450195
BV1rt4y197Ma,0,0.008221745491027832,-4.792716979980469,train,True,asr,0,E:\m-hvc\datasets\old-dataset\frames_unique\BV1rt4y197Ma,0.9902703762054443,0.0009660925134085119,0.0079265758395195,0.000836963823530823,0,0,0.9917782545089722
BV1ru411E7Ph,1,0.8594207167625427,1.810486912727356,train,True,asr,2,E:\m-hvc\datasets\old-dataset\frames_unique\BV1ru411E7Ph,0.44711440801620483,0.009139938279986382,0.5328651070594788,0.010880575515329838,1,2,0.8594207167625427
BV1ru411X7TR,1,0.4126242995262146,-0.35312721133232117,train,True,asr,2,E:\m-hvc\datasets\old-dataset\frames_unique\BV1ru411X7TR,0.6755196452140808,0.002268182812258601,0.3183998167514801,0.0038123331032693386,1,0,0.5873757004737854
BV1ru4m1N7qy,0,0.9759147763252258,3.701777219772339,test,False,missing,0,E:\m-hvc\datasets\old-dataset\frames_unique\BV1ru4m1N7qy,0.08404356241226196,0.031442269682884216,0.8201208710670471,0.06439325213432312,1,2,0.9759147763252258
BV1s14y1a7Z9,1,0.903889000415802,2.2412025928497314,train,True,asr,2,E:\m-hvc\datasets\old-dataset\frames_unique\BV1s14y1a7Z9,0.4808605909347534,0.0065048797987401485,0.5060980916023254,0.0065364353358745575,1,2,0.903889000415802
BV1s24y1L7tr,1,0.9776533842086792,3.7784786224365234,train,False,missing,2,E:\m-hvc\datasets\old-dataset\frames_unique\BV1s24y1L7tr,0.08474209159612656,0.03691266477108002,0.7906398177146912,0.08770536631345749,1,2,0.9776533842086792
BV1s3411f7Zr,0,0.008994395844638348,-4.702118396759033,train,True,asr,0,E:\m-hvc\datasets\old-dataset\frames_unique\BV1s3411f7Zr,0.9906741976737976,0.000672747555654496,0.008040781132876873,0.0006122178165242076,0,0,0.9910056041553617
BV1s3411j7Px,0,0.011665093712508678,-4.439420700073242,train,True,asr,0,E:\m-hvc\datasets\old-dataset\frames_unique\BV1s3411j7Px,0.9877995252609253,0.00081982760457322,0.010623729787766933,0.0007569681038148701,0,0,0.9883349062874913
BV1s4411c7Xu,0,0.03355749323964119,-3.3603615760803223,train,True,asr,0,E:\m-hvc\datasets\old-dataset\frames_unique\BV1s4411c7Xu,0.9827246069908142,0.00039644382195547223,0.01660064607858658,0.00027828157180920243,0,0,0.9664425067603588
BV1sH4y1m7S2,0,0.0964706689119339,-2.237069606781006,val,False,missing,0,E:\m-hvc\datasets\old-dataset\frames_unique\BV1sH4y1m7S2,0.8627466559410095,0.006751527544111013,0.12464391440153122,0.005857996642589569,0,0,0.9035293310880661
BV1sM4y1b7Jo,1,0.9643586874008179,3.2979578971862793,train,False,missing,2,E:\m-hvc\datasets\old-dataset\frames_unique\BV1sM4y1b7Jo,0.10126831382513046,0.018547125160694122,0.8488388061523438,0.03134573996067047,1,2,0.9643586874008179
BV1sP41167zR,1,0.020294049754738808,-3.876924753189087,val,True,asr,2,E:\m-hvc\datasets\old-dataset\frames_unique\BV1sP41167zR,0.9603860378265381,0.001385037205182016,0.03625095635652542,0.001978062791749835,0,0,0.9797059502452612
BV1sQ4y1f7vn,0,0.03712054714560509,-3.2557575702667236,train,True,asr,0,E:\m-hvc\datasets\old-dataset\frames_unique\BV1sQ4y1f7vn,0.9205906391143799,0.0019172789761796594,0.0753142237663269,0.0021778724621981382,0,0,0.9628794528543949
BV1sU4y187tU,0,0.016935128718614578,-4.061285018920898,train,True,asr,0,E:\m-hvc\datasets\old-dataset\frames_unique\BV1sU4y187tU,0.9854373931884766,0.0004174128407612443,0.013802390545606613,0.0003427307528909296,0,0,0.9830648712813854
BV1sV4y117mE,0,0.016765685752034187,-4.0715131759643555,val,True,asr,0,E:\m-hvc\datasets\old-dataset\frames_unique\BV1sV4y117mE,0.9628990292549133,0.0018401170382276177,0.033383000642061234,0.0018778395606204867,0,0,0.9832343142479658
BV1sa411U7wo,0,0.05191809684038162,-2.904773473739624,train,True,asr,0,E:\m-hvc\datasets\old-dataset\frames_unique\BV1sa411U7wo,0.9787470698356628,0.0004374792333692312,0.020491892471909523,0.00032354341237805784,0,0,0.9480819031596184
BV1sb411X7b5,1,0.9393670558929443,2.740367889404297,val,False,missing,2,E:\m-hvc\datasets\old-dataset\frames_unique\BV1sb411X7b5,0.16199307143688202,0.02344052493572235,0.7823095321655273,0.03225686028599739,1,2,0.9393670558929443
BV1sb4y1Q794,0,0.013302109204232693,-4.306441307067871,test,True,asr,0,E:\m-hvc\datasets\old-dataset\frames_unique\BV1sb4y1Q794,0.9806599020957947,0.0013149995356798172,0.016591563820838928,0.0014334946172311902,0,0,0.9866978907957673
BV1sg411i7Ft,0,0.009270789101719856,-4.671572685241699,train,True,asr,0,E:\m-hvc\datasets\old-dataset\frames_unique\BV1sg411i7Ft,0.9880099892616272,0.0009221147047355771,0.0102525120601058,0.000815397419501096,0,0,0.9907292108982801
BV1sh411w7bY,0,0.015894297510385513,-4.125772953033447,train,True,asr,0,E:\m-hvc\datasets\old-dataset\frames_unique\BV1sh411w7bY,0.9655990600585938,0.001524939201772213,0.03125468268990517,0.0016213010530918837,0,0,0.9841057024896145
BV1so4y1L74Z,0,0.01843380555510521,-3.9749631881713867,train,True,asr,0,E:\m-hvc\datasets\old-dataset\frames_unique\BV1so4y1L74Z,0.9749668836593628,0.0007294656825251877,0.023474181070923805,0.0008294131839647889,0,0,0.9815661944448948
BV1sr4y1A7x7,0,0.009302517399191856,-4.668124198913574,train,True,asr,0,E:\m-hvc\datasets\old-dataset\frames_unique\BV1sr4y1A7x7,0.9902405738830566,0.0006133643910288811,0.008604601956903934,0.0005415139021351933,0,0,0.9906974826008081
BV1ss411f7Vx,1,0.8188689351081848,1.5087031126022339,val,True,asr,2,E:\m-hvc\datasets\old-dataset\frames_unique\BV1ss411f7Vx,0.48929834365844727,0.003334060776978731,0.50274258852005,0.004625045694410801,1,2,0.8188689351081848
BV1sy4y1X75j,0,0.00955861434340477,-4.640707969665527,train,True,asr,0,E:\m-hvc\datasets\old-dataset\frames_unique\BV1sy4y1X75j,0.9919124841690063,0.0005122486036270857,0.007139263208955526,0.0004359160957392305,0,0,0.9904413856565952
BV1t2421w7n9,0,0.01337885670363903,-4.300610542297363,train,True,asr,0,E:\m-hvc\datasets\old-dataset\frames_unique\BV1t2421w7n9,0.9794089198112488,0.0016099316999316216,0.01741078868508339,0.0015703506069257855,0,0,0.986621143296361
BV1t44y1J7zD,0,0.0084324786439538,-4.767196178436279,train,True,asr,0,E:\m-hvc\datasets\old-dataset\frames_unique\BV1t44y1J7zD,0.9921918511390686,0.0005837513599544764,0.006751026026904583,0.000473470106953755,0,0,0.9915675213560462
BV1t5411h71N,1,0.02574821002781391,-3.6333045959472656,test,True,asr,2,E:\m-hvc\datasets\old-dataset\frames_unique\BV1t5411h71N,0.9369174838066101,0.0035287123173475266,0.05358874797821045,0.005965129006654024,0,0,0.9742517899721861
BV1t84y1S7F7,0,0.010017665103077888,-4.593337059020996,train,True,asr,0,E:\m-hvc\datasets\old-dataset\frames_unique\BV1t84y1S7F7,0.9893280863761902,0.00070833700010553,0.009399664588272572,0.0005637959111481905,0,0,0.9899823348969221
BV1tB421r7sX,0,0.008996007032692432,-4.701937675476074,train,True,asr,0,E:\m-hvc\datasets\old-dataset\frames_unique\BV1tB421r7sX,0.9905643463134766,0.0006786607555113733,0.008086920715868473,0.0006701563252136111,0,0,0.9910039929673076
BV1tC4y187C9,0,0.02408348210155964,-3.7018508911132812,train,False,missing,0,E:\m-hvc\datasets\old-dataset\frames_unique\BV1tC4y187C9,0.9374846816062927,0.009156333282589912,0.04324212297797203,0.010116972029209137,0,0,0.9759165178984404
BV1tG411r7bD,1,0.6379018425941467,0.566268801689148,train,True,asr,2,E:\m-hvc\datasets\old-dataset\frames_unique\BV1tG411r7bD,0.6756843328475952,0.002680195728316903,0.3200407326221466,0.0015947342617437243,1,0,0.6379018425941467
BV1tJ411y7xH,1,0.02420184388756752,-3.696826934814453,test,False,missing,2,E:\m-hvc\datasets\old-dataset\frames_unique\BV1tJ411y7xH,0.9521499872207642,0.005788314621895552,0.035931363701820374,0.006130247842520475,0,0,0.9757981561124325
BV1tP41127dY,0,0.016426391899585724,-4.092303276062012,val,True,asr,0,E:\m-hvc\datasets\old-dataset\frames_unique\BV1tP41127dY,0.9685518145561218,0.0012589078396558762,0.028719404712319374,0.0014698929153382778,0,0,0.9835736081004143
BV1tP4y1b7NN,0,0.9618794322013855,3.228135585784912,val,True,asr,0,E:\m-hvc\datasets\old-dataset\frames_unique\BV1tP4y1b7NN,0.20763584971427917,0.011625787243247032,0.755598783493042,0.02513955533504486,1,2,0.9618794322013855
BV1tV4y1j7NZ,1,0.020874321460723877,-3.848140239715576,train,False,missing,2,E:\m-hvc\datasets\old-dataset\frames_unique\BV1tV4y1j7NZ,0.9477548003196716,0.007005968596786261,0.03806045278906822,0.007178816478699446,0,0,0.9791256785392761
BV1tY411c7cc,0,0.020886903628706932,-3.847524881362915,train,True,asr,0,E:\m-hvc\datasets\old-dataset\frames_unique\BV1tY411c7cc,0.953552782535553,0.001381252775900066,0.0435577854514122,0.0015081986784934998,0,0,0.9791130963712931
BV1te411D7zR,0,0.9045106172561646,2.2483787536621094,test,True,asr,0,E:\m-hvc\datasets\old-dataset\frames_unique\BV1te411D7zR,0.4689682424068451,0.008668390102684498,0.5128734111785889,0.009489963762462139,1,2,0.9045106172561646
BV1tf4y1U77w,0,0.014109971933066845,-4.2466630935668945,train,True,asr,0,E:\m-hvc\datasets\old-dataset\frames_unique\BV1tf4y1U77w,0.9799436926841736,0.0011398243950679898,0.017789803445339203,0.0011267277877777815,0,0,0.9858900280669332
BV1to4y177df,0,0.03500029817223549,-3.3167712688446045,train,True,asr,0,E:\m-hvc\datasets\old-dataset\frames_unique\BV1to4y177df,0.9446331858634949,0.0013439784524962306,0.05244967341423035,0.0015731293242424726,0,0,0.9649997018277645
BV1tq4y1G74f,0,0.039477746933698654,-3.191740036010742,test,True,asr,0,E:\m-hvc\datasets\old-dataset\frames_unique\BV1tq4y1G74f,0.9727087020874023,0.0008445834973827004,0.025662120431661606,0.0007845652871765196,0,0,0.9605222530663013
BV1tr4y1Q79T,1,0.06625182181596756,-2.6457438468933105,train,True,asr,2,E:\m-hvc\datasets\old-dataset\frames_unique\BV1tr4y1Q79T,0.9605615735054016,0.0006039163563400507,0.03813796117901802,0.0006964966305531561,0,0,0.9337481781840324
BV1tw411g7Qh,0,0.01464486587792635,-4.208912372589111,train,True,asr,0,E:\m-hvc\datasets\old-dataset\frames_unique\BV1tw411g7Qh,0.9656702876091003,0.0021330651361495256,0.029736675322055817,0.002459944924339652,0,0,0.9853551341220737
BV1uF411K7DZ,0,0.00828159786760807,-4.785403251647949,val,True,asr,0,E:\m-hvc\datasets\old-dataset\frames_unique\BV1uF411K7DZ,0.9918456673622131,0.0005247538792900741,0.007150658406317234,0.0004789384256582707,0,0,0.9917184021323919
BV1uL41157ZA,0,0.009172629565000534,-4.682316303253174,train,True,asr,0,E:\m-hvc\datasets\old-dataset\frames_unique\BV1uL41157ZA,0.9915440082550049,0.00042347871931269765,0.007679076865315437,0.0003534516436047852,0,0,0.9908273704349995
BV1uU4y1P7D3,0,0.3313901722431183,-0.7019041180610657,train,True,asr,0,E:\m-hvc\datasets\old-dataset\frames_unique\BV1uU4y1P7D3,0.8650367259979248,0.0010757155250757933,0.13261909782886505,0.0012684112880378962,1,0,0.6686098277568817
BV1uc41197AR,0,0.0111460005864501,-4.485466003417969,train,True,asr,0,E:\m-hvc\datasets\old-dataset\frames_unique\BV1uc41197AR,0.9837154746055603,0.001262913690879941,0.013777281157672405,0.0012443389277905226,0,0,0.9888539994135499
BV1ug411W74C,1,0.937057614326477,2.70052433013916,train,True,asr,2,E:\m-hvc\datasets\old-dataset\frames_unique\BV1ug411W74C,0.41337260603904724,0.035728439688682556,0.5279085040092468,0.02299036644399166,1,2,0.937057614326477
BV1uk4y1D7JG,1,0.04314069822430611,-3.099189519882202,test,True,asr,2,E:\m-hvc\datasets\old-dataset\frames_unique\BV1uk4y1D7JG,0.9124248027801514,0.0013589196605607867,0.08435998857021332,0.0018562800250947475,0,0,0.9568593017756939
BV1v94y1C7r2,0,0.010570907965302467,-4.539022445678711,train,True,asr,0,E:\m-hvc\datasets\old-dataset\frames_unique\BV1v94y1C7r2,0.9908809661865234,0.0004329816438257694,0.00831025093793869,0.00037580105708912015,0,0,0.9894290920346975
BV1v94y1u7nj,0,0.2280227541923523,-1.2195096015930176,test,True,asr,0,E:\m-hvc\datasets\old-dataset\frames_unique\BV1v94y1u7nj,0.6550286412239075,0.002962488913908601,0.33794111013412476,0.004067801404744387,0,0,0.7719772458076477
BV1vC4y1K7E7,0,0.02002989873290062,-3.89029598236084,train,True,asr,0,E:\m-hvc\datasets\old-dataset\frames_unique\BV1vC4y1K7E7,0.9542539715766907,0.0021616104058921337,0.04085962846875191,0.0027247469406574965,0,0,0.9799701012670994
BV1vK41177zi,0,0.022916801273822784,-3.7527015209198,train,True,asr,0,E:\m-hvc\datasets\old-dataset\frames_unique\BV1vK41177zi,0.9883936047554016,0.0003137886233162135,0.011052309535443783,0.00024037541879806668,0,0,0.9770831987261772
BV1vM411p7jy,1,0.07759031653404236,-2.4755468368530273,train,True,asr,2,E:\m-hvc\datasets\old-dataset\frames_unique\BV1vM411p7jy,0.9395771026611328,0.0009511008393019438,0.0585358664393425,0.0009360063704662025,0,0,0.9224096834659576
BV1vQ4y1J7ZL,1,0.07149676233530045,-2.5639216899871826,test,False,missing,2,E:\m-hvc\datasets\old-dataset\frames_unique\BV1vQ4y1J7ZL,0.8483792543411255,0.015521087683737278,0.11908239126205444,0.017017269507050514,0,0,0.9285032376646996
BV1va4y1m72C,0,0.01022408902645111,-4.572731971740723,train,True,asr,0,E:\m-hvc\datasets\old-dataset\frames_unique\BV1va4y1m72C,0.9851509928703308,0.0010439255274832249,0.01280816737562418,0.0009969279635697603,0,0,0.9897759109735489
BV1vk4y1M7Ut,0,0.07175306975841522,-2.5600671768188477,train,True,asr,0,E:\m-hvc\datasets\old-dataset\frames_unique\BV1vk4y1M7Ut,0.9761583209037781,0.0003184483794029802,0.02322886884212494,0.0002943658037111163,0,0,0.9282469302415848
BV1vo4y1b71W,1,0.9728277325630188,3.578011989593506,val,False,missing,2,E:\m-hvc\datasets\old-dataset\frames_unique\BV1vo4y1b71W,0.08385435491800308,0.031069574877619743,0.8152943253517151,0.06978173553943634,1,2,0.9728277325630188
BV1vs4y127aA,0,0.008421709761023521,-4.768485069274902,train,True,asr,0,E:\m-hvc\datasets\old-dataset\frames_unique\BV1vs4y127aA,0.9917727112770081,0.0004819367022719234,0.007308473810553551,0.000436762988101691,0,0,0.9915782902389765
BV1vv411z7sj,0,0.020575858652591705,-3.8628463745117188,test,False,missing,0,E:\m-hvc\datasets\old-dataset\frames_unique\BV1vv411z7sj,0.9411962032318115,0.00816451758146286,0.04162624850869179,0.009013012051582336,0,0,0.9794241413474083
BV1vz4y1r7ot,1,0.00976524781435728,-4.619112014770508,train,True,asr,2,E:\m-hvc\datasets\old-dataset\frames_unique\BV1vz4y1r7ot,0.9910041093826294,0.0009048430365510285,0.007393397390842438,0.0006976631702855229,0,0,0.9902347521856427
BV1w24y1n7qB,0,0.6024386286735535,0.4156365394592285,train,True,asr,0,E:\m-hvc\datasets\old-dataset\frames_unique\BV1w24y1n7qB,0.7955564856529236,0.0020718593150377274,0.2005830705165863,0.0017885507550090551,1,0,0.6024386286735535
BV1w64y11788,1,0.2588953375816345,-1.0517178773880005,train,True,asr,2,E:\m-hvc\datasets\old-dataset\frames_unique\BV1w64y11788,0.8590428829193115,0.0017866406124085188,0.137475848197937,0.0016946301329880953,0,0,0.7411046624183655
BV1wE411f7y8,1,0.4074098467826843,-0.3746832609176636,test,False,missing,2,E:\m-hvc\datasets\old-dataset\frames_unique\BV1wE411f7y8,0.5027207136154175,0.02382826805114746,0.45613816380500793,0.017312856391072273,1,0,0.5925901532173157
BV1wJ411U73M,0,0.7992242574691772,1.3814527988433838,test,True,asr,0,E:\m-hvc\datasets\old-dataset\frames_unique\BV1wJ411U73M,0.5422572493553162,0.01190345361828804,0.43667855858802795,0.009160663932561874,1,0,0.7992242574691772
BV1wK4y1d79P,0,0.013896060176193714,-4.2621564865112305,test,True,asr,0,E:\m-hvc\datasets\old-dataset\frames_unique\BV1wK4y1d79P,0.9851104021072388,0.0008146987529471517,0.013342787511646748,0.0007321569719351828,0,0,0.9861039398238063
BV1wN411a7HT,1,0.014510593377053738,-4.218259334564209,test,True,asr,2,E:\m-hvc\datasets\old-dataset\frames_unique\BV1wN411a7HT,0.9900924563407898,0.00033437839010730386,0.009273202158510685,0.0002998903801199049,0,0,0.9854894066229463
BV1wN411g7qt,0,0.02921335957944393,-3.5034806728363037,val,False,missing,0,E:\m-hvc\datasets\old-dataset\frames_unique\BV1wN411g7qt,0.9437037110328674,0.0051675173453986645,0.04532618820667267,0.005802562460303307,0,0,0.9707866404205561
BV1wP411z7P9,0,0.025036972016096115,-3.662045955657959,train,True,asr,0,E:\m-hvc\datasets\old-dataset\frames_unique\BV1wP411z7P9,0.9716164469718933,0.0009628473198972642,0.026429539546370506,0.0009910855442285538,0,0,0.9749630279839039
BV1wS4y1t7ws,0,0.012963678687810898,-4.332555294036865,train,True,asr,0,E:\m-hvc\datasets\old-dataset\frames_unique\BV1wS4y1t7ws,0.9814583659172058,0.0027897751424461603,0.013701478950679302,0.002050355775281787,0,0,0.9870363213121891
BV1wX4y1R7WZ,1,0.9705618619918823,3.4955825805664062,train,False,missing,2,E:\m-hvc\datasets\old-dataset\frames_unique\BV1wX4y1R7WZ,0.09710864722728729,0.019148794934153557,0.851598858833313,0.03214367851614952,1,2,0.9705618619918823
BV1wa411f7Xx,0,0.00948796235024929,-4.648198127746582,train,True,asr,0,E:\m-hvc\datasets\old-dataset\frames_unique\BV1wa411f7Xx,0.991783618927002,0.00043069751700386405,0.007403655909001827,0.0003820706042461097,0,0,0.9905120376497507
BV1wg411n7uj,0,0.042277880012989044,-3.120293617248535,train,True,asr,0,E:\m-hvc\datasets\old-dataset\frames_unique\BV1wg411n7uj,0.9241205453872681,0.0016356870764866471,0.07202102988958359,0.002222824841737747,0,0,0.957722119987011
BV1wh411f7qV,1,0.8863495588302612,2.0539841651916504,train,True,asr,1,E:\m-hvc\datasets\old-dataset\frames_unique\BV1wh411f7qV,0.059564266353845596,0.7855302095413208,0.06890486925840378,0.08600065857172012,1,1,0.8863495588302612
BV1wj411h7ZN,1,0.11844741553068161,-2.0072154998779297,test,True,asr,2,E:\m-hvc\datasets\old-dataset\frames_unique\BV1wj411h7ZN,0.9223186373710632,0.0012136229779571295,0.07527083158493042,0.00119691900908947,0,0,0.8815525844693184
BV1wu411n7ot,1,0.9215519428253174,2.463622570037842,train,True,asr,2,E:\m-hvc\datasets\old-dataset\frames_unique\BV1wu411n7ot,0.10796761512756348,0.004225333221256733,0.8728716373443604,0.014935428276658058,1,2,0.9215519428253174
BV1wz4y1L7jp,1,0.9257631897926331,2.5233583450317383,train,True,asr,2,E:\m-hvc\datasets\old-dataset\frames_unique\BV1wz4y1L7jp,0.26987001299858093,0.00736306793987751,0.7129537463188171,0.009813215583562851,1,2,0.9257631897926331
BV1x14y1k7ik,0,0.011897251009941101,-4.4194793701171875,train,True,asr,0,E:\m-hvc\datasets\old-dataset\frames_unique\BV1x14y1k7ik,0.9903194904327393,0.00056976149789989,0.00864091981202364,0.00046987933455966413,0,0,0.9881027489900589
BV1x54y1X7kE,0,0.04264364764094353,-3.111297369003296,test,True,asr,0,E:\m-hvc\datasets\old-dataset\frames_unique\BV1x54y1X7kE,0.9275578856468201,0.03579298406839371,0.027938425540924072,0.008710753172636032,0,0,0.9573563523590565
BV1x94y1F7zR,1,0.887128472328186,2.061739444732666,train,True,asr,2,E:\m-hvc\datasets\old-dataset\frames_unique\BV1x94y1F7zR,0.2696302831172943,0.0050085545517504215,0.718168318271637,0.007192848715931177,1,2,0.887128472328186
BV1xC4y1P7nR,0,0.029818112030625343,-3.482367515563965,train,False,missing,0,E:\m-hvc\datasets\old-dataset\frames_unique\BV1xC4y1P7nR,0.9404017925262451,0.006088580936193466,0.04669821634888649,0.006811445578932762,0,0,0.9701818879693747
BV1xE411Y7Dv,1,0.43698012828826904,-0.25342699885368347,test,True,asr,2,E:\m-hvc\datasets\old-dataset\frames_unique\BV1xE411Y7Dv,0.10950139164924622,0.003461055923253298,0.8823782205581665,0.00465932535007596,1,2,0.563019871711731
BV1xN411u7Jh,0,0.012746970169246197,-4.349632740020752,test,True,asr,0,E:\m-hvc\datasets\old-dataset\frames_unique\BV1xN411u7Jh,0.9825372099876404,0.0011642968747764826,0.015233471989631653,0.0010650178883224726,0,0,0.9872530298307538
BV1xV4y1m723,0,0.01476323138922453,-4.200742244720459,test,True,asr,0,E:\m-hvc\datasets\old-dataset\frames_unique\BV1xV4y1m723,0.9840181469917297,0.0008660593302920461,0.014312335290014744,0.000803470378741622,0,0,0.9852367686107755
BV1xZ4y117VY,0,0.01074367854744196,-4.5226359367370605,train,True,asr,0,E:\m-hvc\datasets\old-dataset\frames_unique\BV1xZ4y117VY,0.9842724800109863,0.0010637362720444798,0.013717584311962128,0.0009461688459850848,0,0,0.989256321452558
BV1xe4y1w7vP,0,0.024377085268497467,-3.6894326210021973,train,False,missing,0,E:\m-hvc\datasets\old-dataset\frames_unique\BV1xe4y1w7vP,0.9301367998123169,0.009668842889368534,0.0494711808860302,0.010723189450800419,0,0,0.9756229147315025
BV1xo4y1w7u7,1,0.8958638906478882,2.1520895957946777,train,True,asr,2,E:\m-hvc\datasets\old-dataset\frames_unique\BV1xo4y1w7u7,0.30447566509246826,0.004603312350809574,0.685280978679657,0.0056400480680167675,1,2,0.8958638906478882
BV1xt411X7GM,0,0.039588768035173416,-3.1888160705566406,train,True,asr,0,E:\m-hvc\datasets\old-dataset\frames_unique\BV1xt411X7GM,0.9738382697105408,0.00047942105447873473,0.025150829926133156,0.0005315338494256139,0,0,0.9604112319648266
BV1xt4y1R7Kd,1,0.9687124490737915,3.4327478408813477,train,False,missing,2,E:\m-hvc\datasets\old-dataset\frames_unique\BV1xt4y1R7Kd,0.11066710203886032,0.02671099454164505,0.8147674202919006,0.04785451292991638,1,2,0.9687124490737915
BV1y541117g1,0,0.045034509152173996,-3.054246187210083,train,True,asr,0,E:\m-hvc\datasets\old-dataset\frames_unique\BV1y541117g1,0.9384286403656006,0.0012590076075866818,0.05870397016406059,0.0016084304079413414,0,0,0.954965490847826
BV1y8411o7Gc,1,0.27816376090049744,-0.9535883069038391,train,True,asr,2,E:\m-hvc\datasets\old-dataset\frames_unique\BV1y8411o7Gc,0.9185834527015686,0.004685818217694759,0.07532776892185211,0.0014029470039531589,0,0,0.7218362390995026
BV1yA4y197TA,0,0.023274345323443413,-3.736854076385498,train,True,asr,0,E:\m-hvc\datasets\old-dataset\frames_unique\BV1yA4y197TA,0.9858672022819519,0.0005757324397563934,0.013094947673380375,0.0004621157713700086,0,0,0.9767256546765566
BV1yC4y1T7Bm,0,0.038560833781957626,-3.2161941528320312,train,True,asr,0,E:\m-hvc\datasets\old-dataset\frames_unique\BV1yC4y1T7Bm,0.9255258440971375,0.0013664902653545141,0.07157954573631287,0.0015282153617590666,0,0,0.9614391662180424
BV1yK421C7j2,0,0.04200853407382965,-3.1269659996032715,train,False,missing,0,E:\m-hvc\datasets\old-dataset\frames_unique\BV1yK421C7j2,0.9235201478004456,0.0054886844009160995,0.0653783306479454,0.005612811539322138,0,0,0.9579914659261703
BV1yK4y1z7Wc,0,0.008789011277258396,-4.7254252433776855,test,True,asr,0,E:\m-hvc\datasets\old-dataset\frames_unique\BV1yK4y1z7Wc,0.9918501973152161,0.0004870245757047087,0.007247857749462128,0.00041485633119009435,0,0,0.9912109887227416
BV1yW41117ME,0,0.01674923300743103,-4.072511672973633,val,True,asr,0,E:\m-hvc\datasets\old-dataset\frames_unique\BV1yW41117ME,0.9891288876533508,0.00046628055861219764,0.010000159963965416,0.0004047948750667274,0,0,0.983250766992569
BV1yW4y1Z76C,0,0.024007145315408707,-3.705103874206543,train,True,asr,0,E:\m-hvc\datasets\old-dataset\frames_unique\BV1yW4y1Z76C,0.9247879385948181,0.002892745891585946,0.0683298408985138,0.0039894795045256615,0,0,0.9759928546845913
BV1yd4y1c7nm,0,0.05141650140285492,-2.915010690689087,train,True,asr,0,E:\m-hvc\datasets\old-dataset\frames_unique\BV1yd4y1c7nm,0.977717399597168,0.000558796979021281,0.02119067683815956,0.0005330313579179347,0,0,0.9485834985971451
BV1yk4y1j7f4,0,0.021818144246935844,-3.8029537200927734,train,False,missing,0,E:\m-hvc\datasets\old-dataset\frames_unique\BV1yk4y1j7f4,0.9388337135314941,0.00820502545684576,0.04377909004688263,0.00918219331651926,0,0,0.9781818557530642
BV1yq4y1D7mz,0,0.010130076669156551,-4.582064628601074,train,True,asr,0,E:\m-hvc\datasets\old-dataset\frames_unique\BV1yq4y1D7mz,0.9874446392059326,0.000970677996519953,0.01073587778955698,0.0008488345192745328,0,0,0.9898699233308434
BV1yu41137bC,0,0.014656214974820614,-4.208126068115234,train,True,asr,0,E:\m-hvc\datasets\old-dataset\frames_unique\BV1yu41137bC,0.9741290211677551,0.002406043466180563,0.02080175094306469,0.002663136925548315,0,0,0.9853437850251794
BV1yy4y1j7Qm,0,0.024785345420241356,-3.6724050045013428,test,True,asr,0,E:\m-hvc\datasets\old-dataset\frames_unique\BV1yy4y1j7Qm,0.9825349450111389,0.0008499121177010238,0.015979966148734093,0.0006352345226332545,0,0,0.9752146545797586
BV1z34y1u7Dg,0,0.011181488633155823,-4.482251167297363,val,True,asr,0,E:\m-hvc\datasets\old-dataset\frames_unique\BV1z34y1u7Dg,0.9849570989608765,0.0009767082519829273,0.013178938068449497,0.0008873181068338454,0,0,0.9888185113668442
BV1z441137YL,0,0.017037920653820038,-4.055129051208496,train,True,asr,0,E:\m-hvc\datasets\old-dataset\frames_unique\BV1z441137YL,0.9882892370223999,0.0005361602525226772,0.010738790966570377,0.0004358002042863518,0,0,0.98296207934618
BV1z4411q7KK,0,0.22146151959896088,-1.2571696043014526,train,True,asr,0,E:\m-hvc\datasets\old-dataset\frames_unique\BV1z4411q7KK,0.9166919589042664,0.0009303905535489321,0.08150196820497513,0.0008756345487199724,0,0,0.7785384804010391
BV1z84y1L7mP,1,0.9419312477111816,2.786303997039795,train,True,asr,2,E:\m-hvc\datasets\old-dataset\frames_unique\BV1z84y1L7mP,0.32396233081817627,0.006885174196213484,0.6593649983406067,0.009787466377019882,1,2,0.9419312477111816
BV1z84y1W7qa,1,0.016587218269705772,-4.082396507263184,val,True,asr,2,E:\m-hvc\datasets\old-dataset\frames_unique\BV1z84y1W7qa,0.9759438037872314,0.0017356259049847722,0.020548636093735695,0.0017719335155561566,0,0,0.9834127817302942
BV1zD4y1Y7ec,1,0.9645232558250427,3.3027565479278564,train,True,asr,2,E:\m-hvc\datasets\old-dataset\frames_unique\BV1zD4y1Y7ec,0.1397078037261963,0.007550068199634552,0.8370636105537415,0.015678411349654198,1,2,0.9645232558250427
BV1zP4y1U7Hm,0,0.009469329379498959,-4.650182723999023,train,True,asr,0,E:\m-hvc\datasets\old-dataset\frames_unique\BV1zP4y1U7Hm,0.9886510372161865,0.0008521594572812319,0.009726223535835743,0.000770632061176002,0,0,0.990530670620501
BV1zT4y1b7d7,1,0.7408614158630371,1.0504505634307861,train,True,asr,2,E:\m-hvc\datasets\old-dataset\frames_unique\BV1zT4y1b7d7,0.5210115909576416,0.0031354683451354504,0.47208091616630554,0.0037720417603850365,1,0,0.7408614158630371
BV1zb411M7g3,0,0.018104474991559982,-3.993325710296631,train,True,asr,0,E:\m-hvc\datasets\old-dataset\frames_unique\BV1zb411M7g3,0.9902300238609314,0.0007678641122765839,0.008346703834831715,0.0006553761777468026,0,0,0.98189552500844
BV1zc411d7LH,0,0.008795705623924732,-4.72465705871582,train,True,asr,0,E:\m-hvc\datasets\old-dataset\frames_unique\BV1zc411d7LH,0.9903229475021362,0.0007859984179958701,0.008228729479014874,0.0006622851942665875,0,0,0.9912042943760753
BV1ze4y1q7mk,0,0.012386858463287354,-4.378654956817627,val,True,asr,0,E:\m-hvc\datasets\old-dataset\frames_unique\BV1ze4y1q7mk,0.9812765121459961,0.001746226567775011,0.014995541423559189,0.001981667708605528,0,0,0.9876131415367126
BV1zm41197YD,0,0.016713885590434074,-4.074660301208496,val,True,asr,0,E:\m-hvc\datasets\old-dataset\frames_unique\BV1zm41197YD,0.9855952262878418,0.0006318356608971953,0.01315395813435316,0.0006189430714584887,0,0,0.9832861144095659
BV1zq4y137xA,0,0.010117651894688606,-4.583304405212402,test,True,asr,0,E:\m-hvc\datasets\old-dataset\frames_unique\BV1zq4y137xA,0.9916228652000427,0.0005092968931421638,0.007426298689097166,0.00044141552643850446,0,0,0.9898823481053114
BV1zu41117e3,1,0.6050679683685303,0.4266272485256195,train,True,asr,1,E:\m-hvc\datasets\old-dataset\frames_unique\BV1zu41117e3,0.38341599702835083,0.24788284301757812,0.3204256296157837,0.04827558621764183,1,0,0.6050679683685303
BV1zx4y1o7iS,0,0.01165689341723919,-4.440132141113281,train,True,asr,0,E:\m-hvc\datasets\old-dataset\frames_unique\BV1zx4y1o7iS,0.9873019456863403,0.0007358604925684631,0.011271374300122261,0.0006909006042405963,0,0,0.9883431065827608
R_hate_video_001,1,0.947197437286377,2.8869481086730957,train,True,asr,1,E:\m-hvc\datasets\old-dataset\frames_unique\R_hate_video_001,0.08627896010875702,0.631247341632843,0.15846994519233704,0.12400376051664352,1,1,0.947197437286377
R_hate_video_002,1,0.9440051317214966,2.824871063232422,train,True,asr,2,E:\m-hvc\datasets\old-dataset\frames_unique\R_hate_video_002,0.07107579708099365,0.004067448433488607,0.9201955795288086,0.004661152139306068,1,2,0.9440051317214966
R_hate_video_003,1,0.9285345077514648,2.564391851425171,train,True,asr,2,E:\m-hvc\datasets\old-dataset\frames_unique\R_hate_video_003,0.029754869639873505,0.002758905291557312,0.959776759147644,0.007709500379860401,1,2,0.9285345077514648
R_hate_video_004,1,0.9683700203895569,3.4215078353881836,train,True,asr,3,E:\m-hvc\datasets\old-dataset\frames_unique\R_hate_video_004,0.03801373764872551,0.10084210336208344,0.12028851360082626,0.7408556342124939,1,3,0.9683700203895569
R_hate_video_005,1,0.9437549114227295,2.82014799118042,test,True,asr,1,E:\m-hvc\datasets\old-dataset\frames_unique\R_hate_video_005,0.08207075297832489,0.6775490045547485,0.15028947591781616,0.0900907814502716,1,1,0.9437549114227295
R_hate_video_006,1,0.9020553827285767,2.220273971557617,train,True,asr,2,E:\m-hvc\datasets\old-dataset\frames_unique\R_hate_video_006,0.5561338663101196,0.006518079899251461,0.4314092993736267,0.005938815884292126,1,0,0.9020553827285767
R_hate_video_007,1,0.9692335724830627,3.4500811100006104,test,True,asr,2,E:\m-hvc\datasets\old-dataset\frames_unique\R_hate_video_007,0.1769087016582489,0.020867658779025078,0.5571556687355042,0.2450680285692215,1,2,0.9692335724830627
R_hate_video_008,0,0.844360888004303,1.691040277481079,train,True,asr,0,E:\m-hvc\datasets\old-dataset\frames_unique\R_hate_video_008,0.1722949743270874,0.004749474115669727,0.8190140128135681,0.003941492643207312,1,2,0.844360888004303
R_hate_video_009,1,0.9792131781578064,3.852429151535034,train,True,asr,3,E:\m-hvc\datasets\old-dataset\frames_unique\R_hate_video_009,0.014316245913505554,0.015374814160168171,0.04996025562286377,0.9203487634658813,1,3,0.9792131781578064
R_hate_video_010,1,0.9819040894508362,3.9938101768493652,train,True,asr,3,E:\m-hvc\datasets\old-dataset\frames_unique\R_hate_video_010,0.07352189719676971,0.11721115559339523,0.4050046503543854,0.4042623043060303,1,2,0.9819040894508362
R_hate_video_011,1,0.9040955305099487,2.2435827255249023,train,True,asr,2,E:\m-hvc\datasets\old-dataset\frames_unique\R_hate_video_011,0.028408631682395935,0.002678259974345565,0.9660019278526306,0.002911224029958248,1,2,0.9040955305099487
R_hate_video_012,1,0.6933361887931824,0.8157629370689392,train,True,asr,2,E:\m-hvc\datasets\old-dataset\frames_unique\R_hate_video_012,0.06663747876882553,0.001884197467006743,0.9290962219238281,0.002382180653512478,1,2,0.6933361887931824
R_hate_video_013,1,0.7792286276817322,1.261176586151123,train,True,asr,2,E:\m-hvc\datasets\old-dataset\frames_unique\R_hate_video_013,0.7111520767211914,0.007432183716446161,0.2706654667854309,0.010750243440270424,1,0,0.7792286276817322
R_hate_video_014,1,0.9209985733032227,2.455993413925171,test,True,asr,2,E:\m-hvc\datasets\old-dataset\frames_unique\R_hate_video_014,0.3814558982849121,0.012410937808454037,0.593960702419281,0.012172486633062363,1,2,0.9209985733032227
R_hate_video_015,1,0.9323725700378418,2.6237189769744873,train,True,asr,2,E:\m-hvc\datasets\old-dataset\frames_unique\R_hate_video_015,0.4136105477809906,0.014008619822561741,0.5580441355705261,0.014336680062115192,1,2,0.9323725700378418
R_hate_video_016,1,0.8043514490127563,1.4137165546417236,train,True,asr,2,E:\m-hvc\datasets\old-dataset\frames_unique\R_hate_video_016,0.04233543202280998,0.0031309800688177347,0.9482771158218384,0.006256470922380686,1,2,0.8043514490127563
R_hate_video_017,0,0.9607971906661987,3.1990153789520264,test,True,asr,0,E:\m-hvc\datasets\old-dataset\frames_unique\R_hate_video_017,0.06947769969701767,0.016996262595057487,0.616909384727478,0.29661667346954346,1,2,0.9607971906661987
R_hate_video_018,1,0.9605713486671448,3.193035125732422,train,True,asr,2,E:\m-hvc\datasets\old-dataset\frames_unique\R_hate_video_018,0.028314299881458282,0.0033572872634977102,0.9631838798522949,0.005144573748111725,1,2,0.9605713486671448
R_hate_video_019,1,0.9502561688423157,2.9498448371887207,train,True,asr,2,E:\m-hvc\datasets\old-dataset\frames_unique\R_hate_video_019,0.37332668900489807,0.011984806507825851,0.5980224013328552,0.016666041687130928,1,2,0.9502561688423157
R_hate_video_020,1,0.951729953289032,2.9814701080322266,train,True,asr,1,E:\m-hvc\datasets\old-dataset\frames_unique\R_hate_video_020,0.11666028946638107,0.3264091908931732,0.25634580850601196,0.30058473348617554,1,1,0.951729953289032
R_hate_video_021,1,0.4205048382282257,-0.32070133090019226,test,True,asr,2,E:\m-hvc\datasets\old-dataset\frames_unique\R_hate_video_021,0.725653350353241,0.0035229388158768415,0.26879099011421204,0.0020327349193394184,1,0,0.5794951617717743
R_hate_video_022,1,0.894316554069519,2.1356115341186523,train,True,asr,2,E:\m-hvc\datasets\old-dataset\frames_unique\R_hate_video_022,0.564647912979126,0.005929118487983942,0.4234675467014313,0.005955435335636139,1,0,0.894316554069519
R_hate_video_023,1,0.9817761778831482,3.9866323471069336,train,True,asr,3,E:\m-hvc\datasets\old-dataset\frames_unique\R_hate_video_023,0.016136832535266876,0.01389081496745348,0.07065409421920776,0.899318277835846,1,3,0.9817761778831482
R_hate_video_024,1,0.9478276371955872,2.899618148803711,train,True,asr,2,E:\m-hvc\datasets\old-dataset\frames_unique\R_hate_video_024,0.16779008507728577,0.008447747677564621,0.8142394423484802,0.00952270906418562,1,2,0.9478276371955872
R_hate_video_025,1,0.955292820930481,3.0618836879730225,train,True,asr,2,E:\m-hvc\datasets\old-dataset\frames_unique\R_hate_video_025,0.029146695509552956,0.0037273503839969635,0.9619094133377075,0.005216517951339483,1,2,0.955292820930481
R_hate_video_026,1,0.8540019392967224,1.766339898109436,train,True,asr,2,E:\m-hvc\datasets\old-dataset\frames_unique\R_hate_video_026,0.26399484276771545,0.0046331570483744144,0.7269240617752075,0.004447923973202705,1,2,0.8540019392967224
R_hate_video_027,1,0.9035723805427551,2.2375636100769043,train,True,asr,2,E:\m-hvc\datasets\old-dataset\frames_unique\R_hate_video_027,0.5245190262794495,0.005722537636756897,0.4635394513607025,0.006219012197107077,1,0,0.9035723805427551
R_hate_video_028,1,0.9010219573974609,2.2086310386657715,train,True,asr,2,E:\m-hvc\datasets\old-dataset\frames_unique\R_hate_video_028,0.34079405665397644,0.006705878768116236,0.6463665962219238,0.006133464630693197,1,2,0.9010219573974609
R_hate_video_029,1,0.9720668196678162,3.5496091842651367,train,True,asr,2,E:\m-hvc\datasets\old-dataset\frames_unique\R_hate_video_029,0.22381789982318878,0.02402612194418907,0.5734902620315552,0.17866569757461548,1,2,0.9720668196678162
R_hate_video_030,1,0.5789103507995605,0.3183019459247589,test,True,asr,1,E:\m-hvc\datasets\old-dataset\frames_unique\R_hate_video_030,0.1705404669046402,0.6233114004135132,0.09173723310232162,0.1144108846783638,1,1,0.5789103507995605
R_hate_video_031,1,0.9516897201538086,2.9805941581726074,test,True,asr,2,E:\m-hvc\datasets\old-dataset\frames_unique\R_hate_video_031,0.02415832132101059,0.0023178672417998314,0.9699103236198425,0.003613423788920045,1,2,0.9516897201538086
R_hate_video_032,1,0.955946147441864,3.0772881507873535,train,True,asr,2,E:\m-hvc\datasets\old-dataset\frames_unique\R_hate_video_032,0.02453242614865303,0.0027647968381643295,0.9684529900550842,0.004249719902873039,1,2,0.955946147441864
R_hate_video_033,1,0.6266102194786072,0.5177019238471985,train,True,asr,2,E:\m-hvc\datasets\old-dataset\frames_unique\R_hate_video_033,0.8352380990982056,0.001873651286587119,0.16144602000713348,0.0014421280939131975,1,0,0.6266102194786072
R_hate_video_034,1,0.956616222858429,3.0933170318603516,train,True,asr,2,E:\m-hvc\datasets\old-dataset\frames_unique\R_hate_video_034,0.3656049370765686,0.017778603360056877,0.5845820307731628,0.03203441947698593,1,2,0.956616222858429
R_hate_video_035,1,0.9768930673599243,3.7442450523376465,test,False,missing,2,E:\m-hvc\datasets\old-dataset\frames_unique\R_hate_video_035,0.09313357621431351,0.023733850568532944,0.8341951370239258,0.0489373579621315,1,2,0.9768930673599243
R_hate_video_036,1,0.975283682346344,3.675264358520508,train,False,missing,2,E:\m-hvc\datasets\old-dataset\frames_unique\R_hate_video_036,0.10170941799879074,0.02007139101624489,0.8398482799530029,0.03837090730667114,1,2,0.975283682346344
R_hate_video_037,1,0.9796549677848816,3.874363422393799,test,False,missing,2,E:\m-hvc\datasets\old-dataset\frames_unique\R_hate_video_037,0.09108313173055649,0.026201780885457993,0.8274374604225159,0.05527765303850174,1,2,0.9796549677848816
R_hate_video_038,1,0.8203588128089905,1.5187804698944092,train,True,asr,1,E:\m-hvc\datasets\old-dataset\frames_unique\R_hate_video_038,0.07530477643013,0.7971911430358887,0.06195402517914772,0.06555008143186569,1,1,0.8203588128089905
R_hate_video_039,1,0.9680554270744324,3.411288261413574,train,True,asr,2,E:\m-hvc\datasets\old-dataset\frames_unique\R_hate_video_039,0.01933402195572853,0.0037329941987991333,0.967630922794342,0.009302030317485332,1,2,0.9680554270744324
R_hate_video_040,1,0.9181852340698242,2.4179413318634033,train,True,asr,1,E:\m-hvc\datasets\old-dataset\frames_unique\R_hate_video_040,0.0904122143983841,0.5753096342086792,0.2667958736419678,0.0674823597073555,1,1,0.9181852340698242
R_hate_video_041,1,0.9723696708679199,3.560821533203125,train,True,asr,2,E:\m-hvc\datasets\old-dataset\frames_unique\R_hate_video_041,0.020588615909218788,0.0029571433551609516,0.9660804867744446,0.01037376094609499,1,2,0.9723696708679199
R_hate_video_042,1,0.9847245216369629,4.166109561920166,val,True,asr,3,E:\m-hvc\datasets\old-dataset\frames_unique\R_hate_video_042,0.034944530576467514,0.011807363480329514,0.5266722440719604,0.4265758693218231,1,2,0.9847245216369629
R_hate_video_043,1,0.9614856243133545,3.2174477577209473,train,True,asr,2,E:\m-hvc\datasets\old-dataset\frames_unique\R_hate_video_043,0.33097338676452637,0.012248086743056774,0.6369598507881165,0.01981869526207447,1,2,0.9614856243133545
R_hate_video_044,1,0.9798768162727356,3.8855528831481934,test,False,missing,2,E:\m-hvc\datasets\old-dataset\frames_unique\R_hate_video_044,0.08899768441915512,0.025335902348160744,0.8348333239555359,0.05083315074443817,1,2,0.9798768162727356
R_hate_video_045,1,0.9556041955947876,3.0691990852355957,train,True,asr,2,E:\m-hvc\datasets\old-dataset\frames_unique\R_hate_video_045,0.10259626060724258,0.009894630871713161,0.8756532073020935,0.011855900287628174,1,2,0.9556041955947876
R_hate_video_046,1,0.977994978427887,3.794232130050659,val,False,missing,2,E:\m-hvc\datasets\old-dataset\frames_unique\R_hate_video_046,0.09667108207941055,0.02620791643857956,0.8214099407196045,0.05571099370718002,1,2,0.977994978427887
R_hate_video_047,1,0.9776974320411682,3.7805020809173584,train,False,missing,2,E:\m-hvc\datasets\old-dataset\frames_unique\R_hate_video_047,0.09844066202640533,0.021370990201830864,0.8368048667907715,0.04338349774479866,1,2,0.9776974320411682
R_hate_video_048,1,0.9405406713485718,2.761162281036377,val,True,asr,2,E:\m-hvc\datasets\old-dataset\frames_unique\R_hate_video_048,0.39300301671028137,0.008503671735525131,0.5874115228652954,0.011081833392381668,1,2,0.9405406713485718
R_hate_video_049,1,0.9392303228378296,2.7379696369171143,train,True,asr,2,E:\m-hvc\datasets\old-dataset\frames_unique\R_hate_video_049,0.4362711012363434,0.008062884211540222,0.5449547171592712,0.01071127038449049,1,2,0.9392303228378296
R_hate_video_050,1,0.7279677391052246,0.9843360781669617,train,True,asr,2,E:\m-hvc\datasets\old-dataset\frames_unique\R_hate_video_050,0.7621527314186096,0.00208080536685884,0.23396526277065277,0.0018012190703302622,1,0,0.7279677391052246
R_hate_video_051,1,0.6587851643562317,0.6578850150108337,train,True,asr,2,E:\m-hvc\datasets\old-dataset\frames_unique\R_hate_video_051,0.6607475876808167,0.0029249705839902163,0.3339243233203888,0.0024031971115618944,1,0,0.6587851643562317
R_hate_video_052,1,0.9791572690010071,3.8496875762939453,val,False,missing,2,E:\m-hvc\datasets\old-dataset\frames_unique\R_hate_video_052,0.08381644636392593,0.03063466027379036,0.8146482110023499,0.07090067863464355,1,2,0.9791572690010071
R_hate_video_053,1,0.9645007252693176,3.302098274230957,val,False,missing,2,E:\m-hvc\datasets\old-dataset\frames_unique\R_hate_video_053,0.12388309836387634,0.018699485808610916,0.8297953605651855,0.02762206271290779,1,2,0.9645007252693176
R_hate_video_054,1,0.9794198870658875,3.8626370429992676,train,False,missing,2,E:\m-hvc\datasets\old-dataset\frames_unique\R_hate_video_054,0.08515747636556625,0.027991624549031258,0.8260037899017334,0.06084706634283066,1,2,0.9794198870658875
R_hate_video_055,1,0.9786202907562256,3.823700189590454,test,False,missing,2,E:\m-hvc\datasets\old-dataset\frames_unique\R_hate_video_055,0.09018396586179733,0.024025030434131622,0.8366297483444214,0.04916122183203697,1,2,0.9786202907562256
R_hate_video_056,1,0.9497154951095581,2.9384655952453613,train,False,missing,2,E:\m-hvc\datasets\old-dataset\frames_unique\R_hate_video_056,0.1610785573720932,0.016970215365290642,0.797959566116333,0.023991718888282776,1,2,0.9497154951095581
R_hate_video_057,1,0.9782353639602661,3.8054628372192383,train,False,missing,2,E:\m-hvc\datasets\old-dataset\frames_unique\R_hate_video_057,0.0898093581199646,0.024908360093832016,0.8301051259040833,0.05517726391553879,1,2,0.9782353639602661
R_hate_video_058,1,0.9772317409515381,3.7593579292297363,train,False,missing,2,E:\m-hvc\datasets\old-dataset\frames_unique\R_hate_video_058,0.09785962104797363,0.02837063930928707,0.8112261295318604,0.06254362314939499,1,2,0.9772317409515381
R_hate_video_059,1,0.9731029868125916,3.5884766578674316,train,False,missing,2,E:\m-hvc\datasets\old-dataset\frames_unique\R_hate_video_059,0.11108255386352539,0.022505929693579674,0.8200224041938782,0.0463891439139843,1,2,0.9731029868125916
R_hate_video_060,1,0.978451132774353,3.8156490325927734,test,False,missing,2,E:\m-hvc\datasets\old-dataset\frames_unique\R_hate_video_060,0.09099209308624268,0.029644683003425598,0.8099921345710754,0.06937108933925629,1,2,0.978451132774353
R_hate_video_061,1,0.9708427786827087,3.505464553833008,train,True,asr,2,E:\m-hvc\datasets\old-dataset\frames_unique\R_hate_video_061,0.280793696641922,0.01763857528567314,0.6338074803352356,0.06776029616594315,1,2,0.9708427786827087
R_hate_video_062,1,0.9794801473617554,3.8656277656555176,train,False,missing,2,E:\m-hvc\datasets\old-dataset\frames_unique\R_hate_video_062,0.08434289693832397,0.025518078356981277,0.8322720527648926,0.05786704644560814,1,2,0.9794801473617554
R_hate_video_063,1,0.9791373014450073,3.8487067222595215,train,False,missing,2,E:\m-hvc\datasets\old-dataset\frames_unique\R_hate_video_063,0.08834511786699295,0.03133585676550865,0.8085365295410156,0.07178246974945068,1,2,0.9791373014450073
R_hate_video_064,1,0.979677140712738,3.8754780292510986,train,False,missing,2,E:\m-hvc\datasets\old-dataset\frames_unique\R_hate_video_064,0.08897753804922104,0.03025844320654869,0.8149873614311218,0.06577655673027039,1,2,0.979677140712738
R_hate_video_065,1,0.9763619303703308,3.7209770679473877,train,False,missing,2,E:\m-hvc\datasets\old-dataset\frames_unique\R_hate_video_065,0.10353781282901764,0.021469375118613243,0.8308250308036804,0.044167742133140564,1,2,0.9763619303703308
R_hate_video_066,1,0.9800523519515991,3.8944945335388184,val,False,missing,2,E:\m-hvc\datasets\old-dataset\frames_unique\R_hate_video_066,0.08445694297552109,0.027081560343503952,0.8245755434036255,0.06388597935438156,1,2,0.9800523519515991
R_hate_video_067,0,0.2709289789199829,-0.9899144172668457,train,False,missing,0,E:\m-hvc\datasets\old-dataset\frames_unique\R_hate_video_067,0.7627416849136353,0.006195610389113426,0.22568480670452118,0.005377916153520346,0,0,0.7290710210800171
R_hate_video_068,1,0.9780462980270386,3.796621799468994,train,False,missing,2,E:\m-hvc\datasets\old-dataset\frames_unique\R_hate_video_068,0.09028542786836624,0.031238563358783722,0.8089445233345032,0.06953143328428268,1,2,0.9780462980270386
R_hate_video_069,1,0.9751254320144653,3.66871976852417,train,False,missing,2,E:\m-hvc\datasets\old-dataset\frames_unique\R_hate_video_069,0.10490629076957703,0.024071326479315758,0.8244437575340271,0.04657861590385437,1,2,0.9751254320144653
R_hate_video_070,1,0.9771875739097595,3.757373571395874,train,True,asr,3,E:\m-hvc\datasets\old-dataset\frames_unique\R_hate_video_070,0.014421294443309307,0.01598801277577877,0.0468733087182045,0.9227173328399658,1,3,0.9771875739097595
R_hate_video_071,1,0.9601407051086426,3.181722640991211,val,True,asr,2,E:\m-hvc\datasets\old-dataset\frames_unique\R_hate_video_071,0.32750648260116577,0.013905566185712814,0.6402204632759094,0.018367532640695572,1,2,0.9601407051086426
R_hate_video_072,1,0.9589393734931946,3.1507773399353027,train,True,asr,2,E:\m-hvc\datasets\old-dataset\frames_unique\R_hate_video_072,0.08911881595849991,0.005594974383711815,0.897422194480896,0.007863987237215042,1,2,0.9589393734931946
R_hate_video_073,1,0.951366126537323,2.9735794067382812,train,True,asr,2,E:\m-hvc\datasets\old-dataset\frames_unique\R_hate_video_073,0.36241570115089417,0.012143036350607872,0.6091676354408264,0.01627366617321968,1,2,0.951366126537323
R_hate_video_074,1,0.9862159490585327,4.270360946655273,train,True,asr,3,E:\m-hvc\datasets\old-dataset\frames_unique\R_hate_video_074,0.020415738224983215,0.013489487580955029,0.15073689818382263,0.8153579235076904,1,3,0.9862159490585327
R_hate_video_075,1,0.9827477335929871,4.0424113273620605,train,True,asr,3,E:\m-hvc\datasets\old-dataset\frames_unique\R_hate_video_075,0.06490766257047653,0.01732058636844158,0.5989891886711121,0.31878259778022766,1,2,0.9827477335929871
R_hate_video_076,1,0.9512732625007629,2.9715728759765625,train,True,asr,2,E:\m-hvc\datasets\old-dataset\frames_unique\R_hate_video_076,0.36453860998153687,0.008334644138813019,0.6168569922447205,0.010269788093864918,1,2,0.9512732625007629
R_hate_video_077,1,0.9804327487945557,3.9141335487365723,train,False,missing,2,E:\m-hvc\datasets\old-dataset\frames_unique\R_hate_video_077,0.09284881502389908,0.028647437691688538,0.8183715343475342,0.060132261365652084,1,2,0.9804327487945557
R_hate_video_078,1,0.9588565230369568,3.148674726486206,train,True,asr,2,E:\m-hvc\datasets\old-dataset\frames_unique\R_hate_video_078,0.2851291298866272,0.018828315660357475,0.6706380248069763,0.025404535233974457,1,2,0.9588565230369568
R_hate_video_079,1,0.9761189222335815,3.710498571395874,train,False,missing,2,E:\m-hvc\datasets\old-dataset\frames_unique\R_hate_video_079,0.10151955485343933,0.017111483961343765,0.8501970767974854,0.031171943992376328,1,2,0.9761189222335815
R_hate_video_080,1,0.9787713885307312,3.830948829650879,test,False,missing,2,E:\m-hvc\datasets\old-dataset\frames_unique\R_hate_video_080,0.09543213248252869,0.023053037002682686,0.8349122405052185,0.04660256952047348,1,2,0.9787713885307312
R_hate_video_081,1,0.9229625463485718,2.4832963943481445,train,True,asr,2,E:\m-hvc\datasets\old-dataset\frames_unique\R_hate_video_081,0.40165868401527405,0.02061259001493454,0.5591974258422852,0.018531346693634987,1,2,0.9229625463485718
R_hate_video_082,1,0.07359969615936279,-2.532665491104126,train,True,asr,2,E:\m-hvc\datasets\old-dataset\frames_unique\R_hate_video_082,0.9769087433815002,0.0004819163295906037,0.02228013426065445,0.00032924339757300913,0,0,0.9264003038406372
R_hate_video_083,1,0.3869761824607849,-0.4600405693054199,train,True,asr,2,E:\m-hvc\datasets\old-dataset\frames_unique\R_hate_video_083,0.900035560131073,0.0011659477604553103,0.09796907007694244,0.0008293489227071404,1,0,0.6130238175392151
R_hate_video_084,1,0.9362955689430237,2.687676191329956,train,True,asr,2,E:\m-hvc\datasets\old-dataset\frames_unique\R_hate_video_084,0.3861103057861328,0.017163919284939766,0.5076050758361816,0.08912070840597153,1,2,0.9362955689430237
R_hate_video_085,1,0.1817495971918106,-1.5045385360717773,test,True,asr,3,E:\m-hvc\datasets\old-dataset\frames_unique\R_hate_video_085,0.5359375476837158,0.02755567617714405,0.13379919528961182,0.3027075529098511,0,0,0.8182504028081894
R_hate_video_086,1,0.9669287800788879,3.3754630088806152,test,False,missing,2,E:\m-hvc\datasets\old-dataset\frames_unique\R_hate_video_086,0.1224285438656807,0.0173648651689291,0.8318502902984619,0.028356269001960754,1,2,0.9669287800788879
R_hate_video_087,1,0.9591341018676758,3.155735492706299,val,True,asr,3,E:\m-hvc\datasets\old-dataset\frames_unique\R_hate_video_087,0.0164297167211771,0.014064035378396511,0.03572491928935051,0.9337813258171082,1,3,0.9591341018676758
R_hate_video_088,1,0.9539660811424255,3.031248092651367,train,True,asr,2,E:\m-hvc\datasets\old-dataset\frames_unique\R_hate_video_088,0.3413567841053009,0.008561252616345882,0.6391050815582275,0.010976901277899742,1,2,0.9539660811424255
R_hate_video_089,1,0.948589026927948,2.9151248931884766,train,True,asr,2,E:\m-hvc\datasets\old-dataset\frames_unique\R_hate_video_089,0.1371823102235794,0.005607759114354849,0.8500175476074219,0.007192311342805624,1,2,0.948589026927948
R_hate_video_090,1,0.9470897912979126,2.8847978115081787,train,True,asr,2,E:\m-hvc\datasets\old-dataset\frames_unique\R_hate_video_090,0.41285866498947144,0.011700090020895004,0.5565609931945801,0.018880236893892288,1,2,0.9470897912979126
R_hate_video_091,1,0.979486882686615,3.8659653663635254,train,False,missing,2,E:\m-hvc\datasets\old-dataset\frames_unique\R_hate_video_091,0.09661071747541428,0.025527454912662506,0.8274142146110535,0.050447650253772736,1,2,0.979486882686615
R_hate_video_092,1,0.9812713265419006,3.958796739578247,train,True,asr,3,E:\m-hvc\datasets\old-dataset\frames_unique\R_hate_video_092,0.06643058359622955,0.031646136194467545,0.33136966824531555,0.5705535411834717,1,3,0.9812713265419006
R_hate_video_093,1,0.981966495513916,3.9973273277282715,train,True,asr,3,E:\m-hvc\datasets\old-dataset\frames_unique\R_hate_video_093,0.04244089499115944,0.025341195985674858,0.24547041952610016,0.6867474913597107,1,3,0.981966495513916
R_hate_video_094,1,0.9794747829437256,3.8653628826141357,val,False,missing,2,E:\m-hvc\datasets\old-dataset\frames_unique\R_hate_video_094,0.08780363947153091,0.02208954468369484,0.8439227342605591,0.046184081584215164,1,2,0.9794747829437256
R_hate_video_095,1,0.9588215351104736,3.1477909088134766,train,True,asr,2,E:\m-hvc\datasets\old-dataset\frames_unique\R_hate_video_095,0.32074517011642456,0.011640670709311962,0.6515011191368103,0.016113024204969406,1,2,0.9588215351104736
R_hate_video_096,1,0.9643532633781433,3.2977986335754395,train,True,asr,2,E:\m-hvc\datasets\old-dataset\frames_unique\R_hate_video_096,0.29563701152801514,0.01291253324598074,0.6684707999229431,0.02297958917915821,1,2,0.9643532633781433
R_hate_video_097,1,0.9812290668487549,3.956496000289917,val,True,asr,3,E:\m-hvc\datasets\old-dataset\frames_unique\R_hate_video_097,0.04917006567120552,0.021368250250816345,0.23798665404319763,0.6914750337600708,1,3,0.9812290668487549
R_hate_video_098,1,0.9633389115333557,3.268690586090088,train,True,asr,2,E:\m-hvc\datasets\old-dataset\frames_unique\R_hate_video_098,0.2929736375808716,0.01439824141561985,0.669937014579773,0.02269115298986435,1,2,0.9633389115333557
R_hate_video_099,1,0.9715710878372192,3.5315065383911133,train,True,asr,2,E:\m-hvc\datasets\old-dataset\frames_unique\R_hate_video_099,0.2610970437526703,0.022335445508360863,0.63962322473526,0.07694432884454727,1,2,0.9715710878372192
R_hate_video_100,1,0.943045973777771,2.8068699836730957,test,True,human,2,E:\m-hvc\datasets\old-dataset\frames_unique\R_hate_video_100,0.3967612385749817,0.023069266229867935,0.5582597851753235,0.021909689530730247,1,2,0.943045973777771
R_hate_video_101,1,0.9542810916900635,3.0384469032287598,train,True,asr,2,E:\m-hvc\datasets\old-dataset\frames_unique\R_hate_video_101,0.20580454170703888,0.01227420475333929,0.7645541429519653,0.01736706867814064,1,2,0.9542810916900635
R_hate_video_102,1,0.9791975021362305,3.8516619205474854,train,False,missing,2,E:\m-hvc\datasets\old-dataset\frames_unique\R_hate_video_102,0.08969471603631973,0.02949017472565174,0.8183637261390686,0.06245146691799164,1,2,0.9791975021362305
R_hate_video_103,1,0.9043290615081787,2.246278762817383,train,True,human,2,E:\m-hvc\datasets\old-dataset\frames_unique\R_hate_video_103,0.5169020891189575,0.009005849249660969,0.46354418992996216,0.010547873564064503,1,0,0.9043290615081787
R_hate_video_104,1,0.9124090075492859,2.3434102535247803,train,False,missing,2,E:\m-hvc\datasets\old-dataset\frames_unique\R_hate_video_104,0.18892039358615875,0.01260145753622055,0.7838180661201477,0.014660106971859932,1,2,0.9124090075492859
R_hate_video_105,1,0.9742226004600525,3.632143497467041,train,True,human,3,E:\m-hvc\datasets\old-dataset\frames_unique\R_hate_video_105,0.09815798699855804,0.11521102488040924,0.4856393039226532,0.3009916841983795,1,2,0.9742226004600525
R_hate_video_106,1,0.042255762964487076,-3.120840072631836,val,False,missing,2,E:\m-hvc\datasets\old-dataset\frames_unique\R_hate_video_106,0.9300945997238159,0.006439717020839453,0.056779902428388596,0.006685737054795027,0,0,0.9577442370355129
R_hate_video_107,1,0.945396900177002,2.8515145778656006,train,True,human,2,E:\m-hvc\datasets\old-dataset\frames_unique\R_hate_video_107,0.414726197719574,0.012396179139614105,0.5581554770469666,0.014722157269716263,1,2,0.945396900177002
R_hate_video_108,1,0.9777528643608093,3.7830426692962646,train,False,missing,2,E:\m-hvc\datasets\old-dataset\frames_unique\R_hate_video_108,0.09643176198005676,0.026703698560595512,0.8278359174728394,0.04902864247560501,1,2,0.9777528643608093
R_hate_video_109,1,0.9782602190971375,3.8066346645355225,train,False,missing,2,E:\m-hvc\datasets\old-dataset\frames_unique\R_hate_video_109,0.09242262691259384,0.029322180896997452,0.8152749538421631,0.06298018991947174,1,2,0.9782602190971375
R_hate_video_110,1,0.8844042420387268,2.0348153114318848,test,True,human,2,E:\m-hvc\datasets\old-dataset\frames_unique\R_hate_video_110,0.36659491062164307,0.0455421581864357,0.5579460263252258,0.029916884377598763,1,2,0.8844042420387268
R_hate_video_111,1,0.963678777217865,3.278355598449707,train,False,missing,2,E:\m-hvc\datasets\old-dataset\frames_unique\R_hate_video_111,0.12510709464550018,0.019624076783657074,0.8271844387054443,0.02808436006307602,1,2,0.963678777217865
R_hate_video_112,1,0.6746050119400024,0.7290876507759094,test,False,missing,2,E:\m-hvc\datasets\old-dataset\frames_unique\R_hate_video_112,0.39404183626174927,0.02589798904955387,0.5514692068099976,0.02859099768102169,1,2,0.6746050119400024
R_hate_video_113,1,0.9632078409194946,3.2649850845336914,train,True,asr,2,E:\m-hvc\datasets\old-dataset\frames_unique\R_hate_video_113,0.28891557455062866,0.014429210685193539,0.6722591519355774,0.02439604327082634,1,2,0.9632078409194946
R_hate_video_114,1,0.9304394125938416,2.593459129333496,train,True,human,3,E:\m-hvc\datasets\old-dataset\frames_unique\R_hate_video_114,0.017806526273489,0.0252648014575243,0.023601019755005836,0.9333276748657227,1,3,0.9304394125938416
R_hate_video_115,1,0.0787133052945137,-2.459959030151367,train,True,human,2,E:\m-hvc\datasets\old-dataset\frames_unique\R_hate_video_115,0.9629297852516174,0.003788519185036421,0.03180348128080368,0.0014781518839299679,0,0,0.9212866947054863
R_hate_video_116,1,0.975936770439148,3.702714681625366,train,False,missing,2,E:\m-hvc\datasets\old-dataset\frames_unique\R_hate_video_116,0.10380266606807709,0.016564898192882538,0.8506312370300293,0.029001258313655853,1,2,0.975936770439148
R_hate_video_117,1,0.9798181056976318,3.882582902908325,test,False,missing,2,E:\m-hvc\datasets\old-dataset\frames_unique\R_hate_video_117,0.08392684161663055,0.030150147154927254,0.8179585933685303,0.06796438992023468,1,2,0.9798181056976318
R_hate_video_118,1,0.9786175489425659,3.8235719203948975,train,False,missing,2,E:\m-hvc\datasets\old-dataset\frames_unique\R_hate_video_118,0.09416917711496353,0.02045704610645771,0.8410696983337402,0.044304076582193375,1,2,0.9786175489425659
R_hate_video_119,1,0.9798645973205566,3.8849353790283203,test,False,missing,2,E:\m-hvc\datasets\old-dataset\frames_unique\R_hate_video_119,0.09407246857881546,0.019838493317365646,0.8457038998603821,0.04038512706756592,1,2,0.9798645973205566
R_hate_video_120,1,0.9774856567382812,3.770829200744629,train,False,missing,2,E:\m-hvc\datasets\old-dataset\frames_unique\R_hate_video_120,0.09596878290176392,0.02444468066096306,0.8299207091331482,0.04966579005122185,1,2,0.9774856567382812
R_hate_video_121,1,0.907869279384613,2.2878918647766113,train,True,asr,2,E:\m-hvc\datasets\old-dataset\frames_unique\R_hate_video_121,0.45726120471954346,0.005994295235723257,0.5313067436218262,0.005437755957245827,1,2,0.907869279384613
R_hate_video_122,1,0.4928126037120819,-0.028751470148563385,val,True,asr,2,E:\m-hvc\datasets\old-dataset\frames_unique\R_hate_video_122,0.8662453293800354,0.0022045825608074665,0.12935101985931396,0.0021989846136420965,1,0,0.5071873962879181
R_hate_video_123,1,0.9798933267593384,3.8863906860351562,val,False,missing,2,E:\m-hvc\datasets\old-dataset\frames_unique\R_hate_video_123,0.0843445286154747,0.03170257806777954,0.8102554082870483,0.07369757443666458,1,2,0.9798933267593384
R_hate_video_124,1,0.9736611843109131,3.6100194454193115,val,False,missing,2,E:\m-hvc\datasets\old-dataset\frames_unique\R_hate_video_124,0.08986425399780273,0.02830757014453411,0.8246991634368896,0.05712902545928955,1,2,0.9736611843109131
R_hate_video_125,1,0.9724522233009338,3.5639002323150635,train,True,human,2,E:\m-hvc\datasets\old-dataset\frames_unique\R_hate_video_125,0.13938094675540924,0.1362156867980957,0.5318982601165771,0.19250504672527313,1,2,0.9724522233009338
R_hate_video_126,1,0.9789790511131287,3.840988874435425,test,False,missing,2,E:\m-hvc\datasets\old-dataset\frames_unique\R_hate_video_126,0.08750705420970917,0.029399825260043144,0.8182592391967773,0.06483394652605057,1,2,0.9789790511131287
R_hate_video_127,1,0.9765996336936951,3.7313249111175537,train,True,human,3,E:\m-hvc\datasets\old-dataset\frames_unique\R_hate_video_127,0.018723035231232643,0.017737308517098427,0.0623544342815876,0.9011852145195007,1,3,0.9765996336936951
R_hate_video_128,1,0.9200906157493591,2.4435789585113525,val,True,human,2,E:\m-hvc\datasets\old-dataset\frames_unique\R_hate_video_128,0.41995853185653687,0.008744299411773682,0.5627548098564148,0.008542332798242569,1,2,0.9200906157493591
R_hate_video_129,1,0.9158535599708557,2.3872978687286377,train,True,human,2,E:\m-hvc\datasets\old-dataset\frames_unique\R_hate_video_129,0.48124080896377563,0.011138588190078735,0.4977676272392273,0.009852994233369827,1,2,0.9158535599708557
R_hate_video_130,1,0.012101389467716217,-4.402259826660156,train,True,human,2,E:\m-hvc\datasets\old-dataset\frames_unique\R_hate_video_130,0.9922513365745544,0.00036622711922973394,0.007122976239770651,0.00025954830925911665,0,0,0.9878986105322838
R_hate_video_131,1,0.9615857005119324,3.2201530933380127,train,False,missing,2,E:\m-hvc\datasets\old-dataset\frames_unique\R_hate_video_131,0.12244910001754761,0.01885070651769638,0.8273187279701233,0.03138153627514839,1,2,0.9615857005119324
R_hate_video_132,1,0.9191595911979675,2.4309825897216797,train,False,missing,2,E:\m-hvc\datasets\old-dataset\frames_unique\R_hate_video_132,0.19580556452274323,0.011184225790202618,0.7796453237533569,0.013364802114665508,1,2,0.9191595911979675
R_hate_video_133,1,0.8689501285552979,1.8917073011398315,train,True,asr,2,E:\m-hvc\datasets\old-dataset\frames_unique\R_hate_video_133,0.6216001510620117,0.006268608849495649,0.36451154947280884,0.007619679905474186,1,0,0.8689501285552979
R_hate_video_134,1,0.5414842367172241,0.16631945967674255,train,True,human,2,E:\m-hvc\datasets\old-dataset\frames_unique\R_hate_video_134,0.6825119256973267,0.007120626978576183,0.30684393644332886,0.0035235092509537935,1,0,0.5414842367172241
R_hate_video_135,1,0.9153301119804382,2.3805246353149414,train,True,asr,2,E:\m-hvc\datasets\old-dataset\frames_unique\R_hate_video_135,0.4880155622959137,0.00832421239465475,0.49403974413871765,0.009620429947972298,1,2,0.9153301119804382
R_hate_video_136,1,0.03129754215478897,-3.432417869567871,train,True,human,2,E:\m-hvc\datasets\old-dataset\frames_unique\R_hate_video_136,0.9796187877655029,0.0010516326874494553,0.018783045932650566,0.0005465195281431079,0,0,0.968702457845211
R_hate_video_137,1,0.8310317397117615,1.5929572582244873,train,True,human,3,E:\m-hvc\datasets\old-dataset\frames_unique\R_hate_video_137,0.026254426687955856,0.020186875015497208,0.025545114651322365,0.9280135631561279,1,3,0.8310317397117615
R_hate_video_138,1,0.47329598665237427,-0.1069178655743599,train,True,human,2,E:\m-hvc\datasets\old-dataset\frames_unique\R_hate_video_138,0.6406113505363464,0.10499881207942963,0.20397228002548218,0.05041761323809624,1,0,0.5267040133476257
R_hate_video_139,1,0.945355236530304,2.8507087230682373,train,True,human,2,E:\m-hvc\datasets\old-dataset\frames_unique\R_hate_video_139,0.35754433274269104,0.031169526278972626,0.568377673625946,0.04290845990180969,1,2,0.945355236530304
R_hate_video_140,1,0.9785879850387573,3.822160005569458,train,False,missing,2,E:\m-hvc\datasets\old-dataset\frames_unique\R_hate_video_140,0.08558560162782669,0.028074730187654495,0.8264538049697876,0.05988587439060211,1,2,0.9785879850387573
R_hate_video_141,1,0.8146356344223022,1.4804177284240723,test,True,asr,2,E:\m-hvc\datasets\old-dataset\frames_unique\R_hate_video_141,0.6931562423706055,0.005128236021846533,0.29670876264572144,0.0050067659467458725,1,0,0.8146356344223022
R_hate_video_142,1,0.79465252161026,1.3532013893127441,train,True,human,2,E:\m-hvc\datasets\old-dataset\frames_unique\R_hate_video_142,0.5845195651054382,0.013284953311085701,0.3863050639629364,0.01589040458202362,1,0,0.79465252161026
R_hate_video_143,1,0.974513828754425,3.643803596496582,train,True,asr,3,E:\m-hvc\datasets\old-dataset\frames_unique\R_hate_video_143,0.012491174042224884,0.01206227857619524,0.038308609277009964,0.937138020992279,1,3,0.974513828754425
R_hate_video_144,1,0.6837177276611328,0.7709102034568787,train,True,human,2,E:\m-hvc\datasets\old-dataset\frames_unique\R_hate_video_144,0.8103857040405273,0.0035231926012784243,0.18235988914966583,0.003731213277205825,1,0,0.6837177276611328
R_hate_video_145,1,0.8036949038505554,1.4095494747161865,train,True,human,2,E:\m-hvc\datasets\old-dataset\frames_unique\R_hate_video_145,0.7289575934410095,0.008941857144236565,0.25353631377220154,0.008564203046262264,1,0,0.8036949038505554
R_hate_video_146,1,0.7249165177345276,0.9689821004867554,train,True,human,2,E:\m-hvc\datasets\old-dataset\frames_unique\R_hate_video_146,0.7276771664619446,0.0063337525352835655,0.26236116886138916,0.0036278513725847006,1,0,0.7249165177345276
R_hate_video_147,1,0.978065550327301,3.797516345977783,train,False,missing,2,E:\m-hvc\datasets\old-dataset\frames_unique\R_hate_video_147,0.0928184762597084,0.033512700349092484,0.7958078384399414,0.0778610110282898,1,2,0.978065550327301
R_hate_video_148,1,0.9465264678001404,2.873612642288208,train,True,human,2,E:\m-hvc\datasets\old-dataset\frames_unique\R_hate_video_148,0.3782851994037628,0.015350274741649628,0.5897772312164307,0.0165872685611248,1,2,0.9465264678001404
R_hate_video_149,1,0.7370522618293762,1.0307036638259888,test,True,human,2,E:\m-hvc\datasets\old-dataset\frames_unique\R_hate_video_149,0.74164217710495,0.006019780412316322,0.24703676998615265,0.005301268305629492,1,0,0.7370522618293762
R_hate_video_150,1,0.9593538045883179,3.161355972290039,train,True,asr,2,E:\m-hvc\datasets\old-dataset\frames_unique\R_hate_video_150,0.3259446918964386,0.014117792248725891,0.6366938948631287,0.023243654519319534,1,2,0.9593538045883179
R_hate_video_151,1,0.19688937067985535,-1.4058504104614258,train,True,asr,2,E:\m-hvc\datasets\old-dataset\frames_unique\R_hate_video_151,0.9320558309555054,0.001394929364323616,0.0656220018863678,0.0009272249299101532,0,0,0.8031106293201447
R_hate_video_152,1,0.7732033729553223,1.226488471031189,train,True,asr,2,E:\m-hvc\datasets\old-dataset\frames_unique\R_hate_video_152,0.7116042971611023,0.003641593037173152,0.28153061866760254,0.003223486477509141,1,0,0.7732033729553223
R_hate_video_153,1,0.8272832036018372,1.5664937496185303,train,True,human,2,E:\m-hvc\datasets\old-dataset\frames_unique\R_hate_video_153,0.65472811460495,0.005634368862956762,0.33551856875419617,0.004119009245187044,1,0,0.8272832036018372
R_hate_video_154,1,0.011120633222162724,-4.487770080566406,train,True,asr,2,E:\m-hvc\datasets\old-dataset\frames_unique\R_hate_video_154,0.9910503625869751,0.0005234739510342479,0.007999776862561703,0.00042636002763174474,0,0,0.9888793667778373
R_hate_video_155,1,0.9585472941398621,3.140867233276367,train,True,human,2,E:\m-hvc\datasets\old-dataset\frames_unique\R_hate_video_155,0.05005090311169624,0.007489605341106653,0.9312026500701904,0.01125683356076479,1,2,0.9585472941398621
R_hate_video_156,1,0.9506069421768188,2.9572901725769043,train,True,asr,2,E:\m-hvc\datasets\old-dataset\frames_unique\R_hate_video_156,0.3566604554653168,0.011225050315260887,0.6176360845565796,0.014478415250778198,1,2,0.9506069421768188
R_hate_video_157,1,0.9766322374343872,3.732755184173584,train,False,missing,2,E:\m-hvc\datasets\old-dataset\frames_unique\R_hate_video_157,0.09481458365917206,0.01943049021065235,0.850695788860321,0.03505915403366089,1,2,0.9766322374343872
R_hate_video_158,1,0.38505086302757263,-0.4681641161441803,val,True,asr,2,E:\m-hvc\datasets\old-dataset\frames_unique\R_hate_video_158,0.8996080160140991,0.0011739898473024368,0.09833171218633652,0.00088635238353163,1,0,0.6149491369724274
R_hate_video_159,1,0.9119824767112732,2.338085174560547,train,True,human,2,E:\m-hvc\datasets\old-dataset\frames_unique\R_hate_video_159,0.4915870428085327,0.007833020761609077,0.4940759241580963,0.006504078395664692,1,2,0.9119824767112732
R_hate_video_160,1,0.98012375831604,3.8981540203094482,train,False,missing,2,E:\m-hvc\datasets\old-dataset\frames_unique\R_hate_video_160,0.08452603220939636,0.02500236965715885,0.8328974843025208,0.057574138045310974,1,2,0.98012375831604
R_hate_video_161,1,0.8998814821243286,2.195908546447754,train,True,human,2,E:\m-hvc\datasets\old-dataset\frames_unique\R_hate_video_161,0.5217816829681396,0.00744211720302701,0.463190495967865,0.007585776969790459,1,0,0.8998814821243286
R_hate_video_162,1,0.9406939148902893,2.763906955718994,train,False,missing,2,E:\m-hvc\datasets\old-dataset\frames_unique\R_hate_video_162,0.1513395458459854,0.021523572504520416,0.791961669921875,0.035175155848264694,1,2,0.9406939148902893
R_hate_video_163,1,0.9725877046585083,3.568967342376709,train,False,missing,2,E:\m-hvc\datasets\old-dataset\frames_unique\R_hate_video_163,0.10703355073928833,0.022864654660224915,0.8273534178733826,0.04274846985936165,1,2,0.9725877046585083
R_hate_video_164,1,0.8962996006011963,2.156769037246704,test,False,missing,2,E:\m-hvc\datasets\old-dataset\frames_unique\R_hate_video_164,0.21695715188980103,0.031082987785339355,0.7192224860191345,0.03273740038275719,1,2,0.8962996006011963
R_hate_video_165,1,0.9586396813392639,3.1431941986083984,val,False,missing,2,E:\m-hvc\datasets\old-dataset\frames_unique\R_hate_video_165,0.11308159679174423,0.018707694485783577,0.8405837416648865,0.027626967057585716,1,2,0.9586396813392639
R_hate_video_166,1,0.9366699457168579,2.6939704418182373,train,True,human,1,E:\m-hvc\datasets\old-dataset\frames_unique\R_hate_video_166,0.11164824664592743,0.6060214042663574,0.17530210316181183,0.1070283055305481,1,1,0.9366699457168579
R_hate_video_167,1,0.8678231835365295,1.8818472623825073,train,True,asr,2,E:\m-hvc\datasets\old-dataset\frames_unique\R_hate_video_167,0.6058181524276733,0.004412217065691948,0.3856693208217621,0.004100273363292217,1,0,0.8678231835365295
R_hate_video_168,1,0.9389570951461792,2.7331929206848145,train,True,asr,2,E:\m-hvc\datasets\old-dataset\frames_unique\R_hate_video_168,0.40528395771980286,0.00761053990572691,0.577491044998169,0.009614460170269012,1,2,0.9389570951461792
R_hate_video_169,1,0.9680365920066833,3.410675525665283,train,False,missing,2,E:\m-hvc\datasets\old-dataset\frames_unique\R_hate_video_169,0.11680734157562256,0.029862672090530396,0.8078879714012146,0.04544202983379364,1,2,0.9680365920066833
R_hate_video_170,1,0.9254281520843506,2.51849365234375,train,False,missing,2,E:\m-hvc\datasets\old-dataset\frames_unique\R_hate_video_170,0.15625408291816711,0.014959127642214298,0.8112156391143799,0.01757116988301277,1,2,0.9254281520843506
R_hate_video_171,1,0.9672139883041382,3.3844172954559326,train,True,human,2,E:\m-hvc\datasets\old-dataset\frames_unique\R_hate_video_171,0.03531771898269653,0.005005341488867998,0.9513918161392212,0.008285189978778362,1,2,0.9672139883041382
R_hate_video_172,1,0.9737234711647034,3.61245059967041,train,True,asr,3,E:\m-hvc\datasets\old-dataset\frames_unique\R_hate_video_172,0.10471436381340027,0.02760498598217964,0.3834410607814789,0.4842396378517151,1,3,0.9737234711647034
R_hate_video_173,1,0.9697936177253723,3.4690279960632324,train,True,asr,3,E:\m-hvc\datasets\old-dataset\frames_unique\R_hate_video_173,0.023230772465467453,0.01756999082863331,0.07754801958799362,0.8816512227058411,1,3,0.9697936177253723
R_hate_video_174,1,0.8499770760536194,1.7344211339950562,train,True,human,2,E:\m-hvc\datasets\old-dataset\frames_unique\R_hate_video_174,0.6530529260635376,0.006148062646389008,0.33542588353157043,0.005373080726712942,1,0,0.8499770760536194
R_hate_video_175,1,0.9361562728881836,2.6853442192077637,train,True,asr,2,E:\m-hvc\datasets\old-dataset\frames_unique\R_hate_video_175,0.40191105008125305,0.008621386252343655,0.5783785581588745,0.011088988743722439,1,2,0.9361562728881836
R_hate_video_176,1,0.9770892262458801,3.7529714107513428,train,False,missing,2,E:\m-hvc\datasets\old-dataset\frames_unique\R_hate_video_176,0.09057297557592392,0.015651829540729523,0.863628089427948,0.030147144570946693,1,2,0.9770892262458801
R_hate_video_177,1,0.9778974652290344,3.7897157669067383,train,False,missing,2,E:\m-hvc\datasets\old-dataset\frames_unique\R_hate_video_177,0.09159713983535767,0.023167038336396217,0.8409287333488464,0.04430713132023811,1,2,0.9778974652290344
R_hate_video_178,1,0.9720633029937744,3.5494818687438965,train,False,missing,2,E:\m-hvc\datasets\old-dataset\frames_unique\R_hate_video_178,0.10872050374746323,0.020227879285812378,0.8355636596679688,0.03548797219991684,1,2,0.9720633029937744
R_hate_video_179,1,0.9044708609580994,2.2479183673858643,train,True,human,2,E:\m-hvc\datasets\old-dataset\frames_unique\R_hate_video_179,0.5391926765441895,0.007331348489969969,0.44647401571273804,0.007001932710409164,1,0,0.9044708609580994
R_hate_video_180,1,0.9494437575340271,2.9327893257141113,val,True,human,1,E:\m-hvc\datasets\old-dataset\frames_unique\R_hate_video_180,0.20526285469532013,0.2511012554168701,0.4299439787864685,0.11369188129901886,1,2,0.9494437575340271
R_hate_video_181,1,0.9593369364738464,3.1609230041503906,train,False,missing,2,E:\m-hvc\datasets\old-dataset\frames_unique\R_hate_video_181,0.09703866392374039,0.04200637340545654,0.7868008613586426,0.07415410876274109,1,2,0.9593369364738464
R_hate_video_182,1,0.9771719574928284,3.756673812866211,train,False,missing,2,E:\m-hvc\datasets\old-dataset\frames_unique\R_hate_video_182,0.09807080030441284,0.022474173456430435,0.8405131101608276,0.038941942155361176,1,2,0.9771719574928284
R_hate_video_183,1,0.928410530090332,2.562526226043701,test,True,human,1,E:\m-hvc\datasets\old-dataset\frames_unique\R_hate_video_183,0.11236244440078735,0.632842481136322,0.16998647153377533,0.0848085880279541,1,1,0.928410530090332
R_hate_video_184,1,0.9244865775108337,2.5049281120300293,test,True,human,2,E:\m-hvc\datasets\old-dataset\frames_unique\R_hate_video_184,0.46230384707450867,0.008218304254114628,0.5211442112922668,0.008333676494657993,1,2,0.9244865775108337
R_hate_video_185,1,0.9713876247406006,3.5248863697052,train,True,human,2,E:\m-hvc\datasets\old-dataset\frames_unique\R_hate_video_185,0.05958736315369606,0.05375190079212189,0.8615478277206421,0.02511286549270153,1,2,0.9713876247406006
R_hate_video_186,1,0.9753656387329102,3.6786723136901855,train,True,human,2,E:\m-hvc\datasets\old-dataset\frames_unique\R_hate_video_186,0.027094585821032524,0.004474561661481857,0.9610595107078552,0.0073713758029043674,1,2,0.9753656387329102
R_hate_video_187,1,0.9695225954055786,3.45981764793396,train,False,missing,2,E:\m-hvc\datasets\old-dataset\frames_unique\R_hate_video_187,0.10640820115804672,0.0174639280885458,0.8445274233818054,0.031600501388311386,1,2,0.9695225954055786
R_hate_video_188,1,0.9498828053474426,2.941973924636841,train,True,asr,2,E:\m-hvc\datasets\old-dataset\frames_unique\R_hate_video_188,0.35484960675239563,0.010061091743409634,0.6219497919082642,0.013139587827026844,1,2,0.9498828053474426
R_hate_video_189,1,0.9304354786872864,2.5933971405029297,train,True,human,2,E:\m-hvc\datasets\old-dataset\frames_unique\R_hate_video_189,0.46492698788642883,0.013397767208516598,0.5095734596252441,0.012101748026907444,1,2,0.9304354786872864
R_hate_video_190,1,0.4009532630443573,-0.4014945924282074,val,True,human,2,E:\m-hvc\datasets\old-dataset\frames_unique\R_hate_video_190,0.9029750823974609,0.0017886211862787604,0.09424419701099396,0.0009921028977259994,1,0,0.5990467369556427
R_hate_video_191,1,0.8245251774787903,1.5473122596740723,train,True,human,2,E:\m-hvc\datasets\old-dataset\frames_unique\R_hate_video_191,0.046502791345119476,0.0018913858802989125,0.9488363265991211,0.0027694280724972486,1,2,0.8245251774787903
R_hate_video_192,1,0.04335460439324379,-3.094019889831543,val,True,human,2,E:\m-hvc\datasets\old-dataset\frames_unique\R_hate_video_192,0.8094536066055298,0.004131210036575794,0.17998209595680237,0.006433131638914347,0,0,0.9566453956067562
R_hate_video_193,1,0.9664433002471924,3.3603854179382324,train,True,asr,3,E:\m-hvc\datasets\old-dataset\frames_unique\R_hate_video_193,0.013849233277142048,0.015481160953640938,0.0368180088698864,0.9338515996932983,1,3,0.9664433002471924
R_hate_video_194,1,0.9494708180427551,2.9333529472351074,train,True,asr,2,E:\m-hvc\datasets\old-dataset\frames_unique\R_hate_video_194,0.3136717975139618,0.01448499783873558,0.6564170122146606,0.015426240861415863,1,2,0.9494708180427551
R_hate_video_195,1,0.9642634391784668,3.295189142227173,train,True,asr,2,E:\m-hvc\datasets\old-dataset\frames_unique\R_hate_video_195,0.11060846596956253,0.00853736512362957,0.8687826991081238,0.01207141112536192,1,2,0.9642634391784668
R_hate_video_196,1,0.8998985886573792,2.196098804473877,train,True,human,2,E:\m-hvc\datasets\old-dataset\frames_unique\R_hate_video_196,0.4802495241165161,0.008985397405922413,0.5039621591567993,0.006802933756262064,1,2,0.8998985886573792
R_hate_video_197,1,0.9779819846153259,3.793628215789795,train,False,missing,2,E:\m-hvc\datasets\old-dataset\frames_unique\R_hate_video_197,0.08942202478647232,0.019110362976789474,0.8511272668838501,0.0403403714299202,1,2,0.9779819846153259
R_hate_video_198,1,0.9684639573097229,3.424579620361328,test,False,missing,2,E:\m-hvc\datasets\old-dataset\frames_unique\R_hate_video_198,0.10566414147615433,0.018920402973890305,0.835543692111969,0.03987174481153488,1,2,0.9684639573097229
R_hate_video_199,1,0.9860237836837769,4.256319999694824,train,True,asr,3,E:\m-hvc\datasets\old-dataset\frames_unique\R_hate_video_199,0.033384211361408234,0.017205001786351204,0.43321192264556885,0.5161988735198975,1,3,0.9860237836837769
R_hate_video_200,1,0.972339928150177,3.5597147941589355,test,False,missing,2,E:\m-hvc\datasets\old-dataset\frames_unique\R_hate_video_200,0.09904017299413681,0.030987568199634552,0.8008505702018738,0.06912173330783844,1,2,0.972339928150177
R_hate_video_201,1,0.0108153922483325,-4.515910625457764,train,True,human,2,E:\m-hvc\datasets\old-dataset\frames_unique\R_hate_video_201,0.9928709864616394,0.0004395063151605427,0.0063497875817120075,0.0003397637919988483,0,0,0.9891846077516675
R_hate_video_202,1,0.9761654138565063,3.712493658065796,val,True,human,2,E:\m-hvc\datasets\old-dataset\frames_unique\R_hate_video_202,0.07492420077323914,0.0781579241156578,0.6694260835647583,0.17749182879924774,1,2,0.9761654138565063
R_hate_video_203,1,0.9711660742759705,3.51694393157959,train,True,asr,3,E:\m-hvc\datasets\old-dataset\frames_unique\R_hate_video_203,0.0659826248884201,0.02531128004193306,0.2491185963153839,0.6595875024795532,1,3,0.9711660742759705
R_hate_video_204,1,0.9522339701652527,2.992496967315674,train,True,asr,2,E:\m-hvc\datasets\old-dataset\frames_unique\R_hate_video_204,0.17274899780750275,0.008302491158246994,0.8066366910934448,0.012311834841966629,1,2,0.9522339701652527
R_hate_video_205,1,0.9696699380874634,3.464815616607666,train,True,human,3,E:\m-hvc\datasets\old-dataset\frames_unique\R_hate_video_205,0.018705740571022034,0.01948404684662819,0.046667974442243576,0.9151421785354614,1,3,0.9696699380874634
R_hate_video_206,1,0.9795411229133606,3.8686678409576416,train,True,asr,3,E:\m-hvc\datasets\old-dataset\frames_unique\R_hate_video_206,0.03137492761015892,0.01942010410130024,0.13928234577178955,0.8099225759506226,1,3,0.9795411229133606
R_hate_video_207,1,0.013993372209370136,-4.25507926940918,val,True,asr,2,E:\m-hvc\datasets\old-dataset\frames_unique\R_hate_video_207,0.9901533722877502,0.0005956196691840887,0.008713839575648308,0.0005371668958105147,0,0,0.9860066277906299
R_hate_video_208,1,0.4933961033821106,-0.026417233049869537,train,True,human,2,E:\m-hvc\datasets\old-dataset\frames_unique\R_hate_video_208,0.8612954616546631,0.003146867733448744,0.13293541967868805,0.002622164785861969,1,0,0.5066038966178894
R_hate_video_209,1,0.963206946849823,3.2649598121643066,val,True,human,2,E:\m-hvc\datasets\old-dataset\frames_unique\R_hate_video_209,0.06482766568660736,0.019412163645029068,0.897786557674408,0.017973655834794044,1,2,0.963206946849823
R_hate_video_210,1,0.8610236048698425,1.823818325996399,val,True,human,2,E:\m-hvc\datasets\old-dataset\frames_unique\R_hate_video_210,0.5806951522827148,0.007790437899529934,0.40559130907058716,0.005923087242990732,1,0,0.8610236048698425
R_hate_video_211,1,0.9708847403526306,3.506946086883545,val,True,asr,3,E:\m-hvc\datasets\old-dataset\frames_unique\R_hate_video_211,0.04746356979012489,0.027409445494413376,0.15895333886146545,0.7661736011505127,1,3,0.9708847403526306
R_hate_video_212,1,0.9297801852226257,2.5833182334899902,test,True,human,2,E:\m-hvc\datasets\old-dataset\frames_unique\R_hate_video_212,0.2743791341781616,0.012616780586540699,0.7039951682090759,0.009008971974253654,1,2,0.9297801852226257
R_hate_video_213,1,0.9489498734474182,2.922548532485962,train,True,asr,2,E:\m-hvc\datasets\old-dataset\frames_unique\R_hate_video_213,0.3893639147281647,0.010876421816647053,0.5836541652679443,0.01610550843179226,1,2,0.9489498734474182
R_hate_video_214,1,0.7976149320602417,1.371453881263733,train,True,human,2,E:\m-hvc\datasets\old-dataset\frames_unique\R_hate_video_214,0.6818432807922363,0.0037591164000332355,0.31163445115089417,0.0027632354758679867,1,0,0.7976149320602417
R_hate_video_215,1,0.9348582029342651,2.663827896118164,val,True,human,2,E:\m-hvc\datasets\old-dataset\frames_unique\R_hate_video_215,0.44143563508987427,0.014339178800582886,0.5326411724090576,0.01158406212925911,1,2,0.9348582029342651
R_hate_video_216,1,0.9558121562004089,3.0741119384765625,train,True,asr,2,E:\m-hvc\datasets\old-dataset\frames_unique\R_hate_video_216,0.26188111305236816,0.012991613708436489,0.7080686688423157,0.017058605328202248,1,2,0.9558121562004089
R_hate_video_217,1,0.04328422248363495,-3.0957181453704834,test,True,human,2,E:\m-hvc\datasets\old-dataset\frames_unique\R_hate_video_217,0.8370308876037598,0.0029467050917446613,0.15673477947711945,0.0032876762561500072,0,0,0.956715777516365
R_hate_video_218,1,0.6129793524742126,0.4598533809185028,train,True,human,2,E:\m-hvc\datasets\old-dataset\frames_unique\R_hate_video_218,0.8333532810211182,0.003697992768138647,0.1607036143541336,0.0022451719269156456,1,0,0.6129793524742126
R_hate_video_219,1,0.019131377339363098,-3.9371087551116943,train,True,human,2,E:\m-hvc\datasets\old-dataset\frames_unique\R_hate_video_219,0.9847021698951721,0.0019753482192754745,0.012330001220107079,0.0009925644844770432,0,0,0.9808686226606369
R_hate_video_220,1,0.8371553421020508,1.6372127532958984,train,True,human,2,E:\m-hvc\datasets\old-dataset\frames_unique\R_hate_video_220,0.5258312225341797,0.006267047021538019,0.46271494030952454,0.005186736583709717,1,0,0.8371553421020508
R_hate_video_221,1,0.9234849810600281,2.490668296813965,train,True,human,2,E:\m-hvc\datasets\old-dataset\frames_unique\R_hate_video_221,0.3657306134700775,0.011523990891873837,0.6102531552314758,0.012492179870605469,1,2,0.9234849810600281
R_hate_video_222,1,0.011990702711045742,-4.411560535430908,val,True,human,2,E:\m-hvc\datasets\old-dataset\frames_unique\R_hate_video_222,0.992616593837738,0.00035510642919689417,0.006725663784891367,0.00030258417245931923,0,0,0.9880092972889543
R_hate_video_223,1,0.10998754948377609,-2.0908682346343994,train,True,human,2,E:\m-hvc\datasets\old-dataset\frames_unique\R_hate_video_223,0.9738495945930481,0.0005785096436738968,0.025168949738144875,0.000402965146349743,0,0,0.8900124505162239
R_hate_video_224,1,0.3563898205757141,-0.5910681486129761,test,True,human,2,E:\m-hvc\datasets\old-dataset\frames_unique\R_hate_video_224,0.9208813309669495,0.0012030244106426835,0.07715067267417908,0.0007649714825674891,1,0,0.6436101794242859
R_hate_video_225,1,0.7094927430152893,0.8929216861724854,train,True,human,2,E:\m-hvc\datasets\old-dataset\frames_unique\R_hate_video_225,0.7746602892875671,0.00418092031031847,0.21769945323467255,0.0034593953751027584,1,0,0.7094927430152893
R_hate_video_226,1,0.8114752769470215,1.4596247673034668,train,True,human,2,E:\m-hvc\datasets\old-dataset\frames_unique\R_hate_video_226,0.7024057507514954,0.015233567915856838,0.26877766847610474,0.013583002611994743,1,0,0.8114752769470215
R_hate_video_228,1,0.07744621485471725,-2.4775619506835938,test,True,human,2,E:\m-hvc\datasets\old-dataset\frames_unique\R_hate_video_228,0.8723298907279968,0.019530322402715683,0.10112614929676056,0.00701359985396266,0,0,0.9225537851452827
R_hate_video_229,1,0.8730465173721313,1.928167700767517,test,True,human,2,E:\m-hvc\datasets\old-dataset\frames_unique\R_hate_video_229,0.38551589846611023,0.01439747679978609,0.5861251950263977,0.013961421325802803,1,2,0.8730465173721313
R_hate_video_230,1,0.8907649517059326,2.0985782146453857,train,True,human,2,E:\m-hvc\datasets\old-dataset\frames_unique\R_hate_video_230,0.508358359336853,0.009596803225576878,0.4732038676738739,0.008841010741889477,1,0,0.8907649517059326
R_hate_video_231,1,0.6749234199523926,0.7305381894111633,val,True,human,2,E:\m-hvc\datasets\old-dataset\frames_unique\R_hate_video_231,0.7833839654922485,0.003266606479883194,0.2109873741865158,0.0023620943538844585,1,0,0.6749234199523926
R_hate_video_232,1,0.570970892906189,0.28581348061561584,test,True,human,2,E:\m-hvc\datasets\old-dataset\frames_unique\R_hate_video_232,0.8139934539794922,0.002728750230744481,0.18179652094841003,0.0014812644803896546,1,0,0.570970892906189
R_hate_video_233,1,0.021471796557307243,-3.8193092346191406,train,True,human,2,E:\m-hvc\datasets\old-dataset\frames_unique\R_hate_video_233,0.979258120059967,0.0006425114115700126,0.019629959017038345,0.0004693681257776916,0,0,0.9785282034426928
R_hate_video_234,1,0.9780069589614868,3.7947916984558105,train,True,asr,2,E:\m-hvc\datasets\old-dataset\frames_unique\R_hate_video_234,0.06589880585670471,0.027206948027014732,0.7562949061393738,0.15059930086135864,1,2,0.9780069589614868
R_hate_video_235,1,0.9750610589981079,3.6660690307617188,train,False,missing,2,E:\m-hvc\datasets\old-dataset\frames_unique\R_hate_video_235,0.10539127141237259,0.018438344821333885,0.8402006030082703,0.0359698086977005,1,2,0.9750610589981079
R_hate_video_236,1,0.9444499015808105,2.8333170413970947,val,True,asr,2,E:\m-hvc\datasets\old-dataset\frames_unique\R_hate_video_236,0.384112685918808,0.00782881211489439,0.5978894829750061,0.010169034823775291,1,2,0.9444499015808105
R_hate_video_237,1,0.9810681939125061,3.947801113128662,train,True,asr,3,E:\m-hvc\datasets\old-dataset\frames_unique\R_hate_video_237,0.05032622069120407,0.028657052665948868,0.310014545917511,0.6110022068023682,1,3,0.9810681939125061
R_hate_video_238,1,0.7481245398521423,1.0886344909667969,train,True,asr,2,E:\m-hvc\datasets\old-dataset\frames_unique\R_hate_video_238,0.7403503656387329,0.0040580895729362965,0.25111162662506104,0.004479929339140654,1,0,0.7481245398521423
R_hate_video_239,1,0.9305213689804077,2.5947251319885254,train,True,human,2,E:\m-hvc\datasets\old-dataset\frames_unique\R_hate_video_239,0.39337024092674255,0.04050149396061897,0.5045660138130188,0.061562251299619675,1,2,0.9305213689804077
R_hate_video_240,1,0.6435677409172058,0.5908830165863037,test,True,asr,2,E:\m-hvc\datasets\old-dataset\frames_unique\R_hate_video_240,0.8198016285896301,0.002575211925432086,0.17553146183490753,0.002091641305014491,1,0,0.6435677409172058
R_hate_video_241,1,0.973389208316803,3.599468231201172,val,True,human,2,E:\m-hvc\datasets\old-dataset\frames_unique\R_hate_video_241,0.03936018794775009,0.025918111205101013,0.9165372252464294,0.018184475600719452,1,2,0.973389208316803
R_hate_video_242,1,0.951072633266449,2.967252731323242,test,False,missing,2,E:\m-hvc\datasets\old-dataset\frames_unique\R_hate_video_242,0.13747195899486542,0.021731464192271233,0.8066721558570862,0.03412442281842232,1,2,0.951072633266449
R_hate_video_243,1,0.8010390996932983,1.3928015232086182,train,True,human,2,E:\m-hvc\datasets\old-dataset\frames_unique\R_hate_video_243,0.6248584389686584,0.03118349239230156,0.33336374163627625,0.010594265535473824,1,0,0.8010390996932983
R_hate_video_244,1,0.9652426242828369,3.3239870071411133,train,True,asr,2,E:\m-hvc\datasets\old-dataset\frames_unique\R_hate_video_244,0.28322505950927734,0.020452234894037247,0.5825902223587036,0.11373249441385269,1,2,0.9652426242828369
R_hate_video_245,1,0.9776846766471863,3.7799134254455566,train,True,human,2,E:\m-hvc\datasets\old-dataset\frames_unique\R_hate_video_245,0.026111619547009468,0.004916859325021505,0.9596051573753357,0.009366407990455627,1,2,0.9776846766471863
R_hate_video_246,1,0.9774896502494812,3.7710113525390625,val,True,human,2,E:\m-hvc\datasets\old-dataset\frames_unique\R_hate_video_246,0.024708621203899384,0.004879783373326063,0.9591820240020752,0.011229630559682846,1,2,0.9774896502494812
R_hate_video_247,1,0.28879472613334656,-0.9012449383735657,train,False,missing,2,E:\m-hvc\datasets\old-dataset\frames_unique\R_hate_video_247,0.715323269367218,0.007805720902979374,0.2693357467651367,0.007535296957939863,0,0,0.7112052738666534
R_hate_video_248,1,0.9784982800483704,3.8178863525390625,train,False,missing,2,E:\m-hvc\datasets\old-dataset\frames_unique\R_hate_video_248,0.10112293809652328,0.020857732743024826,0.8363717794418335,0.04164759814739227,1,2,0.9784982800483704
R_hate_video_249,1,0.34707334637641907,-0.6319286823272705,val,True,human,2,E:\m-hvc\datasets\old-dataset\frames_unique\R_hate_video_249,0.917748749256134,0.0009304013219662011,0.08063658326864243,0.000684334256220609,1,0,0.6529266536235809
R_hate_video_250,1,0.9429470896720886,2.805030107498169,test,False,missing,2,E:\m-hvc\datasets\old-dataset\frames_unique\R_hate_video_250,0.15065337717533112,0.014650884084403515,0.8072116374969482,0.027484050020575523,1,2,0.9429470896720886
R_hate_video_251,1,0.9637150168418884,3.2793917655944824,train,True,asr,2,E:\m-hvc\datasets\old-dataset\frames_unique\R_hate_video_251,0.05788474529981613,0.0072152139618992805,0.9252360463142395,0.009664041921496391,1,2,0.9637150168418884
R_hate_video_252,1,0.6270818710327148,0.5197181105613708,train,True,human,2,E:\m-hvc\datasets\old-dataset\frames_unique\R_hate_video_252,0.8377766609191895,0.0019869159441441298,0.15860682725906372,0.0016296226531267166,1,0,0.6270818710327148
R_hate_video_253,1,0.9764586687088013,3.725172996520996,train,False,missing,2,E:\m-hvc\datasets\old-dataset\frames_unique\R_hate_video_253,0.10286274552345276,0.022316234186291695,0.8345779776573181,0.04024305194616318,1,2,0.9764586687088013
R_hate_video_254,1,0.9788311123847961,3.8338279724121094,train,False,missing,2,E:\m-hvc\datasets\old-dataset\frames_unique\R_hate_video_254,0.08781135082244873,0.02997138537466526,0.8173531293869019,0.0648641437292099,1,2,0.9788311123847961
R_hate_video_255,1,0.46324586868286133,-0.14728209376335144,test,False,missing,2,E:\m-hvc\datasets\old-dataset\frames_unique\R_hate_video_255,0.5966258645057678,0.009734918363392353,0.3853785991668701,0.008260664530098438,1,0,0.5367541313171387
R_hate_video_256,1,0.8344847559928894,1.6177514791488647,val,False,missing,2,E:\m-hvc\datasets\old-dataset\frames_unique\R_hate_video_256,0.30393221974372864,0.01239453162997961,0.6713608503341675,0.012312434613704681,1,2,0.8344847559928894
R_hate_video_257,1,0.92656409740448,2.535069704055786,train,True,asr,2,E:\m-hvc\datasets\old-dataset\frames_unique\R_hate_video_257,0.4460604786872864,0.007210159208625555,0.5381564497947693,0.008572918362915516,1,2,0.92656409740448
R_hate_video_258,1,0.9490780830383301,2.9251973628997803,train,True,human,2,E:\m-hvc\datasets\old-dataset\frames_unique\R_hate_video_258,0.12182019650936127,0.0066653951071202755,0.862207293510437,0.009307146072387695,1,2,0.9490780830383301
R_hate_video_259,1,0.9770169854164124,3.749749183654785,val,False,missing,2,E:\m-hvc\datasets\old-dataset\frames_unique\R_hate_video_259,0.0945267304778099,0.021241970360279083,0.847325325012207,0.036906033754348755,1,2,0.9770169854164124
R_hate_video_260,1,0.8939768671989441,2.1320230960845947,val,True,human,2,E:\m-hvc\datasets\old-dataset\frames_unique\R_hate_video_260,0.539007842540741,0.006870223209261894,0.4483398497104645,0.005782064516097307,1,0,0.8939768671989441
R_hate_video_261,1,0.8853345513343811,2.043947458267212,train,True,human,1,E:\m-hvc\datasets\old-dataset\frames_unique\R_hate_video_261,0.09898515790700912,0.7307195067405701,0.10508397221565247,0.06521137058734894,1,1,0.8853345513343811
R_hate_video_262,1,0.9374703764915466,2.707545042037964,train,True,human,3,E:\m-hvc\datasets\old-dataset\frames_unique\R_hate_video_262,0.030460532754659653,0.01908882148563862,0.06965509802103043,0.8807955384254456,1,3,0.9374703764915466
R_non_hate_video_001,0,0.007128202356398106,-4.936542510986328,train,True,human,0,E:\m-hvc\datasets\old-dataset\frames_unique\R_non_hate_video_001,0.9924178123474121,0.0005885487189516425,0.006477411836385727,0.0005161542212590575,0,0,0.9928717976436019
R_non_hate_video_002,0,0.013680383563041687,-4.278017520904541,test,True,asr,0,E:\m-hvc\datasets\old-dataset\frames_unique\R_non_hate_video_002,0.9910854697227478,0.0005025939899496734,0.008014637976884842,0.00039734935853630304,0,0,0.9863196164369583
R_non_hate_video_003,0,0.012812024913728237,-4.344476222991943,train,True,asr,0,E:\m-hvc\datasets\old-dataset\frames_unique\R_non_hate_video_003,0.9897760152816772,0.0005345990066416562,0.009213552810251713,0.0004759261501021683,0,0,0.9871879750862718
R_non_hate_video_004,0,0.007115958724170923,-4.938273906707764,train,True,human,0,E:\m-hvc\datasets\old-dataset\frames_unique\R_non_hate_video_004,0.9921532273292542,0.0005774253513664007,0.006765867583453655,0.0005034690257161856,0,0,0.9928840412758291
R_non_hate_video_005,0,0.04401267692446709,-3.0782668590545654,train,True,asr,0,E:\m-hvc\datasets\old-dataset\frames_unique\R_non_hate_video_005,0.9733251929283142,0.001057405723258853,0.024271374568343163,0.0013459904585033655,0,0,0.9559873230755329
R_non_hate_video_006,0,0.012171082198619843,-4.396446704864502,train,True,asr,0,E:\m-hvc\datasets\old-dataset\frames_unique\R_non_hate_video_006,0.9923122525215149,0.00041229240014217794,0.006921674590557814,0.0003537573793437332,0,0,0.9878289178013802
R_non_hate_video_007,0,0.21018491685390472,-1.3238110542297363,val,True,asr,0,E:\m-hvc\datasets\old-dataset\frames_unique\R_non_hate_video_007,0.9444318413734436,0.000785821583122015,0.0539841428399086,0.0007981573580764234,0,0,0.7898150831460953
R_non_hate_video_008,0,0.011461392976343632,-4.4572434425354,train,True,human,0,E:\m-hvc\datasets\old-dataset\frames_unique\R_non_hate_video_008,0.9887154698371887,0.0004580689419526607,0.010476531460881233,0.0003498866281006485,0,0,0.9885386070236564
R_non_hate_video_009,0,0.032215315848588943,-3.4025676250457764,train,True,human,0,E:\m-hvc\datasets\old-dataset\frames_unique\R_non_hate_video_009,0.9180742502212524,0.020429043099284172,0.03897342085838318,0.022523267194628716,0,0,0.9677846841514111
R_non_hate_video_010,0,0.007292832247912884,-4.913543701171875,train,True,human,0,E:\m-hvc\datasets\old-dataset\frames_unique\R_non_hate_video_010,0.9929900169372559,0.00046885889605619013,0.006125640589743853,0.00041552464244887233,0,0,0.9927071677520871
R_non_hate_video_011,0,0.007219634484499693,-4.923705101013184,val,True,human,0,E:\m-hvc\datasets\old-dataset\frames_unique\R_non_hate_video_011,0.9928850531578064,0.0004823309136554599,0.00619730819016695,0.0004353542753960937,0,0,0.9927803655155003
R_non_hate_video_012,0,0.0409240797162056,-3.1542515754699707,train,True,asr,0,E:\m-hvc\datasets\old-dataset\frames_unique\R_non_hate_video_012,0.9845050573348999,0.00033408156014047563,0.014878913760185242,0.00028198081417940557,0,0,0.9590759202837944
R_non_hate_video_013,0,0.008546847850084305,-4.7536091804504395,train,True,asr,0,E:\m-hvc\datasets\old-dataset\frames_unique\R_non_hate_video_013,0.9922928810119629,0.0004798810405191034,0.006805816665291786,0.000421338714659214,0,0,0.9914531521499157
R_non_hate_video_014,0,0.9326355457305908,2.627896308898926,test,True,human,0,E:\m-hvc\datasets\old-dataset\frames_unique\R_non_hate_video_014,0.021461499854922295,0.01365097425878048,0.03422495350241661,0.9306625723838806,1,3,0.9326355457305908
R_non_hate_video_015,0,0.9703824520111084,3.4893221855163574,test,False,missing,0,E:\m-hvc\datasets\old-dataset\frames_unique\R_non_hate_video_015,0.11907095462083817,0.026133943349123,0.8062922954559326,0.04850279539823532,1,2,0.9703824520111084
R_non_hate_video_016,0,0.007890558801591396,-4.834166526794434,train,True,asr,0,E:\m-hvc\datasets\old-dataset\frames_unique\R_non_hate_video_016,0.9912593960762024,0.0006428081542253494,0.007507978938519955,0.0005897487862966955,0,0,0.9921094411984086
R_non_hate_video_017,0,0.7847957015037537,1.2938354015350342,train,True,human,0,E:\m-hvc\datasets\old-dataset\frames_unique\R_non_hate_video_017,0.7101706862449646,0.003350116778165102,0.2837461233139038,0.002733049914240837,1,0,0.7847957015037537
R_non_hate_video_018,0,0.3517567217350006,-0.611326277256012,val,True,human,0,E:\m-hvc\datasets\old-dataset\frames_unique\R_non_hate_video_018,0.9299818277359009,0.0016176627250388265,0.06755577772855759,0.000844671914819628,1,0,0.6482432782649994
R_non_hate_video_019,0,0.2590874433517456,-1.0507169961929321,train,True,human,0,E:\m-hvc\datasets\old-dataset\frames_unique\R_non_hate_video_019,0.8591235876083374,0.001756464596837759,0.13790138065814972,0.0012186038075014949,0,0,0.7409125566482544
R_non_hate_video_020,0,0.008480229414999485,-4.761501312255859,train,True,human,0,E:\m-hvc\datasets\old-dataset\frames_unique\R_non_hate_video_020,0.9915794134140015,0.0006269206642173231,0.007265028078109026,0.0005286615341901779,0,0,0.9915197705850005
R_non_hate_video_021,0,0.09528091549873352,-2.2507948875427246,test,True,human,0,E:\m-hvc\datasets\old-dataset\frames_unique\R_non_hate_video_021,0.536584198474884,0.004309515468776226,0.4540274441242218,0.0050788260996341705,0,0,0.9047190845012665
R_non_hate_video_022,0,0.17308692634105682,-1.5639057159423828,test,True,human,0,E:\m-hvc\datasets\old-dataset\frames_unique\R_non_hate_video_022,0.3853283226490021,0.0382588654756546,0.07063329219818115,0.5057795643806458,0,3,0.8269130736589432
R_non_hate_video_023,0,0.012954463250935078,-4.33327579498291,train,True,asr,0,E:\m-hvc\datasets\old-dataset\frames_unique\R_non_hate_video_023,0.9875500798225403,0.0011027880245819688,0.01016993634402752,0.0011772026773542166,0,0,0.9870455367490649
R_non_hate_video_024,0,0.017585836350917816,-4.022919178009033,train,True,human,0,E:\m-hvc\datasets\old-dataset\frames_unique\R_non_hate_video_024,0.9879889488220215,0.0007010458502918482,0.01082394365221262,0.00048600471927784383,0,0,0.9824141636490822
R_non_hate_video_025,0,0.007705710828304291,-4.858057975769043,train,True,human,0,E:\m-hvc\datasets\old-dataset\frames_unique\R_non_hate_video_025,0.9925441741943359,0.0004720515862572938,0.006569287274032831,0.00041455531027168036,0,0,0.9922942891716957
R_non_hate_video_026,0,0.014412968419492245,-4.225109100341797,train,True,asr,0,E:\m-hvc\datasets\old-dataset\frames_unique\R_non_hate_video_026,0.991255521774292,0.00038731758832000196,0.008014255203306675,0.0003428798518143594,0,0,0.9855870315805078
R_non_hate_video_027,0,0.014656339772045612,-4.208117485046387,train,True,human,0,E:\m-hvc\datasets\old-dataset\frames_unique\R_non_hate_video_027,0.988711953163147,0.0011624785838648677,0.009361949749290943,0.0007635981310158968,0,0,0.9853436602279544
R_non_hate_video_028,0,0.008465991355478764,-4.763195991516113,train,True,human,0,E:\m-hvc\datasets\old-dataset\frames_unique\R_non_hate_video_028,0.9923031330108643,0.0006190737476572394,0.006617353763431311,0.00046044299961067736,0,0,0.9915340086445212
R_non_hate_video_029,0,0.010488813742995262,-4.546901702880859,train,True,human,0,E:\m-hvc\datasets\old-dataset\frames_unique\R_non_hate_video_029,0.9917398691177368,0.0004433930735103786,0.0074558076448738575,0.0003609188715927303,0,0,0.9895111862570047
R_non_hate_video_030,0,0.06376320868730545,-2.686691999435425,train,True,human,0,E:\m-hvc\datasets\old-dataset\frames_unique\R_non_hate_video_030,0.981122612953186,0.00048615498235449195,0.0180642269551754,0.0003270788583904505,0,0,0.9362367913126945
R_non_hate_video_031,0,0.007366065867245197,-4.903478145599365,train,True,human,0,E:\m-hvc\datasets\old-dataset\frames_unique\R_non_hate_video_031,0.9925293326377869,0.0006161734345369041,0.00635689590126276,0.0004975023912265897,0,0,0.9926339341327548
R_non_hate_video_032,0,0.07865138351917267,-2.460813283920288,val,True,human,0,E:\m-hvc\datasets\old-dataset\frames_unique\R_non_hate_video_032,0.9784707427024841,0.000776414293795824,0.02017890475690365,0.0005739132175222039,0,0,0.9213486164808273
R_non_hate_video_033,0,0.9434584379196167,2.814577341079712,val,True,asr,0,E:\m-hvc\datasets\old-dataset\frames_unique\R_non_hate_video_033,0.38423576951026917,0.009051637724041939,0.5944911241531372,0.012221447192132473,1,2,0.9434584379196167
R_non_hate_video_034,0,0.061307527124881744,-2.7285852432250977,train,True,human,0,E:\m-hvc\datasets\old-dataset\frames_unique\R_non_hate_video_034,0.9276084303855896,0.0034661050885915756,0.06514444202184677,0.0037810017820447683,0,0,0.9386924728751183
R_non_hate_video_035,0,0.9340999722480774,2.6514439582824707,test,True,human,0,E:\m-hvc\datasets\old-dataset\frames_unique\R_non_hate_video_035,0.03628837317228317,0.006293285172432661,0.9519294500350952,0.005488936323672533,1,2,0.9340999722480774
R_non_hate_video_036,0,0.12400337308645248,-1.9550533294677734,val,True,human,0,E:\m-hvc\datasets\old-dataset\frames_unique\R_non_hate_video_036,0.7035916447639465,0.17653146386146545,0.07833155989646912,0.04154537245631218,0,0,0.8759966269135475
R_non_hate_video_037,0,0.9686235189437866,3.4298171997070312,train,True,human,0,E:\m-hvc\datasets\old-dataset\frames_unique\R_non_hate_video_037,0.15367653965950012,0.06286878883838654,0.6784217953681946,0.10503286123275757,1,2,0.9686235189437866
R_non_hate_video_038,0,0.01388859935104847,-4.262701034545898,val,True,human,0,E:\m-hvc\datasets\old-dataset\frames_unique\R_non_hate_video_038,0.9876339435577393,0.0005434167687781155,0.011402812786400318,0.00041984484414570034,0,0,0.9861114006489515
R_non_hate_video_039,0,0.012107102200388908,-4.401782035827637,train,True,human,0,E:\m-hvc\datasets\old-dataset\frames_unique\R_non_hate_video_039,0.971149742603302,0.001988316886126995,0.025166912004351616,0.0016949715791270137,0,0,0.9878928977996111
R_non_hate_video_040,0,0.008197472430765629,-4.795698165893555,val,True,human,0,E:\m-hvc\datasets\old-dataset\frames_unique\R_non_hate_video_040,0.9920637011528015,0.0006106476648710668,0.006825057789683342,0.0005005328566767275,0,0,0.9918025275692344
R_non_hate_video_041,0,0.5456403493881226,0.18307089805603027,test,True,asr,0,E:\m-hvc\datasets\old-dataset\frames_unique\R_non_hate_video_041,0.8464477062225342,0.00296652689576149,0.14825224876403809,0.0023335444275289774,1,0,0.5456403493881226
R_non_hate_video_042,0,0.5530166029930115,0.2128664255142212,train,True,human,0,E:\m-hvc\datasets\old-dataset\frames_unique\R_non_hate_video_042,0.09395836293697357,0.03591294586658478,0.04139135777950287,0.8287373781204224,1,3,0.5530166029930115
R_non_hate_video_043,0,0.8396252989768982,1.6554428339004517,train,True,human,0,E:\m-hvc\datasets\old-dataset\frames_unique\R_non_hate_video_043,0.06720448285341263,0.005302436649799347,0.9233338236808777,0.004159252159297466,1,2,0.8396252989768982
R_non_hate_video_044,0,0.025378704071044922,-3.6481385231018066,val,True,human,0,E:\m-hvc\datasets\old-dataset\frames_unique\R_non_hate_video_044,0.9867181181907654,0.0013937718467786908,0.01073757465928793,0.001150515046902001,0,0,0.9746212959289551
R_non_hate_video_045,0,0.023770712316036224,-3.715243339538574,train,True,human,0,E:\m-hvc\datasets\old-dataset\frames_unique\R_non_hate_video_045,0.9897406101226807,0.0006416182732209563,0.009207074530422688,0.0004107279237359762,0,0,0.9762292876839638
R_non_hate_video_046,0,0.07534727454185486,-2.507310390472412,val,True,human,0,E:\m-hvc\datasets\old-dataset\frames_unique\R_non_hate_video_046,0.9680055975914001,0.001068317680619657,0.030209627002477646,0.000716395559720695,0,0,0.9246527254581451
R_non_hate_video_047,0,0.7393491268157959,1.0425883531570435,train,True,human,0,E:\m-hvc\datasets\old-dataset\frames_unique\R_non_hate_video_047,0.7542333602905273,0.0034151477739214897,0.23935358226299286,0.0029979459941387177,1,0,0.7393491268157959
R_non_hate_video_048,0,0.015233899466693401,-4.168880939483643,train,True,human,0,E:\m-hvc\datasets\old-dataset\frames_unique\R_non_hate_video_048,0.9878052473068237,0.0017407910199835896,0.009470561519265175,0.0009833259973675013,0,0,0.9847661005333066
R_non_hate_video_049,0,0.0075600845739245415,-4.877284049987793,train,True,human,0,E:\m-hvc\datasets\old-dataset\frames_unique\R_non_hate_video_049,0.9930828809738159,0.0004385338397696614,0.0061426847241818905,0.00033597994479350746,0,0,0.9924399154260755
R_non_hate_video_050,0,0.012468051165342331,-4.372039318084717,val,True,human,0,E:\m-hvc\datasets\old-dataset\frames_unique\R_non_hate_video_050,0.9908039569854736,0.0005007606814615428,0.008257467299699783,0.0004377920995466411,0,0,0.9875319488346577
R_non_hate_video_051,0,0.024710416793823242,-3.675509452819824,train,True,human,0,E:\m-hvc\datasets\old-dataset\frames_unique\R_non_hate_video_051,0.982546329498291,0.002433926099911332,0.013967475853860378,0.0010522805387154222,0,0,0.9752895832061768
R_non_hate_video_052,0,0.572142481803894,0.2905978858470917,val,True,human,0,E:\m-hvc\datasets\old-dataset\frames_unique\R_non_hate_video_052,0.4855906069278717,0.013362040743231773,0.4952578544616699,0.0057894764468073845,1,2,0.572142481803894
R_non_hate_video_053,0,0.13445580005645752,-1.862122893333435,val,True,human,0,E:\m-hvc\datasets\old-dataset\frames_unique\R_non_hate_video_053,0.6597345471382141,0.0030574537813663483,0.332787424325943,0.00442053796723485,0,0,0.8655441999435425
R_non_hate_video_054,0,0.016727911308407784,-4.073807239532471,val,True,human,0,E:\m-hvc\datasets\old-dataset\frames_unique\R_non_hate_video_054,0.991376519203186,0.00031312316423282027,0.008076311089098454,0.00023403135128319263,0,0,0.9832720886915922
R_non_hate_video_055,0,0.04571933299303055,-3.0384366512298584,train,True,human,0,E:\m-hvc\datasets\old-dataset\frames_unique\R_non_hate_video_055,0.9777660369873047,0.0006881424924358726,0.021156087517738342,0.0003897120477631688,0,0,0.9542806670069695
R_non_hate_video_056,0,0.07801888883113861,-2.469573736190796,train,True,asr,0,E:\m-hvc\datasets\old-dataset\frames_unique\R_non_hate_video_056,0.9736888408660889,0.0008410954033024609,0.02473701722919941,0.0007330405642278492,0,0,0.9219811111688614
R_non_hate_video_057,0,0.013628872111439705,-4.281842231750488,train,True,human,0,E:\m-hvc\datasets\old-dataset\frames_unique\R_non_hate_video_057,0.9926436543464661,0.0004056357720401138,0.006681453436613083,0.0002693374117370695,0,0,0.9863711278885603
R_non_hate_video_058,0,0.03623657301068306,-3.2807769775390625,train,True,human,0,E:\m-hvc\datasets\old-dataset\frames_unique\R_non_hate_video_058,0.9434756636619568,0.01605261117219925,0.03533081337809563,0.005140951834619045,0,0,0.9637634269893169
R_non_hate_video_059,0,0.023297825828194618,-3.7358217239379883,train,True,human,0,E:\m-hvc\datasets\old-dataset\frames_unique\R_non_hate_video_059,0.9756795763969421,0.0009321974939666688,0.022639064118266106,0.0007491792785003781,0,0,0.9767021741718054
R_non_hate_video_060,0,0.9541721343994141,3.0359511375427246,train,True,asr,0,E:\m-hvc\datasets\old-dataset\frames_unique\R_non_hate_video_060,0.013473122380673885,0.009105952456593513,0.02781970612704754,0.9496011734008789,1,3,0.9541721343994141
R_non_hate_video_061,0,0.9599834680557251,3.1776227951049805,train,True,human,0,E:\m-hvc\datasets\old-dataset\frames_unique\R_non_hate_video_061,0.2593678832054138,0.02542395330965519,0.6446037888526917,0.0706043690443039,1,2,0.9599834680557251
R_non_hate_video_062,0,0.8577146530151367,1.7964367866516113,train,True,human,0,E:\m-hvc\datasets\old-dataset\frames_unique\R_non_hate_video_062,0.04216169938445091,0.002434590132907033,0.950110912322998,0.0052928803488612175,1,2,0.8577146530151367
R_non_hate_video_063,0,0.9846398830413818,4.160499095916748,val,True,asr,0,E:\m-hvc\datasets\old-dataset\frames_unique\R_non_hate_video_063,0.042540211230516434,0.03759143874049187,0.35612478852272034,0.5637436509132385,1,3,0.9846398830413818
R_non_hate_video_064,0,0.9636179208755493,3.2766194343566895,val,True,human,0,E:\m-hvc\datasets\old-dataset\frames_unique\R_non_hate_video_064,0.13438083231449127,0.3046325147151947,0.41386401653289795,0.14712262153625488,1,2,0.9636179208755493
R_non_hate_video_065,0,0.34361717104911804,-0.6472160220146179,test,True,human,0,E:\m-hvc\datasets\old-dataset\frames_unique\R_non_hate_video_065,0.9269047975540161,0.001191871240735054,0.07092908024787903,0.000974261958617717,1,0,0.656382828950882
R_non_hate_video_066,0,0.01973625272512436,-3.905364513397217,train,True,human,0,E:\m-hvc\datasets\old-dataset\frames_unique\R_non_hate_video_066,0.9821297526359558,0.0006486442871391773,0.01671399176120758,0.0005076582310721278,0,0,0.9802637472748756
R_non_hate_video_067,0,0.02745196968317032,-3.567481517791748,train,True,asr,0,E:\m-hvc\datasets\old-dataset\frames_unique\R_non_hate_video_067,0.9889688491821289,0.0004007925745099783,0.010343385860323906,0.0002870406024158001,0,0,0.9725480303168297
R_non_hate_video_068,0,0.008085224777460098,-4.809598922729492,train,True,human,0,E:\m-hvc\datasets\old-dataset\frames_unique\R_non_hate_video_068,0.9877386093139648,0.000929634552448988,0.010580729693174362,0.000751100480556488,0,0,0.9919147752225399
R_non_hate_video_069,0,0.019152048975229263,-3.9360077381134033,val,True,human,0,E:\m-hvc\datasets\old-dataset\frames_unique\R_non_hate_video_069,0.9366039633750916,0.007173473481088877,0.051848169416189194,0.004374512005597353,0,0,0.9808479510247707
R_non_hate_video_070,0,0.014152180403470993,-4.243633270263672,train,True,human,0,E:\m-hvc\datasets\old-dataset\frames_unique\R_non_hate_video_070,0.9717617630958557,0.001562559511512518,0.025298146530985832,0.0013775323750451207,0,0,0.985847819596529
R_non_hate_video_071,0,0.009148310869932175,-4.684995651245117,train,True,human,0,E:\m-hvc\datasets\old-dataset\frames_unique\R_non_hate_video_071,0.9930276274681091,0.0003414538223296404,0.006365008186548948,0.00026593884103931487,0,0,0.9908516891300678
R_non_hate_video_072,0,0.9511733651161194,2.9694199562072754,val,True,human,0,E:\m-hvc\datasets\old-dataset\frames_unique\R_non_hate_video_072,0.045167021453380585,0.010966329835355282,0.936332643032074,0.007533900439739227,1,2,0.9511733651161194
R_non_hate_video_073,0,0.009070603176951408,-4.693604469299316,train,True,human,0,E:\m-hvc\datasets\old-dataset\frames_unique\R_non_hate_video_073,0.987631618976593,0.0013368803774937987,0.010110761970281601,0.0009208078845404088,0,0,0.9909293968230486
R_non_hate_video_074,0,0.014802970923483372,-4.198013782501221,train,True,human,0,E:\m-hvc\datasets\old-dataset\frames_unique\R_non_hate_video_074,0.9893407225608826,0.0006106802029535174,0.009620729833841324,0.0004279108252376318,0,0,0.9851970290765166
R_non_hate_video_075,0,0.02040618471801281,-3.871299982070923,train,True,human,0,E:\m-hvc\datasets\old-dataset\frames_unique\R_non_hate_video_075,0.9911705255508423,0.00044747296487912536,0.00808398611843586,0.0002980991266667843,0,0,0.9795938152819872
R_non_hate_video_076,0,0.023903045803308487,-3.7095561027526855,val,True,human,0,E:\m-hvc\datasets\old-dataset\frames_unique\R_non_hate_video_076,0.9888128638267517,0.0003253615868743509,0.01060069166123867,0.00026102131232619286,0,0,0.9760969541966915
R_non_hate_video_077,0,0.007465850096195936,-4.889922142028809,train,True,human,0,E:\m-hvc\datasets\old-dataset\frames_unique\R_non_hate_video_077,0.9929539561271667,0.0006389811751432717,0.005927931983023882,0.00047914584865793586,0,0,0.9925341499038041
R_non_hate_video_078,0,0.28195127844810486,-0.9348030090332031,train,True,human,0,E:\m-hvc\datasets\old-dataset\frames_unique\R_non_hate_video_078,0.4779023230075836,0.04321559518575668,0.18006926774978638,0.2988128364086151,0,0,0.7180487215518951
R_non_hate_video_079,0,0.010233783163130283,-4.571774482727051,train,True,human,0,E:\m-hvc\datasets\old-dataset\frames_unique\R_non_hate_video_079,0.9792802929878235,0.001582761062309146,0.017834359779953957,0.0013025583466514945,0,0,0.9897662168368697
R_non_hate_video_080,0,0.023885169997811317,-3.710322380065918,train,False,missing,0,E:\m-hvc\datasets\old-dataset\frames_unique\R_non_hate_video_080,0.9499700665473938,0.00437149778008461,0.04124162346124649,0.004416768439114094,0,0,0.9761148300021887
R_non_hate_video_081,0,0.006905835587531328,-4.968458652496338,val,True,human,0,E:\m-hvc\datasets\old-dataset\frames_unique\R_non_hate_video_081,0.9936808347702026,0.00044139608507975936,0.0055253151804208755,0.0003525165666360408,0,0,0.9930941644124687
R_non_hate_video_082,0,0.20284296572208405,-1.368619680404663,train,True,asr,0,E:\m-hvc\datasets\old-dataset\frames_unique\R_non_hate_video_082,0.5029699802398682,0.02538132295012474,0.1818065643310547,0.2898420989513397,0,0,0.797157034277916
R_non_hate_video_083,0,0.01952645368874073,-3.9162654876708984,train,True,human,0,E:\m-hvc\datasets\old-dataset\frames_unique\R_non_hate_video_083,0.9000794291496277,0.003402179339900613,0.09280213713645935,0.003716313047334552,0,0,0.9804735463112593
R_non_hate_video_084,0,0.009272409602999687,-4.671396255493164,train,True,asr,0,E:\m-hvc\datasets\old-dataset\frames_unique\R_non_hate_video_084,0.9918460249900818,0.0006232297164388001,0.00706823356449604,0.000462596770375967,0,0,0.9907275903970003
R_non_hate_video_085,0,0.009228725917637348,-4.6761627197265625,val,True,human,0,E:\m-hvc\datasets\old-dataset\frames_unique\R_non_hate_video_085,0.9884353876113892,0.0011518585961312056,0.009790349751710892,0.0006224054377526045,0,0,0.9907712740823627
R_non_hate_video_086,0,0.011978455819189548,-4.412594795227051,val,True,human,0,E:\m-hvc\datasets\old-dataset\frames_unique\R_non_hate_video_086,0.9904859662055969,0.00041962694376707077,0.00880422256886959,0.00029011612059548497,0,0,0.9880215441808105
R_non_hate_video_087,0,0.013616364449262619,-4.282773017883301,val,True,human,0,E:\m-hvc\datasets\old-dataset\frames_unique\R_non_hate_video_087,0.9918724894523621,0.0003815562813542783,0.007451873738318682,0.00029403320513665676,0,0,0.9863836355507374
R_non_hate_video_088,0,0.00649994146078825,-5.029440879821777,test,True,human,0,E:\m-hvc\datasets\old-dataset\frames_unique\R_non_hate_video_088,0.9924907088279724,0.0006137380260042846,0.006441818084567785,0.000453695363830775,0,0,0.9935000585392118
R_non_hate_video_089,0,0.058169204741716385,-2.7844696044921875,train,True,human,0,E:\m-hvc\datasets\old-dataset\frames_unique\R_non_hate_video_089,0.5833207964897156,0.005702476482838392,0.40454596281051636,0.006430823355913162,0,0,0.9418307952582836
R_non_hate_video_090,0,0.03097442537546158,-3.443129062652588,val,True,human,0,E:\m-hvc\datasets\old-dataset\frames_unique\R_non_hate_video_090,0.9839343428611755,0.0003402677539270371,0.015468302182853222,0.00025716962409205735,0,0,0.9690255746245384
R_non_hate_video_091,0,0.019585246220231056,-3.9131991863250732,train,True,human,0,E:\m-hvc\datasets\old-dataset\frames_unique\R_non_hate_video_091,0.980563759803772,0.00042313369340263307,0.018686212599277496,0.0003269976587034762,0,0,0.9804147537797689
R_non_hate_video_092,0,0.012676779180765152,-4.355225563049316,test,True,human,0,E:\m-hvc\datasets\old-dataset\frames_unique\R_non_hate_video_092,0.9572099447250366,0.002232276601716876,0.03847083821892738,0.0020869048312306404,0,0,0.9873232208192348
R_non_hate_video_093,0,0.05811867490410805,-2.7853922843933105,train,True,human,0,E:\m-hvc\datasets\old-dataset\frames_unique\R_non_hate_video_093,0.9818452596664429,0.0004011494165752083,0.017466548830270767,0.00028708542231470346,0,0,0.941881325095892
R_non_hate_video_094,0,0.007793117314577103,-4.846690654754639,train,True,human,0,E:\m-hvc\datasets\old-dataset\frames_unique\R_non_hate_video_094,0.9946073889732361,0.0003316410584375262,0.004807178862392902,0.00025378333521075547,0,0,0.9922068826854229
R_non_hate_video_095,0,0.007104792632162571,-4.939855575561523,train,True,human,0,E:\m-hvc\datasets\old-dataset\frames_unique\R_non_hate_video_095,0.9889840483665466,0.0007496823091059923,0.00965540949255228,0.0006107959779910743,0,0,0.9928952073678374
R_non_hate_video_096,0,0.015208819881081581,-4.170554161071777,test,True,human,0,E:\m-hvc\datasets\old-dataset\frames_unique\R_non_hate_video_096,0.991032063961029,0.0003049258957616985,0.008436895906925201,0.0002261670888401568,0,0,0.9847911801189184
R_non_hate_video_097,0,0.0067179156467318535,-4.996236801147461,train,True,human,0,E:\m-hvc\datasets\old-dataset\frames_unique\R_non_hate_video_097,0.993712842464447,0.0005328000406734645,0.005358492955565453,0.00039585994090884924,0,0,0.9932820843532681
R_non_hate_video_098,0,0.016207167878746986,-4.105961799621582,train,True,human,0,E:\m-hvc\datasets\old-dataset\frames_unique\R_non_hate_video_098,0.989152193069458,0.0009080056333914399,0.009386509656906128,0.0005533326766453683,0,0,0.983792832121253
R_non_hate_video_099,0,0.9520972371101379,2.9894943237304688,test,True,human,0,E:\m-hvc\datasets\old-dataset\frames_unique\R_non_hate_video_099,0.19073230028152466,0.010053977370262146,0.78700190782547,0.012211796827614307,1,2,0.9520972371101379
R_non_hate_video_100,0,0.13660216331481934,-1.843802809715271,train,True,human,0,E:\m-hvc\datasets\old-dataset\frames_unique\R_non_hate_video_100,0.9451112747192383,0.0043644835241138935,0.049126576632261276,0.0013976958580315113,0,0,0.8633978366851807
R_non_hate_video_101,0,0.04574061557650566,-3.0379488468170166,val,True,human,0,E:\m-hvc\datasets\old-dataset\frames_unique\R_non_hate_video_101,0.6984811425209045,0.006919695995748043,0.2865835130214691,0.008015716448426247,0,0,0.9542593844234943
R_non_hate_video_102,0,0.052669595927000046,-2.8896095752716064,train,True,human,0,E:\m-hvc\datasets\old-dataset\frames_unique\R_non_hate_video_102,0.6801705360412598,0.005190014839172363,0.3083503842353821,0.0062891156412661076,0,0,0.947330404073
R_non_hate_video_103,0,0.010277352295815945,-4.567481994628906,train,True,human,0,E:\m-hvc\datasets\old-dataset\frames_unique\R_non_hate_video_103,0.9891433119773865,0.0006090541719458997,0.009704194962978363,0.0005434562917798758,0,0,0.989722647704184
R_non_hate_video_104,0,0.006879481952637434,-4.97230863571167,train,True,human,0,E:\m-hvc\datasets\old-dataset\frames_unique\R_non_hate_video_104,0.9916302561759949,0.0006840982241556048,0.007107854355126619,0.0005778500926680863,0,0,0.9931205180473626
R_non_hate_video_105,0,0.033881645649671555,-3.3504128456115723,train,True,human,0,E:\m-hvc\datasets\old-dataset\frames_unique\R_non_hate_video_105,0.8571802973747253,0.011098630726337433,0.10115767270326614,0.030563337728381157,0,0,0.9661183543503284
R_non_hate_video_106,0,0.007022061385214329,-4.951651573181152,train,True,human,0,E:\m-hvc\datasets\old-dataset\frames_unique\R_non_hate_video_106,0.9924309849739075,0.0007653600769117475,0.0062207793816924095,0.000582853564992547,0,0,0.9929779386147857
R_non_hate_video_107,0,0.03560737520456314,-3.298945665359497,train,True,human,0,E:\m-hvc\datasets\old-dataset\frames_unique\R_non_hate_video_107,0.7787387371063232,0.005639018025249243,0.20998749136924744,0.005634819623082876,0,0,0.9643926247954369
R_non_hate_video_108,0,0.017473287880420685,-4.029454231262207,val,True,human,0,E:\m-hvc\datasets\old-dataset\frames_unique\R_non_hate_video_108,0.9364339113235474,0.0029242399614304304,0.05815256014466286,0.002489261794835329,0,0,0.9825267121195793
R_non_hate_video_109,0,0.006208763923496008,-5.075565338134766,train,True,human,0,E:\m-hvc\datasets\old-dataset\frames_unique\R_non_hate_video_109,0.9924416542053223,0.0005051023908890784,0.006638809572905302,0.00041444035014137626,0,0,0.993791236076504
R_non_hate_video_110,0,0.006517554633319378,-5.026717185974121,train,True,human,0,E:\m-hvc\datasets\old-dataset\frames_unique\R_non_hate_video_110,0.9928898811340332,0.0005218714359216392,0.006135033909231424,0.000453215412562713,0,0,0.9934824453666806
R_non_hate_video_111,0,0.006781736854463816,-4.986717224121094,train,True,human,0,E:\m-hvc\datasets\old-dataset\frames_unique\R_non_hate_video_111,0.991830050945282,0.0006603991496376693,0.006911207921802998,0.0005983114242553711,0,0,0.9932182631455362
R_non_hate_video_112,0,0.006926210131496191,-4.965492248535156,train,True,human,0,E:\m-hvc\datasets\old-dataset\frames_unique\R_non_hate_video_112,0.9918632507324219,0.0006773004424758255,0.006863379385322332,0.0005959860282018781,0,0,0.9930737898685038
R_non_hate_video_113,0,0.0070291003212332726,-4.9506425857543945,test,True,human,0,E:\m-hvc\datasets\old-dataset\frames_unique\R_non_hate_video_113,0.9914575219154358,0.000696948729455471,0.007227466441690922,0.000618043530266732,0,0,0.9929708996787667
R_non_hate_video_114,0,0.0065179369412362576,-5.026658058166504,train,True,human,0,E:\m-hvc\datasets\old-dataset\frames_unique\R_non_hate_video_114,0.9926367998123169,0.0005720366025343537,0.006299097556620836,0.0004920332576148212,0,0,0.9934820630587637
R_non_hate_video_115,0,0.007217328064143658,-4.924026966094971,train,True,human,0,E:\m-hvc\datasets\old-dataset\frames_unique\R_non_hate_video_115,0.9920083284378052,0.0005608303472399712,0.006914342753589153,0.0005164820468053222,0,0,0.9927826719358563
R_non_hate_video_116,0,0.008075348101556301,-4.810831069946289,train,True,human,0,E:\m-hvc\datasets\old-dataset\frames_unique\R_non_hate_video_116,0.9917188882827759,0.0006108744419179857,0.007196920458227396,0.0004733657988253981,0,0,0.9919246518984437
R_non_hate_video_117,0,0.028133483603596687,-3.5422580242156982,val,True,human,0,E:\m-hvc\datasets\old-dataset\frames_unique\R_non_hate_video_117,0.9269616603851318,0.00380096398293972,0.06026311218738556,0.008974220603704453,0,0,0.9718665163964033
R_non_hate_video_118,0,0.005952660460025072,-5.117946624755859,train,True,human,0,E:\m-hvc\datasets\old-dataset\frames_unique\R_non_hate_video_118,0.9929393529891968,0.000629106187261641,0.00592596223577857,0.0005055528599768877,0,0,0.9940473395399749
R_non_hate_video_119,0,0.008519080467522144,-4.756891250610352,train,True,human,0,E:\m-hvc\datasets\old-dataset\frames_unique\R_non_hate_video_119,0.9891043901443481,0.0012631698045879602,0.008629647083580494,0.0010028773685917258,0,0,0.9914809195324779
R_non_hate_video_120,0,0.03735022246837616,-3.2493507862091064,train,True,asr,0,E:\m-hvc\datasets\old-dataset\frames_unique\R_non_hate_video_120,0.8730899691581726,0.040260326117277145,0.04849722236394882,0.03815247863531113,0,0,0.9626497775316238
R_non_hate_video_121,0,0.008176648989319801,-4.798262596130371,val,True,human,0,E:\m-hvc\datasets\old-dataset\frames_unique\R_non_hate_video_121,0.9854372143745422,0.0013188422890380025,0.012310278601944447,0.000933746574446559,0,0,0.9918233510106802
R_non_hate_video_122,0,0.00588817335665226,-5.128903865814209,test,True,human,0,E:\m-hvc\datasets\old-dataset\frames_unique\R_non_hate_video_122,0.9924617409706116,0.000675589544698596,0.006312237121164799,0.0005504481378011405,0,0,0.9941118266433477
R_non_hate_video_123,0,0.006790128070861101,-4.985472202301025,test,True,human,0,E:\m-hvc\datasets\old-dataset\frames_unique\R_non_hate_video_123,0.9916568994522095,0.001133908168412745,0.006411926820874214,0.0007972659077495337,0,0,0.9932098719291389
R_non_hate_video_124,0,0.007043870165944099,-4.94852876663208,train,True,asr,0,E:\m-hvc\datasets\old-dataset\frames_unique\R_non_hate_video_124,0.992828905582428,0.0005925984005443752,0.006103018298745155,0.00047543656546622515,0,0,0.9929561298340559
R_non_hate_video_125,0,0.01649087481200695,-4.088319778442383,val,True,human,0,E:\m-hvc\datasets\old-dataset\frames_unique\R_non_hate_video_125,0.9665466547012329,0.009366285987198353,0.020600849762558937,0.0034862402826547623,0,0,0.983509125187993
R_non_hate_video_126,0,0.04110514372587204,-3.1496481895446777,val,True,human,0,E:\m-hvc\datasets\old-dataset\frames_unique\R_non_hate_video_126,0.7439267635345459,0.0065362341701984406,0.2440352886915207,0.005501711741089821,0,0,0.958894856274128
R_non_hate_video_127,0,0.007231253664940596,-4.922085285186768,train,True,human,0,E:\m-hvc\datasets\old-dataset\frames_unique\R_non_hate_video_127,0.9914394617080688,0.0010237371316179633,0.006816555745899677,0.0007202025153674185,0,0,0.9927687463350594
R_non_hate_video_128,0,0.01854833960533142,-3.9686524868011475,train,True,human,0,E:\m-hvc\datasets\old-dataset\frames_unique\R_non_hate_video_128,0.9287131428718567,0.009595830924808979,0.056646935641765594,0.005044060293585062,0,0,0.9814516603946686
R_non_hate_video_129,0,0.006666799075901508,-5.0039262771606445,train,True,human,0,E:\m-hvc\datasets\old-dataset\frames_unique\R_non_hate_video_129,0.9925630688667297,0.0006423535523936152,0.006255531217902899,0.0005390625447034836,0,0,0.9933332009240985
R_non_hate_video_130,0,0.008610250428318977,-4.746154308319092,train,True,human,0,E:\m-hvc\datasets\old-dataset\frames_unique\R_non_hate_video_130,0.9881417155265808,0.0018047471530735493,0.008748753927648067,0.001304665463976562,0,0,0.991389749571681
R_non_hate_video_131,0,0.00811635423451662,-4.805724620819092,test,True,asr,0,E:\m-hvc\datasets\old-dataset\frames_unique\R_non_hate_video_131,0.9916173815727234,0.0007734560640528798,0.00696915527805686,0.0006399527192115784,0,0,0.9918836457654834
R_non_hate_video_132,0,0.00674780085682869,-4.991767883300781,train,True,asr,0,E:\m-hvc\datasets\old-dataset\frames_unique\R_non_hate_video_132,0.9926334023475647,0.0006678737699985504,0.006165902130305767,0.0005328525439836085,0,0,0.9932521991431713
R_non_hate_video_133,0,0.009242784231901169,-4.674626350402832,train,True,human,0,E:\m-hvc\datasets\old-dataset\frames_unique\R_non_hate_video_133,0.980672299861908,0.002057016594335437,0.015996696427464485,0.001273926580324769,0,0,0.9907572157680988
R_non_hate_video_134,0,0.05825934186577797,-2.782825469970703,train,True,human,0,E:\m-hvc\datasets\old-dataset\frames_unique\R_non_hate_video_134,0.7860521078109741,0.1408550888299942,0.048015620559453964,0.0250772163271904,0,0,0.941740658134222
R_non_hate_video_135,0,0.006635779980570078,-5.0086212158203125,test,True,human,0,E:\m-hvc\datasets\old-dataset\frames_unique\R_non_hate_video_135,0.9924765229225159,0.0007256748504005373,0.0062346989288926125,0.0005631192470900714,0,0,0.9933642200194299
R_non_hate_video_136,0,0.0349750891327858,-3.3175177574157715,train,True,human,0,E:\m-hvc\datasets\old-dataset\frames_unique\R_non_hate_video_136,0.7543660402297974,0.00579192815348506,0.23392915725708008,0.005912853870540857,0,0,0.9650249108672142
R_non_hate_video_137,0,0.027441412210464478,-3.5678770542144775,train,True,asr,0,E:\m-hvc\datasets\old-dataset\frames_unique\R_non_hate_video_137,0.9353160262107849,0.02163000963628292,0.03677862510085106,0.006275337189435959,0,0,0.9725585877895355
R_non_hate_video_138,0,0.00725554721429944,-4.918706893920898,train,True,human,0,E:\m-hvc\datasets\old-dataset\frames_unique\R_non_hate_video_138,0.9917530417442322,0.000825932074803859,0.00681956997141242,0.0006015155813656747,0,0,0.9927444527857006
R_non_hate_video_139,0,0.006991684902459383,-4.95601749420166,train,True,human,0,E:\m-hvc\datasets\old-dataset\frames_unique\R_non_hate_video_139,0.9914299845695496,0.0007174993515945971,0.007243711967021227,0.0006088466616347432,0,0,0.9930083150975406
R_non_hate_video_140,0,0.009591017849743366,-4.637290954589844,train,True,human,0,E:\m-hvc\datasets\old-dataset\frames_unique\R_non_hate_video_140,0.9845491647720337,0.0025434691924601793,0.011248885653913021,0.0016585271805524826,0,0,0.9904089821502566
R_non_hate_video_141,0,0.023111576214432716,-3.7440388202667236,train,True,human,0,E:\m-hvc\datasets\old-dataset\frames_unique\R_non_hate_video_141,0.9387913942337036,0.02343166247010231,0.026152566075325012,0.011624403297901154,0,0,0.9768884237855673
R_non_hate_video_142,0,0.008710823953151703,-4.734439849853516,train,True,human,0,E:\m-hvc\datasets\old-dataset\frames_unique\R_non_hate_video_142,0.9857094287872314,0.0025543714873492718,0.010262547992169857,0.0014735899167135358,0,0,0.9912891760468483
R_non_hate_video_143,0,0.006205313373357058,-5.076124668121338,train,True,human,0,E:\m-hvc\datasets\old-dataset\frames_unique\R_non_hate_video_143,0.9921139478683472,0.0007098761852830648,0.006637446582317352,0.0005386711563915014,0,0,0.9937946866266429
R_non_hate_video_144,0,0.006330217234790325,-5.056070327758789,test,True,human,0,E:\m-hvc\datasets\old-dataset\frames_unique\R_non_hate_video_144,0.9921340942382812,0.0007207586313597858,0.006533058825880289,0.0006120348698459566,0,0,0.9936697827652097
R_non_hate_video_145,0,0.06506715714931488,-2.6650547981262207,val,True,human,0,E:\m-hvc\datasets\old-dataset\frames_unique\R_non_hate_video_145,0.7485016584396362,0.07047738879919052,0.07903408259153366,0.10198687762022018,0,0,0.9349328428506851
R_non_hate_video_146,0,0.008293825201690197,-4.7839155197143555,train,True,human,0,E:\m-hvc\datasets\old-dataset\frames_unique\R_non_hate_video_146,0.9890336990356445,0.0020026324782520533,0.007727496325969696,0.0012360834516584873,0,0,0.9917061747983098
R_non_hate_video_147,0,0.017298441380262375,-4.039689064025879,train,True,human,0,E:\m-hvc\datasets\old-dataset\frames_unique\R_non_hate_video_147,0.9442532658576965,0.009348718449473381,0.03953438997268677,0.0068635959178209305,0,0,0.9827015586197376
R_non_hate_video_148,0,0.007520362269133329,-4.88259220123291,train,True,asr,0,E:\m-hvc\datasets\old-dataset\frames_unique\R_non_hate_video_148,0.9923391342163086,0.0006432850495912135,0.0064774383790791035,0.0005401233211159706,0,0,0.9924796377308667
R_non_hate_video_149,0,0.007789545226842165,-4.8471527099609375,train,True,human,0,E:\m-hvc\datasets\old-dataset\frames_unique\R_non_hate_video_149,0.9910303354263306,0.0007851479458622634,0.007467662449926138,0.0007168419542722404,0,0,0.9922104547731578
R_non_hate_video_150,0,0.019925011321902275,-3.895653247833252,train,False,missing,0,E:\m-hvc\datasets\old-dataset\frames_unique\R_non_hate_video_150,0.949025571346283,0.008134277537465096,0.034759823232889175,0.00808029342442751,0,0,0.9800749886780977
R_non_hate_video_151,0,0.006925560999661684,-4.9655866622924805,train,True,human,0,E:\m-hvc\datasets\old-dataset\frames_unique\R_non_hate_video_151,0.9919662475585938,0.0006729626911692321,0.006752591114491224,0.0006082060281187296,0,0,0.9930744390003383
R_non_hate_video_152,0,0.006679315585643053,-5.00203800201416,train,True,human,0,E:\m-hvc\datasets\old-dataset\frames_unique\R_non_hate_video_152,0.9924308657646179,0.0006192198488861322,0.006406047381460667,0.000543877191375941,0,0,0.993320684414357
R_non_hate_video_153,0,0.007183497305959463,-4.928759574890137,val,True,human,0,E:\m-hvc\datasets\old-dataset\frames_unique\R_non_hate_video_153,0.9909953474998474,0.0007836606819182634,0.007495671045035124,0.0007252817740663886,0,0,0.9928165026940405
R_non_hate_video_154,0,0.006612836383283138,-5.012107849121094,train,True,human,0,E:\m-hvc\datasets\old-dataset\frames_unique\R_non_hate_video_154,0.9920179843902588,0.000740564544685185,0.006644568871706724,0.000596973521169275,0,0,0.9933871636167169
R_non_hate_video_155,0,0.02228427492082119,-3.7813377380371094,train,True,human,0,E:\m-hvc\datasets\old-dataset\frames_unique\R_non_hate_video_155,0.9328763484954834,0.016805270686745644,0.04433593899011612,0.005982343107461929,0,0,0.9777157250791788
R_non_hate_video_156,0,0.011215433478355408,-4.479185581207275,train,True,human,0,E:\m-hvc\datasets\old-dataset\frames_unique\R_non_hate_video_156,0.9774225950241089,0.003949944395571947,0.01623448170721531,0.0023930801544338465,0,0,0.9887845665216446
R_non_hate_video_157,0,0.009846643544733524,-4.610729217529297,val,True,human,0,E:\m-hvc\datasets\old-dataset\frames_unique\R_non_hate_video_157,0.986178994178772,0.0016605497803539038,0.011120371520519257,0.0010400416795164347,0,0,0.9901533564552665
R_non_hate_video_158,0,0.009054108522832394,-4.695441246032715,train,True,human,0,E:\m-hvc\datasets\old-dataset\frames_unique\R_non_hate_video_158,0.9870210289955139,0.0017846657428890467,0.010084589011967182,0.0011097475653514266,0,0,0.9909458914771676
R_non_hate_video_159,0,0.007091309875249863,-4.941768646240234,train,True,human,0,E:\m-hvc\datasets\old-dataset\frames_unique\R_non_hate_video_159,0.9909674525260925,0.000995723414234817,0.007232093717902899,0.0008047634037211537,0,0,0.9929086901247501
R_non_hate_video_160,0,0.13274486362934113,-1.8769042491912842,train,True,asr,0,E:\m-hvc\datasets\old-dataset\frames_unique\R_non_hate_video_160,0.4905710518360138,0.35449835658073425,0.06233149394392967,0.09259901195764542,0,0,0.8672551363706589
R_non_hate_video_161,0,0.009809404611587524,-4.614555835723877,train,True,human,0,E:\m-hvc\datasets\old-dataset\frames_unique\R_non_hate_video_161,0.9776345491409302,0.002593643730506301,0.018157828599214554,0.0016139225335791707,0,0,0.9901905953884125
R_non_hate_video_162,0,0.018217509612441063,-3.9869866371154785,test,True,human,0,E:\m-hvc\datasets\old-dataset\frames_unique\R_non_hate_video_162,0.9441851377487183,0.017893901094794273,0.031333230435848236,0.00658777542412281,0,0,0.9817824903875589
R_non_hate_video_163,0,0.00693413196131587,-4.964341163635254,train,True,human,0,E:\m-hvc\datasets\old-dataset\frames_unique\R_non_hate_video_163,0.9903610944747925,0.0010406119981780648,0.007802826352417469,0.0007954826578497887,0,0,0.9930658680386841
R_non_hate_video_164,0,0.021364938467741013,-3.8244075775146484,train,False,missing,0,E:\m-hvc\datasets\old-dataset\frames_unique\R_non_hate_video_164,0.9439952373504639,0.008122813887894154,0.03961910307407379,0.00826278980821371,0,0,0.978635061532259
R_non_hate_video_165,0,0.009161796420812607,-4.68350887298584,val,True,asr,0,E:\m-hvc\datasets\old-dataset\frames_unique\R_non_hate_video_165,0.9928425550460815,0.0006487180362455547,0.006034164689481258,0.00047460681525990367,0,0,0.9908382035791874
R_non_hate_video_166,0,0.007096482440829277,-4.941034317016602,train,True,asr,0,E:\m-hvc\datasets\old-dataset\frames_unique\R_non_hate_video_166,0.9921526312828064,0.0006609914707951248,0.006622202228754759,0.0005642477190122008,0,0,0.9929035175591707
R_non_hate_video_167,0,0.00694177346304059,-4.963232040405273,test,True,human,0,E:\m-hvc\datasets\old-dataset\frames_unique\R_non_hate_video_167,0.992669939994812,0.0005927335587330163,0.006298394873738289,0.0004389373061712831,0,0,0.9930582265369594
R_non_hate_video_168,0,0.009681973606348038,-4.627760410308838,train,True,human,0,E:\m-hvc\datasets\old-dataset\frames_unique\R_non_hate_video_168,0.9848900437355042,0.0013681689742952585,0.012744123116135597,0.0009975573047995567,0,0,0.990318026393652
R_non_hate_video_169,0,0.0070866784080863,-4.942426681518555,train,True,human,0,E:\m-hvc\datasets\old-dataset\frames_unique\R_non_hate_video_169,0.9914903044700623,0.000883977860212326,0.006929977331310511,0.0006957057630643249,0,0,0.9929133215919137
R_non_hate_video_170,0,0.008148745633661747,-4.801709175109863,train,True,human,0,E:\m-hvc\datasets\old-dataset\frames_unique\R_non_hate_video_170,0.9898545145988464,0.00110899459104985,0.008189525455236435,0.0008469782769680023,0,0,0.9918512543663383
R_non_hate_video_171,0,0.010588238015770912,-4.53736686706543,train,True,human,0,E:\m-hvc\datasets\old-dataset\frames_unique\R_non_hate_video_171,0.986435055732727,0.001354814157821238,0.010722733102738857,0.0014874133048579097,0,0,0.9894117619842291
R_non_hate_video_172,0,0.01792273111641407,-4.003600120544434,train,True,human,0,E:\m-hvc\datasets\old-dataset\frames_unique\R_non_hate_video_172,0.9454687237739563,0.006346444599330425,0.044352658092975616,0.0038321656174957752,0,0,0.9820772688835859
R_non_hate_video_173,0,0.09063410013914108,-2.3059170246124268,train,True,human,0,E:\m-hvc\datasets\old-dataset\frames_unique\R_non_hate_video_173,0.6450835466384888,0.02024124376475811,0.20664507150650024,0.12803015112876892,0,0,0.9093658998608589
R_non_hate_video_174,0,0.007150144316256046,-4.933446884155273,train,True,human,0,E:\m-hvc\datasets\old-dataset\frames_unique\R_non_hate_video_174,0.9908513426780701,0.000914539850782603,0.007459396030753851,0.0007747148629277945,0,0,0.992849855683744
R_non_hate_video_175,0,0.006512366235256195,-5.0275187492370605,train,True,human,0,E:\m-hvc\datasets\old-dataset\frames_unique\R_non_hate_video_175,0.9915257096290588,0.0008201048476621509,0.007054696325212717,0.0005994733073748648,0,0,0.9934876337647438
R_non_hate_video_176,0,0.00868903286755085,-4.736966609954834,train,True,asr,0,E:\m-hvc\datasets\old-dataset\frames_unique\R_non_hate_video_176,0.9890968799591064,0.0008057102095335722,0.009393417276442051,0.0007040177588351071,0,0,0.9913109671324492
R_non_hate_video_177,0,0.009508081711828709,-4.646059513092041,train,True,human,0,E:\m-hvc\datasets\old-dataset\frames_unique\R_non_hate_video_177,0.9914515614509583,0.0006778876413591206,0.007313628681004047,0.0005569449858739972,0,0,0.9904919182881713
R_non_hate_video_178,0,0.21713922917842865,-1.2824161052703857,train,True,human,0,E:\m-hvc\datasets\old-dataset\frames_unique\R_non_hate_video_178,0.4069630205631256,0.40023210644721985,0.10064040869474411,0.09216441959142685,0,0,0.7828607708215714
R_non_hate_video_179,0,0.007667622994631529,-4.863051414489746,train,True,human,0,E:\m-hvc\datasets\old-dataset\frames_unique\R_non_hate_video_179,0.9923377633094788,0.0004487833066377789,0.006826395634561777,0.0003870739310514182,0,0,0.9923323770053685
R_non_hate_video_180,0,0.015722425654530525,-4.136819839477539,train,True,asr,0,E:\m-hvc\datasets\old-dataset\frames_unique\R_non_hate_video_180,0.9851377010345459,0.001212339848279953,0.012302007526159286,0.001347937504760921,0,0,0.9842775743454695
R_non_hate_video_181,0,0.04732320085167885,-3.002274990081787,train,True,human,0,E:\m-hvc\datasets\old-dataset\frames_unique\R_non_hate_video_181,0.8280962109565735,0.04353616014122963,0.11297574639320374,0.015391956083476543,0,0,0.9526767991483212
R_non_hate_video_182,0,0.11698231101036072,-2.02132248878479,train,True,asr,0,E:\m-hvc\datasets\old-dataset\frames_unique\R_non_hate_video_182,0.5551523566246033,0.021539628505706787,0.2094125598669052,0.21389545500278473,0,0,0.8830176889896393
R_non_hate_video_183,0,0.009614759124815464,-4.63479471206665,train,True,human,0,E:\m-hvc\datasets\old-dataset\frames_unique\R_non_hate_video_183,0.9836766123771667,0.002073172479867935,0.013027086853981018,0.001223070896230638,0,0,0.9903852408751845
R_non_hate_video_184,0,0.023836880922317505,-3.712395668029785,train,True,asr,0,E:\m-hvc\datasets\old-dataset\frames_unique\R_non_hate_video_184,0.9434142112731934,0.005616458598524332,0.03783256933093071,0.013136720284819603,0,0,0.9761631190776825
R_non_hate_video_185,0,0.008646744303405285,-4.741888046264648,train,True,asr,0,E:\m-hvc\datasets\old-dataset\frames_unique\R_non_hate_video_185,0.992060661315918,0.0005659727030433714,0.0069008138962090015,0.00047260275459848344,0,0,0.9913532556965947
R_non_hate_video_186,0,0.39224764704704285,-0.4378740191459656,train,True,human,0,E:\m-hvc\datasets\old-dataset\frames_unique\R_non_hate_video_186,0.13754193484783173,0.004385070409625769,0.8530192971229553,0.005053697153925896,1,2,0.6077523529529572
R_non_hate_video_187,0,0.052040643990039825,-2.9022865295410156,test,True,human,0,E:\m-hvc\datasets\old-dataset\frames_unique\R_non_hate_video_187,0.627761721611023,0.008210904896259308,0.35533127188682556,0.008696096949279308,0,0,0.9479593560099602
R_non_hate_video_188,0,0.008040174841880798,-4.815231800079346,test,True,asr,0,E:\m-hvc\datasets\old-dataset\frames_unique\R_non_hate_video_188,0.9911597371101379,0.0005906369769945741,0.007816223427653313,0.00043346566963009536,0,0,0.9919598251581192
R_non_hate_video_189,0,0.0067075090482831,-4.99779748916626,train,True,human,0,E:\m-hvc\datasets\old-dataset\frames_unique\R_non_hate_video_189,0.9911651015281677,0.0008608053321950138,0.007299706805497408,0.0006744036800228059,0,0,0.9932924909517169
R_non_hate_video_190,0,0.013479531742632389,-4.293011665344238,test,True,human,0,E:\m-hvc\datasets\old-dataset\frames_unique\R_non_hate_video_190,0.9724867939949036,0.008290591649711132,0.015131955966353416,0.004090637434273958,0,0,0.9865204682573676
R_non_hate_video_191,0,0.006610781420022249,-5.012420654296875,val,True,human,0,E:\m-hvc\datasets\old-dataset\frames_unique\R_non_hate_video_191,0.9915283918380737,0.0007391793769784272,0.007099987007677555,0.0006323588895611465,0,0,0.9933892185799778
R_non_hate_video_192,0,0.010630552656948566,-4.5333356857299805,train,True,asr,0,E:\m-hvc\datasets\old-dataset\frames_unique\R_non_hate_video_192,0.9915823340415955,0.0004284867027308792,0.007633587345480919,0.00035562299308367074,0,0,0.9893694473430514
R_non_hate_video_193,0,0.00675796577706933,-4.990252494812012,train,True,human,0,E:\m-hvc\datasets\old-dataset\frames_unique\R_non_hate_video_193,0.9922109842300415,0.0007125000120140612,0.006510550621896982,0.0005660233437083662,0,0,0.9932420342229307
R_non_hate_video_194,0,0.00661913538351655,-5.0111494064331055,train,True,human,0,E:\m-hvc\datasets\old-dataset\frames_unique\R_non_hate_video_194,0.9923467636108398,0.0006443832535296679,0.006509426981210709,0.0004994047922082245,0,0,0.9933808646164834
R_non_hate_video_195,0,0.025872880592942238,-3.6283464431762695,train,True,human,0,E:\m-hvc\datasets\old-dataset\frames_unique\R_non_hate_video_195,0.8601558208465576,0.005557159427553415,0.12851114571094513,0.005775837227702141,0,0,0.9741271194070578
R_non_hate_video_196,0,0.04513934254646301,-3.0518112182617188,train,True,human,0,E:\m-hvc\datasets\old-dataset\frames_unique\R_non_hate_video_196,0.7123099565505981,0.006615504156798124,0.2745932340621948,0.0064813243225216866,0,0,0.954860657453537
R_non_hate_video_197,0,0.0068628257140517235,-4.974749565124512,train,True,human,0,E:\m-hvc\datasets\old-dataset\frames_unique\R_non_hate_video_197,0.9930845499038696,0.0005458001978695393,0.005944521632045507,0.00042508059414103627,0,0,0.9931371742859483
R_non_hate_video_198,0,0.03864157944917679,-3.2140183448791504,test,True,human,0,E:\m-hvc\datasets\old-dataset\frames_unique\R_non_hate_video_198,0.8794742226600647,0.07364421337842941,0.03518245741724968,0.011699122376739979,0,0,0.9613584205508232
R_non_hate_video_199,0,0.006739714648574591,-4.992975234985352,train,True,human,0,E:\m-hvc\datasets\old-dataset\frames_unique\R_non_hate_video_199,0.9927306771278381,0.0007195319631136954,0.006027834489941597,0.0005219703889451921,0,0,0.9932602853514254
R_non_hate_video_200,0,0.008623741567134857,-4.744575023651123,train,True,human,0,E:\m-hvc\datasets\old-dataset\frames_unique\R_non_hate_video_200,0.9876722097396851,0.002192158717662096,0.008987490087747574,0.0011481664841994643,0,0,0.9913762584328651
R_non_hate_video_201,0,0.06681089103221893,-2.6367416381835938,test,True,asr,0,E:\m-hvc\datasets\old-dataset\frames_unique\R_non_hate_video_201,0.6694530844688416,0.020689889788627625,0.2829175293445587,0.026939505711197853,0,0,0.9331891089677811
R_non_hate_video_202,0,0.0081382030621171,-4.803014278411865,test,True,asr,0,E:\m-hvc\datasets\old-dataset\frames_unique\R_non_hate_video_202,0.9909818768501282,0.0007236123783513904,0.007666566409170628,0.0006279339431785047,0,0,0.9918617969378829
R_non_hate_video_203,0,0.007552361115813255,-4.878314018249512,test,True,human,0,E:\m-hvc\datasets\old-dataset\frames_unique\R_non_hate_video_203,0.9928534626960754,0.0005588838830590248,0.006122269667685032,0.00046533948625437915,0,0,0.9924476388841867
R_non_hate_video_204,0,0.013786809518933296,-4.27016019821167,train,True,human,0,E:\m-hvc\datasets\old-dataset\frames_unique\R_non_hate_video_204,0.9845231771469116,0.002226624870672822,0.011736057698726654,0.001514070201665163,0,0,0.9862131904810667
R_non_hate_video_205,0,0.00701129762455821,-4.9531965255737305,train,True,human,0,E:\m-hvc\datasets\old-dataset\frames_unique\R_non_hate_video_205,0.9899993538856506,0.0010673459619283676,0.00810812134295702,0.0008252157713286579,0,0,0.9929887023754418
R_non_hate_video_206,0,0.01319616287946701,-4.314545154571533,test,True,human,0,E:\m-hvc\datasets\old-dataset\frames_unique\R_non_hate_video_206,0.9724518656730652,0.006962257903069258,0.017536580562591553,0.0030493370722979307,0,0,0.986803837120533
R_non_hate_video_207,0,0.006413595750927925,-5.042901039123535,test,True,human,0,E:\m-hvc\datasets\old-dataset\frames_unique\R_non_hate_video_207,0.9923079013824463,0.0006007718038745224,0.0065832724794745445,0.0005080170230939984,0,0,0.9935864042490721
R_non_hate_video_208,0,0.0077862185426056385,-4.847583293914795,train,True,asr,0,E:\m-hvc\datasets\old-dataset\frames_unique\R_non_hate_video_208,0.9911824464797974,0.0008301538182422519,0.007306301034986973,0.0006810490740463138,0,0,0.9922137814573944
R_non_hate_video_209,0,0.010418539866805077,-4.553695201873779,train,True,human,0,E:\m-hvc\datasets\old-dataset\frames_unique\R_non_hate_video_209,0.9801687002182007,0.0028936932794749737,0.014854050241410732,0.002083617029711604,0,0,0.9895814601331949
R_non_hate_video_210,0,0.009283446706831455,-4.670195579528809,val,True,human,0,E:\m-hvc\datasets\old-dataset\frames_unique\R_non_hate_video_210,0.9856591820716858,0.0023470495361834764,0.010388999246060848,0.0016048259567469358,0,0,0.9907165532931685
R_non_hate_video_211,0,0.007400152273476124,-4.898827075958252,train,True,asr,0,E:\m-hvc\datasets\old-dataset\frames_unique\R_non_hate_video_211,0.9920863509178162,0.000752767373342067,0.006568352226167917,0.000592504336964339,0,0,0.9925998477265239
R_non_hate_video_212,0,0.1076098084449768,-2.115391731262207,train,True,asr,0,E:\m-hvc\datasets\old-dataset\frames_unique\R_non_hate_video_212,0.41947054862976074,0.005716419313102961,0.5662446022033691,0.008568387478590012,0,2,0.8923901915550232
R_non_hate_video_213,0,0.09436606615781784,-2.261453628540039,val,True,human,0,E:\m-hvc\datasets\old-dataset\frames_unique\R_non_hate_video_213,0.613956868648529,0.2452046126127243,0.07966778427362442,0.06117076054215431,0,0,0.9056339338421822
R_non_hate_video_214,0,0.06975967437028885,-2.5903868675231934,train,True,asr,0,E:\m-hvc\datasets\old-dataset\frames_unique\R_non_hate_video_214,0.7270748019218445,0.02360200509428978,0.09175820648670197,0.1575649529695511,0,0,0.9302403256297112
R_non_hate_video_215,0,0.02768215723335743,-3.558894634246826,train,True,asr,0,E:\m-hvc\datasets\old-dataset\frames_unique\R_non_hate_video_215,0.9243084192276001,0.00918919313699007,0.04372308403253555,0.022779325023293495,0,0,0.9723178427666426
R_non_hate_video_216,0,0.04715121537446976,-3.006096363067627,train,True,human,0,E:\m-hvc\datasets\old-dataset\frames_unique\R_non_hate_video_216,0.7829772233963013,0.03877079486846924,0.153423473238945,0.024828525260090828,0,0,0.9528487846255302
R_non_hate_video_217,0,0.09340649843215942,-2.272733211517334,test,True,asr,0,E:\m-hvc\datasets\old-dataset\frames_unique\R_non_hate_video_217,0.624208390712738,0.027749281376600266,0.15856964886188507,0.18947267532348633,0,0,0.9065935015678406
R_non_hate_video_218,0,0.11551433801651001,-2.035611629486084,train,True,asr,0,E:\m-hvc\datasets\old-dataset\frames_unique\R_non_hate_video_218,0.5261735916137695,0.038404617458581924,0.1305312216281891,0.304890513420105,0,0,0.88448566198349
R_non_hate_video_219,0,0.006563018076121807,-5.019720077514648,train,True,human,0,E:\m-hvc\datasets\old-dataset\frames_unique\R_non_hate_video_219,0.9913966059684753,0.0008996271644718945,0.007010527886450291,0.0006932283286005259,0,0,0.9934369819238782
R_non_hate_video_220,0,0.012775920331478119,-4.347334861755371,test,True,human,0,E:\m-hvc\datasets\old-dataset\frames_unique\R_non_hate_video_220,0.9642167687416077,0.005452570039778948,0.026791270822286606,0.003539363155141473,0,0,0.9872240796685219
R_non_hate_video_221,0,0.008588740602135658,-4.7486772537231445,val,True,human,0,E:\m-hvc\datasets\old-dataset\frames_unique\R_non_hate_video_221,0.9925143122673035,0.000614527496509254,0.006400155834853649,0.0004710029170382768,0,0,0.9914112593978643
R_non_hate_video_222,0,0.03154994174838066,-3.4241251945495605,train,True,human,0,E:\m-hvc\datasets\old-dataset\frames_unique\R_non_hate_video_222,0.9183784127235413,0.020972760394215584,0.0450458861887455,0.015602957457304,0,0,0.9684500582516193
R_non_hate_video_223,0,0.008617079816758633,-4.745354652404785,train,True,human,0,E:\m-hvc\datasets\old-dataset\frames_unique\R_non_hate_video_223,0.9906367659568787,0.0006426758482120931,0.008136059157550335,0.0005845269188284874,0,0,0.9913829201832414
R_non_hate_video_224,0,0.0181574709713459,-3.9903488159179688,train,True,human,0,E:\m-hvc\datasets\old-dataset\frames_unique\R_non_hate_video_224,0.9705826640129089,0.006362590007483959,0.019661683589220047,0.0033930963836610317,0,0,0.9818425290286541
R_non_hate_video_225,0,0.05125020816922188,-2.9184253215789795,val,True,human,0,E:\m-hvc\datasets\old-dataset\frames_unique\R_non_hate_video_225,0.6510337591171265,0.008306543342769146,0.333120197057724,0.007539465092122555,0,0,0.9487497918307781
R_non_hate_video_226,0,0.01985306665301323,-3.899343967437744,train,True,human,0,E:\m-hvc\datasets\old-dataset\frames_unique\R_non_hate_video_226,0.9520300626754761,0.015815982595086098,0.026674125343561172,0.005479894578456879,0,0,0.9801469333469868
R_non_hate_video_227,0,0.007349182851612568,-4.905789852142334,train,True,human,0,E:\m-hvc\datasets\old-dataset\frames_unique\R_non_hate_video_227,0.9922839999198914,0.0005581360310316086,0.006698028650134802,0.0004598963132593781,0,0,0.9926508171483874
R_non_hate_video_228,0,0.008782046847045422,-4.726224899291992,train,True,human,0,E:\m-hvc\datasets\old-dataset\frames_unique\R_non_hate_video_228,0.9917687177658081,0.0006061361054889858,0.007092651445418596,0.0005325257661752403,0,0,0.9912179531529546
R_non_hate_video_229,0,0.007446490693837404,-4.892538070678711,train,True,human,0,E:\m-hvc\datasets\old-dataset\frames_unique\R_non_hate_video_229,0.9920016527175903,0.0006710967281833291,0.006755031645298004,0.0005722648347727954,0,0,0.9925535093061626
R_non_hate_video_230,0,0.912385106086731,2.343111038208008,val,False,missing,0,E:\m-hvc\datasets\old-dataset\frames_unique\R_non_hate_video_230,0.17692184448242188,0.019187629222869873,0.7785308957099915,0.025359587743878365,1,2,0.912385106086731
R_non_hate_video_231,0,0.8571629524230957,1.7919235229492188,test,True,human,0,E:\m-hvc\datasets\old-dataset\frames_unique\R_non_hate_video_231,0.6295763850212097,0.006191593129187822,0.35936838388442993,0.00486364820972085,1,0,0.8571629524230957
R_non_hate_video_232,0,0.030360741540789604,-3.463773727416992,train,True,human,0,E:\m-hvc\datasets\old-dataset\frames_unique\R_non_hate_video_232,0.808582603931427,0.005272894632071257,0.17855077981948853,0.007593677844852209,0,0,0.9696392584592104
R_non_hate_video_233,0,0.019709691405296326,-3.90673828125,train,True,human,0,E:\m-hvc\datasets\old-dataset\frames_unique\R_non_hate_video_233,0.9436177611351013,0.016222212463617325,0.031517624855041504,0.008642399683594704,0,0,0.9802903085947037
R_non_hate_video_234,0,0.013539573177695274,-4.288506507873535,train,True,human,0,E:\m-hvc\datasets\old-dataset\frames_unique\R_non_hate_video_234,0.9584036469459534,0.0033084272872656584,0.035855188965797424,0.0024327344726771116,0,0,0.9864604268223047
R_non_hate_video_235,0,0.047766346484422684,-2.9924890995025635,train,True,human,0,E:\m-hvc\datasets\old-dataset\frames_unique\R_non_hate_video_235,0.7241954803466797,0.011759107001125813,0.25512731075286865,0.00891818106174469,0,0,0.9522336535155773
R_non_hate_video_236,0,0.006804231088608503,-4.9833831787109375,train,True,human,0,E:\m-hvc\datasets\old-dataset\frames_unique\R_non_hate_video_236,0.9913936257362366,0.0007473474834114313,0.007165182381868362,0.0006938241422176361,0,0,0.9931957689113915
R_non_hate_video_237,0,0.07506847381591797,-2.5113189220428467,val,True,asr,0,E:\m-hvc\datasets\old-dataset\frames_unique\R_non_hate_video_237,0.7163918614387512,0.022722288966178894,0.09906284511089325,0.16182298958301544,0,0,0.924931526184082
R_non_hate_video_238,0,0.023332366719841957,-3.734304904937744,train,True,asr,0,E:\m-hvc\datasets\old-dataset\frames_unique\R_non_hate_video_238,0.9271143674850464,0.00774006824940443,0.04853225126862526,0.01661328226327896,0,0,0.976667633280158
R_non_hate_video_239,0,0.008813945576548576,-4.722567081451416,train,True,human,0,E:\m-hvc\datasets\old-dataset\frames_unique\R_non_hate_video_239,0.9869982600212097,0.0022782431915402412,0.00908741820603609,0.0016359995352104306,0,0,0.9911860544234514
R_non_hate_video_240,0,0.02891300991177559,-3.5141243934631348,train,True,human,0,E:\m-hvc\datasets\old-dataset\frames_unique\R_non_hate_video_240,0.859153151512146,0.017942437902092934,0.10787777602672577,0.015026703476905823,0,0,0.9710869900882244
R_non_hate_video_241,0,0.007814346812665462,-4.843948841094971,train,True,asr,0,E:\m-hvc\datasets\old-dataset\frames_unique\R_non_hate_video_241,0.9907755255699158,0.0009157216991297901,0.0075449771247804165,0.0007637490634806454,0,0,0.9921856531873345
R_non_hate_video_242,0,0.006743481382727623,-4.992412567138672,test,True,human,0,E:\m-hvc\datasets\old-dataset\frames_unique\R_non_hate_video_242,0.9892288446426392,0.0009684166871011257,0.00903375819325447,0.0007690295460633934,0,0,0.9932565186172724
R_non_hate_video_243,0,0.006511890795081854,-5.027592182159424,train,True,human,0,E:\m-hvc\datasets\old-dataset\frames_unique\R_non_hate_video_243,0.9918244481086731,0.00077488535316661,0.00674687884747982,0.0006538450834341347,0,0,0.9934881092049181
R_non_hate_video_244,0,0.05355633795261383,-2.8719773292541504,train,True,asr,0,E:\m-hvc\datasets\old-dataset\frames_unique\R_non_hate_video_244,0.7877748608589172,0.0243998970836401,0.10539069771766663,0.0824345201253891,0,0,0.9464436620473862
R_non_hate_video_245,0,0.0074485670775175095,-4.892257213592529,train,True,human,0,E:\m-hvc\datasets\old-dataset\frames_unique\R_non_hate_video_245,0.9889785647392273,0.0009104664786718786,0.009353994391858578,0.0007571029709652066,0,0,0.9925514329224825
R_non_hate_video_246,0,0.20607732236385345,-1.3487346172332764,val,True,asr,0,E:\m-hvc\datasets\old-dataset\frames_unique\R_non_hate_video_246,0.40667712688446045,0.0312592014670372,0.12368536740541458,0.43837833404541016,0,3,0.7939226776361465
R_non_hate_video_247,0,0.008793418295681477,-4.724919319152832,test,True,human,0,E:\m-hvc\datasets\old-dataset\frames_unique\R_non_hate_video_247,0.9844942688941956,0.0018516365671530366,0.01233012042939663,0.0013239310355857015,0,0,0.9912065817043185
R_non_hate_video_248,0,0.008064298890531063,-4.812211513519287,train,True,asr,0,E:\m-hvc\datasets\old-dataset\frames_unique\R_non_hate_video_248,0.9906491637229919,0.0008694534189999104,0.007692454848438501,0.0007889222470112145,0,0,0.9919357011094689
R_non_hate_video_249,0,0.009737446904182434,-4.621991157531738,train,True,asr,0,E:\m-hvc\datasets\old-dataset\frames_unique\R_non_hate_video_249,0.9910695552825928,0.0010455772280693054,0.007130138576030731,0.0007547378190793097,0,0,0.9902625530958176
R_non_hate_video_250,0,0.007288808468729258,-4.91409969329834,train,True,human,0,E:\m-hvc\datasets\old-dataset\frames_unique\R_non_hate_video_250,0.9903814196586609,0.0008851703605614603,0.007919711992144585,0.0008136778487823904,0,0,0.9927111915312707
R_non_hate_video_251,0,0.021816397085785866,-3.8030354976654053,train,True,human,0,E:\m-hvc\datasets\old-dataset\frames_unique\R_non_hate_video_251,0.9360483884811401,0.02113395184278488,0.03416306525468826,0.008654571138322353,0,0,0.9781836029142141
R_non_hate_video_252,0,0.007298136129975319,-4.912811279296875,train,True,human,0,E:\m-hvc\datasets\old-dataset\frames_unique\R_non_hate_video_252,0.990678071975708,0.0008253225241787732,0.007798538543283939,0.000698103045579046,0,0,0.9927018638700247
R_non_hate_video_253,0,0.01909552328288555,-3.939021110534668,test,True,asr,0,E:\m-hvc\datasets\old-dataset\frames_unique\R_non_hate_video_253,0.9249686002731323,0.004239144269376993,0.06769858300685883,0.0030936889816075563,0,0,0.9809044767171144
R_non_hate_video_254,0,0.0077387564815580845,-4.853745460510254,train,True,human,0,E:\m-hvc\datasets\old-dataset\frames_unique\R_non_hate_video_254,0.9892325401306152,0.0015915167750790715,0.00822904147207737,0.0009468538337387145,0,0,0.9922612435184419
R_non_hate_video_255,0,0.010211560875177383,-4.573970794677734,train,True,human,0,E:\m-hvc\datasets\old-dataset\frames_unique\R_non_hate_video_255,0.9726779460906982,0.001911719678901136,0.02395409159362316,0.001456181751564145,0,0,0.9897884391248226
R_non_hate_video_256,0,0.007680709473788738,-4.861332893371582,train,True,asr,0,E:\m-hvc\datasets\old-dataset\frames_unique\R_non_hate_video_256,0.9913980960845947,0.0006830437341704965,0.0073434473015367985,0.0005753747536800802,0,0,0.9923192905262113
R_non_hate_video_257,0,0.03845097869634628,-3.2191615104675293,train,True,human,0,E:\m-hvc\datasets\old-dataset\frames_unique\R_non_hate_video_257,0.8758970499038696,0.019776705652475357,0.09577905386686325,0.008547162637114525,0,0,0.9615490213036537
R_non_hate_video_258,0,0.020506449043750763,-3.8662962913513184,val,True,asr,0,E:\m-hvc\datasets\old-dataset\frames_unique\R_non_hate_video_258,0.9646121859550476,0.0037887985818088055,0.023596132174134254,0.00800292007625103,0,0,0.9794935509562492
R_non_hate_video_259,0,0.013129332102835178,-4.319690227508545,train,True,human,0,E:\m-hvc\datasets\old-dataset\frames_unique\R_non_hate_video_259,0.9551176428794861,0.0027543306350708008,0.03989798575639725,0.002230040030553937,0,0,0.9868706678971648
R_non_hate_video_260,0,0.006334016099572182,-5.055466651916504,val,True,human,0,E:\m-hvc\datasets\old-dataset\frames_unique\R_non_hate_video_260,0.9917362332344055,0.0008028165902942419,0.006873166188597679,0.0005877276998944581,0,0,0.9936659839004278
R_non_hate_video_261,0,0.006851340178400278,-4.976436138153076,train,True,human,0,E:\m-hvc\datasets\old-dataset\frames_unique\R_non_hate_video_261,0.9919286966323853,0.0007662074058316648,0.006759303621947765,0.0005457686493173242,0,0,0.9931486598215997
R_non_hate_video_262,0,0.007099855691194534,-4.940555572509766,train,True,human,0,E:\m-hvc\datasets\old-dataset\frames_unique\R_non_hate_video_262,0.991869330406189,0.0009772421326488256,0.0064618936739861965,0.0006914639961905777,0,0,0.9929001443088055
R_non_hate_video_263,0,0.024160224944353104,-3.6985907554626465,train,True,human,0,E:\m-hvc\datasets\old-dataset\frames_unique\R_non_hate_video_263,0.944598913192749,0.022123049944639206,0.026283254846930504,0.006994843017309904,0,0,0.9758397750556469
R_non_hate_video_264,0,0.008036733604967594,-4.8156633377075195,train,True,human,0,E:\m-hvc\datasets\old-dataset\frames_unique\R_non_hate_video_264,0.9912359714508057,0.0012427577748894691,0.006684570107609034,0.0008366928086616099,0,0,0.9919632663950324
R_non_hate_video_265,0,0.011017571203410625,-4.497185230255127,train,True,asr,0,E:\m-hvc\datasets\old-dataset\frames_unique\R_non_hate_video_265,0.9911312460899353,0.0007225460722111166,0.0075137196108698845,0.000632430543191731,0,0,0.9889824287965894
R_non_hate_video_266,0,0.026835227385163307,-3.5908379554748535,train,True,human,0,E:\m-hvc\datasets\old-dataset\frames_unique\R_non_hate_video_266,0.9301377534866333,0.02692386694252491,0.03424729034304619,0.008691094815731049,0,0,0.9731647726148367
R_non_hate_video_267,0,0.011126214638352394,-4.487262725830078,train,True,human,0,E:\m-hvc\datasets\old-dataset\frames_unique\R_non_hate_video_267,0.9922303557395935,0.0005583284073509276,0.006809838116168976,0.00040157034527510405,0,0,0.9888737853616476
R_non_hate_video_268,0,0.02346990257501602,-3.7282867431640625,train,True,asr,0,E:\m-hvc\datasets\old-dataset\frames_unique\R_non_hate_video_268,0.9496729969978333,0.01627112366259098,0.026191219687461853,0.007864694111049175,0,0,0.976530097424984
R_non_hate_video_269,0,0.015637725591659546,-4.142307758331299,train,True,asr,0,E:\m-hvc\datasets\old-dataset\frames_unique\R_non_hate_video_269,0.9902826547622681,0.0006029069772921503,0.00876395870000124,0.00035050269798375666,0,0,0.9843622744083405
R_non_hate_video_270,0,0.006629242096096277,-5.009613513946533,test,True,human,0,E:\m-hvc\datasets\old-dataset\frames_unique\R_non_hate_video_270,0.9922823309898376,0.0006749063031747937,0.006489452440291643,0.0005532785435207188,0,0,0.9933707579039037
R_non_hate_video_271,0,0.007572842296212912,-4.875585079193115,train,True,asr,0,E:\m-hvc\datasets\old-dataset\frames_unique\R_non_hate_video_271,0.9925244450569153,0.0008215358247980475,0.006068266928195953,0.0005857058567926288,0,0,0.9924271577037871
R_non_hate_video_272,0,0.007111088838428259,-4.938963413238525,train,True,human,0,E:\m-hvc\datasets\old-dataset\frames_unique\R_non_hate_video_272,0.9911981225013733,0.0009696049964986742,0.007031610235571861,0.0008006587158888578,0,0,0.9928889111615717
R_non_hate_video_273,0,0.02567156031727791,-3.636364698410034,train,True,human,0,E:\m-hvc\datasets\old-dataset\frames_unique\R_non_hate_video_273,0.9328511357307434,0.017550164833664894,0.02586686611175537,0.023731837049126625,0,0,0.9743284396827221
R_non_hate_video_274,0,0.07222982496023178,-2.552931070327759,train,True,asr,0,E:\m-hvc\datasets\old-dataset\frames_unique\R_non_hate_video_274,0.6981101036071777,0.029068998992443085,0.09419645369052887,0.1786244809627533,0,0,0.9277701750397682
R_non_hate_video_275,0,0.009373780339956284,-4.660420894622803,val,True,human,0,E:\m-hvc\datasets\old-dataset\frames_unique\R_non_hate_video_275,0.990564227104187,0.0007252144860103726,0.008097268640995026,0.0006133281858637929,0,0,0.9906262196600437
R_non_hate_video_276,0,0.006457854527980089,-5.035979270935059,train,True,human,0,E:\m-hvc\datasets\old-dataset\frames_unique\R_non_hate_video_276,0.9922634363174438,0.000692573084961623,0.006494377739727497,0.0005495957448147237,0,0,0.9935421454720199
R_non_hate_video_277,0,0.0077867149375379086,-4.8475189208984375,test,True,human,0,E:\m-hvc\datasets\old-dataset\frames_unique\R_non_hate_video_277,0.9898362755775452,0.0009435962419956923,0.00855686329305172,0.0006633177981711924,0,0,0.9922132850624621
R_non_hate_video_278,0,0.026191985234618187,-3.6157608032226562,train,True,human,0,E:\m-hvc\datasets\old-dataset\frames_unique\R_non_hate_video_278,0.8877678513526917,0.013302593491971493,0.08956953883171082,0.009359976276755333,0,0,0.9738080147653818
R_non_hate_video_279,0,0.00724062230437994,-4.920781135559082,train,True,human,0,E:\m-hvc\datasets\old-dataset\frames_unique\R_non_hate_video_279,0.9902418255805969,0.0010267732432112098,0.007939647883176804,0.0007917496259324253,0,0,0.9927593776956201
R_non_hate_video_280,0,0.007251743692904711,-4.9192352294921875,test,True,human,0,E:\m-hvc\datasets\old-dataset\frames_unique\R_non_hate_video_280,0.990420937538147,0.001013185945339501,0.00785816553980112,0.0007076828624121845,0,0,0.9927482563070953
R_non_hate_video_281,0,0.006392768584191799,-5.0461745262146,val,True,human,0,E:\m-hvc\datasets\old-dataset\frames_unique\R_non_hate_video_281,0.9921976923942566,0.0006076237186789513,0.0066921464167535305,0.0005025638383813202,0,0,0.9936072314158082
R_non_hate_video_282,0,0.006676734425127506,-5.002427101135254,train,True,human,0,E:\m-hvc\datasets\old-dataset\frames_unique\R_non_hate_video_282,0.9929739236831665,0.000546312250662595,0.00603649765253067,0.00044331420212984085,0,0,0.9933232655748725
R_non_hate_video_283,0,0.05530722439289093,-2.837956190109253,train,True,asr,0,E:\m-hvc\datasets\old-dataset\frames_unique\R_non_hate_video_283,0.8177084922790527,0.0202951580286026,0.07922111451625824,0.08277519792318344,0,0,0.9446927756071091
R_non_hate_video_284,0,0.054694827646017075,-2.849738597869873,train,True,human,0,E:\m-hvc\datasets\old-dataset\frames_unique\R_non_hate_video_284,0.6290868520736694,0.007289072964340448,0.35536205768585205,0.008261997252702713,0,0,0.9453051723539829
R_non_hate_video_285,0,0.08897450566291809,-2.326220989227295,train,True,human,0,E:\m-hvc\datasets\old-dataset\frames_unique\R_non_hate_video_285,0.6158725619316101,0.054711759090423584,0.07204470783472061,0.25737103819847107,0,0,0.9110254943370819
R_non_hate_video_286,0,0.015544997528195381,-4.148349285125732,train,True,human,0,E:\m-hvc\datasets\old-dataset\frames_unique\R_non_hate_video_286,0.9480886459350586,0.003397248685359955,0.04587521776556969,0.0026389057748019695,0,0,0.9844550024718046
R_non_hate_video_287,0,0.006201078183948994,-5.076811790466309,train,True,human,0,E:\m-hvc\datasets\old-dataset\frames_unique\R_non_hate_video_287,0.99332594871521,0.00048338822671212256,0.0057729631662368774,0.00041772567783482373,0,0,0.993798921816051
R_non_hate_video_288,0,0.016940908506512642,-4.060937881469727,train,True,asr,0,E:\m-hvc\datasets\old-dataset\frames_unique\R_non_hate_video_288,0.9418259263038635,0.002451516455039382,0.053662993013858795,0.0020595542155206203,0,0,0.9830590914934874
R_non_hate_video_289,0,0.007883401587605476,-4.835081100463867,test,True,asr,0,E:\m-hvc\datasets\old-dataset\frames_unique\R_non_hate_video_289,0.9905596375465393,0.000881339656189084,0.007794093806296587,0.0007648501195944846,0,0,0.9921165984123945
R_non_hate_video_290,0,0.010802528820931911,-4.51711368560791,train,True,human,0,E:\m-hvc\datasets\old-dataset\frames_unique\R_non_hate_video_290,0.9759509563446045,0.003403456648811698,0.018545886501669884,0.0020996620878577232,0,0,0.9891974711790681
R_non_hate_video_291,0,0.19899509847164154,-1.3925868272781372,train,True,human,0,E:\m-hvc\datasets\old-dataset\frames_unique\R_non_hate_video_291,0.31642669439315796,0.03532801568508148,0.08819809556007385,0.5600472092628479,0,3,0.8010049015283585
R_non_hate_video_292,0,0.029754173010587692,-3.4845800399780273,train,True,asr,0,E:\m-hvc\datasets\old-dataset\frames_unique\R_non_hate_video_292,0.8397067785263062,0.004830301273614168,0.15066300332546234,0.00479991314932704,0,0,0.9702458269894123
R_non_hate_video_293,0,0.010354525409638882,-4.55992317199707,train,True,human,0,E:\m-hvc\datasets\old-dataset\frames_unique\R_non_hate_video_293,0.9926750063896179,0.0003444440080784261,0.006692276336252689,0.00028829879011027515,0,0,0.9896454745903611
R_non_hate_video_294,0,0.006463906262069941,-5.035036563873291,test,True,human,0,E:\m-hvc\datasets\old-dataset\frames_unique\R_non_hate_video_294,0.9920724034309387,0.000679967924952507,0.006699353456497192,0.0005483308923430741,0,0,0.9935360937379301
R_non_hate_video_295,0,0.00718412222340703,-4.928671836853027,train,True,human,0,E:\m-hvc\datasets\old-dataset\frames_unique\R_non_hate_video_295,0.9916648268699646,0.0005182255990803242,0.00740512041375041,0.00041182301356457174,0,0,0.992815877776593
R_non_hate_video_296,0,0.006871238816529512,-4.97351598739624,test,True,human,0,E:\m-hvc\datasets\old-dataset\frames_unique\R_non_hate_video_296,0.9914291501045227,0.0009578015888109803,0.006983865052461624,0.0006292496109381318,0,0,0.9931287611834705
R_non_hate_video_297,0,0.00805738940834999,-4.813075542449951,train,True,human,0,E:\m-hvc\datasets\old-dataset\frames_unique\R_non_hate_video_297,0.9900072813034058,0.0009325520368292928,0.008096800185739994,0.0009633713634684682,0,0,0.99194261059165
R_non_hate_video_298,0,0.00812186487019062,-4.80504035949707,train,True,human,0,E:\m-hvc\datasets\old-dataset\frames_unique\R_non_hate_video_298,0.9938175082206726,0.00029103810084052384,0.00565867405384779,0.00023278516891878098,0,0,0.9918781351298094
R_non_hate_video_299,0,0.008095418103039265,-4.808328628540039,val,True,human,0,E:\m-hvc\datasets\old-dataset\frames_unique\R_non_hate_video_299,0.986786961555481,0.000993973109871149,0.011424473486840725,0.0007945515098981559,0,0,0.9919045818969607
R_non_hate_video_300,0,0.006894693709909916,-4.9700846672058105,train,True,human,0,E:\m-hvc\datasets\old-dataset\frames_unique\R_non_hate_video_300,0.9928882718086243,0.00046323525020852685,0.006251791957765818,0.0003968237724620849,0,0,0.9931053062900901
R_non_hate_video_301,0,0.006570698227733374,-5.018542766571045,train,True,human,0,E:\m-hvc\datasets\old-dataset\frames_unique\R_non_hate_video_301,0.9926944971084595,0.0006057022255845368,0.00618453836068511,0.0005153148085810244,0,0,0.9934293017722666
R_non_hate_video_302,0,0.0075043244287371635,-4.8847432136535645,train,True,human,0,E:\m-hvc\datasets\old-dataset\frames_unique\R_non_hate_video_302,0.9920679330825806,0.0006276211352087557,0.006756636314094067,0.0005478399689309299,0,0,0.9924956755712628
R_non_hate_video_303,0,0.009318293072283268,-4.6664137840271,train,True,human,0,E:\m-hvc\datasets\old-dataset\frames_unique\R_non_hate_video_303,0.9920141100883484,0.00045233030687086284,0.007138244342058897,0.00039535676478408277,0,0,0.9906817069277167
R_non_hate_video_304,0,0.06851140409708023,-2.60978364944458,train,True,asr,0,E:\m-hvc\datasets\old-dataset\frames_unique\R_non_hate_video_304,0.5693454146385193,0.006063401699066162,0.4126012623310089,0.011989924125373363,0,0,0.9314885959029198
R_non_hate_video_305,0,0.024646634235978127,-3.678159475326538,val,True,human,0,E:\m-hvc\datasets\old-dataset\frames_unique\R_non_hate_video_305,0.8542335033416748,0.004248002544045448,0.13708731532096863,0.0044312309473752975,0,0,0.9753533657640219
R_non_hate_video_306,0,0.006693009287118912,-4.99997615814209,train,True,human,0,E:\m-hvc\datasets\old-dataset\frames_unique\R_non_hate_video_306,0.9917037487030029,0.0007193764322437346,0.006969938520342112,0.0006069049704819918,0,0,0.9933069907128811
R_non_hate_video_307,0,0.03392759710550308,-3.3490099906921387,val,True,human,0,E:\m-hvc\datasets\old-dataset\frames_unique\R_non_hate_video_307,0.8921076655387878,0.05434182658791542,0.03960913047194481,0.013941389508545399,0,0,0.9660724028944969
R_non_hate_video_308,0,0.050895653665065765,-2.925741195678711,train,True,human,0,E:\m-hvc\datasets\old-dataset\frames_unique\R_non_hate_video_308,0.6464921236038208,0.007895415648818016,0.3369743525981903,0.008638101629912853,0,0,0.9491043463349342
R_non_hate_video_309,0,0.00636719586327672,-5.050208568572998,val,True,human,0,E:\m-hvc\datasets\old-dataset\frames_unique\R_non_hate_video_309,0.9919788837432861,0.0006364028085954487,0.006802550051361322,0.0005821954109705985,0,0,0.9936328041367233
R_non_hate_video_310,0,0.0493210107088089,-2.9588263034820557,train,True,human,0,E:\m-hvc\datasets\old-dataset\frames_unique\R_non_hate_video_310,0.6499670743942261,0.006362889427691698,0.33640536665916443,0.0072647216729819775,0,0,0.9506789892911911
R_non_hate_video_311,0,0.4399530589580536,-0.24135243892669678,train,True,human,0,E:\m-hvc\datasets\old-dataset\frames_unique\R_non_hate_video_311,0.1216505616903305,0.0312720388174057,0.0507674366235733,0.7963099479675293,1,3,0.5600469410419464
R_non_hate_video_312,0,0.1792159229516983,-1.5216686725616455,train,True,human,0,E:\m-hvc\datasets\old-dataset\frames_unique\R_non_hate_video_312,0.3414266109466553,0.04074471816420555,0.08651498705148697,0.5313136577606201,0,3,0.8207840770483017
R_non_hate_video_313,0,0.11632034182548523,-2.0277466773986816,val,True,human,0,E:\m-hvc\datasets\old-dataset\frames_unique\R_non_hate_video_313,0.5256038308143616,0.029130149632692337,0.15269504487514496,0.29257094860076904,0,0,0.8836796581745148
R_non_hate_video_314,0,0.01011593360453844,-4.5834760665893555,train,True,human,0,E:\m-hvc\datasets\old-dataset\frames_unique\R_non_hate_video_314,0.9858846068382263,0.002106157597154379,0.010925961658358574,0.001083312090486288,0,0,0.9898840663954616
R_non_hate_video_315,0,0.007212939206510782,-4.924639701843262,train,True,human,0,E:\m-hvc\datasets\old-dataset\frames_unique\R_non_hate_video_315,0.9928719401359558,0.0005707034142687917,0.006081764120608568,0.00047560498933307827,0,0,0.9927870607934892
R_non_hate_video_316,0,0.006800464820116758,-4.983940601348877,test,True,human,0,E:\m-hvc\datasets\old-dataset\frames_unique\R_non_hate_video_316,0.9916573762893677,0.000763480260502547,0.006953475996851921,0.0006256281631067395,0,0,0.9931995351798832
R_non_hate_video_317,0,0.008086822926998138,-4.809399604797363,train,True,asr,0,E:\m-hvc\datasets\old-dataset\frames_unique\R_non_hate_video_317,0.9892067909240723,0.0008342425571754575,0.009329036809504032,0.0006299384403973818,0,0,0.9919131770730019
R_non_hate_video_318,0,0.015007386915385723,-4.184091567993164,test,True,human,0,E:\m-hvc\datasets\old-dataset\frames_unique\R_non_hate_video_318,0.9657917022705078,0.011186414398252964,0.018718691542744637,0.004303084220737219,0,0,0.9849926130846143
R_non_hate_video_319,0,0.0070275235921144485,-4.950868606567383,train,True,human,0,E:\m-hvc\datasets\old-dataset\frames_unique\R_non_hate_video_319,0.9928604960441589,0.0005556531832553446,0.006168109830468893,0.0004156818613409996,0,0,0.9929724764078856
R_non_hate_video_320,0,0.007467697840183973,-4.889672756195068,train,True,asr,0,E:\m-hvc\datasets\old-dataset\frames_unique\R_non_hate_video_320,0.9916996955871582,0.0006798725808039308,0.007044641766697168,0.0005758945480920374,0,0,0.992532302159816
R_non_hate_video_321,0,0.01035210583359003,-4.560159206390381,train,True,human,0,E:\m-hvc\datasets\old-dataset\frames_unique\R_non_hate_video_321,0.9844689965248108,0.0010439378675073385,0.013610991649329662,0.0008760892087593675,0,0,0.98964789416641
R_non_hate_video_322,0,0.00783278327435255,-4.841573715209961,train,True,human,0,E:\m-hvc\datasets\old-dataset\frames_unique\R_non_hate_video_322,0.9878492951393127,0.001029621111229062,0.01031553465873003,0.0008055181824602187,0,0,0.9921672167256474
R_non_hate_video_323,0,0.16473019123077393,-1.6234458684921265,train,True,human,0,E:\m-hvc\datasets\old-dataset\frames_unique\R_non_hate_video_323,0.4091760814189911,0.05491606146097183,0.07004761695861816,0.46586015820503235,0,3,0.8352698087692261
R_non_hate_video_324,0,0.00691456301137805,-4.96718692779541,train,True,human,0,E:\m-hvc\datasets\old-dataset\frames_unique\R_non_hate_video_324,0.9930869936943054,0.0006384761654771864,0.005826490931212902,0.0004480735515244305,0,0,0.993085436988622
R_non_hate_video_325,0,0.007446881849318743,-4.89248514175415,val,True,human,0,E:\m-hvc\datasets\old-dataset\frames_unique\R_non_hate_video_325,0.9916505217552185,0.0005099253612570465,0.0074500287882983685,0.00038940375088714063,0,0,0.9925531181506813
R_non_hate_video_326,0,0.011225205846130848,-4.478304862976074,train,True,human,0,E:\m-hvc\datasets\old-dataset\frames_unique\R_non_hate_video_326,0.991419792175293,0.0003638507332652807,0.007876524701714516,0.00033983660978265107,0,0,0.9887747941538692
R_non_hate_video_327,0,0.026749972254037857,-3.5941076278686523,train,True,human,0,E:\m-hvc\datasets\old-dataset\frames_unique\R_non_hate_video_327,0.9676872491836548,0.001135297934524715,0.030107663944363594,0.001069739111699164,0,0,0.9732500277459621
R_non_hate_video_328,0,0.006410839501768351,-5.043333530426025,train,True,human,0,E:\m-hvc\datasets\old-dataset\frames_unique\R_non_hate_video_328,0.9923890233039856,0.0006788975442759693,0.006362974643707275,0.0005690729012712836,0,0,0.9935891604982316
R_non_hate_video_329,0,0.05026933550834656,-2.9387831687927246,train,True,human,0,E:\m-hvc\datasets\old-dataset\frames_unique\R_non_hate_video_329,0.8203067779541016,0.022275226190686226,0.05193553864955902,0.1054825410246849,0,0,0.9497306644916534
R_non_hate_video_330,0,0.006496946793049574,-5.029904842376709,train,True,human,0,E:\m-hvc\datasets\old-dataset\frames_unique\R_non_hate_video_330,0.991983950138092,0.0007604222628287971,0.006631920114159584,0.0006237662746571004,0,0,0.9935030532069504
R_non_hate_video_331,0,0.006903510540723801,-4.96879768371582,test,True,human,0,E:\m-hvc\datasets\old-dataset\frames_unique\R_non_hate_video_331,0.991614818572998,0.0009060371667146683,0.006756910122931004,0.00072233856189996,0,0,0.9930964894592762
R_non_hate_video_332,0,0.006976842414587736,-4.958157539367676,train,True,human,0,E:\m-hvc\datasets\old-dataset\frames_unique\R_non_hate_video_332,0.9906873106956482,0.0008393728057853878,0.0077106948010623455,0.0007626664591953158,0,0,0.9930231575854123
R_non_hate_video_333,0,0.006240872200578451,-5.070374965667725,train,True,human,0,E:\m-hvc\datasets\old-dataset\frames_unique\R_non_hate_video_333,0.992506206035614,0.000591821619309485,0.006386254448443651,0.0005157674895599484,0,0,0.9937591277994215
R_non_hate_video_334,0,0.006292358506470919,-5.062107086181641,train,True,human,0,E:\m-hvc\datasets\old-dataset\frames_unique\R_non_hate_video_334,0.9923107624053955,0.0006638512713834643,0.006449755281209946,0.0005756051396019757,0,0,0.9937076414935291
R_non_hate_video_335,0,0.006336575839668512,-5.055059909820557,train,True,human,0,E:\m-hvc\datasets\old-dataset\frames_unique\R_non_hate_video_335,0.991858184337616,0.0007373999105766416,0.006799271330237389,0.0006051123491488397,0,0,0.9936634241603315
R_non_hate_video_336,0,0.006695454008877277,-4.999608516693115,train,True,human,0,E:\m-hvc\datasets\old-dataset\frames_unique\R_non_hate_video_336,0.9904329776763916,0.0009424046147614717,0.007915133610367775,0.0007095065666362643,0,0,0.9933045459911227
R_non_hate_video_337,0,0.006460914853960276,-5.0355024337768555,train,True,human,0,E:\m-hvc\datasets\old-dataset\frames_unique\R_non_hate_video_337,0.992012083530426,0.0006551925907842815,0.006771240383386612,0.0005614757537841797,0,0,0.9935390851460397
R_non_hate_video_338,0,0.006867669522762299,-4.974039077758789,test,True,human,0,E:\m-hvc\datasets\old-dataset\frames_unique\R_non_hate_video_338,0.9916582703590393,0.0007267504697665572,0.0069940052926540375,0.0006209762068465352,0,0,0.9931323304772377
R_non_hate_video_339,0,0.0063055092468857765,-5.060006141662598,train,True,human,0,E:\m-hvc\datasets\old-dataset\frames_unique\R_non_hate_video_339,0.991946280002594,0.0007319347932934761,0.006712852045893669,0.0006088530644774437,0,0,0.9936944907531142
R_non_hate_video_340,0,0.008577249944210052,-4.750027656555176,val,True,human,0,E:\m-hvc\datasets\old-dataset\frames_unique\R_non_hate_video_340,0.9857808947563171,0.00225854036398232,0.010401405394077301,0.0015591041883453727,0,0,0.99142275005579
R_non_hate_video_341,0,0.13404469192028046,-1.8656599521636963,train,True,human,0,E:\m-hvc\datasets\old-dataset\frames_unique\R_non_hate_video_341,0.3575873076915741,0.005579808726906776,0.6294246912002563,0.0074082352221012115,0,2,0.8659553080797195
R_non_hate_video_342,0,0.029750002548098564,-3.484724521636963,train,True,human,0,E:\m-hvc\datasets\old-dataset\frames_unique\R_non_hate_video_342,0.8791272640228271,0.012068614363670349,0.08504581451416016,0.023758292198181152,0,0,0.9702499974519014
R_non_hate_video_343,0,0.007026833947747946,-4.950967311859131,train,True,human,0,E:\m-hvc\datasets\old-dataset\frames_unique\R_non_hate_video_343,0.9922506213188171,0.0006450930377468467,0.006569784600287676,0.0005344519158825278,0,0,0.992973166052252
R_non_hate_video_344,0,0.01917092688381672,-3.9350032806396484,test,True,asr,0,E:\m-hvc\datasets\old-dataset\frames_unique\R_non_hate_video_344,0.9465072751045227,0.016395671293139458,0.031900953501462936,0.005196026526391506,0,0,0.9808290731161833
R_non_hate_video_345,0,0.007116501219570637,-4.938197135925293,train,True,human,0,E:\m-hvc\datasets\old-dataset\frames_unique\R_non_hate_video_345,0.9912232160568237,0.0010420746402814984,0.006969793699681759,0.0007648713071830571,0,0,0.9928834987804294
R_non_hate_video_346,0,0.03182763233780861,-3.4150753021240234,train,True,human,0,E:\m-hvc\datasets\old-dataset\frames_unique\R_non_hate_video_346,0.7706036567687988,0.0072954376228153706,0.21600241959095,0.006098459009081125,0,0,0.9681723676621914
R_non_hate_video_347,0,0.007023651618510485,-4.951423645019531,train,True,asr,0,E:\m-hvc\datasets\old-dataset\frames_unique\R_non_hate_video_347,0.9919613003730774,0.0006991059635765851,0.006752457935363054,0.0005870876484550536,0,0,0.9929763483814895
R_non_hate_video_348,0,0.006630385294556618,-5.009439945220947,train,True,human,0,E:\m-hvc\datasets\old-dataset\frames_unique\R_non_hate_video_348,0.9918791055679321,0.0006869621574878693,0.006844268646091223,0.0005896514048799872,0,0,0.9933696147054434
R_non_hate_video_349,0,0.01168409176170826,-4.437774181365967,train,True,human,0,E:\m-hvc\datasets\old-dataset\frames_unique\R_non_hate_video_349,0.9764704704284668,0.005869442597031593,0.015061144717037678,0.0025989729911088943,0,0,0.9883159082382917
R_non_hate_video_350,0,0.006258038338273764,-5.067610740661621,train,True,human,0,E:\m-hvc\datasets\old-dataset\frames_unique\R_non_hate_video_350,0.9931530952453613,0.0005701857153326273,0.005824850406497717,0.00045191432582214475,0,0,0.9937419616617262
R_non_hate_video_351,0,0.006844021379947662,-4.977512359619141,train,True,asr,0,E:\m-hvc\datasets\old-dataset\frames_unique\R_non_hate_video_351,0.9923325777053833,0.000780276139266789,0.006276655942201614,0.0006104905041866004,0,0,0.9931559786200523
R_non_hate_video_352,0,0.006228484213352203,-5.07237434387207,train,True,human,0,E:\m-hvc\datasets\old-dataset\frames_unique\R_non_hate_video_352,0.9926403164863586,0.0006361272535286844,0.0062103271484375,0.0005132537917234004,0,0,0.9937715157866478
R_non_hate_video_353,0,0.0065434882417321205,-5.022719860076904,train,True,human,0,E:\m-hvc\datasets\old-dataset\frames_unique\R_non_hate_video_353,0.9922325611114502,0.0006841212161816657,0.006475295405834913,0.0006080297171138227,0,0,0.9934565117582679
R_non_hate_video_354,0,0.006155024748295546,-5.084312438964844,train,True,human,0,E:\m-hvc\datasets\old-dataset\frames_unique\R_non_hate_video_354,0.9926111102104187,0.0007461502682417631,0.00610376289114356,0.0005389688303694129,0,0,0.9938449752517045
R_non_hate_video_355,0,0.018786469474434853,-3.955653190612793,val,True,human,0,E:\m-hvc\datasets\old-dataset\frames_unique\R_non_hate_video_355,0.9070772528648376,0.0033919739071279764,0.08609408885240555,0.003436627797782421,0,0,0.9812135305255651
R_non_hate_video_356,0,0.006222589872777462,-5.07332706451416,train,True,human,0,E:\m-hvc\datasets\old-dataset\frames_unique\R_non_hate_video_356,0.9927456974983215,0.0005685192300006747,0.006195155903697014,0.0004906923277303576,0,0,0.9937774101272225
R_non_hate_video_357,0,0.006473618559539318,-5.033525466918945,train,True,human,0,E:\m-hvc\datasets\old-dataset\frames_unique\R_non_hate_video_357,0.9929270148277283,0.0006190135609358549,0.005944570526480675,0.0005093760555610061,0,0,0.9935263814404607
R_non_hate_video_358,0,0.006666483357548714,-5.003973960876465,train,True,human,0,E:\m-hvc\datasets\old-dataset\frames_unique\R_non_hate_video_358,0.9917200803756714,0.0006961201434023678,0.006965497974306345,0.0006182867800816894,0,0,0.9933335166424513
R_non_hate_video_359,0,0.04082649573683739,-3.156740665435791,train,True,human,0,E:\m-hvc\datasets\old-dataset\frames_unique\R_non_hate_video_359,0.709019660949707,0.007810049690306187,0.2753487527370453,0.007821517065167427,0,0,0.9591735042631626
R_non_hate_video_360,0,0.006424251478165388,-5.041230201721191,train,True,human,0,E:\m-hvc\datasets\old-dataset\frames_unique\R_non_hate_video_360,0.991777777671814,0.0007265310268849134,0.006887979339808226,0.0006076811696402729,0,0,0.9935757485218346
R_non_hate_video_361,0,0.12005244940519333,-1.9919337034225464,train,True,human,0,E:\m-hvc\datasets\old-dataset\frames_unique\R_non_hate_video_361,0.5385820269584656,0.10109580308198929,0.08216807246208191,0.27815404534339905,0,0,0.8799475505948067
R_non_hate_video_362,0,0.006280618719756603,-5.063986301422119,train,True,human,0,E:\m-hvc\datasets\old-dataset\frames_unique\R_non_hate_video_362,0.9927065968513489,0.0005939312977716327,0.006188171450048685,0.000511303311213851,0,0,0.9937193812802434
R_non_hate_video_363,0,0.0072339619509875774,-4.921708106994629,train,True,human,0,E:\m-hvc\datasets\old-dataset\frames_unique\R_non_hate_video_363,0.9913841485977173,0.0007624910213053226,0.007169539574533701,0.0006838071276433766,0,0,0.9927660380490124
R_non_hate_video_364,0,0.006875599268823862,-4.972877025604248,train,True,human,0,E:\m-hvc\datasets\old-dataset\frames_unique\R_non_hate_video_364,0.9919723272323608,0.0007425718358717859,0.006719917058944702,0.0005651448736898601,0,0,0.9931244007311761
R_non_hate_video_365,0,0.046134792268276215,-3.0289549827575684,train,True,human,0,E:\m-hvc\datasets\old-dataset\frames_unique\R_non_hate_video_365,0.8239187002182007,0.07829423248767853,0.06419136375188828,0.033595722168684006,0,0,0.9538652077317238
R_non_hate_video_366,0,0.007316357921808958,-4.910299301147461,train,True,human,0,E:\m-hvc\datasets\old-dataset\frames_unique\R_non_hate_video_366,0.990020751953125,0.0007098104106262326,0.008651314303278923,0.0006181984208524227,0,0,0.992683642078191
R_non_hate_video_367,0,0.006255029235035181,-5.068094730377197,train,True,human,0,E:\m-hvc\datasets\old-dataset\frames_unique\R_non_hate_video_367,0.9922661185264587,0.0006355479708872736,0.0065484968945384026,0.000549793301615864,0,0,0.9937449707649648
R_non_hate_video_368,0,0.0065186722204089165,-5.026544570922852,train,True,human,0,E:\m-hvc\datasets\old-dataset\frames_unique\R_non_hate_video_368,0.9920692443847656,0.0005938279791735113,0.006786363665014505,0.0005506693269126117,0,0,0.9934813277795911
R_non_hate_video_369,0,0.013222168199717999,-4.312550067901611,train,True,asr,0,E:\m-hvc\datasets\old-dataset\frames_unique\R_non_hate_video_369,0.9692438840866089,0.0035243057645857334,0.02471422776579857,0.0025175309274345636,0,0,0.986777831800282
R_non_hate_video_370,0,0.006389919202774763,-5.046623229980469,train,True,human,0,E:\m-hvc\datasets\old-dataset\frames_unique\R_non_hate_video_370,0.9921591281890869,0.0006545077776536345,0.006629549898207188,0.0005568653577938676,0,0,0.9936100807972252
R_non_hate_video_371,0,0.06444686651229858,-2.6752967834472656,train,True,asr,0,E:\m-hvc\datasets\old-dataset\frames_unique\R_non_hate_video_371,0.5589614510536194,0.006223744247108698,0.4259137809276581,0.008901041932404041,0,0,0.9355531334877014
R_non_hate_video_372,0,0.13630205392837524,-1.8463497161865234,train,True,human,0,E:\m-hvc\datasets\old-dataset\frames_unique\R_non_hate_video_372,0.4371315538883209,0.044906407594680786,0.0761336237192154,0.4418284595012665,0,3,0.8636979460716248
R_non_hate_video_373,0,0.0072510805912315845,-4.919327259063721,train,True,asr,0,E:\m-hvc\datasets\old-dataset\frames_unique\R_non_hate_video_373,0.9913682341575623,0.0007058265618979931,0.007312609814107418,0.000613303214777261,0,0,0.9927489194087684
R_non_hate_video_374,0,0.006722782272845507,-4.995507717132568,train,True,human,0,E:\m-hvc\datasets\old-dataset\frames_unique\R_non_hate_video_374,0.991131603717804,0.0006833937368355691,0.00757373683154583,0.0006112001719884574,0,0,0.9932772177271545
R_non_hate_video_375,0,0.00619138777256012,-5.078385353088379,train,True,human,0,E:\m-hvc\datasets\old-dataset\frames_unique\R_non_hate_video_375,0.9928344488143921,0.0005319471820257604,0.0061953398399055,0.00043836349504999816,0,0,0.9938086122274399
R_non_hate_video_376,0,0.007216009311378002,-4.924211025238037,train,True,asr,0,E:\m-hvc\datasets\old-dataset\frames_unique\R_non_hate_video_376,0.992085874080658,0.0006047320202924311,0.0067893583327531815,0.0005200036684982479,0,0,0.992783990688622
R_non_hate_video_377,0,0.006539943162351847,-5.023265361785889,train,True,human,0,E:\m-hvc\datasets\old-dataset\frames_unique\R_non_hate_video_377,0.9932852983474731,0.00046066296636126935,0.0058828797191381454,0.00037111612618900836,0,0,0.9934600568376482
R_non_hate_video_378,0,0.006278167478740215,-5.0643792152404785,train,True,human,0,E:\m-hvc\datasets\old-dataset\frames_unique\R_non_hate_video_378,0.9921897053718567,0.0005882317200303078,0.006700155325233936,0.0005219524027779698,0,0,0.9937218325212598
R_non_hate_video_379,0,0.051528200507164,-2.9127228260040283,test,True,human,0,E:\m-hvc\datasets\old-dataset\frames_unique\R_non_hate_video_379,0.6610481142997742,0.005105616990476847,0.3266724646091461,0.007173805497586727,0,0,0.948471799492836
R_non_hate_video_380,0,0.05394976958632469,-2.8642423152923584,test,True,human,0,E:\m-hvc\datasets\old-dataset\frames_unique\R_non_hate_video_380,0.6649516820907593,0.006223476026207209,0.315094918012619,0.013729896396398544,0,0,0.9460502304136753
R_non_hate_video_381,0,0.012220335192978382,-4.392358303070068,train,True,asr,0,E:\m-hvc\datasets\old-dataset\frames_unique\R_non_hate_video_381,0.9796174168586731,0.00332355173304677,0.01378146093338728,0.003277525771409273,0,0,0.9877796648070216
R_non_hate_video_382,0,0.02836586907505989,-3.533792734146118,train,True,human,0,E:\m-hvc\datasets\old-dataset\frames_unique\R_non_hate_video_382,0.8254057168960571,0.006428072694689035,0.1622224748134613,0.005943730939179659,0,0,0.9716341309249401
R_non_hate_video_383,0,0.007085705175995827,-4.942564964294434,train,True,human,0,E:\m-hvc\datasets\old-dataset\frames_unique\R_non_hate_video_383,0.9923499226570129,0.0005176292615942657,0.006682203616946936,0.0004501572693698108,0,0,0.9929142948240042
R_non_hate_video_384,0,0.01714988239109516,-4.048465251922607,train,True,human,0,E:\m-hvc\datasets\old-dataset\frames_unique\R_non_hate_video_384,0.9646339416503906,0.008821201510727406,0.020847635343670845,0.005697308108210564,0,0,0.9828501176089048
R_non_hate_video_385,0,0.01799529604613781,-3.999485731124878,test,True,human,0,E:\m-hvc\datasets\old-dataset\frames_unique\R_non_hate_video_385,0.9249551892280579,0.0036700007040053606,0.0681796744465828,0.003195251803845167,0,0,0.9820047039538622
R_non_hate_video_386,0,0.006760686635971069,-4.989847183227539,test,True,asr,0,E:\m-hvc\datasets\old-dataset\frames_unique\R_non_hate_video_386,0.9927365779876709,0.0006468838546425104,0.006124996580183506,0.000491520797368139,0,0,0.9932393133640289
R_non_hate_video_387,0,0.0063183060847222805,-5.0579657554626465,val,True,human,0,E:\m-hvc\datasets\old-dataset\frames_unique\R_non_hate_video_387,0.9933722019195557,0.0005396043416112661,0.005675931461155415,0.0004122243553865701,0,0,0.9936816939152777
R_non_hate_video_388,0,0.06600314378738403,-2.649770736694336,test,True,human,0,E:\m-hvc\datasets\old-dataset\frames_unique\R_non_hate_video_388,0.7174894213676453,0.021041259169578552,0.12698300182819366,0.13448627293109894,0,0,0.933996856212616
R_non_hate_video_389,0,0.024025842547416687,-3.704306125640869,train,True,human,0,E:\m-hvc\datasets\old-dataset\frames_unique\R_non_hate_video_389,0.8824179172515869,0.005149970296770334,0.10712562501430511,0.005306514911353588,0,0,0.9759741574525833
R_non_hate_video_390,0,0.01697022095322609,-4.059179306030273,train,True,human,0,E:\m-hvc\datasets\old-dataset\frames_unique\R_non_hate_video_390,0.9309937953948975,0.003330729203298688,0.06272930651903152,0.002946152351796627,0,0,0.9830297790467739
R_non_hate_video_391,0,0.007226172368973494,-4.922793388366699,train,True,asr,0,E:\m-hvc\datasets\old-dataset\frames_unique\R_non_hate_video_391,0.9914116859436035,0.0007286466425284743,0.007247849367558956,0.0006118671735748649,0,0,0.9927738276310265
R_non_hate_video_392,0,0.006686966400593519,-5.000885486602783,test,True,human,0,E:\m-hvc\datasets\old-dataset\frames_unique\R_non_hate_video_392,0.9917994737625122,0.0007217438542284071,0.006858223117887974,0.0006205985555425286,0,0,0.9933130335994065
R_non_hate_video_393,0,0.02819356508553028,-3.54006290435791,test,True,human,0,E:\m-hvc\datasets\old-dataset\frames_unique\R_non_hate_video_393,0.8354144096374512,0.008235113695263863,0.1502930074930191,0.006057474762201309,0,0,0.9718064349144697
R_non_hate_video_394,0,0.011277126148343086,-4.473637580871582,train,True,human,0,E:\m-hvc\datasets\old-dataset\frames_unique\R_non_hate_video_394,0.980815052986145,0.000957628944888711,0.017409825697541237,0.0008175157709047198,0,0,0.9887228738516569
R_non_hate_video_395,0,0.013831844553351402,-4.266853332519531,train,True,asr,0,E:\m-hvc\datasets\old-dataset\frames_unique\R_non_hate_video_395,0.9749853014945984,0.00410509342327714,0.0178880225867033,0.0030215505976229906,0,0,0.9861681554466486
R_non_hate_video_396,0,0.006467606872320175,-5.034460544586182,train,True,human,0,E:\m-hvc\datasets\old-dataset\frames_unique\R_non_hate_video_396,0.9920080900192261,0.0008017154759727418,0.006528834346681833,0.0006613209843635559,0,0,0.9935323931276798
R_non_hate_video_397,0,0.0067272125743329525,-4.994844436645508,train,True,asr,0,E:\m-hvc\datasets\old-dataset\frames_unique\R_non_hate_video_397,0.9923558235168457,0.0007520965882577002,0.0062986453995108604,0.0005934616201557219,0,0,0.993272787425667
R_non_hate_video_398,0,0.010261989198625088,-4.56899356842041,test,True,human,0,E:\m-hvc\datasets\old-dataset\frames_unique\R_non_hate_video_398,0.9847717881202698,0.0029741497710347176,0.01049152109771967,0.0017625802429392934,0,0,0.9897380108013749
R_non_hate_video_399,0,0.00801094714552164,-4.818902969360352,train,True,human,0,E:\m-hvc\datasets\old-dataset\frames_unique\R_non_hate_video_399,0.9862280488014221,0.0009049226064234972,0.012083511799573898,0.0007835374563001096,0,0,0.9919890528544784
R_non_hate_video_400,0,0.006291589234024286,-5.062230110168457,train,True,human,0,E:\m-hvc\datasets\old-dataset\frames_unique\R_non_hate_video_400,0.9925838708877563,0.0005213054246269166,0.00643222825601697,0.00046257596113719046,0,0,0.9937084107659757
S_hate_video_1,1,0.28427115082740784,-0.9233729243278503,train,True,human,2,E:\m-hvc\datasets\old-dataset\frames_unique\S_hate_video_1,0.9044511318206787,0.006969089154154062,0.08561921864748001,0.0029604958835989237,0,0,0.7157288491725922
S_hate_video_104,1,0.9527810215950012,3.0045881271362305,test,True,asr,2,E:\m-hvc\datasets\old-dataset\frames_unique\S_hate_video_104,0.27338969707489014,0.012424105778336525,0.6963671445846558,0.017819000408053398,1,2,0.9527810215950012
S_hate_video_105,1,0.9263196587562561,2.531482696533203,train,True,asr,2,E:\m-hvc\datasets\old-dataset\frames_unique\S_hate_video_105,0.4456086754798889,0.008556677959859371,0.5358343720436096,0.0100002596154809,1,2,0.9263196587562561
S_hate_video_106,1,0.9717307090759277,3.5373001098632812,val,False,missing,2,E:\m-hvc\datasets\old-dataset\frames_unique\S_hate_video_106,0.12248159199953079,0.01783525012433529,0.8307620286941528,0.028921186923980713,1,2,0.9717307090759277
S_hate_video_107,1,0.972968339920044,3.583341121673584,train,True,human,2,E:\m-hvc\datasets\old-dataset\frames_unique\S_hate_video_107,0.025983309373259544,0.003304118989035487,0.9625503420829773,0.00816226378083229,1,2,0.972968339920044
S_hate_video_108,1,0.8981958031654358,2.1773366928100586,train,True,human,2,E:\m-hvc\datasets\old-dataset\frames_unique\S_hate_video_108,0.5500348210334778,0.00797448493540287,0.4332621395587921,0.008728559128940105,1,0,0.8981958031654358
S_hate_video_109,1,0.9686414003372192,3.430405378341675,train,True,human,1,E:\m-hvc\datasets\old-dataset\frames_unique\S_hate_video_109,0.08809255063533783,0.409746378660202,0.37126508355140686,0.1308959573507309,1,1,0.9686414003372192
S_hate_video_110,1,0.8791370391845703,1.984283685684204,train,True,human,2,E:\m-hvc\datasets\old-dataset\frames_unique\S_hate_video_110,0.5906473398208618,0.005963048432022333,0.3968406319618225,0.006548980716615915,1,0,0.8791370391845703
S_hate_video_111,1,0.8160540461540222,1.4898388385772705,train,True,human,2,E:\m-hvc\datasets\old-dataset\frames_unique\S_hate_video_111,0.7068238258361816,0.003799992613494396,0.286368191242218,0.0030079311691224575,1,0,0.8160540461540222
S_hate_video_112,1,0.8777782320976257,1.9715567827224731,train,True,human,2,E:\m-hvc\datasets\old-dataset\frames_unique\S_hate_video_112,0.2369784563779831,0.004898025654256344,0.7518866658210754,0.00623686145991087,1,2,0.8777782320976257
S_hate_video_113,1,0.8468475937843323,1.7100872993469238,train,True,asr,2,E:\m-hvc\datasets\old-dataset\frames_unique\S_hate_video_113,0.6426970362663269,0.005325886886566877,0.3453446924686432,0.0066323974169790745,1,0,0.8468475937843323
S_hate_video_114,1,0.9036927819252014,2.2389461994171143,train,True,human,2,E:\m-hvc\datasets\old-dataset\frames_unique\S_hate_video_114,0.4952276647090912,0.006979697849601507,0.49169018864631653,0.006102458108216524,1,0,0.9036927819252014
S_hate_video_115,1,0.9656772017478943,3.3370208740234375,train,True,asr,2,E:\m-hvc\datasets\old-dataset\frames_unique\S_hate_video_115,0.28647515177726746,0.04148738086223602,0.5665993094444275,0.10543809831142426,1,2,0.9656772017478943
S_hate_video_116,1,0.9094722270965576,2.3072078227996826,val,True,human,1,E:\m-hvc\datasets\old-dataset\frames_unique\S_hate_video_116,0.10601931810379028,0.6862090826034546,0.12320398539304733,0.08456754684448242,1,1,0.9094722270965576
S_hate_video_117,1,0.9011099338531494,2.20961856842041,val,True,human,2,E:\m-hvc\datasets\old-dataset\frames_unique\S_hate_video_117,0.4153541028499603,0.006979356054216623,0.5705931782722473,0.007073293440043926,1,2,0.9011099338531494
S_hate_video_118,1,0.9168463945388794,2.40024995803833,train,True,human,1,E:\m-hvc\datasets\old-dataset\frames_unique\S_hate_video_118,0.1170673742890358,0.5880104899406433,0.20353862643241882,0.09138351678848267,1,1,0.9168463945388794
S_hate_video_123,1,0.9763466119766235,3.7203116416931152,val,False,missing,2,E:\m-hvc\datasets\old-dataset\frames_unique\S_hate_video_123,0.10421618074178696,0.034681536257267,0.7977096438407898,0.06339268386363983,1,2,0.9763466119766235
S_hate_video_125,1,0.9786909818649292,3.827086925506592,train,False,missing,2,E:\m-hvc\datasets\old-dataset\frames_unique\S_hate_video_125,0.08659940958023071,0.02831355296075344,0.8242740631103516,0.060812998563051224,1,2,0.9786909818649292
S_hate_video_126,1,0.954440712928772,3.0421111583709717,train,True,asr,2,E:\m-hvc\datasets\old-dataset\frames_unique\S_hate_video_126,0.32451924681663513,0.010300791822373867,0.6503410935401917,0.01483887154608965,1,2,0.954440712928772
S_hate_video_129,1,0.9757674336433411,3.695524215698242,val,False,missing,2,E:\m-hvc\datasets\old-dataset\frames_unique\S_hate_video_129,0.08983471244573593,0.019524728879332542,0.85160231590271,0.03903825953602791,1,2,0.9757674336433411
S_hate_video_130,1,0.9716098308563232,3.532911539077759,train,True,human,2,E:\m-hvc\datasets\old-dataset\frames_unique\S_hate_video_130,0.03467205539345741,0.009951519779860973,0.9472697377204895,0.008106604218482971,1,2,0.9716098308563232
S_hate_video_131,1,0.9764718413352966,3.725750207901001,train,False,missing,2,E:\m-hvc\datasets\old-dataset\frames_unique\S_hate_video_131,0.07894662022590637,0.022720780223608017,0.8501872420310974,0.04814530536532402,1,2,0.9764718413352966
S_hate_video_132,1,0.9772747755050659,3.761291027069092,val,False,missing,2,E:\m-hvc\datasets\old-dataset\frames_unique\S_hate_video_132,0.09291987866163254,0.021716641262173653,0.8398906588554382,0.0454728789627552,1,2,0.9772747755050659
S_hate_video_134,1,0.9787100553512573,3.827998161315918,val,False,missing,2,E:\m-hvc\datasets\old-dataset\frames_unique\S_hate_video_134,0.08893435448408127,0.02575119584798813,0.830467164516449,0.05484725162386894,1,2,0.9787100553512573
S_hate_video_135,1,0.6918553113937378,0.8088075518608093,train,True,human,2,E:\m-hvc\datasets\old-dataset\frames_unique\S_hate_video_135,0.7954561114311218,0.002915212418884039,0.1995311677455902,0.002097493037581444,1,0,0.6918553113937378
S_hate_video_136,1,0.9612832069396973,3.2119946479797363,train,True,human,3,E:\m-hvc\datasets\old-dataset\frames_unique\S_hate_video_136,0.16497428715229034,0.037055592983961105,0.2971973717212677,0.5007727742195129,1,3,0.9612832069396973
S_hate_video_137,1,0.9435926079750061,2.8170931339263916,train,True,asr,2,E:\m-hvc\datasets\old-dataset\frames_unique\S_hate_video_137,0.4041610658168793,0.008930973708629608,0.5760971903800964,0.010810712352395058,1,2,0.9435926079750061
S_hate_video_139,1,0.9121792912483215,2.3405394554138184,train,True,human,2,E:\m-hvc\datasets\old-dataset\frames_unique\S_hate_video_139,0.529132604598999,0.008325409144163132,0.45354774594306946,0.00899423286318779,1,0,0.9121792912483215
S_hate_video_140,1,0.8122462630271912,1.4646722078323364,train,True,human,2,E:\m-hvc\datasets\old-dataset\frames_unique\S_hate_video_140,0.7027565240859985,0.00450287526473403,0.2886999845504761,0.004040558822453022,1,0,0.8122462630271912
S_hate_video_142,1,0.868274450302124,1.8857876062393188,train,True,human,1,E:\m-hvc\datasets\old-dataset\frames_unique\S_hate_video_142,0.1251569390296936,0.4723130166530609,0.2128610610961914,0.1896689534187317,1,1,0.868274450302124
S_hate_video_143,1,0.9459372162818909,2.862030506134033,train,True,human,2,E:\m-hvc\datasets\old-dataset\frames_unique\S_hate_video_143,0.3432754874229431,0.014604722149670124,0.6273189187049866,0.014800840988755226,1,2,0.9459372162818909
S_hate_video_144,1,0.9785355925559998,3.819662570953369,train,False,missing,2,E:\m-hvc\datasets\old-dataset\frames_unique\S_hate_video_144,0.09374654293060303,0.027375586330890656,0.8194277286529541,0.05945006012916565,1,2,0.9785355925559998
S_hate_video_146,1,0.9773913621902466,3.76655650138855,train,False,missing,2,E:\m-hvc\datasets\old-dataset\frames_unique\S_hate_video_146,0.09817682951688766,0.026226723566651344,0.8192409873008728,0.05635550990700722,1,2,0.9773913621902466
S_hate_video_147,1,0.7946211695671082,1.3530092239379883,val,True,human,2,E:\m-hvc\datasets\old-dataset\frames_unique\S_hate_video_147,0.6981399655342102,0.004136799369007349,0.2931680977344513,0.00455517740920186,1,0,0.7946211695671082
S_hate_video_148,1,0.9532765746116638,3.0156593322753906,test,True,human,2,E:\m-hvc\datasets\old-dataset\frames_unique\S_hate_video_148,0.3673403263092041,0.01589716598391533,0.5931203961372375,0.023642105981707573,1,2,0.9532765746116638
S_hate_video_149,1,0.9329414963722229,2.632777690887451,train,True,human,1,E:\m-hvc\datasets\old-dataset\frames_unique\S_hate_video_149,0.08505278080701828,0.6482318043708801,0.15407077968120575,0.11264467239379883,1,1,0.9329414963722229
S_hate_video_150,1,0.9388741850852966,2.7317471504211426,val,True,human,2,E:\m-hvc\datasets\old-dataset\frames_unique\S_hate_video_150,0.408571720123291,0.010088230483233929,0.5674251317977905,0.013914922252297401,1,2,0.9388741850852966
S_hate_video_151,1,0.976962685585022,3.74733304977417,val,False,missing,2,E:\m-hvc\datasets\old-dataset\frames_unique\S_hate_video_151,0.09594866633415222,0.021577000617980957,0.8394640684127808,0.04301036521792412,1,2,0.976962685585022
S_hate_video_152,1,0.9579465985298157,3.125850200653076,train,True,asr,2,E:\m-hvc\datasets\old-dataset\frames_unique\S_hate_video_152,0.3247058093547821,0.015521679073572159,0.6365500688552856,0.023222435265779495,1,2,0.9579465985298157
S_hate_video_153,1,0.9245055913925171,2.5052006244659424,train,True,human,2,E:\m-hvc\datasets\old-dataset\frames_unique\S_hate_video_153,0.46586117148399353,0.008591147139668465,0.5152705311775208,0.010277178138494492,1,2,0.9245055913925171
S_hate_video_154,1,0.9802127480506897,3.902730941772461,train,False,missing,2,E:\m-hvc\datasets\old-dataset\frames_unique\S_hate_video_154,0.08886216580867767,0.02604830637574196,0.8292309641838074,0.05585858225822449,1,2,0.9802127480506897
S_hate_video_155,1,0.9790835976600647,3.8460824489593506,train,False,missing,2,E:\m-hvc\datasets\old-dataset\frames_unique\S_hate_video_155,0.09242596477270126,0.0285921860486269,0.8166304230690002,0.06235140934586525,1,2,0.9790835976600647
S_hate_video_156,1,0.8767507076263428,1.962014079093933,train,True,human,2,E:\m-hvc\datasets\old-dataset\frames_unique\S_hate_video_156,0.5828182697296143,0.005536017473787069,0.40659260749816895,0.005053096450865269,1,0,0.8767507076263428
S_hate_video_158,1,0.9788402318954468,3.8342654705047607,train,False,missing,2,E:\m-hvc\datasets\old-dataset\frames_unique\S_hate_video_158,0.0882362425327301,0.02531689591705799,0.8364710807800293,0.04997583106160164,1,2,0.9788402318954468
S_hate_video_159,1,0.9718121886253357,3.5402729511260986,train,False,missing,2,E:\m-hvc\datasets\old-dataset\frames_unique\S_hate_video_159,0.10440833866596222,0.015280481427907944,0.8539853692054749,0.02632574364542961,1,2,0.9718121886253357
S_hate_video_160,1,0.9332874417304993,2.638319730758667,val,True,asr,2,E:\m-hvc\datasets\old-dataset\frames_unique\S_hate_video_160,0.44003474712371826,0.007366635370999575,0.5438762307167053,0.008722328580915928,1,2,0.9332874417304993
S_hate_video_161,1,0.9524089097976685,2.996349811553955,train,True,asr,2,E:\m-hvc\datasets\old-dataset\frames_unique\S_hate_video_161,0.3573054075241089,0.01220789086073637,0.6147918701171875,0.015694888308644295,1,2,0.9524089097976685
S_hate_video_162,1,0.9457998275756836,2.8593478202819824,train,False,missing,2,E:\m-hvc\datasets\old-dataset\frames_unique\S_hate_video_162,0.15565311908721924,0.01277650985866785,0.8131396770477295,0.018430741503834724,1,2,0.9457998275756836
S_hate_video_164,1,0.964024543762207,3.2882802486419678,train,True,human,2,E:\m-hvc\datasets\old-dataset\frames_unique\S_hate_video_164,0.25375059247016907,0.028318218886852264,0.6701024770736694,0.04782874137163162,1,2,0.964024543762207
S_hate_video_165,1,0.9771440625190735,3.7554264068603516,train,True,asr,3,E:\m-hvc\datasets\old-dataset\frames_unique\S_hate_video_165,0.06122010201215744,0.08234037458896637,0.21980106830596924,0.6366384625434875,1,3,0.9771440625190735
S_hate_video_166,1,0.9756938815116882,3.692420244216919,train,False,missing,2,E:\m-hvc\datasets\old-dataset\frames_unique\S_hate_video_166,0.09387800097465515,0.030993564054369926,0.8136973977088928,0.06143099442124367,1,2,0.9756938815116882
S_hate_video_167,1,0.9195671677589417,2.4364805221557617,train,True,asr,2,E:\m-hvc\datasets\old-dataset\frames_unique\S_hate_video_167,0.45942243933677673,0.010807161219418049,0.5201826095581055,0.009587808512151241,1,2,0.9195671677589417
S_hate_video_168,1,0.9395937919616699,2.744356632232666,train,True,asr,1,E:\m-hvc\datasets\old-dataset\frames_unique\S_hate_video_168,0.0823858454823494,0.6755468249320984,0.13562922179698944,0.10643814504146576,1,1,0.9395937919616699
S_hate_video_170,1,0.9797058701515198,3.876922845840454,test,False,missing,2,E:\m-hvc\datasets\old-dataset\frames_unique\S_hate_video_170,0.08853346854448318,0.028367266058921814,0.822274923324585,0.060824356973171234,1,2,0.9797058701515198
S_hate_video_171,1,0.9603140354156494,3.186262845993042,train,True,asr,2,E:\m-hvc\datasets\old-dataset\frames_unique\S_hate_video_171,0.31442394852638245,0.011215981096029282,0.6576058864593506,0.016754157841205597,1,2,0.9603140354156494
S_hate_video_172,1,0.978721022605896,3.8285255432128906,train,False,missing,2,E:\m-hvc\datasets\old-dataset\frames_unique\S_hate_video_172,0.0875086784362793,0.03681199252605438,0.7898305058479309,0.08584877103567123,1,2,0.978721022605896
S_hate_video_173,1,0.9528933763504028,3.0070886611938477,train,True,asr,2,E:\m-hvc\datasets\old-dataset\frames_unique\S_hate_video_173,0.35257354378700256,0.012730361893773079,0.6168062686920166,0.01788986101746559,1,2,0.9528933763504028
S_hate_video_174,1,0.02137812413275242,-3.823777198791504,val,False,missing,2,E:\m-hvc\datasets\old-dataset\frames_unique\S_hate_video_174,0.9394913911819458,0.008585823699831963,0.04329485446214676,0.008627820760011673,0,0,0.9786218758672476
S_hate_video_175,1,0.9429885149002075,2.8058016300201416,val,False,missing,2,E:\m-hvc\datasets\old-dataset\frames_unique\S_hate_video_175,0.1446041315793991,0.019607244059443474,0.810666561126709,0.025122106075286865,1,2,0.9429885149002075
S_hate_video_176,1,0.960742712020874,3.1975698471069336,train,True,asr,2,E:\m-hvc\datasets\old-dataset\frames_unique\S_hate_video_176,0.3021010160446167,0.021026605740189552,0.6483285427093506,0.028543855994939804,1,2,0.960742712020874
S_hate_video_177,1,0.81764155626297,1.5004496574401855,train,True,human,2,E:\m-hvc\datasets\old-dataset\frames_unique\S_hate_video_177,0.686453104019165,0.00476180762052536,0.30466902256011963,0.004116130992770195,1,0,0.81764155626297
S_hate_video_179,1,0.8368736505508423,1.635148048400879,train,True,asr,2,E:\m-hvc\datasets\old-dataset\frames_unique\S_hate_video_179,0.528657853603363,0.01471842173486948,0.372361958026886,0.08426178246736526,1,0,0.8368736505508423
S_hate_video_180,1,0.9454421997070312,2.852391481399536,train,True,asr,2,E:\m-hvc\datasets\old-dataset\frames_unique\S_hate_video_180,0.37814122438430786,0.01193580124527216,0.5935884714126587,0.01633455604314804,1,2,0.9454421997070312
S_hate_video_181,1,0.9670356512069702,3.378809690475464,train,True,human,2,E:\m-hvc\datasets\old-dataset\frames_unique\S_hate_video_181,0.09002427011728287,0.11965550482273102,0.683210551738739,0.10710962116718292,1,2,0.9670356512069702
S_hate_video_182,1,0.8264592885971069,1.5607383251190186,train,True,human,2,E:\m-hvc\datasets\old-dataset\frames_unique\S_hate_video_182,0.6857777833938599,0.00421783234924078,0.3055911958217621,0.004413205198943615,1,0,0.8264592885971069
S_hate_video_183,1,0.9572455883026123,3.1085867881774902,train,True,human,2,E:\m-hvc\datasets\old-dataset\frames_unique\S_hate_video_183,0.03773906081914902,0.004822756629437208,0.952264130115509,0.0051740012131631374,1,2,0.9572455883026123
S_hate_video_184,1,0.9783092737197876,3.8089444637298584,val,False,missing,2,E:\m-hvc\datasets\old-dataset\frames_unique\S_hate_video_184,0.09216128289699554,0.02196088805794716,0.8414604067802429,0.044417425990104675,1,2,0.9783092737197876
S_hate_video_185,1,0.9394035935401917,2.741008996963501,test,True,human,2,E:\m-hvc\datasets\old-dataset\frames_unique\S_hate_video_185,0.4450623393058777,0.01759425736963749,0.5215191841125488,0.015824196860194206,1,2,0.9394035935401917
S_hate_video_186,1,0.9389426112174988,2.732940196990967,train,True,human,2,E:\m-hvc\datasets\old-dataset\frames_unique\S_hate_video_186,0.439840704202652,0.011627506464719772,0.535980761051178,0.012551002204418182,1,2,0.9389426112174988
S_hate_video_187,1,0.9340173602104187,2.6501035690307617,train,True,human,2,E:\m-hvc\datasets\old-dataset\frames_unique\S_hate_video_187,0.4462539255619049,0.015425010584294796,0.5242986083030701,0.014022529125213623,1,2,0.9340173602104187
S_hate_video_188,1,0.9617157578468323,3.2236809730529785,train,True,human,2,E:\m-hvc\datasets\old-dataset\frames_unique\S_hate_video_188,0.11213740706443787,0.012324267998337746,0.8593725562095642,0.016165781766176224,1,2,0.9617157578468323
S_hate_video_189,1,0.967769205570221,3.4020700454711914,train,False,missing,2,E:\m-hvc\datasets\old-dataset\frames_unique\S_hate_video_189,0.10070838034152985,0.017347898334264755,0.8471843004226685,0.03475944697856903,1,2,0.967769205570221
S_hate_video_190,1,0.6767857074737549,0.7390391826629639,train,True,asr,1,E:\m-hvc\datasets\old-dataset\frames_unique\S_hate_video_190,0.3167038857936859,0.40426400303840637,0.23421525955200195,0.044816840440034866,1,1,0.6767857074737549
S_hate_video_191,1,0.9745267033576965,3.644322395324707,train,False,missing,2,E:\m-hvc\datasets\old-dataset\frames_unique\S_hate_video_191,0.10330591350793839,0.018938271328806877,0.8432813882827759,0.03447438031435013,1,2,0.9745267033576965
S_hate_video_192,1,0.9558061957359314,3.0739707946777344,train,True,asr,2,E:\m-hvc\datasets\old-dataset\frames_unique\S_hate_video_192,0.3312655985355377,0.012436740100383759,0.6395039558410645,0.01679372414946556,1,2,0.9558061957359314
S_hate_video_193,1,0.9705567359924316,3.4954044818878174,train,True,human,2,E:\m-hvc\datasets\old-dataset\frames_unique\S_hate_video_193,0.034262765198946,0.007113248575478792,0.9481202960014343,0.010503650642931461,1,2,0.9705567359924316
S_hate_video_194,1,0.9414945244789124,2.7783491611480713,train,True,human,2,E:\m-hvc\datasets\old-dataset\frames_unique\S_hate_video_194,0.4406682848930359,0.010427139699459076,0.5367863774299622,0.012118182145059109,1,2,0.9414945244789124
S_hate_video_195,1,0.8923864960670471,2.1153531074523926,train,True,human,2,E:\m-hvc\datasets\old-dataset\frames_unique\S_hate_video_195,0.5564155578613281,0.005195293575525284,0.43356290459632874,0.0048262388445436954,1,0,0.8923864960670471
S_hate_video_196,1,0.9337358474731445,2.64554500579834,test,True,human,1,E:\m-hvc\datasets\old-dataset\frames_unique\S_hate_video_196,0.10229931026697159,0.632022500038147,0.14248552918434143,0.12319270521402359,1,1,0.9337358474731445
S_hate_video_197,1,0.9768258333206177,3.7412712574005127,val,False,missing,2,E:\m-hvc\datasets\old-dataset\frames_unique\S_hate_video_197,0.08750862628221512,0.03653523325920105,0.792675256729126,0.0832807868719101,1,2,0.9768258333206177
S_hate_video_198,1,0.977899968624115,3.7898292541503906,val,False,missing,2,E:\m-hvc\datasets\old-dataset\frames_unique\S_hate_video_198,0.09155497699975967,0.02636111155152321,0.8297317624092102,0.052352167665958405,1,2,0.977899968624115
S_hate_video_199,1,0.976915717124939,3.7452495098114014,train,False,missing,2,E:\m-hvc\datasets\old-dataset\frames_unique\S_hate_video_199,0.09089776128530502,0.03516993671655655,0.7976137399673462,0.07631853967905045,1,2,0.976915717124939
S_hate_video_2,1,0.0398879237473011,-3.180976390838623,val,False,missing,2,E:\m-hvc\datasets\old-dataset\frames_unique\S_hate_video_2,0.9359785914421082,0.004748365841805935,0.054950885474681854,0.004322214052081108,0,0,0.9601120762526989
S_hate_video_200,1,0.9300033450126648,2.5867409706115723,train,True,human,2,E:\m-hvc\datasets\old-dataset\frames_unique\S_hate_video_200,0.11866747587919235,0.00682543870061636,0.8679930567741394,0.00651394110172987,1,2,0.9300033450126648
S_hate_video_201,1,0.971068263053894,3.513458251953125,train,False,missing,2,E:\m-hvc\datasets\old-dataset\frames_unique\S_hate_video_201,0.10597805678844452,0.02519970014691353,0.8236539959907532,0.045168187469244,1,2,0.971068263053894
S_hate_video_202,1,0.9784464836120605,3.8154280185699463,train,False,missing,2,E:\m-hvc\datasets\old-dataset\frames_unique\S_hate_video_202,0.08403956890106201,0.02495141699910164,0.8367869257926941,0.05422202870249748,1,2,0.9784464836120605
S_hate_video_204,1,0.9744681715965271,3.64196515083313,val,False,missing,2,E:\m-hvc\datasets\old-dataset\frames_unique\S_hate_video_204,0.10648630559444427,0.01887993887066841,0.8394278883934021,0.03520581126213074,1,2,0.9744681715965271
S_hate_video_206,1,0.16857308149337769,-1.5957740545272827,train,True,asr,2,E:\m-hvc\datasets\old-dataset\frames_unique\S_hate_video_206,0.9581045508384705,0.0008135435055010021,0.04047969728708267,0.0006021005101501942,0,0,0.8314269185066223
S_hate_video_207,1,0.9266807436943054,2.53678560256958,train,True,human,1,E:\m-hvc\datasets\old-dataset\frames_unique\S_hate_video_207,0.08354641497135162,0.6785690784454346,0.12036397308111191,0.11752054840326309,1,1,0.9266807436943054
S_hate_video_208,1,0.9738354682922363,3.616835832595825,train,True,human,2,E:\m-hvc\datasets\old-dataset\frames_unique\S_hate_video_208,0.026756873354315758,0.006053401157259941,0.9593673944473267,0.007822306826710701,1,2,0.9738354682922363
S_hate_video_209,1,0.9788681268692017,3.8356127738952637,val,False,missing,2,E:\m-hvc\datasets\old-dataset\frames_unique\S_hate_video_209,0.08839887380599976,0.02215571515262127,0.8457142114639282,0.043731216341257095,1,2,0.9788681268692017
S_hate_video_210,1,0.9151507616043091,2.378213405609131,train,True,human,2,E:\m-hvc\datasets\old-dataset\frames_unique\S_hate_video_210,0.48249077796936035,0.007716559339314699,0.5020485520362854,0.007744046859443188,1,2,0.9151507616043091
S_hate_video_211,1,0.9803631901741028,3.9105169773101807,train,False,missing,2,E:\m-hvc\datasets\old-dataset\frames_unique\S_hate_video_211,0.09001485258340836,0.025471974164247513,0.8299791812896729,0.0545339435338974,1,2,0.9803631901741028
S_hate_video_212,1,0.8804377317428589,1.996581792831421,train,False,missing,2,E:\m-hvc\datasets\old-dataset\frames_unique\S_hate_video_212,0.20503853261470795,0.04152562841773033,0.7002904415130615,0.05314544960856438,1,2,0.8804377317428589
S_hate_video_214,1,0.9677024483680725,3.399932622909546,train,False,missing,2,E:\m-hvc\datasets\old-dataset\frames_unique\S_hate_video_214,0.09889599680900574,0.04611179605126381,0.7630296945571899,0.091962531208992,1,2,0.9677024483680725
S_hate_video_215,1,0.9524250030517578,2.9967029094696045,train,True,human,2,E:\m-hvc\datasets\old-dataset\frames_unique\S_hate_video_215,0.39552614092826843,0.015082992613315582,0.5694050788879395,0.019985748454928398,1,2,0.9524250030517578
S_hate_video_216,1,0.9772853255271912,3.7617692947387695,train,False,missing,2,E:\m-hvc\datasets\old-dataset\frames_unique\S_hate_video_216,0.08916707336902618,0.028365259990096092,0.8245686292648315,0.05789900943636894,1,2,0.9772853255271912
S_hate_video_217,1,0.9351082444190979,2.667941093444824,test,True,human,2,E:\m-hvc\datasets\old-dataset\frames_unique\S_hate_video_217,0.4221991002559662,0.008116252720355988,0.5612337589263916,0.00845089927315712,1,2,0.9351082444190979
S_hate_video_219,1,0.9499161839485168,2.9426755905151367,train,True,asr,2,E:\m-hvc\datasets\old-dataset\frames_unique\S_hate_video_219,0.36524322628974915,0.01052920613437891,0.6097850799560547,0.014442498795688152,1,2,0.9499161839485168
S_hate_video_220,1,0.9312453866004944,2.605978488922119,train,True,human,2,E:\m-hvc\datasets\old-dataset\frames_unique\S_hate_video_220,0.43870702385902405,0.0074888295494019985,0.5459245443344116,0.00787955243140459,1,2,0.9312453866004944
S_hate_video_221,1,0.9107263088226318,2.3225350379943848,train,True,human,2,E:\m-hvc\datasets\old-dataset\frames_unique\S_hate_video_221,0.5384230613708496,0.007483644876629114,0.445218563079834,0.008874746039509773,1,0,0.9107263088226318
S_hate_video_222,1,0.8129129409790039,1.4690499305725098,train,False,missing,2,E:\m-hvc\datasets\old-dataset\frames_unique\S_hate_video_222,0.3260248899459839,0.008670409210026264,0.6564483642578125,0.008856287226080894,1,2,0.8129129409790039
S_hate_video_223,1,0.9197647571563721,2.439154863357544,train,False,missing,2,E:\m-hvc\datasets\old-dataset\frames_unique\S_hate_video_223,0.1994560807943344,0.010549158789217472,0.7770580053329468,0.012936703860759735,1,2,0.9197647571563721
S_hate_video_224,1,0.9685413241386414,3.427114486694336,train,False,missing,2,E:\m-hvc\datasets\old-dataset\frames_unique\S_hate_video_224,0.1061190739274025,0.032132185995578766,0.7968053221702576,0.06494348496198654,1,2,0.9685413241386414
S_hate_video_226,1,0.03554810956120491,-3.300673007965088,val,False,missing,2,E:\m-hvc\datasets\old-dataset\frames_unique\S_hate_video_226,0.9281668663024902,0.006486601196229458,0.0585654117166996,0.006781087722629309,0,0,0.9644518904387951
S_hate_video_227,1,0.036359500139951706,-3.2772626876831055,val,True,human,2,E:\m-hvc\datasets\old-dataset\frames_unique\S_hate_video_227,0.8560190796852112,0.005292084068059921,0.13507796823978424,0.003610867541283369,0,0,0.9636404998600483
S_hate_video_228,1,0.9766652584075928,3.7342021465301514,test,False,missing,2,E:\m-hvc\datasets\old-dataset\frames_unique\S_hate_video_228,0.0987597182393074,0.0198295246809721,0.8454954624176025,0.035915277898311615,1,2,0.9766652584075928
S_hate_video_229,1,0.9764159321784973,3.723315954208374,train,True,human,3,E:\m-hvc\datasets\old-dataset\frames_unique\S_hate_video_229,0.09063363820314407,0.045770324766635895,0.4258948862552643,0.43770110607147217,1,3,0.9764159321784973
S_hate_video_232,1,0.934884786605835,2.6642651557922363,val,True,human,3,E:\m-hvc\datasets\old-dataset\frames_unique\S_hate_video_232,0.029041802510619164,0.013076449744403362,0.05805736407637596,0.899824321269989,1,3,0.934884786605835
S_hate_video_233,1,0.9459347724914551,2.8619818687438965,train,True,human,2,E:\m-hvc\datasets\old-dataset\frames_unique\S_hate_video_233,0.38328829407691956,0.010569806210696697,0.5929203629493713,0.01322144828736782,1,2,0.9459347724914551
S_hate_video_234,1,0.9559450149536133,3.0772624015808105,train,True,human,2,E:\m-hvc\datasets\old-dataset\frames_unique\S_hate_video_234,0.16156242787837982,0.008747655898332596,0.816494882106781,0.013195037841796875,1,2,0.9559450149536133
S_hate_video_235,1,0.9039468765258789,2.2418694496154785,val,True,asr,2,E:\m-hvc\datasets\old-dataset\frames_unique\S_hate_video_235,0.5010961890220642,0.004710153676569462,0.48926812410354614,0.00492554996162653,1,0,0.9039468765258789
S_hate_video_236,1,0.9784318804740906,3.814735174179077,test,False,missing,2,E:\m-hvc\datasets\old-dataset\frames_unique\S_hate_video_236,0.08767949044704437,0.03065522201359272,0.8164893388748169,0.06517598032951355,1,2,0.9784318804740906
S_hate_video_237,1,0.9765571355819702,3.729466438293457,val,False,missing,2,E:\m-hvc\datasets\old-dataset\frames_unique\S_hate_video_237,0.10222458839416504,0.02225988171994686,0.835261344909668,0.04025417938828468,1,2,0.9765571355819702
S_hate_video_238,1,0.3999665379524231,-0.4056044816970825,train,True,human,2,E:\m-hvc\datasets\old-dataset\frames_unique\S_hate_video_238,0.9051586985588074,0.001026829588226974,0.09303024411201477,0.0007841870537959039,1,0,0.6000334620475769
S_hate_video_239,1,0.9654706716537476,3.3308072090148926,train,True,asr,2,E:\m-hvc\datasets\old-dataset\frames_unique\S_hate_video_239,0.057784948498010635,0.00726407440379262,0.9246043562889099,0.010346632450819016,1,2,0.9654706716537476
S_non_hate_videos_1,0,0.9760151505470276,3.7060532569885254,test,True,human,0,E:\m-hvc\datasets\old-dataset\frames_unique\S_non_hate_videos_1,0.027896059677004814,0.006226645782589912,0.9513372182846069,0.014540078118443489,1,2,0.9760151505470276
S_non_hate_videos_10,0,0.012806285172700882,-4.344930171966553,test,True,human,0,E:\m-hvc\datasets\old-dataset\frames_unique\S_non_hate_videos_10,0.9699687361717224,0.0018347078002989292,0.026151251047849655,0.002045190893113613,0,0,0.9871937148272991
S_non_hate_videos_100,0,0.014060559682548046,-4.250221252441406,train,True,human,0,E:\m-hvc\datasets\old-dataset\frames_unique\S_non_hate_videos_100,0.9653984904289246,0.0024981852620840073,0.029060782864689827,0.0030425547156482935,0,0,0.985939440317452
S_non_hate_videos_101,0,0.023513540625572205,-3.726384401321411,train,True,human,0,E:\m-hvc\datasets\old-dataset\frames_unique\S_non_hate_videos_101,0.892952561378479,0.0028958534821867943,0.1010822132229805,0.0030693679582327604,0,0,0.9764864593744278
S_non_hate_videos_102,0,0.007727588526904583,-4.85520076751709,val,True,asr,0,E:\m-hvc\datasets\old-dataset\frames_unique\S_non_hate_videos_102,0.9925510883331299,0.00048303298535756767,0.006544442847371101,0.0004214515502098948,0,0,0.9922724114730954
S_non_hate_videos_103,0,0.008631005883216858,-4.743725776672363,train,True,human,0,E:\m-hvc\datasets\old-dataset\frames_unique\S_non_hate_videos_103,0.9870244264602661,0.0012912199599668384,0.010824454016983509,0.0008598989224992692,0,0,0.9913689941167831
S_non_hate_videos_104,0,0.006948548369109631,-4.962249755859375,test,True,human,0,E:\m-hvc\datasets\old-dataset\frames_unique\S_non_hate_videos_104,0.9919486045837402,0.0006852458463981748,0.00678445165976882,0.0005817222408950329,0,0,0.9930514516308904
S_non_hate_videos_105,0,0.006965289823710918,-4.959826469421387,train,True,human,0,E:\m-hvc\datasets\old-dataset\frames_unique\S_non_hate_videos_105,0.9918644428253174,0.000699961616192013,0.006841944996267557,0.0005937031237408519,0,0,0.9930347101762891
S_non_hate_videos_106,0,0.018679620698094368,-3.961465835571289,train,True,human,0,E:\m-hvc\datasets\old-dataset\frames_unique\S_non_hate_videos_106,0.9524069428443909,0.011470912024378777,0.030560798943042755,0.005561409518122673,0,0,0.9813203793019056
S_non_hate_videos_107,0,0.007717208471149206,-4.856555461883545,train,True,human,0,E:\m-hvc\datasets\old-dataset\frames_unique\S_non_hate_videos_107,0.9881686568260193,0.0015774451894685626,0.009231963194906712,0.0010219442192465067,0,0,0.9922827915288508
S_non_hate_videos_108,0,0.008407462388277054,-4.770192623138428,train,True,human,0,E:\m-hvc\datasets\old-dataset\frames_unique\S_non_hate_videos_108,0.9910050630569458,0.0008970115450210869,0.007375284098088741,0.0007226624875329435,0,0,0.991592537611723
S_non_hate_videos_109,0,0.014971256256103516,-4.1865386962890625,train,True,human,0,E:\m-hvc\datasets\old-dataset\frames_unique\S_non_hate_videos_109,0.9701260328292847,0.00815538875758648,0.01811743900179863,0.0036011480260640383,0,0,0.9850287437438965
S_non_hate_videos_11,0,0.011802309192717075,-4.427587509155273,train,True,human,0,E:\m-hvc\datasets\old-dataset\frames_unique\S_non_hate_videos_11,0.9903981685638428,0.000646496016997844,0.008450163528323174,0.0005052791093476117,0,0,0.9881976908072829
S_non_hate_videos_110,0,0.011604677885770798,-4.444674491882324,train,True,asr,0,E:\m-hvc\datasets\old-dataset\frames_unique\S_non_hate_videos_110,0.9919084906578064,0.0005179949221201241,0.007088762242347002,0.0004847041273023933,0,0,0.9883953221142292
S_non_hate_videos_111,0,0.00855915155261755,-4.752158164978027,train,True,human,0,E:\m-hvc\datasets\old-dataset\frames_unique\S_non_hate_videos_111,0.9856583476066589,0.0018007386242970824,0.011308028362691402,0.001232907990925014,0,0,0.9914408484473825
S_non_hate_videos_112,0,0.006206233985722065,-5.07597541809082,train,True,human,0,E:\m-hvc\datasets\old-dataset\frames_unique\S_non_hate_videos_112,0.9927803874015808,0.0006665487890131772,0.006015470251441002,0.0005375940236262977,0,0,0.9937937660142779
S_non_hate_videos_113,0,0.06009454280138016,-2.7498602867126465,train,True,asr,0,E:\m-hvc\datasets\old-dataset\frames_unique\S_non_hate_videos_113,0.7699078321456909,0.025091880932450294,0.0772842988371849,0.12771594524383545,0,0,0.9399054571986198
S_non_hate_videos_114,0,0.007353277876973152,-4.905228614807129,train,True,human,0,E:\m-hvc\datasets\old-dataset\frames_unique\S_non_hate_videos_114,0.9932481050491333,0.0004625161527656019,0.005906888749450445,0.0003825798921752721,0,0,0.9926467221230268
S_non_hate_videos_115,0,0.006980034057050943,-4.957696914672852,test,True,human,0,E:\m-hvc\datasets\old-dataset\frames_unique\S_non_hate_videos_115,0.9924525618553162,0.0006609944975934923,0.006342981941998005,0.0005434807389974594,0,0,0.9930199659429491
S_non_hate_videos_116,0,0.014056870713829994,-4.250487327575684,val,True,human,0,E:\m-hvc\datasets\old-dataset\frames_unique\S_non_hate_videos_116,0.98360276222229,0.003796888282522559,0.01088029146194458,0.0017200924921780825,0,0,0.98594312928617
S_non_hate_videos_117,0,0.008717847056686878,-4.733626842498779,train,True,human,0,E:\m-hvc\datasets\old-dataset\frames_unique\S_non_hate_videos_117,0.9932119846343994,0.00033997237915173173,0.006194844841957092,0.00025321394787169993,0,0,0.9912821529433131
S_non_hate_videos_118,0,0.03208353742957115,-3.4068026542663574,val,False,missing,0,E:\m-hvc\datasets\old-dataset\frames_unique\S_non_hate_videos_118,0.9229962229728699,0.010196113027632236,0.054925527423620224,0.011882084421813488,0,0,0.9679164625704288
S_non_hate_videos_119,0,0.025659970939159393,-3.6368281841278076,train,False,missing,0,E:\m-hvc\datasets\old-dataset\frames_unique\S_non_hate_videos_119,0.9357552528381348,0.008466971106827259,0.04619099944829941,0.009586747735738754,0,0,0.9743400290608406
S_non_hate_videos_12,0,0.006715866271406412,-4.996543884277344,val,True,human,0,E:\m-hvc\datasets\old-dataset\frames_unique\S_non_hate_videos_12,0.992432713508606,0.0006417163531295955,0.006407251115888357,0.0005182636668905616,0,0,0.9932841337285936
S_non_hate_videos_120,0,0.0772758275270462,-2.4799492359161377,train,True,human,0,E:\m-hvc\datasets\old-dataset\frames_unique\S_non_hate_videos_120,0.7883833646774292,0.11538920551538467,0.07745475322008133,0.018772639334201813,0,0,0.9227241724729538
S_non_hate_videos_121,0,0.008281711488962173,-4.785389423370361,train,True,human,0,E:\m-hvc\datasets\old-dataset\frames_unique\S_non_hate_videos_121,0.9898868203163147,0.0007507496629841626,0.008818937465548515,0.0005435646162368357,0,0,0.9917182885110378
S_non_hate_videos_122,0,0.02134072408080101,-3.825566291809082,train,True,human,0,E:\m-hvc\datasets\old-dataset\frames_unique\S_non_hate_videos_122,0.9819228053092957,0.0022045380901545286,0.015098955482244492,0.0007736992556601763,0,0,0.978659275919199
S_non_hate_videos_123,0,0.007733489386737347,-4.854431629180908,val,True,human,0,E:\m-hvc\datasets\old-dataset\frames_unique\S_non_hate_videos_123,0.9919428825378418,0.0005563533632084727,0.0070030177012085915,0.0004977677599526942,0,0,0.9922665106132627
S_non_hate_videos_124,0,0.006821401882916689,-4.9808454513549805,train,True,human,0,E:\m-hvc\datasets\old-dataset\frames_unique\S_non_hate_videos_124,0.9929388761520386,0.0005577084375545382,0.0060459403321146965,0.0004574694321490824,0,0,0.9931785981170833
S_non_hate_videos_125,0,0.007586749270558357,-4.873736381530762,train,True,human,0,E:\m-hvc\datasets\old-dataset\frames_unique\S_non_hate_videos_125,0.9916393160820007,0.0006648052367381752,0.007112808059900999,0.000583030516281724,0,0,0.9924132507294416
S_non_hate_videos_126,0,0.009987124241888523,-4.596421241760254,train,True,asr,0,E:\m-hvc\datasets\old-dataset\frames_unique\S_non_hate_videos_126,0.9912722706794739,0.0005775676690973341,0.007679362781345844,0.0004708821070380509,0,0,0.9900128757581115
S_non_hate_videos_127,0,0.010742219164967537,-4.522773265838623,val,True,human,0,E:\m-hvc\datasets\old-dataset\frames_unique\S_non_hate_videos_127,0.9900216460227966,0.0006798445247113705,0.008839265443384647,0.0004592269251588732,0,0,0.9892577808350325
S_non_hate_videos_128,0,0.006794959772378206,-4.984755992889404,train,True,human,0,E:\m-hvc\datasets\old-dataset\frames_unique\S_non_hate_videos_128,0.9914836287498474,0.0009553722920827568,0.006823474075645208,0.0007374846609309316,0,0,0.9932050402276218
S_non_hate_videos_129,0,0.01123883668333292,-4.477077484130859,train,True,asr,0,E:\m-hvc\datasets\old-dataset\frames_unique\S_non_hate_videos_129,0.9804437160491943,0.0012770274188369513,0.017016885802149773,0.0012623944785445929,0,0,0.9887611633166671
S_non_hate_videos_13,0,0.1603972464799881,-1.6552753448486328,train,True,human,0,E:\m-hvc\datasets\old-dataset\frames_unique\S_non_hate_videos_13,0.5270911455154419,0.003442588495090604,0.4651162624359131,0.004349967464804649,0,0,0.8396027535200119
S_non_hate_videos_130,0,0.014529678970575333,-4.216925621032715,train,True,human,0,E:\m-hvc\datasets\old-dataset\frames_unique\S_non_hate_videos_130,0.9912124276161194,0.00033705681562423706,0.008184099569916725,0.00026639740099199116,0,0,0.9854703210294247
S_non_hate_videos_131,0,0.050451964139938354,-2.934964418411255,train,True,human,0,E:\m-hvc\datasets\old-dataset\frames_unique\S_non_hate_videos_131,0.6465669870376587,0.007414170540869236,0.3374713659286499,0.008547541685402393,0,0,0.9495480358600616
S_non_hate_videos_132,0,0.00786815956234932,-4.837031841278076,train,True,human,0,E:\m-hvc\datasets\old-dataset\frames_unique\S_non_hate_videos_132,0.9915465712547302,0.0006168144172988832,0.007305082865059376,0.00053150620078668,0,0,0.9921318404376507
S_non_hate_videos_133,0,0.006680496037006378,-5.00186014175415,train,True,human,0,E:\m-hvc\datasets\old-dataset\frames_unique\S_non_hate_videos_133,0.9917110204696655,0.0006690640584565699,0.007023235782980919,0.0005965646705590189,0,0,0.9933195039629936
S_non_hate_videos_134,0,0.11337946355342865,-2.0566768646240234,val,True,human,0,E:\m-hvc\datasets\old-dataset\frames_unique\S_non_hate_videos_134,0.6299737691879272,0.2756912410259247,0.0674358382821083,0.02689918875694275,0,0,0.8866205364465714
S_non_hate_videos_135,0,0.00752476928755641,-4.882001876831055,train,True,human,0,E:\m-hvc\datasets\old-dataset\frames_unique\S_non_hate_videos_135,0.9918979406356812,0.0005483233835548162,0.0070732939057052135,0.0004803916090168059,0,0,0.9924752307124436
S_non_hate_videos_136,0,0.17901597917079926,-1.5230284929275513,test,True,asr,0,E:\m-hvc\datasets\old-dataset\frames_unique\S_non_hate_videos_136,0.9323360919952393,0.0018811802146956325,0.06276404112577438,0.003018634859472513,0,0,0.8209840208292007
S_non_hate_videos_137,0,0.5065853595733643,0.026343010365962982,train,True,human,0,E:\m-hvc\datasets\old-dataset\frames_unique\S_non_hate_videos_137,0.1321258544921875,0.0031350564677268267,0.8620522618293762,0.0026868984568864107,1,2,0.5065853595733643
S_non_hate_videos_138,0,0.011567261070013046,-4.447941780090332,train,True,human,0,E:\m-hvc\datasets\old-dataset\frames_unique\S_non_hate_videos_138,0.9865206480026245,0.0016254205256700516,0.010927803814411163,0.0009261208469979465,0,0,0.988432738929987
S_non_hate_videos_139,0,0.008960394188761711,-4.705940246582031,train,True,human,0,E:\m-hvc\datasets\old-dataset\frames_unique\S_non_hate_videos_139,0.9935846924781799,0.00036968287895433605,0.0057784938253462315,0.00026715060812421143,0,0,0.9910396058112383
S_non_hate_videos_14,0,0.006369195878505707,-5.049892425537109,train,True,human,0,E:\m-hvc\datasets\old-dataset\frames_unique\S_non_hate_videos_14,0.9929282069206238,0.000554181169718504,0.006042820401489735,0.00047477567568421364,0,0,0.9936308041214943
S_non_hate_videos_140,0,0.00727598462253809,-4.9158735275268555,train,True,human,0,E:\m-hvc\datasets\old-dataset\frames_unique\S_non_hate_videos_140,0.9926643967628479,0.000528130738530308,0.0063740224577486515,0.0004334140394348651,0,0,0.9927240153774619
S_non_hate_videos_141,0,0.015821879729628563,-4.130413055419922,train,True,asr,0,E:\m-hvc\datasets\old-dataset\frames_unique\S_non_hate_videos_141,0.9895216226577759,0.00037366358446888626,0.009837057441473007,0.00026774240541271865,0,0,0.9841781202703714
S_non_hate_videos_142,0,0.28260162472724915,-0.931593120098114,train,True,asr,0,E:\m-hvc\datasets\old-dataset\frames_unique\S_non_hate_videos_142,0.2489115446805954,0.0027462830767035484,0.7454365491867065,0.002905595116317272,0,2,0.7173983752727509
S_non_hate_videos_143,0,0.5658556222915649,0.2649618983268738,train,True,asr,0,E:\m-hvc\datasets\old-dataset\frames_unique\S_non_hate_videos_143,0.18410389125347137,0.7087277770042419,0.06075246259570122,0.046415816992521286,1,1,0.5658556222915649
S_non_hate_videos_144,0,0.011450371704995632,-4.458216667175293,train,True,human,0,E:\m-hvc\datasets\old-dataset\frames_unique\S_non_hate_videos_144,0.9925795197486877,0.0003635199973359704,0.006783453747630119,0.0002734852896537632,0,0,0.9885496282950044
S_non_hate_videos_145,0,0.030266333371400833,-3.4669854640960693,train,False,missing,0,E:\m-hvc\datasets\old-dataset\frames_unique\S_non_hate_videos_145,0.9446386098861694,0.006361902225762606,0.04235667362809181,0.006642787717282772,0,0,0.9697336666285992
S_non_hate_videos_146,0,0.006527875084429979,-5.025124549865723,train,True,human,0,E:\m-hvc\datasets\old-dataset\frames_unique\S_non_hate_videos_146,0.9919000864028931,0.0006775348447263241,0.006827691104263067,0.0005945970769971609,0,0,0.99347212491557
S_non_hate_videos_147,0,0.047516562044620514,-2.9979944229125977,val,True,human,0,E:\m-hvc\datasets\old-dataset\frames_unique\S_non_hate_videos_147,0.7952455282211304,0.05105555057525635,0.1190887987613678,0.034610118716955185,0,0,0.9524834379553795
S_non_hate_videos_148,0,0.007096451707184315,-4.941038608551025,train,True,human,0,E:\m-hvc\datasets\old-dataset\frames_unique\S_non_hate_videos_148,0.9908610582351685,0.0007982071838341653,0.007708841469138861,0.0006318470113910735,0,0,0.9929035482928157
S_non_hate_videos_149,0,0.006252033170312643,-5.068576812744141,test,True,human,0,E:\m-hvc\datasets\old-dataset\frames_unique\S_non_hate_videos_149,0.9926652312278748,0.0005124572198837996,0.0063902512192726135,0.0004321137093938887,0,0,0.9937479668296874
S_non_hate_videos_15,0,0.006550829857587814,-5.0215911865234375,train,True,human,0,E:\m-hvc\datasets\old-dataset\frames_unique\S_non_hate_videos_15,0.9924187660217285,0.000615974422544241,0.006461684592068195,0.0005036002257838845,0,0,0.9934491701424122
S_non_hate_videos_150,0,0.014398121275007725,-4.226154804229736,train,True,asr,0,E:\m-hvc\datasets\old-dataset\frames_unique\S_non_hate_videos_150,0.9877845048904419,0.0019054684089496732,0.009275452233850956,0.0010345501359552145,0,0,0.9856018787249923
S_non_hate_videos_151,0,0.006317273247987032,-5.058130264282227,train,True,human,0,E:\m-hvc\datasets\old-dataset\frames_unique\S_non_hate_videos_151,0.9916999936103821,0.0006658377824351192,0.007051096297800541,0.0005830670124851167,0,0,0.993682726752013
S_non_hate_videos_152,0,0.006645546294748783,-5.007140636444092,test,True,human,0,E:\m-hvc\datasets\old-dataset\frames_unique\S_non_hate_videos_152,0.9918991327285767,0.0006392514915205538,0.007006827741861343,0.0004547589924186468,0,0,0.9933544537052512
S_non_hate_videos_153,0,0.009021404199302197,-4.699092864990234,train,True,human,0,E:\m-hvc\datasets\old-dataset\frames_unique\S_non_hate_videos_153,0.9943029880523682,0.0003485819324851036,0.005089400801807642,0.0002590413496363908,0,0,0.9909785958006978
S_non_hate_videos_154,0,0.00670276116579771,-4.998510360717773,train,True,human,0,E:\m-hvc\datasets\old-dataset\frames_unique\S_non_hate_videos_154,0.9928106665611267,0.0006902863970026374,0.006013818550854921,0.00048523684381507337,0,0,0.9932972388342023
S_non_hate_videos_155,0,0.0067847114987671375,-4.986275672912598,train,True,human,0,E:\m-hvc\datasets\old-dataset\frames_unique\S_non_hate_videos_155,0.9922842383384705,0.0005823373794555664,0.0066667902283370495,0.000466595811303705,0,0,0.9932152885012329
S_non_hate_videos_156,0,0.01109078899025917,-4.490487575531006,train,True,human,0,E:\m-hvc\datasets\old-dataset\frames_unique\S_non_hate_videos_156,0.9743372201919556,0.0027111938688904047,0.02097267284989357,0.001978943357244134,0,0,0.9889092110097408
S_non_hate_videos_157,0,0.008454148657619953,-4.764607906341553,train,True,asr,0,E:\m-hvc\datasets\old-dataset\frames_unique\S_non_hate_videos_157,0.9914536476135254,0.001073596067726612,0.006747100036591291,0.0007256026729010046,0,0,0.99154585134238
S_non_hate_videos_158,0,0.009368524886667728,-4.66098690032959,train,True,asr,0,E:\m-hvc\datasets\old-dataset\frames_unique\S_non_hate_videos_158,0.9892904162406921,0.0017207232303917408,0.007867297157645226,0.001121537876315415,0,0,0.9906314751133323
S_non_hate_videos_159,0,0.02041846513748169,-3.8706858158111572,test,True,human,0,E:\m-hvc\datasets\old-dataset\frames_unique\S_non_hate_videos_159,0.9620124101638794,0.012027283199131489,0.020840350538492203,0.005119886249303818,0,0,0.9795815348625183
S_non_hate_videos_16,0,0.06924999505281448,-2.5982675552368164,train,True,asr,0,E:\m-hvc\datasets\old-dataset\frames_unique\S_non_hate_videos_16,0.7384845018386841,0.02501790039241314,0.09957035630941391,0.13692718744277954,0,0,0.9307500049471855
S_non_hate_videos_160,0,0.020193804055452347,-3.881978988647461,val,True,human,0,E:\m-hvc\datasets\old-dataset\frames_unique\S_non_hate_videos_160,0.9903885722160339,0.0002768586855381727,0.009128459729254246,0.00020615302491933107,0,0,0.9798061959445477
S_non_hate_videos_161,0,0.07507313042879105,-2.511251926422119,train,True,human,0,E:\m-hvc\datasets\old-dataset\frames_unique\S_non_hate_videos_161,0.7796382904052734,0.07210829108953476,0.08589811623096466,0.062355268746614456,0,0,0.924926869571209
S_non_hate_videos_162,0,0.009573264978826046,-4.639161586761475,train,True,human,0,E:\m-hvc\datasets\old-dataset\frames_unique\S_non_hate_videos_162,0.9915359020233154,0.0008876540814526379,0.007079655304551125,0.0004967688582837582,0,0,0.990426735021174
S_non_hate_videos_163,0,0.013821299187839031,-4.267626762390137,train,True,human,0,E:\m-hvc\datasets\old-dataset\frames_unique\S_non_hate_videos_163,0.9807461500167847,0.002736554015427828,0.01531049981713295,0.001206843415275216,0,0,0.986178700812161
S_non_hate_videos_164,0,0.961089551448822,3.206806182861328,train,True,human,0,E:\m-hvc\datasets\old-dataset\frames_unique\S_non_hate_videos_164,0.04882892966270447,0.008769771084189415,0.8870148062705994,0.05538656935095787,1,2,0.961089551448822
S_non_hate_videos_165,0,0.008724814280867577,-4.732820987701416,train,True,human,0,E:\m-hvc\datasets\old-dataset\frames_unique\S_non_hate_videos_165,0.9918614625930786,0.0004307221097406,0.0073434435762465,0.0003643709351308644,0,0,0.9912751857191324
S_non_hate_videos_166,0,0.055242739617824554,-2.839191198348999,test,True,asr,0,E:\m-hvc\datasets\old-dataset\frames_unique\S_non_hate_videos_166,0.6364595890045166,0.009558654390275478,0.3452965319156647,0.008685266599059105,0,0,0.9447572603821754
S_non_hate_videos_167,0,0.006487030535936356,-5.031442165374756,train,True,human,0,E:\m-hvc\datasets\old-dataset\frames_unique\S_non_hate_videos_167,0.9920963048934937,0.0006912991520948708,0.00663535762578249,0.000577037688344717,0,0,0.9935129694640636
S_non_hate_videos_168,0,0.007606348488479853,-4.871136665344238,train,True,human,0,E:\m-hvc\datasets\old-dataset\frames_unique\S_non_hate_videos_168,0.9873235821723938,0.000805509916972369,0.011191624216735363,0.0006792292115278542,0,0,0.9923936515115201
S_non_hate_videos_169,0,0.007237723562866449,-4.921184539794922,train,True,asr,0,E:\m-hvc\datasets\old-dataset\frames_unique\S_non_hate_videos_169,0.9926508069038391,0.0006563905626535416,0.0061809346079826355,0.0005119507550261915,0,0,0.9927622764371336
S_non_hate_videos_17,0,0.008704880252480507,-4.735128402709961,train,True,human,0,E:\m-hvc\datasets\old-dataset\frames_unique\S_non_hate_videos_17,0.9873539805412292,0.0010775217087939382,0.010704080574214458,0.0008644009940326214,0,0,0.9912951197475195
S_non_hate_videos_170,0,0.008790352381765842,-4.725271224975586,train,True,human,0,E:\m-hvc\datasets\old-dataset\frames_unique\S_non_hate_videos_170,0.9859189987182617,0.0021474920213222504,0.010760495439171791,0.0011730099795386195,0,0,0.9912096476182342
S_non_hate_videos_171,0,0.006345605012029409,-5.053627014160156,train,True,human,0,E:\m-hvc\datasets\old-dataset\frames_unique\S_non_hate_videos_171,0.9926328063011169,0.0006395136006176472,0.0061958665028214455,0.0005318789626471698,0,0,0.9936543949879706
S_non_hate_videos_172,0,0.006559605244547129,-5.0202436447143555,train,True,human,0,E:\m-hvc\datasets\old-dataset\frames_unique\S_non_hate_videos_172,0.9924546480178833,0.0005787520203739405,0.006460113450884819,0.0005065530422143638,0,0,0.9934403947554529
S_non_hate_videos_173,0,0.021154126152396202,-3.8345391750335693,train,True,human,0,E:\m-hvc\datasets\old-dataset\frames_unique\S_non_hate_videos_173,0.8877363801002502,0.004584420006722212,0.10347651690244675,0.004202685784548521,0,0,0.9788458738476038
S_non_hate_videos_174,0,0.006414668634533882,-5.0427327156066895,train,True,human,0,E:\m-hvc\datasets\old-dataset\frames_unique\S_non_hate_videos_174,0.9927313923835754,0.0005725662340410054,0.006202352233231068,0.0004936432233080268,0,0,0.9935853313654661
S_non_hate_videos_175,0,0.006196371745318174,-5.07757568359375,test,True,human,0,E:\m-hvc\datasets\old-dataset\frames_unique\S_non_hate_videos_175,0.9925560355186462,0.0007815325516276062,0.006085801403969526,0.0005766486283391714,0,0,0.9938036282546818
S_non_hate_videos_176,0,0.008455662988126278,-4.764427185058594,train,True,human,0,E:\m-hvc\datasets\old-dataset\frames_unique\S_non_hate_videos_176,0.9908820390701294,0.0007334772381000221,0.007820944301784039,0.0005634872359223664,0,0,0.9915443370118737
S_non_hate_videos_177,0,0.0084656598046422,-4.763235569000244,train,True,human,0,E:\m-hvc\datasets\old-dataset\frames_unique\S_non_hate_videos_177,0.9911646246910095,0.0006018390995450318,0.007684825453907251,0.0005486555164679885,0,0,0.9915343401953578
S_non_hate_videos_178,0,0.006320303305983543,-5.057647705078125,train,True,human,0,E:\m-hvc\datasets\old-dataset\frames_unique\S_non_hate_videos_178,0.992976188659668,0.0005520341219380498,0.0059891087003052235,0.0004826906369999051,0,0,0.9936796966940165
S_non_hate_videos_179,0,0.033491168171167374,-3.3624086380004883,val,True,human,0,E:\m-hvc\datasets\old-dataset\frames_unique\S_non_hate_videos_179,0.9117449522018433,0.04760114848613739,0.029461463913321495,0.011192457750439644,0,0,0.9665088318288326
S_non_hate_videos_18,0,0.0063446396961808205,-5.0537800788879395,train,True,human,0,E:\m-hvc\datasets\old-dataset\frames_unique\S_non_hate_videos_18,0.993350088596344,0.00052963278722018,0.005712217651307583,0.00040805782191455364,0,0,0.9936553603038192
S_non_hate_videos_180,0,0.006120684091001749,-5.08994197845459,train,True,human,0,E:\m-hvc\datasets\old-dataset\frames_unique\S_non_hate_videos_180,0.9930419921875,0.0006974829593673348,0.005703810602426529,0.0005568056949414313,0,0,0.9938793159089983
S_non_hate_videos_181,0,0.0074151684530079365,-4.896784782409668,train,True,asr,0,E:\m-hvc\datasets\old-dataset\frames_unique\S_non_hate_videos_181,0.9920628666877747,0.000951819121837616,0.006378569640219212,0.000606767600402236,0,0,0.9925848315469921
S_non_hate_videos_182,0,0.015611769631505013,-4.14399528503418,test,True,human,0,E:\m-hvc\datasets\old-dataset\frames_unique\S_non_hate_videos_182,0.9448054432868958,0.0032720896415412426,0.04919830709695816,0.0027241783682256937,0,0,0.984388230368495
S_non_hate_videos_183,0,0.006285457406193018,-5.063211441040039,train,True,human,0,E:\m-hvc\datasets\old-dataset\frames_unique\S_non_hate_videos_183,0.992794930934906,0.0006349289324134588,0.00604582205414772,0.0005243716877885163,0,0,0.993714542593807
S_non_hate_videos_184,0,0.013824887573719025,-4.267363548278809,train,True,human,0,E:\m-hvc\datasets\old-dataset\frames_unique\S_non_hate_videos_184,0.9743486642837524,0.004194903653115034,0.01949131488800049,0.0019651097245514393,0,0,0.986175112426281
S_non_hate_videos_185,0,0.006936782505363226,-4.963956356048584,train,True,human,0,E:\m-hvc\datasets\old-dataset\frames_unique\S_non_hate_videos_185,0.9913609623908997,0.0010315548861399293,0.006898041814565659,0.0007094937027432024,0,0,0.9930632174946368
S_non_hate_videos_186,0,0.4280012845993042,-0.2900104820728302,train,True,asr,0,E:\m-hvc\datasets\old-dataset\frames_unique\S_non_hate_videos_186,0.1294088214635849,0.02947729267179966,0.05198444798588753,0.789129376411438,1,3,0.5719987154006958
S_non_hate_videos_187,0,0.006303922273218632,-5.0602593421936035,train,True,human,0,E:\m-hvc\datasets\old-dataset\frames_unique\S_non_hate_videos_187,0.9925447106361389,0.0005061606061644852,0.006521629169583321,0.0004275344836059958,0,0,0.9936960777267814
S_non_hate_videos_188,0,0.046234242618083954,-3.0266973972320557,train,True,human,0,E:\m-hvc\datasets\old-dataset\frames_unique\S_non_hate_videos_188,0.8199947476387024,0.08393749594688416,0.07364460825920105,0.022423144429922104,0,0,0.953765757381916
S_non_hate_videos_189,0,0.006197940558195114,-5.0773210525512695,val,True,human,0,E:\m-hvc\datasets\old-dataset\frames_unique\S_non_hate_videos_189,0.9925394654273987,0.0005425772978924215,0.006450239103287458,0.0004677098768297583,0,0,0.9938020594418049
S_non_hate_videos_19,0,0.009824204258620739,-4.613033294677734,train,True,human,0,E:\m-hvc\datasets\old-dataset\frames_unique\S_non_hate_videos_19,0.9854043126106262,0.002503303112462163,0.010838662274181843,0.0012537295697256923,0,0,0.9901757957413793
S_non_hate_videos_190,0,0.006741284858435392,-4.992740631103516,train,True,human,0,E:\m-hvc\datasets\old-dataset\frames_unique\S_non_hate_videos_190,0.991077184677124,0.000660801597405225,0.007763238623738289,0.0004987430293112993,0,0,0.9932587151415646
S_non_hate_videos_191,0,0.02651204541325569,-3.6032862663269043,test,True,asr,0,E:\m-hvc\datasets\old-dataset\frames_unique\S_non_hate_videos_191,0.904349148273468,0.012014713138341904,0.07746383547782898,0.006172314751893282,0,0,0.9734879545867443
S_non_hate_videos_192,0,0.007591795641928911,-4.873066425323486,val,True,human,0,E:\m-hvc\datasets\old-dataset\frames_unique\S_non_hate_videos_192,0.9913911819458008,0.0007409671088680625,0.0073397657833993435,0.0005280593759380281,0,0,0.9924082043580711
S_non_hate_videos_193,0,0.006567325908690691,-5.019059658050537,train,True,human,0,E:\m-hvc\datasets\old-dataset\frames_unique\S_non_hate_videos_193,0.9916380047798157,0.0009206963004544377,0.006780978757888079,0.0006602743524126709,0,0,0.9934326740913093
S_non_hate_videos_194,0,0.006393341347575188,-5.046084403991699,train,True,human,0,E:\m-hvc\datasets\old-dataset\frames_unique\S_non_hate_videos_194,0.9921903014183044,0.0006869231583550572,0.0066048274748027325,0.0005179857253096998,0,0,0.9936066586524248
S_non_hate_videos_195,0,0.007974516600370407,-4.823497772216797,train,True,human,0,E:\m-hvc\datasets\old-dataset\frames_unique\S_non_hate_videos_195,0.9921250939369202,0.0005995894316583872,0.006822619587182999,0.00045263292849995196,0,0,0.9920254833996296
S_non_hate_videos_196,0,0.00759171275421977,-4.873077392578125,train,True,asr,0,E:\m-hvc\datasets\old-dataset\frames_unique\S_non_hate_videos_196,0.9927974343299866,0.0007906017708592117,0.005891401320695877,0.0005205925554037094,0,0,0.9924082872457802
S_non_hate_videos_197,0,0.006861954927444458,-4.97487735748291,test,True,human,0,E:\m-hvc\datasets\old-dataset\frames_unique\S_non_hate_videos_197,0.9925565123558044,0.0006659918581135571,0.006222699303179979,0.0005548963672481477,0,0,0.9931380450725555
S_non_hate_videos_198,0,0.007863503880798817,-4.837628364562988,train,True,asr,0,E:\m-hvc\datasets\old-dataset\frames_unique\S_non_hate_videos_198,0.9903373718261719,0.0009373016655445099,0.008060612715780735,0.0006647614645771682,0,0,0.9921364961192012
S_non_hate_videos_199,0,0.008415021933615208,-4.769286155700684,test,True,human,0,E:\m-hvc\datasets\old-dataset\frames_unique\S_non_hate_videos_199,0.993710994720459,0.00041860315832309425,0.005566905718296766,0.00030354326008819044,0,0,0.9915849780663848
S_non_hate_videos_2,0,0.00695166178047657,-4.961798667907715,train,True,human,0,E:\m-hvc\datasets\old-dataset\frames_unique\S_non_hate_videos_2,0.9921363592147827,0.0007117696804925799,0.006554531864821911,0.0005973511724732816,0,0,0.9930483382195234
S_non_hate_videos_20,0,0.0067953430116176605,-4.984699249267578,train,True,human,0,E:\m-hvc\datasets\old-dataset\frames_unique\S_non_hate_videos_20,0.9919873476028442,0.0005283980281092227,0.007020735181868076,0.0004635714285541326,0,0,0.9932046569883823
S_non_hate_videos_200,0,0.006390336900949478,-5.046557426452637,val,True,human,0,E:\m-hvc\datasets\old-dataset\frames_unique\S_non_hate_videos_200,0.9928551316261292,0.0005892302724532783,0.00606625247746706,0.0004893558798357844,0,0,0.9936096630990505
S_non_hate_videos_201,0,0.006783866789191961,-4.986401081085205,train,True,human,0,E:\m-hvc\datasets\old-dataset\frames_unique\S_non_hate_videos_201,0.9918747544288635,0.0007577554206363857,0.006718708202242851,0.0006488760700449347,0,0,0.993216133210808
S_non_hate_videos_202,0,0.008029665797948837,-4.816550254821777,train,True,asr,0,E:\m-hvc\datasets\old-dataset\frames_unique\S_non_hate_videos_202,0.9926672577857971,0.0005963456933386624,0.006303702015429735,0.00043273542542010546,0,0,0.9919703342020512
S_non_hate_videos_203,0,0.04182346910238266,-3.1315743923187256,train,True,human,0,E:\m-hvc\datasets\old-dataset\frames_unique\S_non_hate_videos_203,0.8599268794059753,0.014538907445967197,0.05494174733757973,0.0705924853682518,0,0,0.9581765308976173
S_non_hate_videos_204,0,0.007146861869841814,-4.9339094161987305,train,True,human,0,E:\m-hvc\datasets\old-dataset\frames_unique\S_non_hate_videos_204,0.99191814661026,0.0005168112111277878,0.007104159332811832,0.00046079602907411754,0,0,0.9928531381301582
S_non_hate_videos_205,0,0.008460942655801773,-4.763797760009766,train,True,asr,0,E:\m-hvc\datasets\old-dataset\frames_unique\S_non_hate_videos_205,0.9920223951339722,0.0006437666597776115,0.00688503123819828,0.0004487883416004479,0,0,0.9915390573441982
S_non_hate_videos_206,0,0.006555004511028528,-5.020949840545654,train,True,human,0,E:\m-hvc\datasets\old-dataset\frames_unique\S_non_hate_videos_206,0.9927615523338318,0.0005354915629141033,0.006253954488784075,0.00044900900684297085,0,0,0.9934449954889715
S_non_hate_videos_207,0,0.013953696936368942,-4.257958889007568,test,True,human,0,E:\m-hvc\datasets\old-dataset\frames_unique\S_non_hate_videos_207,0.9655858278274536,0.0024365419521927834,0.03008168563246727,0.0018959308508783579,0,0,0.9860463030636311
S_non_hate_videos_208,0,0.025926172733306885,-3.6262340545654297,train,True,human,0,E:\m-hvc\datasets\old-dataset\frames_unique\S_non_hate_videos_208,0.9263110756874084,0.029757335782051086,0.03543712571263313,0.008494473062455654,0,0,0.9740738272666931
S_non_hate_videos_209,0,0.006529081147164106,-5.024938583374023,train,True,human,0,E:\m-hvc\datasets\old-dataset\frames_unique\S_non_hate_videos_209,0.9922757744789124,0.0006480379961431026,0.00652685109525919,0.000549442193005234,0,0,0.9934709188528359
S_non_hate_videos_21,0,0.0065760076977312565,-5.017729759216309,train,True,human,0,E:\m-hvc\datasets\old-dataset\frames_unique\S_non_hate_videos_21,0.9922717809677124,0.0007098503410816193,0.006462622433900833,0.0005557313561439514,0,0,0.9934239923022687
S_non_hate_videos_210,0,0.01617998629808426,-4.107667922973633,test,True,human,0,E:\m-hvc\datasets\old-dataset\frames_unique\S_non_hate_videos_210,0.9431993961334229,0.007991624996066093,0.044721223413944244,0.004087706096470356,0,0,0.9838200137019157
S_non_hate_videos_211,0,0.015474040992558002,-4.15299654006958,train,True,human,0,E:\m-hvc\datasets\old-dataset\frames_unique\S_non_hate_videos_211,0.9349147081375122,0.004170754924416542,0.05777730047702789,0.0031373004894703627,0,0,0.984525959007442
S_non_hate_videos_212,0,0.006137388292700052,-5.087199687957764,train,True,human,0,E:\m-hvc\datasets\old-dataset\frames_unique\S_non_hate_videos_212,0.9924728870391846,0.0006048455252312124,0.00639135530218482,0.0005309948464855552,0,0,0.9938626117073
S_non_hate_videos_213,0,0.005972055718302727,-5.114674091339111,train,True,human,0,E:\m-hvc\datasets\old-dataset\frames_unique\S_non_hate_videos_213,0.9920065999031067,0.0007904994999989867,0.0065689957700669765,0.0006339369574561715,0,0,0.9940279442816973
S_non_hate_videos_214,0,0.015486204996705055,-4.152198314666748,train,True,human,0,E:\m-hvc\datasets\old-dataset\frames_unique\S_non_hate_videos_214,0.9536889791488647,0.006687570828944445,0.03532085567712784,0.00430259108543396,0,0,0.984513795003295
S_non_hate_videos_215,0,0.006137307267636061,-5.087213039398193,train,True,human,0,E:\m-hvc\datasets\old-dataset\frames_unique\S_non_hate_videos_215,0.9932852983474731,0.000505851989146322,0.005789398681372404,0.0004194816283416003,0,0,0.9938626927323639
S_non_hate_videos_216,0,0.17570911347866058,-1.5456936359405518,val,True,asr,0,E:\m-hvc\datasets\old-dataset\frames_unique\S_non_hate_videos_216,0.3996981680393219,0.07868798077106476,0.06389223784208298,0.4577215909957886,0,3,0.8242908865213394
S_non_hate_videos_217,0,0.09160959720611572,-2.294138193130493,train,True,human,0,E:\m-hvc\datasets\old-dataset\frames_unique\S_non_hate_videos_217,0.6309744119644165,0.2771478593349457,0.05484437197446823,0.037033356726169586,0,0,0.9083904027938843
S_non_hate_videos_218,0,0.009298409335315228,-4.668570041656494,train,True,human,0,E:\m-hvc\datasets\old-dataset\frames_unique\S_non_hate_videos_218,0.9900519251823425,0.0008002592949196696,0.008396204560995102,0.0007516002515330911,0,0,0.9907015906646848
S_non_hate_videos_219,0,0.022283606231212616,-3.7813684940338135,train,True,asr,0,E:\m-hvc\datasets\old-dataset\frames_unique\S_non_hate_videos_219,0.944770097732544,0.009164390154182911,0.033953048288822174,0.012112440541386604,0,0,0.9777163937687874
S_non_hate_videos_22,0,0.0272793211042881,-3.573967933654785,train,True,human,0,E:\m-hvc\datasets\old-dataset\frames_unique\S_non_hate_videos_22,0.9282131791114807,0.030614841729402542,0.032848939299583435,0.00832303985953331,0,0,0.9727206788957119
S_non_hate_videos_220,0,0.06299639493227005,-2.6996095180511475,train,True,human,0,E:\m-hvc\datasets\old-dataset\frames_unique\S_non_hate_videos_220,0.7937953472137451,0.1389833241701126,0.04541418328881264,0.02180718071758747,0,0,0.93700360506773
S_non_hate_videos_221,0,0.0070479633286595345,-4.947943687438965,val,True,human,0,E:\m-hvc\datasets\old-dataset\frames_unique\S_non_hate_videos_221,0.9915522933006287,0.0006335826474241912,0.007257496006786823,0.0005566389299929142,0,0,0.9929520366713405
S_non_hate_videos_222,0,0.007660334464162588,-4.864009857177734,train,True,asr,0,E:\m-hvc\datasets\old-dataset\frames_unique\S_non_hate_videos_222,0.9906919598579407,0.0009089249651879072,0.007609953638166189,0.0007890925044193864,0,0,0.9923396655358374
S_non_hate_videos_223,0,0.007173457648605108,-4.930168151855469,train,True,asr,0,E:\m-hvc\datasets\old-dataset\frames_unique\S_non_hate_videos_223,0.9917747974395752,0.0006807380123063922,0.006933949422091246,0.0006104267667979002,0,0,0.9928265423513949
S_non_hate_videos_224,0,0.0440104641020298,-3.078319549560547,train,True,human,0,E:\m-hvc\datasets\old-dataset\frames_unique\S_non_hate_videos_224,0.6901803016662598,0.006910279393196106,0.2958119213581085,0.007097519002854824,0,0,0.9559895358979702
S_non_hate_videos_225,0,0.008742429316043854,-4.730786323547363,test,True,asr,0,E:\m-hvc\datasets\old-dataset\frames_unique\S_non_hate_videos_225,0.9885692596435547,0.001859966665506363,0.008590828627347946,0.0009799750987440348,0,0,0.9912575706839561
S_non_hate_videos_226,0,0.02385711669921875,-3.711526393890381,val,True,human,0,E:\m-hvc\datasets\old-dataset\frames_unique\S_non_hate_videos_226,0.8877676725387573,0.00640229182317853,0.10090457648038864,0.004925447050482035,0,0,0.9761428833007812
S_non_hate_videos_227,0,0.053814396262168884,-2.8668978214263916,val,True,asr,0,E:\m-hvc\datasets\old-dataset\frames_unique\S_non_hate_videos_227,0.6465144157409668,0.006699242163449526,0.339647501707077,0.007138869259506464,0,0,0.9461856037378311
S_non_hate_videos_228,0,0.035490360110998154,-3.302358627319336,val,True,human,0,E:\m-hvc\datasets\old-dataset\frames_unique\S_non_hate_videos_228,0.8780558109283447,0.00952261034399271,0.10680239647626877,0.005619186442345381,0,0,0.9645096398890018
S_non_hate_videos_229,0,0.007938293740153313,-4.828086853027344,train,True,human,0,E:\m-hvc\datasets\old-dataset\frames_unique\S_non_hate_videos_229,0.9888249039649963,0.0016406240174546838,0.00856514647603035,0.0009692881722003222,0,0,0.9920617062598467
S_non_hate_videos_23,0,0.008585871197283268,-4.749014377593994,val,True,asr,0,E:\m-hvc\datasets\old-dataset\frames_unique\S_non_hate_videos_23,0.992400050163269,0.000629668531473726,0.0064917015843093395,0.00047863085637800395,0,0,0.9914141288027167
S_non_hate_videos_230,0,0.007556454744189978,-4.877768039703369,val,True,asr,0,E:\m-hvc\datasets\old-dataset\frames_unique\S_non_hate_videos_230,0.9912942051887512,0.0007333398098126054,0.007354016415774822,0.0006184278172440827,0,0,0.99244354525581
S_non_hate_videos_231,0,0.05216754972934723,-2.899717092514038,train,True,human,0,E:\m-hvc\datasets\old-dataset\frames_unique\S_non_hate_videos_231,0.6406667232513428,0.006764581892639399,0.34459200501441956,0.007976697757840157,0,0,0.9478324502706528
S_non_hate_videos_232,0,0.007144303992390633,-4.934269905090332,val,True,asr,0,E:\m-hvc\datasets\old-dataset\frames_unique\S_non_hate_videos_232,0.991506040096283,0.0007748350035399199,0.007099627051502466,0.000619487080257386,0,0,0.9928556960076094
S_non_hate_videos_233,0,0.027983054518699646,-3.547774076461792,val,True,human,0,E:\m-hvc\datasets\old-dataset\frames_unique\S_non_hate_videos_233,0.9859921336174011,0.0006643970846198499,0.012827766127884388,0.0005156674305908382,0,0,0.9720169454813004
S_non_hate_videos_234,0,0.036207959055900574,-3.2815966606140137,train,True,human,0,E:\m-hvc\datasets\old-dataset\frames_unique\S_non_hate_videos_234,0.781426191329956,0.004818661604076624,0.20867250859737396,0.005082616116851568,0,0,0.9637920409440994
S_non_hate_videos_235,0,0.022489704191684723,-3.771951198577881,train,True,human,0,E:\m-hvc\datasets\old-dataset\frames_unique\S_non_hate_videos_235,0.9095779657363892,0.005442472640424967,0.08158743381500244,0.0033921508584171534,0,0,0.9775102958083153
S_non_hate_videos_236,0,0.007758384104818106,-4.851192474365234,train,True,human,0,E:\m-hvc\datasets\old-dataset\frames_unique\S_non_hate_videos_236,0.9912233352661133,0.0006608152179978788,0.007605039980262518,0.000510738231241703,0,0,0.9922416158951819
S_non_hate_videos_237,0,0.043205294758081436,-3.097625732421875,train,True,human,0,E:\m-hvc\datasets\old-dataset\frames_unique\S_non_hate_videos_237,0.8704310655593872,0.06448806822299957,0.04188231751322746,0.023198537528514862,0,0,0.9567947052419186
S_non_hate_videos_238,0,0.027450768277049065,-3.5675265789031982,train,True,human,0,E:\m-hvc\datasets\old-dataset\frames_unique\S_non_hate_videos_238,0.8629059195518494,0.0162897240370512,0.11153153330087662,0.009272823110222816,0,0,0.9725492317229509
S_non_hate_videos_239,0,0.006328922230750322,-5.056276321411133,val,True,human,0,E:\m-hvc\datasets\old-dataset\frames_unique\S_non_hate_videos_239,0.9925231337547302,0.0006620345520786941,0.006274173967540264,0.0005406329873949289,0,0,0.9936710777692497
S_non_hate_videos_24,0,0.033955782651901245,-3.3481504917144775,test,False,missing,0,E:\m-hvc\datasets\old-dataset\frames_unique\S_non_hate_videos_24,0.9344367384910583,0.005987085402011871,0.05306587740778923,0.006510296370834112,0,0,0.9660442173480988
S_non_hate_videos_240,0,0.007595356088131666,-4.872593879699707,val,True,asr,0,E:\m-hvc\datasets\old-dataset\frames_unique\S_non_hate_videos_240,0.990547239780426,0.0009268707362934947,0.007767216302454472,0.0007586507708765566,0,0,0.9924046439118683
S_non_hate_videos_241,0,0.006054467987269163,-5.10088586807251,train,True,human,0,E:\m-hvc\datasets\old-dataset\frames_unique\S_non_hate_videos_241,0.9921993613243103,0.0006683149258606136,0.006593722850084305,0.0005386325065046549,0,0,0.9939455320127308
S_non_hate_videos_242,0,0.023020785301923752,-3.748067855834961,train,True,human,0,E:\m-hvc\datasets\old-dataset\frames_unique\S_non_hate_videos_242,0.989099383354187,0.0003841713769361377,0.010209751315414906,0.0003067505604121834,0,0,0.9769792146980762
S_non_hate_videos_243,0,0.00909277144819498,-4.691141128540039,val,True,human,0,E:\m-hvc\datasets\old-dataset\frames_unique\S_non_hate_videos_243,0.9880000948905945,0.0007117746863514185,0.01070721447467804,0.0005808437708765268,0,0,0.990907228551805
S_non_hate_videos_244,0,0.0068990010768175125,-4.969455718994141,train,True,human,0,E:\m-hvc\datasets\old-dataset\frames_unique\S_non_hate_videos_244,0.9909432530403137,0.0010301230940967798,0.0072681051678955555,0.0007585354032926261,0,0,0.9931009989231825
S_non_hate_videos_245,0,0.006388163659721613,-5.046899795532227,test,True,human,0,E:\m-hvc\datasets\old-dataset\frames_unique\S_non_hate_videos_245,0.9927636981010437,0.0006408183835446835,0.006076883524656296,0.0005186630296520889,0,0,0.9936118363402784
S_non_hate_videos_246,0,0.007924247533082962,-4.829872131347656,test,True,human,0,E:\m-hvc\datasets\old-dataset\frames_unique\S_non_hate_videos_246,0.9920165538787842,0.0006938811275176704,0.006718662567436695,0.0005708878161385655,0,0,0.992075752466917
S_non_hate_videos_247,0,0.024384377524256706,-3.6891260147094727,test,True,human,0,E:\m-hvc\datasets\old-dataset\frames_unique\S_non_hate_videos_247,0.9672187566757202,0.0039079878479242325,0.021327795460820198,0.007545468397438526,0,0,0.9756156224757433
S_non_hate_videos_248,0,0.009280867874622345,-4.670475959777832,test,True,asr,0,E:\m-hvc\datasets\old-dataset\frames_unique\S_non_hate_videos_248,0.9901612997055054,0.0008885317365638912,0.008198891766369343,0.0007512335432693362,0,0,0.9907191321253777
S_non_hate_videos_249,0,0.008318633772432804,-4.7809038162231445,train,True,human,0,E:\m-hvc\datasets\old-dataset\frames_unique\S_non_hate_videos_249,0.9887073040008545,0.0008038638043217361,0.009821855463087559,0.0006669749272987247,0,0,0.9916813662275672
S_non_hate_videos_25,0,0.008908191695809364,-4.711835861206055,val,True,asr,0,E:\m-hvc\datasets\old-dataset\frames_unique\S_non_hate_videos_25,0.991905689239502,0.0005587120540440083,0.007063426077365875,0.00047218476538546383,0,0,0.9910918083041906
S_non_hate_videos_250,0,0.08348806947469711,-2.39587140083313,train,True,human,0,E:\m-hvc\datasets\old-dataset\frames_unique\S_non_hate_videos_250,0.4915897846221924,0.006866575684398413,0.49545687437057495,0.00608679186552763,0,2,0.9165119305253029
S_non_hate_videos_251,0,0.006467340048402548,-5.034502029418945,train,True,human,0,E:\m-hvc\datasets\old-dataset\frames_unique\S_non_hate_videos_251,0.9917435050010681,0.0005973411607556045,0.007130025420337915,0.0005290526896715164,0,0,0.9935326599515975
S_non_hate_videos_252,0,0.010666903108358383,-4.529885292053223,train,True,human,0,E:\m-hvc\datasets\old-dataset\frames_unique\S_non_hate_videos_252,0.9908696413040161,0.0005309747066348791,0.008197298273444176,0.00040204377728514373,0,0,0.9893330968916416
S_non_hate_videos_253,0,0.007065571378916502,-4.945430755615234,train,True,human,0,E:\m-hvc\datasets\old-dataset\frames_unique\S_non_hate_videos_253,0.9924476146697998,0.0005946212913841009,0.0065233539789915085,0.00043442746391519904,0,0,0.9929344286210835
S_non_hate_videos_254,0,0.2503339350223541,-1.0968321561813354,train,True,human,0,E:\m-hvc\datasets\old-dataset\frames_unique\S_non_hate_videos_254,0.22234338521957397,0.0043366095051169395,0.7691755890846252,0.004144441336393356,0,2,0.7496660649776459
S_non_hate_videos_255,0,0.030327724292874336,-3.464895725250244,train,True,asr,0,E:\m-hvc\datasets\old-dataset\frames_unique\S_non_hate_videos_255,0.9022098183631897,0.002076679840683937,0.09407176822423935,0.001641673967242241,0,0,0.9696722757071257
S_non_hate_videos_256,0,0.0061997706070542336,-5.077023983001709,train,True,human,0,E:\m-hvc\datasets\old-dataset\frames_unique\S_non_hate_videos_256,0.9915856122970581,0.0007468619733117521,0.007108035963028669,0.0005594794056378305,0,0,0.9938002293929458
S_non_hate_videos_257,0,0.008510671555995941,-4.757887363433838,train,True,human,0,E:\m-hvc\datasets\old-dataset\frames_unique\S_non_hate_videos_257,0.986689031124115,0.00225965422578156,0.009666173718869686,0.0013851356925442815,0,0,0.9914893284440041
S_non_hate_videos_258,0,0.008789177052676678,-4.725406169891357,train,True,asr,0,E:\m-hvc\datasets\old-dataset\frames_unique\S_non_hate_videos_258,0.9877299666404724,0.0014191274531185627,0.009900758042931557,0.0009501655003987253,0,0,0.9912108229473233
S_non_hate_videos_259,0,0.006932313088327646,-4.964605331420898,test,True,asr,0,E:\m-hvc\datasets\old-dataset\frames_unique\S_non_hate_videos_259,0.9910213351249695,0.0008961267303675413,0.007383998017758131,0.0006984997889958322,0,0,0.9930676869116724
S_non_hate_videos_26,0,0.011874435469508171,-4.421422004699707,val,True,human,0,E:\m-hvc\datasets\old-dataset\frames_unique\S_non_hate_videos_26,0.9800494909286499,0.003493314143270254,0.014429044909775257,0.002028068760409951,0,0,0.9881255645304918
S_non_hate_videos_260,0,0.017318613827228546,-4.038503170013428,train,True,human,0,E:\m-hvc\datasets\old-dataset\frames_unique\S_non_hate_videos_260,0.9203128814697266,0.003926271107047796,0.0726575180888176,0.0031033039558678865,0,0,0.9826813861727715
S_non_hate_videos_261,0,0.010402044281363487,-4.555296421051025,val,True,human,0,E:\m-hvc\datasets\old-dataset\frames_unique\S_non_hate_videos_261,0.9765028953552246,0.0020043321419507265,0.02002851292490959,0.0014642277965322137,0,0,0.9895979557186365
S_non_hate_videos_262,0,0.0559963695704937,-2.824843168258667,train,True,human,0,E:\m-hvc\datasets\old-dataset\frames_unique\S_non_hate_videos_262,0.6106497645378113,0.006059559527784586,0.37608602643013,0.007204663939774036,0,0,0.9440036304295063
S_non_hate_videos_263,0,0.3985292911529541,-0.41159674525260925,train,True,asr,0,E:\m-hvc\datasets\old-dataset\frames_unique\S_non_hate_videos_263,0.14835625886917114,0.0034151137806475163,0.8420450687408447,0.006183603312820196,1,2,0.6014707088470459
S_non_hate_videos_264,0,0.9259687066078186,2.526352882385254,val,True,human,0,E:\m-hvc\datasets\old-dataset\frames_unique\S_non_hate_videos_264,0.4267997741699219,0.015542027540504932,0.5453580617904663,0.012300156988203526,1,2,0.9259687066078186
S_non_hate_videos_265,0,0.19260531663894653,-1.4331694841384888,train,True,asr,0,E:\m-hvc\datasets\old-dataset\frames_unique\S_non_hate_videos_265,0.3159826993942261,0.03622102737426758,0.07379085570573807,0.5740054249763489,0,3,0.8073946833610535
S_non_hate_videos_266,0,0.02829979732632637,-3.5361926555633545,train,True,human,0,E:\m-hvc\datasets\old-dataset\frames_unique\S_non_hate_videos_266,0.9844463467597961,0.0011487033916637301,0.013667474500834942,0.0007374142878688872,0,0,0.9717002026736736
S_non_hate_videos_267,0,0.011269430629909039,-4.47432804107666,val,True,human,0,E:\m-hvc\datasets\old-dataset\frames_unique\S_non_hate_videos_267,0.9865257740020752,0.0015130838146433234,0.011052184738218784,0.0009089197847060859,0,0,0.988730569370091
S_non_hate_videos_268,0,0.007012858055531979,-4.952972412109375,val,True,human,0,E:\m-hvc\datasets\old-dataset\frames_unique\S_non_hate_videos_268,0.9915180802345276,0.0007841672049835324,0.007096142508089542,0.0006016192492097616,0,0,0.992987141944468
S_non_hate_videos_269,0,0.026380131021142006,-3.608409881591797,train,True,human,0,E:\m-hvc\datasets\old-dataset\frames_unique\S_non_hate_videos_269,0.9840642213821411,0.00047912850277498364,0.015106000937521458,0.0003506763023324311,0,0,0.973619868978858
S_non_hate_videos_27,0,0.006812508217990398,-4.98215913772583,train,True,human,0,E:\m-hvc\datasets\old-dataset\frames_unique\S_non_hate_videos_27,0.992219090461731,0.0007172747864387929,0.006464964244514704,0.0005987213808111846,0,0,0.9931874917820096
S_non_hate_videos_270,0,0.22667372226715088,-1.2271894216537476,train,True,human,0,E:\m-hvc\datasets\old-dataset\frames_unique\S_non_hate_videos_270,0.2897481620311737,0.042162977159023285,0.0698038786649704,0.5982849597930908,0,3,0.7733262777328491
S_non_hate_videos_271,0,0.022370781749486923,-3.777374744415283,train,True,human,0,E:\m-hvc\datasets\old-dataset\frames_unique\S_non_hate_videos_271,0.8968344926834106,0.005424710921943188,0.09305769205093384,0.0046830447390675545,0,0,0.9776292182505131
S_non_hate_videos_272,0,0.44655218720436096,-0.21461105346679688,test,True,human,0,E:\m-hvc\datasets\old-dataset\frames_unique\S_non_hate_videos_272,0.8890601396560669,0.003274658229202032,0.10506180673837662,0.0026033397298306227,1,0,0.553447812795639
S_non_hate_videos_273,0,0.007559577003121376,-4.877351760864258,train,True,human,0,E:\m-hvc\datasets\old-dataset\frames_unique\S_non_hate_videos_273,0.9908595681190491,0.0008474676287733018,0.007553853560239077,0.0007390672108158469,0,0,0.9924404229968786
S_non_hate_videos_274,0,0.02329515665769577,-3.7359390258789062,val,False,missing,0,E:\m-hvc\datasets\old-dataset\frames_unique\S_non_hate_videos_274,0.9348311424255371,0.009543996304273605,0.045951519161462784,0.00967331975698471,0,0,0.9767048433423042
S_non_hate_videos_275,0,0.025645796209573746,-3.637395143508911,val,False,missing,0,E:\m-hvc\datasets\old-dataset\frames_unique\S_non_hate_videos_275,0.9349122047424316,0.009613476693630219,0.045358024537563324,0.01011632289737463,0,0,0.9743542037904263
S_non_hate_videos_276,0,0.0826486200094223,-2.4068925380706787,val,False,missing,0,E:\m-hvc\datasets\old-dataset\frames_unique\S_non_hate_videos_276,0.8781912922859192,0.007545319385826588,0.10706102102994919,0.007202372420579195,0,0,0.9173513799905777
S_non_hate_videos_277,0,0.020343726500868797,-3.874429225921631,train,False,missing,0,E:\m-hvc\datasets\old-dataset\frames_unique\S_non_hate_videos_277,0.94052654504776,0.008744881488382816,0.04156883433461189,0.009159667417407036,0,0,0.9796562734991312
S_non_hate_videos_278,0,0.02551712654531002,-3.642557144165039,train,True,asr,0,E:\m-hvc\datasets\old-dataset\frames_unique\S_non_hate_videos_278,0.9615543484687805,0.004871073178946972,0.022656932473182678,0.010917690582573414,0,0,0.97448287345469
S_non_hate_videos_279,0,0.023610955104231834,-3.7221503257751465,train,True,human,0,E:\m-hvc\datasets\old-dataset\frames_unique\S_non_hate_videos_279,0.9871094226837158,0.0008095905650407076,0.011592996306717396,0.0004879348271060735,0,0,0.9763890448957682
S_non_hate_videos_28,0,0.017922019585967064,-4.003640651702881,test,True,asr,0,E:\m-hvc\datasets\old-dataset\frames_unique\S_non_hate_videos_28,0.957697331905365,0.0025209616869688034,0.03823480382561684,0.0015469094505533576,0,0,0.9820779804140329
S_non_hate_videos_280,0,0.007712524849921465,-4.8571672439575195,train,True,asr,0,E:\m-hvc\datasets\old-dataset\frames_unique\S_non_hate_videos_280,0.9915036559104919,0.0007349656079895794,0.007172711659222841,0.0005886063445359468,0,0,0.9922874751500785
S_non_hate_videos_281,0,0.04755719006061554,-2.9970970153808594,train,True,human,0,E:\m-hvc\datasets\old-dataset\frames_unique\S_non_hate_videos_281,0.6438646912574768,0.006869972683489323,0.3416440188884735,0.007621282711625099,0,0,0.9524428099393845
S_non_hate_videos_282,0,0.007963652722537518,-4.824872016906738,train,True,human,0,E:\m-hvc\datasets\old-dataset\frames_unique\S_non_hate_videos_282,0.9840913414955139,0.00122585310600698,0.013757620006799698,0.0009251433075405657,0,0,0.9920363472774625
S_non_hate_videos_283,0,0.019621873274445534,-3.9112935066223145,train,True,human,0,E:\m-hvc\datasets\old-dataset\frames_unique\S_non_hate_videos_283,0.9916585087776184,0.00039492856012657285,0.007697164546698332,0.0002493433130439371,0,0,0.9803781267255545
S_non_hate_videos_284,0,0.16067619621753693,-1.653205394744873,train,True,asr,0,E:\m-hvc\datasets\old-dataset\frames_unique\S_non_hate_videos_284,0.5471760034561157,0.24576163291931152,0.0842696875333786,0.12279267609119415,0,0,0.8393238037824631
S_non_hate_videos_285,0,0.007633676752448082,-4.867522716522217,train,True,asr,0,E:\m-hvc\datasets\old-dataset\frames_unique\S_non_hate_videos_285,0.9928939938545227,0.000621067825704813,0.005997163243591785,0.0004878061299677938,0,0,0.9923663232475519
S_non_hate_videos_286,0,0.007198472041636705,-4.926661968231201,train,True,human,0,E:\m-hvc\datasets\old-dataset\frames_unique\S_non_hate_videos_286,0.9923885464668274,0.0006634489400312304,0.006408261600881815,0.0005396350752562284,0,0,0.9928015279583633
S_non_hate_videos_287,0,0.0068474444560706615,-4.977008819580078,test,True,human,0,E:\m-hvc\datasets\old-dataset\frames_unique\S_non_hate_videos_287,0.9919679760932922,0.0007051770226098597,0.006749344989657402,0.0005775537574663758,0,0,0.9931525555439293
S_non_hate_videos_288,0,0.006470993161201477,-5.033933639526367,train,True,human,0,E:\m-hvc\datasets\old-dataset\frames_unique\S_non_hate_videos_288,0.9918786287307739,0.0006946016219444573,0.006819152273237705,0.0006075319834053516,0,0,0.9935290068387985
S_non_hate_videos_289,0,0.14041417837142944,-1.8118541240692139,train,True,human,0,E:\m-hvc\datasets\old-dataset\frames_unique\S_non_hate_videos_289,0.4415743947029114,0.03791339695453644,0.12992778420448303,0.39058446884155273,0,0,0.8595858216285706
S_non_hate_videos_29,0,0.011831419542431831,-4.4250946044921875,train,True,human,0,E:\m-hvc\datasets\old-dataset\frames_unique\S_non_hate_videos_29,0.979541003704071,0.002045421628281474,0.017208736389875412,0.001204875996336341,0,0,0.9881685804575682
S_non_hate_videos_290,0,0.0064650303684175014,-5.0348615646362305,test,True,human,0,E:\m-hvc\datasets\old-dataset\frames_unique\S_non_hate_videos_290,0.9919720888137817,0.0006666072295047343,0.006820503622293472,0.0005407348508015275,0,0,0.9935349696315825
S_non_hate_videos_291,0,0.006531785242259502,-5.024521827697754,train,True,human,0,E:\m-hvc\datasets\old-dataset\frames_unique\S_non_hate_videos_291,0.9914059638977051,0.0007261059363372624,0.007233606651425362,0.0006343246204778552,0,0,0.9934682147577405
S_non_hate_videos_292,0,0.13022717833518982,-1.898951530456543,train,True,asr,0,E:\m-hvc\datasets\old-dataset\frames_unique\S_non_hate_videos_292,0.4280199110507965,0.009211204014718533,0.5559537410736084,0.0068151215091347694,0,2,0.8697728216648102
S_non_hate_videos_293,0,0.01357890572398901,-4.2855658531188965,train,True,human,0,E:\m-hvc\datasets\old-dataset\frames_unique\S_non_hate_videos_293,0.9622339010238647,0.0022733735386282206,0.03369096294045448,0.0018016892718151212,0,0,0.986421094276011
S_non_hate_videos_3,0,0.04155104234814644,-3.1383936405181885,train,True,human,0,E:\m-hvc\datasets\old-dataset\frames_unique\S_non_hate_videos_3,0.7089946269989014,0.0072418199852108955,0.2760739326477051,0.007689724676311016,0,0,0.9584489576518536
S_non_hate_videos_30,0,0.027044126763939857,-3.582868814468384,train,True,human,0,E:\m-hvc\datasets\old-dataset\frames_unique\S_non_hate_videos_30,0.980097770690918,0.0004890996497124434,0.019096020609140396,0.00031706897425465286,0,0,0.9729558732360601
S_non_hate_videos_31,0,0.00815498735755682,-4.800937175750732,train,True,human,0,E:\m-hvc\datasets\old-dataset\frames_unique\S_non_hate_videos_31,0.9927268028259277,0.0005833423929288983,0.0062375315465033054,0.0004522496310528368,0,0,0.9918450126424432
S_non_hate_videos_32,0,0.013415246270596981,-4.297857284545898,train,True,asr,0,E:\m-hvc\datasets\old-dataset\frames_unique\S_non_hate_videos_32,0.9914323091506958,0.0005868565058335662,0.007587599568068981,0.00039331489824689925,0,0,0.986584753729403
S_non_hate_videos_33,0,0.18303461372852325,-1.4959214925765991,train,True,human,0,E:\m-hvc\datasets\old-dataset\frames_unique\S_non_hate_videos_33,0.32097288966178894,0.004178812261670828,0.6706289052963257,0.004219315480440855,0,2,0.8169653862714767
S_non_hate_videos_34,0,0.04786175116896629,-2.99039363861084,train,False,missing,0,E:\m-hvc\datasets\old-dataset\frames_unique\S_non_hate_videos_34,0.927354097366333,0.005373315420001745,0.062051814049482346,0.005220711696892977,0,0,0.9521382488310337
S_non_hate_videos_35,0,0.05230998992919922,-2.8968400955200195,train,False,missing,0,E:\m-hvc\datasets\old-dataset\frames_unique\S_non_hate_videos_35,0.9235414266586304,0.006774820387363434,0.06328275054693222,0.006400942802429199,0,0,0.9476900100708008
S_non_hate_videos_36,0,0.49525001645088196,-0.019000448286533356,train,True,human,0,E:\m-hvc\datasets\old-dataset\frames_unique\S_non_hate_videos_36,0.8798503875732422,0.00152197340503335,0.11755013465881348,0.0010775659466162324,1,0,0.504749983549118
S_non_hate_videos_37,0,0.025012515485286713,-3.663048267364502,train,True,human,0,E:\m-hvc\datasets\old-dataset\frames_unique\S_non_hate_videos_37,0.9888456463813782,0.0005696907173842192,0.010203915648162365,0.000380807148758322,0,0,0.9749874845147133
S_non_hate_videos_38,0,0.22697977721691132,-1.2254443168640137,train,True,human,0,E:\m-hvc\datasets\old-dataset\frames_unique\S_non_hate_videos_38,0.9411976933479309,0.0012677760096266866,0.05666783079504967,0.0008667271467857063,0,0,0.7730202227830887
S_non_hate_videos_39,0,0.9745134711265564,3.6437883377075195,train,False,missing,0,E:\m-hvc\datasets\old-dataset\frames_unique\S_non_hate_videos_39,0.08983860909938812,0.025183917954564095,0.8376485705375671,0.04732893779873848,1,2,0.9745134711265564
S_non_hate_videos_4,0,0.022591853514313698,-3.767314910888672,test,True,human,0,E:\m-hvc\datasets\old-dataset\frames_unique\S_non_hate_videos_4,0.9572280645370483,0.0192252267152071,0.01834700256586075,0.005199625622481108,0,0,0.9774081464856863
S_non_hate_videos_40,0,0.2769845426082611,-0.9594687819480896,train,True,human,0,E:\m-hvc\datasets\old-dataset\frames_unique\S_non_hate_videos_40,0.27160921692848206,0.014603798277676105,0.6457289457321167,0.06805796921253204,0,2,0.7230154573917389
S_non_hate_videos_41,0,0.024338308721780777,-3.6910643577575684,train,False,missing,0,E:\m-hvc\datasets\old-dataset\frames_unique\S_non_hate_videos_41,0.933110773563385,0.010777987539768219,0.04529968276619911,0.010811635293066502,0,0,0.9756616912782192
S_non_hate_videos_42,0,0.008225004188716412,-4.7923173904418945,train,True,asr,0,E:\m-hvc\datasets\old-dataset\frames_unique\S_non_hate_videos_42,0.9915974736213684,0.0006653261370956898,0.00723185483366251,0.0005053778877481818,0,0,0.9917749958112836
S_non_hate_videos_43,0,0.01216241717338562,-4.397167682647705,val,True,human,0,E:\m-hvc\datasets\old-dataset\frames_unique\S_non_hate_videos_43,0.9689740538597107,0.0020300012547522783,0.027446696534752846,0.0015492099337279797,0,0,0.9878375828266144
S_non_hate_videos_44,0,0.02127486653625965,-3.8287243843078613,test,True,asr,0,E:\m-hvc\datasets\old-dataset\frames_unique\S_non_hate_videos_44,0.990012526512146,0.00042523862794041634,0.009276079945266247,0.00028614059556275606,0,0,0.9787251334637403
S_non_hate_videos_45,0,0.007514065131545067,-4.88343620300293,train,True,human,0,E:\m-hvc\datasets\old-dataset\frames_unique\S_non_hate_videos_45,0.9932993650436401,0.00047548770089633763,0.005879390053451061,0.00034563991357572377,0,0,0.9924859348684549
S_non_hate_videos_46,0,0.008021621964871883,-4.81756067276001,train,True,human,0,E:\m-hvc\datasets\old-dataset\frames_unique\S_non_hate_videos_46,0.9926335215568542,0.0005773016600869596,0.006353823002427816,0.0004354133561719209,0,0,0.9919783780351281
S_non_hate_videos_47,0,0.006986198015511036,-4.956808090209961,train,True,human,0,E:\m-hvc\datasets\old-dataset\frames_unique\S_non_hate_videos_47,0.9924087524414062,0.0006358663667924702,0.006464926525950432,0.0004904217203147709,0,0,0.993013801984489
S_non_hate_videos_48,0,0.016502462327480316,-4.0876054763793945,train,True,asr,0,E:\m-hvc\datasets\old-dataset\frames_unique\S_non_hate_videos_48,0.9820634126663208,0.0031285258010029793,0.013178106397390366,0.0016299565322697163,0,0,0.9834975376725197
S_non_hate_videos_49,0,0.010099121369421482,-4.585156440734863,train,True,human,0,E:\m-hvc\datasets\old-dataset\frames_unique\S_non_hate_videos_49,0.9920955300331116,0.0005118100089021027,0.007018936797976494,0.0003737815422937274,0,0,0.9899008786305785
S_non_hate_videos_5,0,0.006423137616366148,-5.041404724121094,train,True,human,0,E:\m-hvc\datasets\old-dataset\frames_unique\S_non_hate_videos_5,0.9923151731491089,0.00067859300179407,0.006484696175903082,0.0005214725970290601,0,0,0.9935768623836339
S_non_hate_videos_50,0,0.020533742383122444,-3.864938259124756,train,True,asr,0,E:\m-hvc\datasets\old-dataset\frames_unique\S_non_hate_videos_50,0.9906569719314575,0.00033235090086236596,0.00879285205155611,0.00021781974646728486,0,0,0.9794662576168776
S_non_hate_videos_51,0,0.902468204498291,2.224954605102539,train,True,human,0,E:\m-hvc\datasets\old-dataset\frames_unique\S_non_hate_videos_51,0.13650986552238464,0.5241323113441467,0.21533237397670746,0.1240253821015358,1,1,0.902468204498291
S_non_hate_videos_52,0,0.9379376769065857,2.7155447006225586,test,True,human,0,E:\m-hvc\datasets\old-dataset\frames_unique\S_non_hate_videos_52,0.03423947095870972,0.004411744885146618,0.956813633441925,0.004535176325589418,1,2,0.9379376769065857
S_non_hate_videos_53,0,0.020071206614375114,-3.8881936073303223,test,False,missing,0,E:\m-hvc\datasets\old-dataset\frames_unique\S_non_hate_videos_53,0.9451411962509155,0.006967345252633095,0.040724001824855804,0.00716749019920826,0,0,0.9799287933856249
S_non_hate_videos_54,0,0.009032811038196087,-4.697817802429199,train,True,asr,0,E:\m-hvc\datasets\old-dataset\frames_unique\S_non_hate_videos_54,0.9920881390571594,0.0006869182107038796,0.006702907383441925,0.0005220811581239104,0,0,0.9909671889618039
S_non_hate_videos_55,0,0.5268585681915283,0.10753773897886276,train,True,human,0,E:\m-hvc\datasets\old-dataset\frames_unique\S_non_hate_videos_55,0.883329451084137,0.0036948437336832285,0.11147152632474899,0.0015041976002976298,1,0,0.5268585681915283
S_non_hate_videos_56,0,0.9512943625450134,2.9720282554626465,test,True,human,0,E:\m-hvc\datasets\old-dataset\frames_unique\S_non_hate_videos_56,0.09794638305902481,0.43357038497924805,0.3249445855617523,0.14353862404823303,1,1,0.9512943625450134
S_non_hate_videos_57,0,0.9343037605285645,2.654759645462036,test,True,human,0,E:\m-hvc\datasets\old-dataset\frames_unique\S_non_hate_videos_57,0.4418564736843109,0.02358360029757023,0.5124504566192627,0.022109447047114372,1,2,0.9343037605285645
S_non_hate_videos_58,0,0.23708575963974,-1.168723702430725,test,True,asr,0,E:\m-hvc\datasets\old-dataset\frames_unique\S_non_hate_videos_58,0.9434335231781006,0.001038341666571796,0.05471271276473999,0.0008154666284099221,0,0,0.76291424036026
S_non_hate_videos_59,0,0.9510406851768494,2.9665682315826416,test,True,human,0,E:\m-hvc\datasets\old-dataset\frames_unique\S_non_hate_videos_59,0.3509092330932617,0.028159020468592644,0.5936627984046936,0.02726891078054905,1,2,0.9510406851768494
S_non_hate_videos_6,0,0.022591853514313698,-3.767314910888672,val,True,human,0,E:\m-hvc\datasets\old-dataset\frames_unique\S_non_hate_videos_6,0.9572280645370483,0.0192252267152071,0.01834700256586075,0.005199625622481108,0,0,0.9774081464856863
S_non_hate_videos_60,0,0.6524742245674133,0.6299329400062561,train,True,human,0,E:\m-hvc\datasets\old-dataset\frames_unique\S_non_hate_videos_60,0.38459065556526184,0.16210831701755524,0.3578447699546814,0.0954563170671463,1,0,0.6524742245674133
S_non_hate_videos_61,0,0.013995411805808544,-4.254931449890137,train,True,human,0,E:\m-hvc\datasets\old-dataset\frames_unique\S_non_hate_videos_61,0.9708874225616455,0.0021910197101533413,0.02503286488354206,0.0018886725883930922,0,0,0.9860045881941915
S_non_hate_videos_62,0,0.033236872404813766,-3.370293617248535,train,True,human,0,E:\m-hvc\datasets\old-dataset\frames_unique\S_non_hate_videos_62,0.9891455173492432,0.00035247765481472015,0.010291671380400658,0.0002103048755088821,0,0,0.9667631275951862
S_non_hate_videos_63,0,0.008216382004320621,-4.793375015258789,train,True,asr,0,E:\m-hvc\datasets\old-dataset\frames_unique\S_non_hate_videos_63,0.9927694797515869,0.0005131313810124993,0.006346489302814007,0.0003709325974341482,0,0,0.9917836179956794
S_non_hate_videos_64,0,0.0302872434258461,-3.466273307800293,train,True,asr,0,E:\m-hvc\datasets\old-dataset\frames_unique\S_non_hate_videos_64,0.9873355031013489,0.0005078317481093109,0.011761480942368507,0.00039520071004517376,0,0,0.9697127565741539
S_non_hate_videos_65,0,0.08788879215717316,-2.3396897315979004,train,True,human,0,E:\m-hvc\datasets\old-dataset\frames_unique\S_non_hate_videos_65,0.8622393012046814,0.0069698127917945385,0.12794092297554016,0.0028498880565166473,0,0,0.9121112078428268
S_non_hate_videos_66,0,0.03246958553791046,-3.3944430351257324,train,True,asr,0,E:\m-hvc\datasets\old-dataset\frames_unique\S_non_hate_videos_66,0.9542529582977295,0.0010963777313008904,0.043956514447927475,0.0006941103492863476,0,0,0.9675304144620895
S_non_hate_videos_67,0,0.9218453168869019,2.4676876068115234,val,True,human,0,E:\m-hvc\datasets\old-dataset\frames_unique\S_non_hate_videos_67,0.26216262578964233,0.07944124191999435,0.6203991770744324,0.037996917963027954,1,2,0.9218453168869019
S_non_hate_videos_68,0,0.9511115550994873,2.968090057373047,val,True,human,0,E:\m-hvc\datasets\old-dataset\frames_unique\S_non_hate_videos_68,0.3604666292667389,0.01909743808209896,0.5895355939865112,0.030900415033102036,1,2,0.9511115550994873
S_non_hate_videos_69,0,0.01307674590498209,-4.323756694793701,train,True,human,0,E:\m-hvc\datasets\old-dataset\frames_unique\S_non_hate_videos_69,0.9820696115493774,0.0032997040543705225,0.012662685476243496,0.0019679060205817223,0,0,0.9869232540950179
S_non_hate_videos_7,0,0.015480485744774342,-4.152573585510254,train,True,human,0,E:\m-hvc\datasets\old-dataset\frames_unique\S_non_hate_videos_7,0.9433413147926331,0.003122006542980671,0.050845734775066376,0.0026909001171588898,0,0,0.9845195142552257
S_non_hate_videos_70,0,0.5193079710006714,0.07727042585611343,train,True,human,0,E:\m-hvc\datasets\old-dataset\frames_unique\S_non_hate_videos_70,0.3180317282676697,0.035572003573179245,0.6312406659126282,0.015155613422393799,1,2,0.5193079710006714
S_non_hate_videos_71,0,0.31472527980804443,-0.7781195640563965,val,True,asr,0,E:\m-hvc\datasets\old-dataset\frames_unique\S_non_hate_videos_71,0.28701257705688477,0.003530454356223345,0.705665111541748,0.0037918456364423037,0,2,0.6852747201919556
S_non_hate_videos_72,0,0.5232086181640625,0.09290113300085068,test,True,human,0,E:\m-hvc\datasets\old-dataset\frames_unique\S_non_hate_videos_72,0.14071932435035706,0.03856462612748146,0.06177187338471413,0.7589441537857056,1,3,0.5232086181640625
S_non_hate_videos_73,0,0.10571812093257904,-2.135244607925415,train,True,human,0,E:\m-hvc\datasets\old-dataset\frames_unique\S_non_hate_videos_73,0.48967644572257996,0.003979780245572329,0.5017345547676086,0.004609233699738979,0,2,0.894281879067421
S_non_hate_videos_74,0,0.03612879663705826,-3.283867359161377,val,True,human,0,E:\m-hvc\datasets\old-dataset\frames_unique\S_non_hate_videos_74,0.9493369460105896,0.011917196214199066,0.03406384214758873,0.0046819350682199,0,0,0.9638712033629417
S_non_hate_videos_75,0,0.023169688880443573,-3.7414679527282715,train,True,human,0,E:\m-hvc\datasets\old-dataset\frames_unique\S_non_hate_videos_75,0.9693078398704529,0.0012898835120722651,0.028504127636551857,0.0008982212166301906,0,0,0.9768303111195564
S_non_hate_videos_76,0,0.01953338459134102,-3.9159035682678223,train,False,missing,0,E:\m-hvc\datasets\old-dataset\frames_unique\S_non_hate_videos_76,0.9450437426567078,0.008269603364169598,0.0382293201982975,0.00845725554972887,0,0,0.980466615408659
S_non_hate_videos_77,0,0.01980963721871376,-3.901578187942505,train,False,missing,0,E:\m-hvc\datasets\old-dataset\frames_unique\S_non_hate_videos_77,0.9456764459609985,0.008113804273307323,0.03787801414728165,0.008331759832799435,0,0,0.9801903627812862
S_non_hate_videos_78,0,0.0076503511518239975,-4.865324020385742,train,True,human,0,E:\m-hvc\datasets\old-dataset\frames_unique\S_non_hate_videos_78,0.9910649061203003,0.0008022053516469896,0.007418978027999401,0.0007139110821299255,0,0,0.992349648848176
S_non_hate_videos_79,0,0.0077972812578082085,-4.846152305603027,train,True,human,0,E:\m-hvc\datasets\old-dataset\frames_unique\S_non_hate_videos_79,0.9910515546798706,0.000789628888014704,0.007456137333065271,0.0007027721148915589,0,0,0.9922027187421918
S_non_hate_videos_8,0,0.09198695421218872,-2.289612054824829,train,True,human,0,E:\m-hvc\datasets\old-dataset\frames_unique\S_non_hate_videos_8,0.6708405613899231,0.0855875238776207,0.10284951329231262,0.14072243869304657,0,0,0.9080130457878113
S_non_hate_videos_80,0,0.974826455116272,3.6564669609069824,val,False,missing,0,E:\m-hvc\datasets\old-dataset\frames_unique\S_non_hate_videos_80,0.09513714164495468,0.017976729199290276,0.8548120260238647,0.032074134796857834,1,2,0.974826455116272
S_non_hate_videos_81,0,0.9701071977615356,3.4797892570495605,train,False,missing,0,E:\m-hvc\datasets\old-dataset\frames_unique\S_non_hate_videos_81,0.10666540265083313,0.015407410450279713,0.8528066873550415,0.02512054145336151,1,2,0.9701071977615356
S_non_hate_videos_82,0,0.0070735374465584755,-4.944295883178711,train,True,human,0,E:\m-hvc\datasets\old-dataset\frames_unique\S_non_hate_videos_82,0.9906755685806274,0.000921711209230125,0.007679143454879522,0.0007235119119286537,0,0,0.9929264625534415
S_non_hate_videos_83,0,0.007262406405061483,-4.917755126953125,val,True,human,0,E:\m-hvc\datasets\old-dataset\frames_unique\S_non_hate_videos_83,0.9905221462249756,0.0009493380202911794,0.007795690093189478,0.0007327732164412737,0,0,0.9927375935949385
S_non_hate_videos_84,0,0.011694062501192093,-4.436911106109619,train,True,human,0,E:\m-hvc\datasets\old-dataset\frames_unique\S_non_hate_videos_84,0.9832294583320618,0.0024432328063994646,0.01259088795632124,0.0017363158985972404,0,0,0.9883059374988079
S_non_hate_videos_85,0,0.011908882297575474,-4.418490409851074,train,True,human,0,E:\m-hvc\datasets\old-dataset\frames_unique\S_non_hate_videos_85,0.9830631017684937,0.002460804767906666,0.012737915851175785,0.001738270977512002,0,0,0.9880911177024245
S_non_hate_videos_86,0,0.029788624495267868,-3.4833874702453613,train,True,human,0,E:\m-hvc\datasets\old-dataset\frames_unique\S_non_hate_videos_86,0.9844850301742554,0.0004833144776057452,0.014721750281751156,0.0003098698507528752,0,0,0.9702113755047321
S_non_hate_videos_87,0,0.01569158211350441,-4.138814926147461,val,True,human,0,E:\m-hvc\datasets\old-dataset\frames_unique\S_non_hate_videos_87,0.9889702796936035,0.0005155970575287938,0.010163700208067894,0.0003504492051433772,0,0,0.9843084178864956
S_non_hate_videos_88,0,0.01019801665097475,-4.575311660766602,val,True,human,0,E:\m-hvc\datasets\old-dataset\frames_unique\S_non_hate_videos_88,0.9818575382232666,0.00414717011153698,0.011982823722064495,0.0020123624708503485,0,0,0.9898019833490252
S_non_hate_videos_89,0,0.01019801665097475,-4.575311660766602,test,True,human,0,E:\m-hvc\datasets\old-dataset\frames_unique\S_non_hate_videos_89,0.9818575382232666,0.00414717011153698,0.011982823722064495,0.0020123624708503485,0,0,0.9898019833490252
S_non_hate_videos_9,0,0.953212320804596,3.0142178535461426,val,True,human,0,E:\m-hvc\datasets\old-dataset\frames_unique\S_non_hate_videos_9,0.3442176580429077,0.016198845580220222,0.6184098124504089,0.02117369882762432,1,2,0.953212320804596
S_non_hate_videos_90,0,0.01104028895497322,-4.495102405548096,test,True,human,0,E:\m-hvc\datasets\old-dataset\frames_unique\S_non_hate_videos_90,0.9927638173103333,0.0003755651705432683,0.006579889915883541,0.00028073968132957816,0,0,0.9889597110450268
S_non_hate_videos_91,0,0.10916542261838913,-2.099294424057007,train,True,human,0,E:\m-hvc\datasets\old-dataset\frames_unique\S_non_hate_videos_91,0.72883540391922,0.10262089967727661,0.13336966931819916,0.035174090415239334,0,0,0.8908345773816109
S_non_hate_videos_92,0,0.008069522678852081,-4.811558723449707,train,True,asr,0,E:\m-hvc\datasets\old-dataset\frames_unique\S_non_hate_videos_92,0.9920608997344971,0.0007176349172368646,0.0066551873460412025,0.0005661777104251087,0,0,0.9919304773211479
S_non_hate_videos_93,0,0.8133058547973633,1.4716356992721558,test,True,human,0,E:\m-hvc\datasets\old-dataset\frames_unique\S_non_hate_videos_93,0.6611416935920715,0.006319412495940924,0.3265208601951599,0.006018032319843769,1,0,0.8133058547973633
S_non_hate_videos_94,0,0.006771379616111517,-4.988255977630615,train,True,human,0,E:\m-hvc\datasets\old-dataset\frames_unique\S_non_hate_videos_94,0.9925873875617981,0.0005543001461774111,0.006357664708048105,0.0005006547435186803,0,0,0.9932286203838885
S_non_hate_videos_95,0,0.023263873532414436,-3.7373149394989014,train,False,missing,0,E:\m-hvc\datasets\old-dataset\frames_unique\S_non_hate_videos_95,0.949506938457489,0.005992572288960218,0.038535356521606445,0.005965172313153744,0,0,0.9767361264675856
S_non_hate_videos_96,0,0.008960635401308537,-4.705913066864014,train,True,asr,0,E:\m-hvc\datasets\old-dataset\frames_unique\S_non_hate_videos_96,0.9915198683738708,0.0005835673655383289,0.007406654302030802,0.0004899153718724847,0,0,0.9910393645986915
S_non_hate_videos_97,0,0.029164113104343414,-3.505218505859375,train,True,human,0,E:\m-hvc\datasets\old-dataset\frames_unique\S_non_hate_videos_97,0.9863255620002747,0.0007292116060853004,0.012427479960024357,0.0005177219863981009,0,0,0.9708358868956566
S_non_hate_videos_98,0,0.08679238706827164,-2.3534443378448486,train,True,human,0,E:\m-hvc\datasets\old-dataset\frames_unique\S_non_hate_videos_98,0.5187387466430664,0.004453538451343775,0.47169390320777893,0.005113884806632996,0,0,0.9132076129317284
S_non_hate_videos_99,0,0.01428708340972662,-4.234009265899658,train,True,human,0,E:\m-hvc\datasets\old-dataset\frames_unique\S_non_hate_videos_99,0.9865105748176575,0.0008589940262027085,0.011853269301354885,0.0007772184908390045,0,0,0.9857129165902734
hate_video_1,1,0.8088735938072205,1.4427074193954468,train,False,missing,2,E:\m-hvc\datasets\old-dataset\frames_unique\hate_video_1,0.28413069248199463,0.03516088426113129,0.6476544141769409,0.033054009079933167,1,2,0.8088735938072205
hate_video_10,1,0.9778833389282227,3.789062023162842,train,False,missing,2,E:\m-hvc\datasets\old-dataset\frames_unique\hate_video_10,0.08834973722696304,0.03270847350358963,0.808944046497345,0.06999782472848892,1,2,0.9778833389282227
hate_video_100,1,0.9809079170227051,3.939208745956421,train,True,asr,2,E:\m-hvc\datasets\old-dataset\frames_unique\hate_video_100,0.02112402766942978,0.007381918840110302,0.930595874786377,0.040898147970438004,1,2,0.9809079170227051
hate_video_101,1,0.6598782539367676,0.6627517342567444,train,True,asr,2,E:\m-hvc\datasets\old-dataset\frames_unique\hate_video_101,0.7859031558036804,0.005515357479453087,0.20400239527225494,0.004579077009111643,1,0,0.6598782539367676
hate_video_102,1,0.980180561542511,3.901073694229126,val,True,asr,2,E:\m-hvc\datasets\old-dataset\frames_unique\hate_video_102,0.019319282844662666,0.005413344129920006,0.9458487629890442,0.029418611899018288,1,2,0.980180561542511
hate_video_103,1,0.5359488129615784,0.14404398202896118,train,True,asr,2,E:\m-hvc\datasets\old-dataset\frames_unique\hate_video_103,0.8544934988021851,0.002875211415812373,0.13961878418922424,0.0030124804470688105,1,0,0.5359488129615784
hate_video_104,1,0.01225344743579626,-4.389618873596191,test,True,asr,2,E:\m-hvc\datasets\old-dataset\frames_unique\hate_video_104,0.9913884997367859,0.00038196012610569596,0.007917376235127449,0.00031214836053550243,0,0,0.9877465525642037
hate_video_105,1,0.7465665340423584,1.080383062362671,train,True,asr,2,E:\m-hvc\datasets\old-dataset\frames_unique\hate_video_105,0.734970211982727,0.003216633340343833,0.2594444155693054,0.002368712332099676,1,0,0.7465665340423584
hate_video_106,1,0.9813512563705444,3.9631502628326416,train,True,asr,3,E:\m-hvc\datasets\old-dataset\frames_unique\hate_video_106,0.013325837440788746,0.012838318943977356,0.0975566953420639,0.8762791752815247,1,3,0.9813512563705444
hate_video_107,1,0.015399053692817688,-4.157930374145508,train,True,asr,2,E:\m-hvc\datasets\old-dataset\frames_unique\hate_video_107,0.9785390496253967,0.004852092359215021,0.01436553057283163,0.002243275521323085,0,0,0.9846009463071823
hate_video_108,1,0.9524519443511963,2.9972989559173584,train,False,missing,2,E:\m-hvc\datasets\old-dataset\frames_unique\hate_video_108,0.11033004522323608,0.024887925013899803,0.8257119059562683,0.03907013311982155,1,2,0.9524519443511963
hate_video_109,1,0.16746945679187775,-1.6036689281463623,train,True,asr,2,E:\m-hvc\datasets\old-dataset\frames_unique\hate_video_109,0.9555431008338928,0.001972535625100136,0.0410279743373394,0.0014564081793650985,0,0,0.8325305432081223
hate_video_11,1,0.2135264277458191,-1.3037984371185303,test,True,asr,1,E:\m-hvc\datasets\old-dataset\frames_unique\hate_video_11,0.3474549651145935,0.5552962422370911,0.05097315460443497,0.046275608241558075,0,1,0.7864735722541809
hate_video_110,1,0.5987783670425415,0.40037742257118225,train,False,missing,2,E:\m-hvc\datasets\old-dataset\frames_unique\hate_video_110,0.4380442798137665,0.022905468940734863,0.5154691338539124,0.023581067100167274,1,2,0.5987783670425415
hate_video_111,1,0.8775299191474915,1.969244360923767,test,True,asr,2,E:\m-hvc\datasets\old-dataset\frames_unique\hate_video_111,0.031414274126291275,0.003868905594572425,0.9590383768081665,0.005678460001945496,1,2,0.8775299191474915
hate_video_112,1,0.9683859944343567,3.422032117843628,train,True,asr,2,E:\m-hvc\datasets\old-dataset\frames_unique\hate_video_112,0.13509534299373627,0.10528958588838577,0.5605828166007996,0.199032261967659,1,2,0.9683859944343567
hate_video_113,1,0.9769425392150879,3.7464401721954346,train,False,missing,2,E:\m-hvc\datasets\old-dataset\frames_unique\hate_video_113,0.08841510862112045,0.03611603379249573,0.7974518537521362,0.07801705598831177,1,2,0.9769425392150879
hate_video_114,1,0.9768711924552917,3.7432756423950195,train,True,asr,2,E:\m-hvc\datasets\old-dataset\frames_unique\hate_video_114,0.0209809560328722,0.0036134845577180386,0.9594384431838989,0.01596708968281746,1,2,0.9768711924552917
hate_video_115,1,0.9880399107933044,4.414149284362793,train,True,asr,2,E:\m-hvc\datasets\old-dataset\frames_unique\hate_video_115,0.022735456004738808,0.009496726095676422,0.932550311088562,0.0352175310254097,1,2,0.9880399107933044
hate_video_116,1,0.9852674007415771,4.202850341796875,train,True,asr,2,E:\m-hvc\datasets\old-dataset\frames_unique\hate_video_116,0.022264963015913963,0.006820108275860548,0.9330183863639832,0.0378965400159359,1,2,0.9852674007415771
hate_video_117,1,0.9526062607765198,3.000711679458618,train,True,asr,2,E:\m-hvc\datasets\old-dataset\frames_unique\hate_video_117,0.27793192863464355,0.013436312787234783,0.6919627785682678,0.01666899584233761,1,2,0.9526062607765198
hate_video_118,1,0.8672892451286316,1.8772008419036865,train,True,asr,1,E:\m-hvc\datasets\old-dataset\frames_unique\hate_video_118,0.0589827224612236,0.8126271367073059,0.06916613131761551,0.059223972260951996,1,1,0.8672892451286316
hate_video_119,1,0.9852098822593689,4.198896408081055,train,True,asr,3,E:\m-hvc\datasets\old-dataset\frames_unique\hate_video_119,0.01838986948132515,0.01637670025229454,0.15731742978096008,0.807915985584259,1,3,0.9852098822593689
hate_video_12,1,0.8650419116020203,1.8578132390975952,train,True,asr,2,E:\m-hvc\datasets\old-dataset\frames_unique\hate_video_12,0.034991305321455,0.005361949559301138,0.9403643012046814,0.019282503053545952,1,2,0.8650419116020203
hate_video_120,1,0.7940884232521057,1.3497480154037476,val,True,asr,2,E:\m-hvc\datasets\old-dataset\frames_unique\hate_video_120,0.6748147010803223,0.004037512931972742,0.3168087303638458,0.004339038394391537,1,0,0.7940884232521057
hate_video_121,1,0.9559927582740784,3.078395366668701,train,False,missing,2,E:\m-hvc\datasets\old-dataset\frames_unique\hate_video_121,0.10997386276721954,0.0371905192732811,0.7769882082939148,0.07584742456674576,1,2,0.9559927582740784
hate_video_122,1,0.9776031374931335,3.77618408203125,train,True,asr,2,E:\m-hvc\datasets\old-dataset\frames_unique\hate_video_122,0.02206236496567726,0.009699208661913872,0.9450988173484802,0.02313968911767006,1,2,0.9776031374931335
hate_video_123,1,0.9854575395584106,4.216039180755615,train,True,asr,2,E:\m-hvc\datasets\old-dataset\frames_unique\hate_video_123,0.02548367530107498,0.010042335838079453,0.8834955096244812,0.08097848296165466,1,2,0.9854575395584106
hate_video_124,1,0.10292356461286545,-2.165154457092285,val,True,asr,2,E:\m-hvc\datasets\old-dataset\frames_unique\hate_video_124,0.5853884816169739,0.015312825329601765,0.3178638219833374,0.08143481612205505,0,0,0.8970764353871346
hate_video_125,1,0.8611016869544983,1.8244706392288208,val,True,asr,1,E:\m-hvc\datasets\old-dataset\frames_unique\hate_video_125,0.05450398474931717,0.7864279747009277,0.05925258621573448,0.09981542080640793,1,1,0.8611016869544983
hate_video_126,1,0.7327250242233276,1.0084924697875977,train,True,asr,2,E:\m-hvc\datasets\old-dataset\frames_unique\hate_video_126,0.7438545823097229,0.006041709333658218,0.24423250555992126,0.005871281959116459,1,0,0.7327250242233276
hate_video_127,1,0.18452852964401245,-1.4859623908996582,train,True,asr,2,E:\m-hvc\datasets\old-dataset\frames_unique\hate_video_127,0.9491379261016846,0.002440199488773942,0.04657193645834923,0.001849969383329153,0,0,0.8154714703559875
hate_video_128,1,0.8208843469619751,1.5223503112792969,train,True,asr,1,E:\m-hvc\datasets\old-dataset\frames_unique\hate_video_128,0.05293160304427147,0.806795060634613,0.04327484965324402,0.09699853509664536,1,1,0.8208843469619751
hate_video_129,1,0.41910621523857117,-0.32644352316856384,train,True,asr,3,E:\m-hvc\datasets\old-dataset\frames_unique\hate_video_129,0.12353959679603577,0.03485934063792229,0.04777400195598602,0.7938270568847656,1,3,0.5808937847614288
hate_video_13,1,0.9568284749984741,3.0984420776367188,train,True,asr,2,E:\m-hvc\datasets\old-dataset\frames_unique\hate_video_13,0.25979143381118774,0.14402581751346588,0.5154594779014587,0.08072324097156525,1,2,0.9568284749984741
hate_video_130,1,0.5209137201309204,0.08370371907949448,test,True,asr,3,E:\m-hvc\datasets\old-dataset\frames_unique\hate_video_130,0.09498428553342819,0.02778099663555622,0.04844118282198906,0.828793466091156,1,3,0.5209137201309204
hate_video_131,1,0.9816628098487854,3.980314254760742,val,True,asr,3,E:\m-hvc\datasets\old-dataset\frames_unique\hate_video_131,0.012900327332317829,0.013008800335228443,0.060670070350170135,0.9134207963943481,1,3,0.9816628098487854
hate_video_132,1,0.9654698967933655,3.330784320831299,test,True,asr,1,E:\m-hvc\datasets\old-dataset\frames_unique\hate_video_132,0.07132228463888168,0.14816592633724213,0.7287037968635559,0.05180796608328819,1,2,0.9654698967933655
hate_video_133,1,0.9359261989593506,2.68149995803833,train,True,asr,1,E:\m-hvc\datasets\old-dataset\frames_unique\hate_video_133,0.06782286614179611,0.6912647485733032,0.11812995374202728,0.12278250604867935,1,1,0.9359261989593506
hate_video_134,1,0.9721387028694153,3.5522584915161133,test,True,asr,3,E:\m-hvc\datasets\old-dataset\frames_unique\hate_video_134,0.018109489232301712,0.018975142389535904,0.13152728974819183,0.8313881158828735,1,3,0.9721387028694153
hate_video_135,1,0.10292176157236099,-2.1651740074157715,val,True,asr,2,E:\m-hvc\datasets\old-dataset\frames_unique\hate_video_135,0.5014475584030151,0.01215881947427988,0.46614670753479004,0.02024688944220543,0,0,0.897078238427639
hate_video_136,1,0.9810536503791809,3.9470138549804688,train,True,asr,3,E:\m-hvc\datasets\old-dataset\frames_unique\hate_video_136,0.012362238951027393,0.013799882493913174,0.07285061478614807,0.9009873270988464,1,3,0.9810536503791809
hate_video_137,1,0.9787448644638062,3.8296725749969482,train,True,asr,3,E:\m-hvc\datasets\old-dataset\frames_unique\hate_video_137,0.012491474859416485,0.015567189082503319,0.04515526071190834,0.9267861247062683,1,3,0.9787448644638062
hate_video_138,1,0.9356032013893127,2.676126718521118,train,True,asr,1,E:\m-hvc\datasets\old-dataset\frames_unique\hate_video_138,0.07361668348312378,0.6977080702781677,0.12395661324262619,0.10471867024898529,1,1,0.9356032013893127
hate_video_139,1,0.9473939538002014,2.8908839225769043,train,True,asr,2,E:\m-hvc\datasets\old-dataset\frames_unique\hate_video_139,0.023269502446055412,0.0028472410049289465,0.9693548679351807,0.004528389777988195,1,2,0.9473939538002014
hate_video_14,1,0.8056095242500305,1.421730399131775,train,True,asr,2,E:\m-hvc\datasets\old-dataset\frames_unique\hate_video_14,0.10937706381082535,0.15439102053642273,0.5128282904624939,0.22340358793735504,1,2,0.8056095242500305
hate_video_140,1,0.9797663688659668,3.87996768951416,train,True,asr,2,E:\m-hvc\datasets\old-dataset\frames_unique\hate_video_140,0.01939619705080986,0.005574360955506563,0.9548661708831787,0.02016323432326317,1,2,0.9797663688659668
hate_video_141,1,0.644432544708252,0.5946552753448486,train,True,asr,2,E:\m-hvc\datasets\old-dataset\frames_unique\hate_video_141,0.12325749546289444,0.03138362616300583,0.7595227360725403,0.08583615720272064,1,2,0.644432544708252
hate_video_142,1,0.013701322488486767,-4.2764668464660645,val,True,asr,2,E:\m-hvc\datasets\old-dataset\frames_unique\hate_video_142,0.9873977899551392,0.00093929807189852,0.010827521793544292,0.0008354046731255949,0,0,0.9862986775115132
hate_video_143,1,0.3833162486553192,-0.47549593448638916,train,True,asr,2,E:\m-hvc\datasets\old-dataset\frames_unique\hate_video_143,0.166092649102211,0.0062696970999240875,0.8166308999061584,0.011006836779415607,1,2,0.6166837513446808
hate_video_144,1,0.9822699427604675,4.0146074295043945,train,True,asr,3,E:\m-hvc\datasets\old-dataset\frames_unique\hate_video_144,0.034116487950086594,0.011960933916270733,0.6934962868690491,0.26042625308036804,1,2,0.9822699427604675
hate_video_145,1,0.34438732266426086,-0.6438031792640686,train,True,asr,3,E:\m-hvc\datasets\old-dataset\frames_unique\hate_video_145,0.14555074274539948,0.03860751911997795,0.05961041897535324,0.7562312483787537,1,3,0.6556126773357391
hate_video_146,1,0.9770407676696777,3.75080943107605,test,False,missing,2,E:\m-hvc\datasets\old-dataset\frames_unique\hate_video_146,0.09010449051856995,0.02407611720263958,0.8347037434577942,0.05111568048596382,1,2,0.9770407676696777
hate_video_148,1,0.9833328723907471,4.077506065368652,train,True,asr,2,E:\m-hvc\datasets\old-dataset\frames_unique\hate_video_148,0.021828552708029747,0.006608668714761734,0.9372299313545227,0.03433287888765335,1,2,0.9833328723907471
hate_video_149,1,0.948466420173645,2.9126126766204834,val,True,asr,2,E:\m-hvc\datasets\old-dataset\frames_unique\hate_video_149,0.36270710825920105,0.021142613142728806,0.5939043760299683,0.022245872765779495,1,2,0.948466420173645
hate_video_15,1,0.08700288087129593,-2.3507914543151855,val,True,asr,2,E:\m-hvc\datasets\old-dataset\frames_unique\hate_video_15,0.5224467515945435,0.006445298437029123,0.4611046016216278,0.010003377683460712,0,0,0.9129971191287041
hate_video_150,1,0.09877941012382507,-2.2108609676361084,train,False,missing,2,E:\m-hvc\datasets\old-dataset\frames_unique\hate_video_150,0.8221855759620667,0.014668550342321396,0.1499776691198349,0.01316815335303545,0,0,0.9012205898761749
hate_video_151,1,0.897574782371521,2.170562744140625,test,True,asr,2,E:\m-hvc\datasets\old-dataset\frames_unique\hate_video_151,0.03377244994044304,0.013380746357142925,0.9211927652359009,0.03165404498577118,1,2,0.897574782371521
hate_video_152,1,0.8417737483978271,1.671485424041748,train,True,asr,2,E:\m-hvc\datasets\old-dataset\frames_unique\hate_video_152,0.03577294200658798,0.001946339849382639,0.9596525430679321,0.0026281869504600763,1,2,0.8417737483978271
hate_video_153,1,0.2653096318244934,-1.0185514688491821,test,True,asr,2,E:\m-hvc\datasets\old-dataset\frames_unique\hate_video_153,0.9046014547348022,0.0013552486198022962,0.09305185824632645,0.000991443987004459,0,0,0.7346903681755066
hate_video_154,1,0.9808486700057983,3.9360432624816895,train,True,asr,3,E:\m-hvc\datasets\old-dataset\frames_unique\hate_video_154,0.01634230837225914,0.013450325466692448,0.10614138096570969,0.864065945148468,1,3,0.9808486700057983
hate_video_155,1,0.5528104305267334,0.2120325267314911,train,True,asr,3,E:\m-hvc\datasets\old-dataset\frames_unique\hate_video_155,0.1851915419101715,0.014699126593768597,0.5589176416397095,0.24119170010089874,1,2,0.5528104305267334
hate_video_156,1,0.91813063621521,2.417215347290039,train,True,asr,3,E:\m-hvc\datasets\old-dataset\frames_unique\hate_video_156,0.021094713360071182,0.014090378768742085,0.05246078968048096,0.9123542308807373,1,3,0.91813063621521
hate_video_157,1,0.9309549331665039,2.601451873779297,test,True,asr,2,E:\m-hvc\datasets\old-dataset\frames_unique\hate_video_157,0.39450716972351074,0.013186680153012276,0.5753073692321777,0.01699879765510559,1,2,0.9309549331665039
hate_video_158,1,0.11935215443372726,-1.998579502105713,test,True,asr,2,E:\m-hvc\datasets\old-dataset\frames_unique\hate_video_158,0.4066583812236786,0.009046497754752636,0.5673444271087646,0.01695067621767521,0,2,0.8806478455662727
hate_video_159,1,0.27980837225914,-0.9454123377799988,train,True,asr,1,E:\m-hvc\datasets\old-dataset\frames_unique\hate_video_159,0.3283339738845825,0.5134642124176025,0.1172657236456871,0.040936101227998734,0,1,0.72019162774086
hate_video_16,1,0.08178626000881195,-2.418320894241333,test,True,asr,2,E:\m-hvc\datasets\old-dataset\frames_unique\hate_video_16,0.5416446328163147,0.006376140750944614,0.44658103585243225,0.005398218985646963,0,0,0.918213739991188
hate_video_160,1,0.9716678857803345,3.535019874572754,test,True,asr,2,E:\m-hvc\datasets\old-dataset\frames_unique\hate_video_160,0.07389181852340698,0.12986528873443604,0.46702292561531067,0.3292199373245239,1,2,0.9716678857803345
hate_video_161,1,0.9867525100708008,4.310611724853516,train,True,asr,3,E:\m-hvc\datasets\old-dataset\frames_unique\hate_video_161,0.02524210512638092,0.035412080585956573,0.18510690331459045,0.7542389631271362,1,3,0.9867525100708008
hate_video_162,1,0.9028919339179993,2.229778289794922,test,True,asr,2,E:\m-hvc\datasets\old-dataset\frames_unique\hate_video_162,0.07039055973291397,0.007954264059662819,0.910621702671051,0.011033459566533566,1,2,0.9028919339179993
hate_video_163,1,0.9753730297088623,3.6789791584014893,test,True,asr,1,E:\m-hvc\datasets\old-dataset\frames_unique\hate_video_163,0.06287179887294769,0.23996400833129883,0.5455942153930664,0.15156999230384827,1,2,0.9753730297088623
hate_video_164,1,0.9856628775596619,4.230465412139893,train,True,asr,2,E:\m-hvc\datasets\old-dataset\frames_unique\hate_video_164,0.026992803439497948,0.010930883698165417,0.8112049698829651,0.1508713662624359,1,2,0.9856628775596619
hate_video_165,1,0.7365456223487854,1.0280911922454834,train,True,asr,1,E:\m-hvc\datasets\old-dataset\frames_unique\hate_video_165,0.13739512860774994,0.6340509057044983,0.18765512108802795,0.04089881107211113,1,1,0.7365456223487854
hate_video_166,1,0.10680310428142548,-2.1238200664520264,train,True,asr,2,E:\m-hvc\datasets\old-dataset\frames_unique\hate_video_166,0.6161491870880127,0.056195568293333054,0.3074803650379181,0.020174898207187653,0,0,0.8931968957185745
hate_video_167,1,0.9398960471153259,2.7496931552886963,train,False,missing,2,E:\m-hvc\datasets\old-dataset\frames_unique\hate_video_167,0.12374738603830338,0.031497206538915634,0.801983654499054,0.042771726846694946,1,2,0.9398960471153259
hate_video_168,1,0.9652329683303833,3.3237009048461914,train,True,asr,3,E:\m-hvc\datasets\old-dataset\frames_unique\hate_video_168,0.009439975954592228,0.01560357864946127,0.02411670796573162,0.950839638710022,1,3,0.9652329683303833
hate_video_169,1,0.7781206369400024,1.254747748374939,val,True,asr,3,E:\m-hvc\datasets\old-dataset\frames_unique\hate_video_169,0.036474816501140594,0.014694769866764545,0.04525937885046005,0.9035710096359253,1,3,0.7781206369400024
hate_video_17,1,0.977272629737854,3.7611937522888184,train,False,missing,2,E:\m-hvc\datasets\old-dataset\frames_unique\hate_video_17,0.08755550533533096,0.029312580823898315,0.8200299739837646,0.06310199201107025,1,2,0.977272629737854
hate_video_170,1,0.9746236205101013,3.6482346057891846,train,True,asr,3,E:\m-hvc\datasets\old-dataset\frames_unique\hate_video_170,0.010575937107205391,0.012340214103460312,0.02973574958741665,0.9473480582237244,1,3,0.9746236205101013
hate_video_171,1,0.9789016842842102,3.8372395038604736,train,False,missing,2,E:\m-hvc\datasets\old-dataset\frames_unique\hate_video_171,0.08129160851240158,0.030771983787417412,0.8167890310287476,0.0711473822593689,1,2,0.9789016842842102
hate_video_172,1,0.9326452612876892,2.628051280975342,val,True,asr,2,E:\m-hvc\datasets\old-dataset\frames_unique\hate_video_172,0.4029281735420227,0.008757335133850574,0.5784763097763062,0.009838167577981949,1,2,0.9326452612876892
hate_video_173,1,0.9080582857131958,2.290153980255127,train,True,asr,2,E:\m-hvc\datasets\old-dataset\frames_unique\hate_video_173,0.026976099237799644,0.004120290745049715,0.9487836360931396,0.020120007917284966,1,2,0.9080582857131958
hate_video_174,1,0.5895996689796448,0.3623104393482208,test,True,asr,2,E:\m-hvc\datasets\old-dataset\frames_unique\hate_video_174,0.8174142241477966,0.014771676622331142,0.15940046310424805,0.00841357372701168,1,0,0.5895996689796448
hate_video_175,1,0.9769247770309448,3.745652198791504,train,True,asr,3,E:\m-hvc\datasets\old-dataset\frames_unique\hate_video_175,0.0259865615516901,0.02609238028526306,0.16342690587043762,0.784494161605835,1,3,0.9769247770309448
hate_video_176,1,0.24424374103546143,-1.1295522451400757,val,True,asr,2,E:\m-hvc\datasets\old-dataset\frames_unique\hate_video_176,0.22103291749954224,0.003482590429484844,0.7711631655693054,0.004321334417909384,0,2,0.7557562589645386
hate_video_177,1,0.9694437980651855,3.4571542739868164,train,True,asr,2,E:\m-hvc\datasets\old-dataset\frames_unique\hate_video_177,0.01724967733025551,0.0026222518645226955,0.9745422005653381,0.005585881881415844,1,2,0.9694437980651855
hate_video_178,1,0.9783040285110474,3.8086936473846436,val,False,missing,2,E:\m-hvc\datasets\old-dataset\frames_unique\hate_video_178,0.0805402472615242,0.028128400444984436,0.8321555256843567,0.059175822883844376,1,2,0.9783040285110474
hate_video_179,1,0.986114501953125,4.262930870056152,train,True,asr,2,E:\m-hvc\datasets\old-dataset\frames_unique\hate_video_179,0.02427736669778824,0.00773648964241147,0.9103277325630188,0.05765846371650696,1,2,0.986114501953125
hate_video_18,1,0.30426114797592163,-0.827087938785553,train,True,asr,3,E:\m-hvc\datasets\old-dataset\frames_unique\hate_video_18,0.1779436469078064,0.034907806664705276,0.06460770964622498,0.7225408554077148,0,3,0.6957388520240784
hate_video_180,1,0.10611090809106827,-2.131096839904785,val,True,asr,2,E:\m-hvc\datasets\old-dataset\frames_unique\hate_video_180,0.8998604416847229,0.01475005503743887,0.08076958358287811,0.0046198684722185135,0,0,0.8938890919089317
hate_video_181,1,0.9672663807868958,3.386070966720581,train,True,asr,2,E:\m-hvc\datasets\old-dataset\frames_unique\hate_video_181,0.042394787073135376,0.008339774794876575,0.9373348355293274,0.011930583044886589,1,2,0.9672663807868958
hate_video_182,1,0.4054298996925354,-0.3828906714916229,val,True,asr,2,E:\m-hvc\datasets\old-dataset\frames_unique\hate_video_182,0.34211403131484985,0.13619156181812286,0.4922759234905243,0.029418475925922394,1,2,0.5945701003074646
hate_video_183,1,0.9722374081611633,3.5559115409851074,train,True,asr,2,E:\m-hvc\datasets\old-dataset\frames_unique\hate_video_183,0.06003328040242195,0.12399370968341827,0.7639267444610596,0.052046213299036026,1,2,0.9722374081611633
hate_video_184,1,0.9778839349746704,3.78908634185791,train,True,asr,2,E:\m-hvc\datasets\old-dataset\frames_unique\hate_video_184,0.026806628331542015,0.015848107635974884,0.9420193433761597,0.015325885266065598,1,2,0.9778839349746704
hate_video_185,1,0.9704051613807678,3.4901115894317627,train,True,asr,2,E:\m-hvc\datasets\old-dataset\frames_unique\hate_video_185,0.026234794408082962,0.00537574477493763,0.92518150806427,0.04320792481303215,1,2,0.9704051613807678
hate_video_186,1,0.9512572884559631,2.9712283611297607,train,True,asr,2,E:\m-hvc\datasets\old-dataset\frames_unique\hate_video_186,0.025959189981222153,0.003393566934391856,0.9485602974891663,0.02208690159022808,1,2,0.9512572884559631
hate_video_187,1,0.414926141500473,-0.3436375558376312,test,True,asr,3,E:\m-hvc\datasets\old-dataset\frames_unique\hate_video_187,0.15938915312290192,0.024300802499055862,0.1032106801867485,0.7130993008613586,1,3,0.585073858499527
hate_video_188,1,0.9845343828201294,4.153546333312988,train,True,asr,2,E:\m-hvc\datasets\old-dataset\frames_unique\hate_video_188,0.02042502723634243,0.005486931651830673,0.953469455242157,0.020618556067347527,1,2,0.9845343828201294
hate_video_189,1,0.9820866584777832,4.004134178161621,train,True,asr,2,E:\m-hvc\datasets\old-dataset\frames_unique\hate_video_189,0.019935723394155502,0.004815633408725262,0.9608694314956665,0.014379321597516537,1,2,0.9820866584777832
hate_video_19,1,0.5737423896789551,0.297136515378952,train,True,asr,3,E:\m-hvc\datasets\old-dataset\frames_unique\hate_video_19,0.05583340302109718,0.029127534478902817,0.03557606041431427,0.8794629573822021,1,3,0.5737423896789551
hate_video_190,1,0.9830577969551086,4.060858726501465,test,True,asr,2,E:\m-hvc\datasets\old-dataset\frames_unique\hate_video_190,0.0205137450248003,0.007159240543842316,0.9503512382507324,0.02197578176856041,1,2,0.9830577969551086
hate_video_191,1,0.9831647872924805,4.067306041717529,train,True,asr,2,E:\m-hvc\datasets\old-dataset\frames_unique\hate_video_191,0.02455972693860531,0.013546600006520748,0.8778368234634399,0.08405674993991852,1,2,0.9831647872924805
hate_video_192,1,0.9599188566207886,3.175943374633789,train,True,asr,2,E:\m-hvc\datasets\old-dataset\frames_unique\hate_video_192,0.23422735929489136,0.1804174780845642,0.4278354048728943,0.15751975774765015,1,2,0.9599188566207886
hate_video_193,1,0.9441555738449097,2.827721118927002,test,True,asr,3,E:\m-hvc\datasets\old-dataset\frames_unique\hate_video_193,0.012612537480890751,0.014019525609910488,0.0227887611836195,0.9505791068077087,1,3,0.9441555738449097
hate_video_194,1,0.9853900671005249,4.211337089538574,test,True,asr,2,E:\m-hvc\datasets\old-dataset\frames_unique\hate_video_194,0.02290521189570427,0.009807105176150799,0.8961548209190369,0.07113286852836609,1,2,0.9853900671005249
hate_video_195,1,0.9378930926322937,2.714778423309326,test,True,asr,3,E:\m-hvc\datasets\old-dataset\frames_unique\hate_video_195,0.010996628552675247,0.014575488865375519,0.018089020624756813,0.9563388824462891,1,3,0.9378930926322937
hate_video_196,1,0.9875247478485107,4.371453762054443,train,True,asr,2,E:\m-hvc\datasets\old-dataset\frames_unique\hate_video_196,0.02792549692094326,0.012462896294891834,0.7696180939674377,0.18999341130256653,1,2,0.9875247478485107
hate_video_197,1,0.9265481233596802,2.53483510017395,val,True,asr,3,E:\m-hvc\datasets\old-dataset\frames_unique\hate_video_197,0.015095988288521767,0.0232075247913599,0.029229266569018364,0.9324672818183899,1,3,0.9265481233596802
hate_video_198,1,0.9869654178619385,4.32703161239624,train,True,asr,2,E:\m-hvc\datasets\old-dataset\frames_unique\hate_video_198,0.041445404291152954,0.05003787577152252,0.7648659944534302,0.1436508148908615,1,2,0.9869654178619385
hate_video_199,1,0.9799715876579285,3.8903732299804688,train,True,asr,2,E:\m-hvc\datasets\old-dataset\frames_unique\hate_video_199,0.020771071314811707,0.00559790525585413,0.9613898396492004,0.012241223827004433,1,2,0.9799715876579285
hate_video_2,1,0.9790987968444824,3.8468236923217773,test,True,asr,2,E:\m-hvc\datasets\old-dataset\frames_unique\hate_video_2,0.023181039839982986,0.009286623448133469,0.9070296883583069,0.06050264835357666,1,2,0.9790987968444824
hate_video_20,1,0.9820408821105957,4.001532554626465,train,True,asr,3,E:\m-hvc\datasets\old-dataset\frames_unique\hate_video_20,0.014874031767249107,0.017686715349555016,0.07787490636110306,0.8895643949508667,1,3,0.9820408821105957
hate_video_200,1,0.9705572724342346,3.4954240322113037,train,True,asr,3,E:\m-hvc\datasets\old-dataset\frames_unique\hate_video_200,0.010171104222536087,0.013101423159241676,0.0518694743514061,0.9248579740524292,1,3,0.9705572724342346
hate_video_201,1,0.9826294183731079,4.035452842712402,train,True,asr,3,E:\m-hvc\datasets\old-dataset\frames_unique\hate_video_201,0.016444135457277298,0.014335541054606438,0.09763941913843155,0.8715808987617493,1,3,0.9826294183731079
hate_video_202,1,0.9847242832183838,4.16609525680542,train,True,asr,2,E:\m-hvc\datasets\old-dataset\frames_unique\hate_video_202,0.023741167038679123,0.012129329144954681,0.9185241460800171,0.04560534283518791,1,2,0.9847242832183838
hate_video_203,1,0.9554591178894043,3.0657830238342285,train,True,asr,1,E:\m-hvc\datasets\old-dataset\frames_unique\hate_video_203,0.04934397339820862,0.41770127415657043,0.08888579905033112,0.4440689980983734,1,3,0.9554591178894043
hate_video_204,1,0.9582710266113281,3.1339356899261475,train,True,asr,1,E:\m-hvc\datasets\old-dataset\frames_unique\hate_video_204,0.07580069452524185,0.3892911672592163,0.39475297927856445,0.14015527069568634,1,2,0.9582710266113281
hate_video_205,1,0.9810798168182373,3.9484245777130127,val,True,asr,3,E:\m-hvc\datasets\old-dataset\frames_unique\hate_video_205,0.013258478604257107,0.013757753185927868,0.0754987895488739,0.8974849581718445,1,3,0.9810798168182373
hate_video_206,1,0.8514230251312256,1.7458057403564453,val,True,asr,3,E:\m-hvc\datasets\old-dataset\frames_unique\hate_video_206,0.021992186084389687,0.015797460451722145,0.02755606360733509,0.9346542358398438,1,3,0.8514230251312256
hate_video_207,1,0.9798151254653931,3.8824303150177,train,True,asr,3,E:\m-hvc\datasets\old-dataset\frames_unique\hate_video_207,0.012001162394881248,0.013720436953008175,0.04646243155002594,0.9278159141540527,1,3,0.9798151254653931
hate_video_208,1,0.3679136633872986,-0.5411778092384338,test,True,asr,3,E:\m-hvc\datasets\old-dataset\frames_unique\hate_video_208,0.14674142003059387,0.030803663656115532,0.07758753001689911,0.7448673844337463,1,3,0.6320863366127014
hate_video_209,1,0.9772399067878723,3.7597248554229736,train,True,asr,3,E:\m-hvc\datasets\old-dataset\frames_unique\hate_video_209,0.012407769449055195,0.014826989732682705,0.04199831932783127,0.9307669401168823,1,3,0.9772399067878723
hate_video_21,1,0.8619926571846008,1.831939458847046,test,True,asr,3,E:\m-hvc\datasets\old-dataset\frames_unique\hate_video_21,0.01642894558608532,0.013794009573757648,0.02495175413787365,0.9448252320289612,1,3,0.8619926571846008
hate_video_210,1,0.9844500422477722,4.148026943206787,val,True,asr,2,E:\m-hvc\datasets\old-dataset\frames_unique\hate_video_210,0.02361879125237465,0.00777537003159523,0.9323052763938904,0.03630053251981735,1,2,0.9844500422477722
hate_video_211,1,0.9643092155456543,3.2965188026428223,train,True,asr,3,E:\m-hvc\datasets\old-dataset\frames_unique\hate_video_211,0.008907981216907501,0.012370291166007519,0.02262185700237751,0.9560998678207397,1,3,0.9643092155456543
hate_video_212,1,0.9601061940193176,3.1808218955993652,train,True,asr,3,E:\m-hvc\datasets\old-dataset\frames_unique\hate_video_212,0.009410903789103031,0.013915439136326313,0.02173999696969986,0.9549336433410645,1,3,0.9601061940193176
hate_video_213,1,0.9234665036201477,2.490406036376953,train,True,asr,2,E:\m-hvc\datasets\old-dataset\frames_unique\hate_video_213,0.4215247929096222,0.012398829683661461,0.5499057173728943,0.016170652583241463,1,2,0.9234665036201477
hate_video_214,1,0.8595876097679138,1.8118692636489868,test,True,asr,2,E:\m-hvc\datasets\old-dataset\frames_unique\hate_video_214,0.04103359952569008,0.008983809500932693,0.9386616349220276,0.011320903897285461,1,2,0.8595876097679138
hate_video_215,1,0.9781318306922913,3.800612449645996,train,True,asr,3,E:\m-hvc\datasets\old-dataset\frames_unique\hate_video_215,0.010707251727581024,0.015292336232960224,0.03674021735787392,0.9372602105140686,1,3,0.9781318306922913
hate_video_216,1,0.8839196562767029,2.030083417892456,test,True,asr,3,E:\m-hvc\datasets\old-dataset\frames_unique\hate_video_216,0.03683314844965935,0.022853003814816475,0.1588575839996338,0.7814562916755676,1,3,0.8839196562767029
hate_video_217,1,0.9831457138061523,4.066147804260254,train,True,asr,2,E:\m-hvc\datasets\old-dataset\frames_unique\hate_video_217,0.02191353775560856,0.007835188880562782,0.9060567021369934,0.06419458985328674,1,2,0.9831457138061523
hate_video_218,1,0.23241478204727173,-1.1947259902954102,test,True,asr,3,E:\m-hvc\datasets\old-dataset\frames_unique\hate_video_218,0.2724997401237488,0.033586617559194565,0.089683398604393,0.6042301654815674,0,3,0.7675852179527283
hate_video_219,1,0.9693536162376404,3.454115390777588,train,True,asr,2,E:\m-hvc\datasets\old-dataset\frames_unique\hate_video_219,0.023584607988595963,0.005540808197110891,0.9606199264526367,0.010254657827317715,1,2,0.9693536162376404
hate_video_22,1,0.985479474067688,4.217563152313232,train,True,asr,2,E:\m-hvc\datasets\old-dataset\frames_unique\hate_video_22,0.02806863933801651,0.01670696958899498,0.821292519569397,0.13393186032772064,1,2,0.985479474067688
hate_video_220,1,0.9002949595451355,2.2005062103271484,train,True,asr,2,E:\m-hvc\datasets\old-dataset\frames_unique\hate_video_220,0.029615476727485657,0.002317108679562807,0.9647105932235718,0.003356827422976494,1,2,0.9002949595451355
hate_video_221,1,0.9323389530181885,2.623185634613037,train,True,asr,2,E:\m-hvc\datasets\old-dataset\frames_unique\hate_video_221,0.027472682297229767,0.0040534865111112595,0.9543576240539551,0.014116184785962105,1,2,0.9323389530181885
hate_video_222,1,0.9826413989067078,4.036153793334961,val,True,asr,3,E:\m-hvc\datasets\old-dataset\frames_unique\hate_video_222,0.01515941135585308,0.015566146932542324,0.09752307087182999,0.8717514872550964,1,3,0.9826413989067078
hate_video_223,1,0.5796719789505005,0.3214268088340759,train,True,asr,3,E:\m-hvc\datasets\old-dataset\frames_unique\hate_video_223,0.0661078542470932,0.025309855118393898,0.044643573462963104,0.8639386892318726,1,3,0.5796719789505005
hate_video_224,1,0.9850291609764099,4.186565399169922,train,True,asr,3,E:\m-hvc\datasets\old-dataset\frames_unique\hate_video_224,0.02209540456533432,0.020808352157473564,0.2234719842672348,0.7336242198944092,1,3,0.9850291609764099
hate_video_225,1,0.976935625076294,3.746128797531128,test,True,asr,3,E:\m-hvc\datasets\old-dataset\frames_unique\hate_video_225,0.012331601232290268,0.01578487642109394,0.041432853788137436,0.9304506182670593,1,3,0.976935625076294
hate_video_226,1,0.9775420427322388,3.773395538330078,train,True,asr,3,E:\m-hvc\datasets\old-dataset\frames_unique\hate_video_226,0.012108836323022842,0.01524960994720459,0.04026087000966072,0.932380735874176,1,3,0.9775420427322388
hate_video_227,1,0.9527558088302612,3.004027843475342,train,True,asr,3,E:\m-hvc\datasets\old-dataset\frames_unique\hate_video_227,0.009515197947621346,0.012058557011187077,0.019256047904491425,0.9591702818870544,1,3,0.9527558088302612
hate_video_228,1,0.9848117828369141,4.171929359436035,train,True,asr,2,E:\m-hvc\datasets\old-dataset\frames_unique\hate_video_228,0.03599056228995323,0.03585263714194298,0.7370067834854126,0.19115006923675537,1,2,0.9848117828369141
hate_video_229,1,0.8457068204879761,1.7013182640075684,val,True,asr,1,E:\m-hvc\datasets\old-dataset\frames_unique\hate_video_229,0.09663629531860352,0.6416682004928589,0.16318930685520172,0.09850624948740005,1,1,0.8457068204879761
hate_video_23,1,0.9683236479759216,3.4199953079223633,train,True,asr,2,E:\m-hvc\datasets\old-dataset\frames_unique\hate_video_23,0.04415695369243622,0.08472523093223572,0.826211154460907,0.04490665718913078,1,2,0.9683236479759216
hate_video_230,1,0.8412479162216187,1.6675429344177246,train,True,asr,2,E:\m-hvc\datasets\old-dataset\frames_unique\hate_video_230,0.42691707611083984,0.1892959624528885,0.3191607892513275,0.06462614983320236,1,0,0.8412479162216187
hate_video_231,1,0.9733843803405762,3.59928035736084,train,True,asr,2,E:\m-hvc\datasets\old-dataset\frames_unique\hate_video_231,0.019386081025004387,0.0037457444705069065,0.9687143564224243,0.008153868839144707,1,2,0.9733843803405762
hate_video_232,1,0.9733600616455078,3.5983431339263916,train,True,asr,3,E:\m-hvc\datasets\old-dataset\frames_unique\hate_video_232,0.0150165855884552,0.011829342693090439,0.07134957611560822,0.901804506778717,1,3,0.9733600616455078
hate_video_233,1,0.8820071816444397,2.0115761756896973,val,True,asr,3,E:\m-hvc\datasets\old-dataset\frames_unique\hate_video_233,0.022488417103886604,0.03156668692827225,0.039897628128528595,0.9060472846031189,1,3,0.8820071816444397
hate_video_234,1,0.8603833913803101,1.8184781074523926,val,True,asr,2,E:\m-hvc\datasets\old-dataset\frames_unique\hate_video_234,0.03336790204048157,0.007242199499160051,0.9409704804420471,0.018419425934553146,1,2,0.8603833913803101
hate_video_235,1,0.9397523403167725,2.74715256690979,train,True,asr,3,E:\m-hvc\datasets\old-dataset\frames_unique\hate_video_235,0.01204340998083353,0.012209877371788025,0.01943294331431389,0.9563137292861938,1,3,0.9397523403167725
hate_video_236,1,0.9736161828041077,3.6082680225372314,train,True,asr,2,E:\m-hvc\datasets\old-dataset\frames_unique\hate_video_236,0.027617942541837692,0.011753282509744167,0.8405694365501404,0.12005939334630966,1,2,0.9736161828041077
hate_video_237,1,0.9827812314033508,4.044387340545654,val,True,asr,2,E:\m-hvc\datasets\old-dataset\frames_unique\hate_video_237,0.03518272936344147,0.03427897021174431,0.8804016709327698,0.05013657361268997,1,2,0.9827812314033508
hate_video_238,1,0.9316189289093018,2.6118276119232178,train,True,asr,1,E:\m-hvc\datasets\old-dataset\frames_unique\hate_video_238,0.06840359419584274,0.7086450457572937,0.1051722913980484,0.11777904629707336,1,1,0.9316189289093018
hate_video_239,1,0.33599838614463806,-0.6811782717704773,test,True,asr,2,E:\m-hvc\datasets\old-dataset\frames_unique\hate_video_239,0.20695099234580994,0.015154469758272171,0.7084420919418335,0.0694524347782135,1,2,0.6640016138553619
hate_video_24,1,0.9823316335678101,4.018152713775635,train,True,asr,2,E:\m-hvc\datasets\old-dataset\frames_unique\hate_video_24,0.019075747579336166,0.0064284843392670155,0.9603925347328186,0.014103244990110397,1,2,0.9823316335678101
hate_video_240,1,0.9760361313819885,3.7069525718688965,train,True,asr,3,E:\m-hvc\datasets\old-dataset\frames_unique\hate_video_240,0.011562490835785866,0.012948282063007355,0.03589244186878204,0.9395967721939087,1,3,0.9760361313819885
hate_video_241,1,0.9876333475112915,4.380306243896484,train,True,asr,2,E:\m-hvc\datasets\old-dataset\frames_unique\hate_video_241,0.0283129271119833,0.014047584496438503,0.6238749027252197,0.33376455307006836,1,2,0.9876333475112915
hate_video_242,1,0.9602969884872437,3.1858162879943848,test,True,asr,3,E:\m-hvc\datasets\old-dataset\frames_unique\hate_video_242,0.008566432632505894,0.012984544038772583,0.019723134115338326,0.9587258696556091,1,3,0.9602969884872437
hate_video_243,1,0.9505633115768433,2.956361770629883,train,True,asr,1,E:\m-hvc\datasets\old-dataset\frames_unique\hate_video_243,0.08819747716188431,0.3688768446445465,0.19026003777980804,0.35266563296318054,1,1,0.9505633115768433
hate_video_244,1,0.9466636180877686,2.8763248920440674,train,True,asr,1,E:\m-hvc\datasets\old-dataset\frames_unique\hate_video_244,0.052803393453359604,0.5858365893363953,0.09225389361381531,0.26910609006881714,1,1,0.9466636180877686
hate_video_245,1,0.9778946042060852,3.7895827293395996,val,True,asr,1,E:\m-hvc\datasets\old-dataset\frames_unique\hate_video_245,0.06219136342406273,0.31088075041770935,0.33415067195892334,0.2927771806716919,1,2,0.9778946042060852
hate_video_246,1,0.9746696949005127,3.6500964164733887,train,True,asr,3,E:\m-hvc\datasets\old-dataset\frames_unique\hate_video_246,0.02847057394683361,0.12990200519561768,0.08277873694896698,0.7588487267494202,1,3,0.9746696949005127
hate_video_247,1,0.9854124188423157,4.212886810302734,train,True,asr,2,E:\m-hvc\datasets\old-dataset\frames_unique\hate_video_247,0.027273837476968765,0.010098380967974663,0.7993187308311462,0.1633089929819107,1,2,0.9854124188423157
hate_video_248,1,0.9751002192497253,3.66768217086792,train,True,asr,3,E:\m-hvc\datasets\old-dataset\frames_unique\hate_video_248,0.014454982243478298,0.012670074589550495,0.047626350075006485,0.9252485632896423,1,3,0.9751002192497253
hate_video_249,1,0.7792675495147705,1.2614030838012695,train,True,asr,2,E:\m-hvc\datasets\old-dataset\frames_unique\hate_video_249,0.04711155965924263,0.004045819863677025,0.9350617527961731,0.013780978508293629,1,2,0.7792675495147705
hate_video_25,1,0.9843706488609314,4.142849445343018,train,True,asr,2,E:\m-hvc\datasets\old-dataset\frames_unique\hate_video_25,0.02143196389079094,0.010284787975251675,0.8857261538505554,0.08255702257156372,1,2,0.9843706488609314
hate_video_250,1,0.9108661413192749,2.324256658554077,train,True,asr,2,E:\m-hvc\datasets\old-dataset\frames_unique\hate_video_250,0.04269162565469742,0.009891105815768242,0.8566866517066956,0.09073060005903244,1,2,0.9108661413192749
hate_video_251,1,0.9405995011329651,2.7622151374816895,train,True,asr,3,E:\m-hvc\datasets\old-dataset\frames_unique\hate_video_251,0.013965364545583725,0.01313845906406641,0.02716289833188057,0.9457331895828247,1,3,0.9405995011329651
hate_video_252,1,0.9814339280128479,3.9676754474639893,train,True,asr,3,E:\m-hvc\datasets\old-dataset\frames_unique\hate_video_252,0.019602080807089806,0.021162312477827072,0.16590817272663116,0.7933274507522583,1,3,0.9814339280128479
hate_video_253,1,0.9764561653137207,3.7250635623931885,train,True,asr,3,E:\m-hvc\datasets\old-dataset\frames_unique\hate_video_253,0.012458066456019878,0.012887558899819851,0.045381058007478714,0.9292733073234558,1,3,0.9764561653137207
hate_video_254,1,0.983984112739563,4.118027210235596,train,True,asr,2,E:\m-hvc\datasets\old-dataset\frames_unique\hate_video_254,0.05008977651596069,0.12735116481781006,0.4721467196941376,0.3504122793674469,1,2,0.983984112739563
hate_video_255,1,0.9805715084075928,3.921395778656006,test,True,asr,3,E:\m-hvc\datasets\old-dataset\frames_unique\hate_video_255,0.014026960358023643,0.013828101567924023,0.08828547596931458,0.883859395980835,1,3,0.9805715084075928
hate_video_256,1,0.983612596988678,4.094720840454102,val,True,asr,3,E:\m-hvc\datasets\old-dataset\frames_unique\hate_video_256,0.016381071880459785,0.016295304521918297,0.10003865510225296,0.8672850131988525,1,3,0.983612596988678
hate_video_257,1,0.9760069251060486,3.7057080268859863,train,True,asr,3,E:\m-hvc\datasets\old-dataset\frames_unique\hate_video_257,0.012379051186144352,0.01688322052359581,0.038077179342508316,0.9326606392860413,1,3,0.9760069251060486
hate_video_258,1,0.9567468166351318,3.0964674949645996,train,True,asr,2,E:\m-hvc\datasets\old-dataset\frames_unique\hate_video_258,0.03561580926179886,0.03208518400788307,0.7814180850982666,0.15088088810443878,1,2,0.9567468166351318
hate_video_259,1,0.9894571900367737,4.541711807250977,train,True,asr,2,E:\m-hvc\datasets\old-dataset\frames_unique\hate_video_259,0.033430349081754684,0.031513649970293045,0.7598781585693359,0.1751779168844223,1,2,0.9894571900367737
hate_video_26,1,0.1542757749557495,-1.7014516592025757,val,True,asr,1,E:\m-hvc\datasets\old-dataset\frames_unique\hate_video_26,0.4314756989479065,0.4589293599128723,0.062124405056238174,0.04747047275304794,0,1,0.8457242250442505
hate_video_260,1,0.9773085713386536,3.762817859649658,test,True,asr,3,E:\m-hvc\datasets\old-dataset\frames_unique\hate_video_260,0.020430609583854675,0.029928721487522125,0.13401563465595245,0.8156251311302185,1,3,0.9773085713386536
hate_video_261,1,0.9742664098739624,3.63388729095459,train,True,asr,3,E:\m-hvc\datasets\old-dataset\frames_unique\hate_video_261,0.014090115204453468,0.016211841255426407,0.039594605565071106,0.9301033616065979,1,3,0.9742664098739624
hate_video_262,1,0.962864875793457,3.2553489208221436,train,True,asr,3,E:\m-hvc\datasets\old-dataset\frames_unique\hate_video_262,0.00848551094532013,0.011355995200574398,0.02117171511054039,0.958986759185791,1,3,0.962864875793457
hate_video_263,1,0.9865625500679016,4.296181678771973,train,True,asr,2,E:\m-hvc\datasets\old-dataset\frames_unique\hate_video_263,0.027467351406812668,0.009579339995980263,0.8372925519943237,0.1256607472896576,1,2,0.9865625500679016
hate_video_264,1,0.9818375706672668,3.9900670051574707,train,True,asr,2,E:\m-hvc\datasets\old-dataset\frames_unique\hate_video_264,0.020290367305278778,0.005441159475594759,0.9457722306251526,0.02849622443318367,1,2,0.9818375706672668
hate_video_265,1,0.09460281580686569,-2.2586865425109863,train,True,asr,2,E:\m-hvc\datasets\old-dataset\frames_unique\hate_video_265,0.564098596572876,0.012250475585460663,0.36733824014663696,0.05631270259618759,0,0,0.9053971841931343
hate_video_266,1,0.21987265348434448,-1.2664086818695068,test,True,asr,2,E:\m-hvc\datasets\old-dataset\frames_unique\hate_video_266,0.44134727120399475,0.014742030762135983,0.40357571840286255,0.1403350532054901,0,0,0.7801273465156555
hate_video_267,1,0.979300856590271,3.856745481491089,train,False,missing,2,E:\m-hvc\datasets\old-dataset\frames_unique\hate_video_267,0.08291078358888626,0.02949116751551628,0.8250480890274048,0.06254998594522476,1,2,0.979300856590271
hate_video_268,1,0.5062289237976074,0.024917125701904297,train,True,asr,1,E:\m-hvc\datasets\old-dataset\frames_unique\hate_video_268,0.115547776222229,0.7906832098960876,0.05513187125325203,0.03863716498017311,1,1,0.5062289237976074
hate_video_269,1,0.8750033378601074,1.9459404945373535,train,True,asr,2,E:\m-hvc\datasets\old-dataset\frames_unique\hate_video_269,0.03918522223830223,0.0057488614693284035,0.9075886607170105,0.04747723415493965,1,2,0.8750033378601074
hate_video_27,1,0.29425641894340515,-0.8748003840446472,test,True,asr,1,E:\m-hvc\datasets\old-dataset\frames_unique\hate_video_27,0.2311910092830658,0.6676938533782959,0.060138337314128876,0.04097679257392883,0,1,0.7057435810565948
hate_video_270,1,0.009174475446343422,-4.682113170623779,train,True,asr,2,E:\m-hvc\datasets\old-dataset\frames_unique\hate_video_270,0.9909842014312744,0.0007049545529298484,0.007728092838078737,0.0005827539716847241,0,0,0.9908255245536566
hate_video_271,1,0.9783274531364441,3.8097972869873047,train,True,asr,2,E:\m-hvc\datasets\old-dataset\frames_unique\hate_video_271,0.018431222066283226,0.004271147772669792,0.9669094085693359,0.010388213209807873,1,2,0.9783274531364441
hate_video_272,1,0.045667409896850586,-3.0396273136138916,train,True,asr,2,E:\m-hvc\datasets\old-dataset\frames_unique\hate_video_272,0.9340347647666931,0.0020512992050498724,0.062132176011800766,0.0017818070482462645,0,0,0.9543325901031494
hate_video_273,1,0.18948830664157867,-1.4533385038375854,val,True,asr,2,E:\m-hvc\datasets\old-dataset\frames_unique\hate_video_273,0.9191350936889648,0.008498413488268852,0.06938554346561432,0.002980938646942377,0,0,0.8105116933584213
hate_video_274,1,0.9735065698623657,3.604008197784424,train,True,asr,2,E:\m-hvc\datasets\old-dataset\frames_unique\hate_video_274,0.021977499127388,0.005041242111474276,0.9637171030044556,0.009264065884053707,1,2,0.9735065698623657
hate_video_275,1,0.9525761008262634,3.0000438690185547,train,True,asr,2,E:\m-hvc\datasets\old-dataset\frames_unique\hate_video_275,0.06618312746286392,0.10987819731235504,0.7828428149223328,0.041095808148384094,1,2,0.9525761008262634
hate_video_276,1,0.9410942196846008,2.7711033821105957,test,True,asr,2,E:\m-hvc\datasets\old-dataset\frames_unique\hate_video_276,0.3573649823665619,0.009741749614477158,0.6227481961250305,0.01014505885541439,1,2,0.9410942196846008
hate_video_277,1,0.9722747802734375,3.5572969913482666,train,True,asr,3,E:\m-hvc\datasets\old-dataset\frames_unique\hate_video_277,0.03592163696885109,0.011298403143882751,0.4957190752029419,0.4570607841014862,1,2,0.9722747802734375
hate_video_278,1,0.9879701733589172,4.408265590667725,train,True,asr,2,E:\m-hvc\datasets\old-dataset\frames_unique\hate_video_278,0.027501653879880905,0.01584397628903389,0.7653639912605286,0.19129036366939545,1,2,0.9879701733589172
hate_video_279,1,0.6545931696891785,0.6392909288406372,train,True,asr,2,E:\m-hvc\datasets\old-dataset\frames_unique\hate_video_279,0.7791576981544495,0.0042351060546934605,0.21180762350559235,0.004799642134457827,1,0,0.6545931696891785
hate_video_28,1,0.9252672791481018,2.5161638259887695,train,True,asr,2,E:\m-hvc\datasets\old-dataset\frames_unique\hate_video_28,0.3609319031238556,0.0068420423194766045,0.6255051493644714,0.0067208195105195045,1,2,0.9252672791481018
hate_video_280,1,0.978371262550354,3.8118667602539062,train,True,asr,3,E:\m-hvc\datasets\old-dataset\frames_unique\hate_video_280,0.01912347972393036,0.01412909384816885,0.2137007713317871,0.7530466318130493,1,3,0.978371262550354
hate_video_281,1,0.9757518768310547,3.6948704719543457,train,True,asr,1,E:\m-hvc\datasets\old-dataset\frames_unique\hate_video_281,0.06280674785375595,0.2294551581144333,0.5624580383300781,0.14528006315231323,1,2,0.9757518768310547
hate_video_282,1,0.9394093751907349,2.7411115169525146,train,True,asr,1,E:\m-hvc\datasets\old-dataset\frames_unique\hate_video_282,0.06875356286764145,0.697141706943512,0.1219850406050682,0.11211967468261719,1,1,0.9394093751907349
hate_video_283,1,0.9778539538383484,3.7877001762390137,test,True,asr,3,E:\m-hvc\datasets\old-dataset\frames_unique\hate_video_283,0.011205954477190971,0.015422712080180645,0.04050472378730774,0.9328665137290955,1,3,0.9778539538383484
hate_video_284,1,0.38031256198883057,-0.48822179436683655,val,True,asr,2,E:\m-hvc\datasets\old-dataset\frames_unique\hate_video_284,0.18008026480674744,0.012644745409488678,0.7840197682380676,0.023255251348018646,1,2,0.6196874380111694
hate_video_285,1,0.9808431267738342,3.9357495307922363,train,True,asr,3,E:\m-hvc\datasets\old-dataset\frames_unique\hate_video_285,0.012456930242478848,0.011967438273131847,0.04994774982333183,0.9256278872489929,1,3,0.9808431267738342
hate_video_286,1,0.9732836484909058,3.5953993797302246,val,True,asr,3,E:\m-hvc\datasets\old-dataset\frames_unique\hate_video_286,0.009570780210196972,0.013502011075615883,0.029579808935523033,0.9473474025726318,1,3,0.9732836484909058
hate_video_287,1,0.41971084475517273,-0.32396039366722107,val,True,asr,2,E:\m-hvc\datasets\old-dataset\frames_unique\hate_video_287,0.1557961404323578,0.007540429010987282,0.8118852376937866,0.02477816864848137,1,2,0.5802891552448273
hate_video_288,1,0.02427440881729126,-3.693758726119995,test,False,missing,2,E:\m-hvc\datasets\old-dataset\frames_unique\hate_video_288,0.929008960723877,0.009290953166782856,0.05160415917634964,0.010095891542732716,0,0,0.9757255911827087
hate_video_289,1,0.06287338584661484,-2.701695442199707,train,True,asr,3,E:\m-hvc\datasets\old-dataset\frames_unique\hate_video_289,0.8083319067955017,0.010888783261179924,0.1356678307056427,0.045111484825611115,0,0,0.9371266141533852
hate_video_29,1,0.9786181449890137,3.823598623275757,train,True,asr,2,E:\m-hvc\datasets\old-dataset\frames_unique\hate_video_29,0.020275909453630447,0.00369322975166142,0.9601084589958191,0.015922291204333305,1,2,0.9786181449890137
hate_video_290,1,0.9794901013374329,3.8661224842071533,train,False,missing,2,E:\m-hvc\datasets\old-dataset\frames_unique\hate_video_290,0.0851285383105278,0.03709842264652252,0.7912933826446533,0.08647967129945755,1,2,0.9794901013374329
hate_video_291,1,0.07604862004518509,-2.497286558151245,train,True,asr,2,E:\m-hvc\datasets\old-dataset\frames_unique\hate_video_291,0.571142852306366,0.008036155253648758,0.40509387850761414,0.01572711206972599,0,0,0.9239513799548149
hate_video_293,1,0.6707274913787842,0.7114771008491516,train,True,asr,2,E:\m-hvc\datasets\old-dataset\frames_unique\hate_video_293,0.7397807836532593,0.004354765173047781,0.2522692382335663,0.0035952795296907425,1,0,0.6707274913787842
hate_video_294,1,0.7692814469337463,1.2042582035064697,train,True,asr,2,E:\m-hvc\datasets\old-dataset\frames_unique\hate_video_294,0.059597600251436234,0.00923958234488964,0.8984472751617432,0.032715555280447006,1,2,0.7692814469337463
hate_video_295,1,0.6561377048492432,0.6461294293403625,train,False,missing,2,E:\m-hvc\datasets\old-dataset\frames_unique\hate_video_295,0.36413371562957764,0.04732099175453186,0.5359399914741516,0.0526052862405777,1,2,0.6561377048492432
hate_video_296,1,0.9262900948524475,2.531050682067871,train,True,asr,1,E:\m-hvc\datasets\old-dataset\frames_unique\hate_video_296,0.06936827301979065,0.7152711749076843,0.10110072046518326,0.11425986886024475,1,1,0.9262900948524475
hate_video_297,1,0.21877890825271606,-1.272796630859375,train,True,asr,2,E:\m-hvc\datasets\old-dataset\frames_unique\hate_video_297,0.9414371848106384,0.0007661811541765928,0.057265281677246094,0.0005314300069585443,0,0,0.7812210917472839
hate_video_298,1,0.9191766381263733,2.4312121868133545,train,True,asr,3,E:\m-hvc\datasets\old-dataset\frames_unique\hate_video_298,0.016892146319150925,0.013558714650571346,0.053374409675598145,0.9161747694015503,1,3,0.9191766381263733
hate_video_299,1,0.9750510454177856,3.665658950805664,train,True,asr,2,E:\m-hvc\datasets\old-dataset\frames_unique\hate_video_299,0.020252389833331108,0.004440438933670521,0.9673316478729248,0.007975528948009014,1,2,0.9750510454177856
hate_video_3,1,0.9077924489974976,2.2869744300842285,train,True,asr,3,E:\m-hvc\datasets\old-dataset\frames_unique\hate_video_3,0.011795037426054478,0.01318312156945467,0.017408020794391632,0.9576138257980347,1,3,0.9077924489974976
hate_video_30,1,0.9693034291267395,3.4524288177490234,test,True,asr,3,E:\m-hvc\datasets\old-dataset\frames_unique\hate_video_30,0.013062085956335068,0.011607592925429344,0.05043048784136772,0.9248998165130615,1,3,0.9693034291267395
hate_video_300,1,0.934775173664093,2.6624667644500732,train,True,asr,2,E:\m-hvc\datasets\old-dataset\frames_unique\hate_video_300,0.022645309567451477,0.002981988014653325,0.9698281288146973,0.004544665105640888,1,2,0.934775173664093
hate_video_301,1,0.9466788172721863,2.8766252994537354,train,True,asr,2,E:\m-hvc\datasets\old-dataset\frames_unique\hate_video_301,0.36556872725486755,0.011709427461028099,0.6090177893638611,0.013704056851565838,1,2,0.9466788172721863
hate_video_302,1,0.010085728950798512,-4.586496829986572,train,True,asr,2,E:\m-hvc\datasets\old-dataset\frames_unique\hate_video_302,0.9888618588447571,0.000918306119274348,0.009328567422926426,0.000891264935489744,0,0,0.9899142710492015
hate_video_303,1,0.9651387929916382,3.3208980560302734,val,True,asr,3,E:\m-hvc\datasets\old-dataset\frames_unique\hate_video_303,0.014149193651974201,0.01675228774547577,0.03195561096072197,0.9371429085731506,1,3,0.9651387929916382
hate_video_304,1,0.1317647397518158,-1.8854446411132812,test,True,asr,2,E:\m-hvc\datasets\old-dataset\frames_unique\hate_video_304,0.3804614841938019,0.005860276520252228,0.6046302318572998,0.009048045612871647,0,2,0.8682352602481842
hate_video_305,1,0.9063208103179932,2.269517660140991,val,True,asr,2,E:\m-hvc\datasets\old-dataset\frames_unique\hate_video_305,0.0546884685754776,0.01085810735821724,0.9237267374992371,0.010726705193519592,1,2,0.9063208103179932
hate_video_306,1,0.7059751152992249,0.8759157061576843,train,True,asr,2,E:\m-hvc\datasets\old-dataset\frames_unique\hate_video_306,0.7221007943153381,0.004402073100209236,0.27030277252197266,0.0031943130306899548,1,0,0.7059751152992249
hate_video_307,1,0.9729624390602112,3.5831191539764404,train,True,asr,3,E:\m-hvc\datasets\old-dataset\frames_unique\hate_video_307,0.01023376826196909,0.014313717372715473,0.030582133680582047,0.9448703527450562,1,3,0.9729624390602112
hate_video_308,1,0.8146628737449646,1.480597972869873,train,True,asr,2,E:\m-hvc\datasets\old-dataset\frames_unique\hate_video_308,0.03750482201576233,0.004367921967059374,0.948799192905426,0.009328083135187626,1,2,0.8146628737449646
hate_video_309,1,0.9667852520942688,3.370981454849243,val,True,asr,3,E:\m-hvc\datasets\old-dataset\frames_unique\hate_video_309,0.011148478835821152,0.014454485848546028,0.02949126996099949,0.9449057579040527,1,3,0.9667852520942688
hate_video_31,1,0.9729500412940979,3.5826473236083984,train,False,missing,2,E:\m-hvc\datasets\old-dataset\frames_unique\hate_video_31,0.09769676625728607,0.0281259473413229,0.8180919885635376,0.056085262447595596,1,2,0.9729500412940979
hate_video_310,1,0.09721063822507858,-2.228609085083008,train,True,asr,2,E:\m-hvc\datasets\old-dataset\frames_unique\hate_video_310,0.5084400177001953,0.006354473065584898,0.47079554200172424,0.014410017058253288,0,0,0.9027893617749214
hate_video_311,1,0.362328439950943,-0.5652721524238586,train,True,asr,3,E:\m-hvc\datasets\old-dataset\frames_unique\hate_video_311,0.1671583503484726,0.03176569566130638,0.10742133110761642,0.6936545968055725,1,3,0.637671560049057
hate_video_312,1,0.8796498775482178,1.9891185760498047,train,True,asr,1,E:\m-hvc\datasets\old-dataset\frames_unique\hate_video_312,0.054475586861371994,0.7607922554016113,0.0883069634437561,0.09642510861158371,1,1,0.8796498775482178
hate_video_313,1,0.9390906095504761,2.7355241775512695,test,True,asr,1,E:\m-hvc\datasets\old-dataset\frames_unique\hate_video_313,0.07043573260307312,0.6998353600502014,0.11542824655771255,0.1143006905913353,1,1,0.9390906095504761
hate_video_314,1,0.958659827709198,3.1437013149261475,train,True,asr,2,E:\m-hvc\datasets\old-dataset\frames_unique\hate_video_314,0.025723548606038094,0.006287879776209593,0.9592188596725464,0.008769641630351543,1,2,0.958659827709198
hate_video_315,1,0.9848911166191101,4.17724609375,test,True,asr,2,E:\m-hvc\datasets\old-dataset\frames_unique\hate_video_315,0.020932486280798912,0.01070822961628437,0.9092421531677246,0.059117116034030914,1,2,0.9848911166191101
hate_video_316,1,0.9551047682762146,3.057490825653076,train,True,asr,2,E:\m-hvc\datasets\old-dataset\frames_unique\hate_video_316,0.02173919975757599,0.005115642212331295,0.9524844884872437,0.020660702139139175,1,2,0.9551047682762146
hate_video_317,1,0.011347170919179916,-4.467374801635742,test,True,asr,2,E:\m-hvc\datasets\old-dataset\frames_unique\hate_video_317,0.9868646264076233,0.0020892582833766937,0.00960844662040472,0.001437690225429833,0,0,0.9886528290808201
hate_video_318,1,0.5150777101516724,0.0603291317820549,train,True,asr,2,E:\m-hvc\datasets\old-dataset\frames_unique\hate_video_318,0.09014427661895752,0.0030579206068068743,0.8988791108131409,0.007918733172118664,1,2,0.5150777101516724
hate_video_319,1,0.9791657328605652,3.850104808807373,train,True,asr,2,E:\m-hvc\datasets\old-dataset\frames_unique\hate_video_319,0.020514369010925293,0.006181918550282717,0.9397331476211548,0.03357057273387909,1,2,0.9791657328605652
hate_video_32,1,0.9547291994094849,3.0487658977508545,val,True,asr,2,E:\m-hvc\datasets\old-dataset\frames_unique\hate_video_32,0.040994297713041306,0.014270826242864132,0.860412061214447,0.08432278782129288,1,2,0.9547291994094849
hate_video_320,1,0.9164924621582031,2.3956165313720703,train,True,asr,2,E:\m-hvc\datasets\old-dataset\frames_unique\hate_video_320,0.023602470755577087,0.002529357559978962,0.9676384925842285,0.006229786667972803,1,2,0.9164924621582031
hate_video_321,1,0.03797101229429245,-3.2322216033935547,train,True,asr,2,E:\m-hvc\datasets\old-dataset\frames_unique\hate_video_321,0.9683816432952881,0.0008629732765257359,0.030154068022966385,0.0006013112724758685,0,0,0.9620289877057076
hate_video_322,1,0.9442569613456726,2.829646110534668,train,True,asr,2,E:\m-hvc\datasets\old-dataset\frames_unique\hate_video_322,0.39698007702827454,0.011662688106298447,0.5639602541923523,0.02739698253571987,1,2,0.9442569613456726
hate_video_323,1,0.9802618026733398,3.905261278152466,val,True,asr,2,E:\m-hvc\datasets\old-dataset\frames_unique\hate_video_323,0.02041391097009182,0.004827689379453659,0.9617373943328857,0.013021057471632957,1,2,0.9802618026733398
hate_video_324,1,0.9423264265060425,2.7935538291931152,train,True,asr,2,E:\m-hvc\datasets\old-dataset\frames_unique\hate_video_324,0.02271263115108013,0.001965750241652131,0.9719265699386597,0.003395012579858303,1,2,0.9423264265060425
hate_video_325,1,0.5475991368293762,0.19097501039505005,val,True,asr,1,E:\m-hvc\datasets\old-dataset\frames_unique\hate_video_325,0.11788970232009888,0.7915776968002319,0.046754077076911926,0.043778516352176666,1,1,0.5475991368293762
hate_video_326,1,0.9774336218833923,3.768470048904419,train,True,asr,2,E:\m-hvc\datasets\old-dataset\frames_unique\hate_video_326,0.0520520843565464,0.06739506870508194,0.8366521000862122,0.04390076547861099,1,2,0.9774336218833923
hate_video_327,1,0.5274249315261841,0.10980997234582901,train,True,asr,3,E:\m-hvc\datasets\old-dataset\frames_unique\hate_video_327,0.1378856599330902,0.026965368539094925,0.23194919526576996,0.6031997799873352,1,3,0.5274249315261841
hate_video_328,1,0.966331422328949,3.356940984725952,test,True,asr,3,E:\m-hvc\datasets\old-dataset\frames_unique\hate_video_328,0.012935127131640911,0.02530643343925476,0.03012596257030964,0.9316324591636658,1,3,0.966331422328949
hate_video_329,1,0.9394374489784241,2.7416045665740967,train,True,asr,2,E:\m-hvc\datasets\old-dataset\frames_unique\hate_video_329,0.37936678528785706,0.007922532968223095,0.6021748185157776,0.010535926558077335,1,2,0.9394374489784241
hate_video_33,1,0.9865466356277466,4.294980049133301,train,True,asr,2,E:\m-hvc\datasets\old-dataset\frames_unique\hate_video_33,0.02297568880021572,0.009992268867790699,0.9051638841629028,0.06186824291944504,1,2,0.9865466356277466
hate_video_330,1,0.9672418236732483,3.3852972984313965,train,True,asr,2,E:\m-hvc\datasets\old-dataset\frames_unique\hate_video_330,0.020424777641892433,0.004892781842499971,0.9662667512893677,0.008415727876126766,1,2,0.9672418236732483
hate_video_331,1,0.9669867157936096,3.377274990081787,val,True,asr,2,E:\m-hvc\datasets\old-dataset\frames_unique\hate_video_331,0.021614735946059227,0.006786760408431292,0.9483833312988281,0.023215169087052345,1,2,0.9669867157936096
hate_video_332,1,0.5281288027763367,0.11263423413038254,train,True,asr,2,E:\m-hvc\datasets\old-dataset\frames_unique\hate_video_332,0.11457834392786026,0.004315693397074938,0.8768671154975891,0.004238893743604422,1,2,0.5281288027763367
hate_video_333,1,0.9705820679664612,3.496291160583496,val,True,asr,2,E:\m-hvc\datasets\old-dataset\frames_unique\hate_video_333,0.018414637073874474,0.004175062291324139,0.9690300226211548,0.008380343206226826,1,2,0.9705820679664612
hate_video_334,1,0.9763160347938538,3.7189888954162598,val,True,asr,2,E:\m-hvc\datasets\old-dataset\frames_unique\hate_video_334,0.03590459004044533,0.032081857323646545,0.9068132042884827,0.025200290605425835,1,2,0.9763160347938538
hate_video_335,1,0.9526931643486023,3.002638816833496,train,True,asr,2,E:\m-hvc\datasets\old-dataset\frames_unique\hate_video_335,0.02108360268175602,0.004720316734164953,0.9561405181884766,0.01805553026497364,1,2,0.9526931643486023
hate_video_336,1,0.9687318205833435,3.433384895324707,train,True,asr,1,E:\m-hvc\datasets\old-dataset\frames_unique\hate_video_336,0.0781928151845932,0.3735591471195221,0.44577574729919434,0.10247229039669037,1,2,0.9687318205833435
hate_video_337,1,0.9786081910133362,3.8231239318847656,train,True,asr,3,E:\m-hvc\datasets\old-dataset\frames_unique\hate_video_337,0.012736694887280464,0.014933248050510883,0.043771807104349136,0.9285582304000854,1,3,0.9786081910133362
hate_video_338,1,0.982008695602417,3.999709129333496,train,True,asr,2,E:\m-hvc\datasets\old-dataset\frames_unique\hate_video_338,0.02630470134317875,0.0123679768294096,0.7792385220527649,0.18208874762058258,1,2,0.982008695602417
hate_video_339,1,0.9763699173927307,3.7213222980499268,test,True,asr,2,E:\m-hvc\datasets\old-dataset\frames_unique\hate_video_339,0.02671055495738983,0.010266127996146679,0.8980684876441956,0.06495480239391327,1,2,0.9763699173927307
hate_video_34,1,0.9024713039398193,2.2249903678894043,train,True,asr,3,E:\m-hvc\datasets\old-dataset\frames_unique\hate_video_34,0.014337682165205479,0.01117638312280178,0.027507798746228218,0.9469781517982483,1,3,0.9024713039398193
hate_video_340,1,0.9826474785804749,4.036513328552246,test,True,asr,2,E:\m-hvc\datasets\old-dataset\frames_unique\hate_video_340,0.05407679080963135,0.15632112324237823,0.5182195901870728,0.27138251066207886,1,2,0.9826474785804749
hate_video_341,1,0.9869475364685059,4.3256378173828125,train,True,asr,2,E:\m-hvc\datasets\old-dataset\frames_unique\hate_video_341,0.032283272594213486,0.025013547390699387,0.862716794013977,0.0799863412976265,1,2,0.9869475364685059
hate_video_342,1,0.8700357675552368,1.9012746810913086,val,True,asr,1,E:\m-hvc\datasets\old-dataset\frames_unique\hate_video_342,0.13389287889003754,0.35116657614707947,0.46553441882133484,0.04940620809793472,1,2,0.8700357675552368
hate_video_343,1,0.9719738960266113,3.546194076538086,train,False,missing,2,E:\m-hvc\datasets\old-dataset\frames_unique\hate_video_343,0.09899209439754486,0.019179541617631912,0.8478607535362244,0.03396761417388916,1,2,0.9719738960266113
hate_video_344,1,0.967014491558075,3.378146171569824,train,True,asr,3,E:\m-hvc\datasets\old-dataset\frames_unique\hate_video_344,0.01227665226906538,0.012156994082033634,0.04938530921936035,0.9261810779571533,1,3,0.967014491558075
hate_video_345,1,0.8172078132629395,1.4975435733795166,train,True,asr,2,E:\m-hvc\datasets\old-dataset\frames_unique\hate_video_345,0.039199598133563995,0.0024735257029533386,0.9535868167877197,0.004740037955343723,1,2,0.8172078132629395
hate_video_346,1,0.9750353097915649,3.665009021759033,train,True,asr,3,E:\m-hvc\datasets\old-dataset\frames_unique\hate_video_346,0.012265514582395554,0.01617700792849064,0.038021694868803024,0.9335358142852783,1,3,0.9750353097915649
hate_video_347,1,0.3178273141384125,-0.7637746930122375,train,True,asr,2,E:\m-hvc\datasets\old-dataset\frames_unique\hate_video_347,0.17963340878486633,0.005397028289735317,0.8082047700881958,0.006764798890799284,0,2,0.6821726858615875
hate_video_348,1,0.4340713620185852,-0.2652590572834015,train,True,asr,3,E:\m-hvc\datasets\old-dataset\frames_unique\hate_video_348,0.12457676976919174,0.034774623811244965,0.059247132390737534,0.781401515007019,1,3,0.5659286379814148
hate_video_349,1,0.9780076146125793,3.7948195934295654,train,True,asr,3,E:\m-hvc\datasets\old-dataset\frames_unique\hate_video_349,0.012576005421578884,0.015512299723923206,0.04129744693636894,0.9306142330169678,1,3,0.9780076146125793
hate_video_35,1,0.9431000351905823,2.807878017425537,train,True,asr,3,E:\m-hvc\datasets\old-dataset\frames_unique\hate_video_35,0.016829701140522957,0.01075341273099184,0.043518777936697006,0.9288981556892395,1,3,0.9431000351905823
hate_video_350,1,0.7848885655403137,1.2943854331970215,val,True,asr,2,E:\m-hvc\datasets\old-dataset\frames_unique\hate_video_350,0.5782045722007751,0.01702580600976944,0.39377397298812866,0.01099566463381052,1,0,0.7848885655403137
hate_video_351,1,0.12298504263162613,-1.9644612073898315,test,True,asr,2,E:\m-hvc\datasets\old-dataset\frames_unique\hate_video_351,0.4848597049713135,0.023843977600336075,0.4718857407569885,0.01941055804491043,0,0,0.8770149573683739
hate_video_352,1,0.7109418511390686,0.8999629616737366,train,True,asr,2,E:\m-hvc\datasets\old-dataset\frames_unique\hate_video_352,0.7657355666160583,0.0029570464976131916,0.22909630835056305,0.0022111202124506235,1,0,0.7109418511390686
hate_video_353,1,0.9820014834403992,3.9993014335632324,test,True,asr,2,E:\m-hvc\datasets\old-dataset\frames_unique\hate_video_353,0.031141938641667366,0.011651802808046341,0.7451832890510559,0.21202297508716583,1,2,0.9820014834403992
hate_video_354,1,0.9614275097846985,3.2158796787261963,val,True,asr,1,E:\m-hvc\datasets\old-dataset\frames_unique\hate_video_354,0.09022925794124603,0.21037761867046356,0.6426244378089905,0.05676869675517082,1,2,0.9614275097846985
hate_video_355,1,0.9863132238388062,4.277549743652344,test,True,asr,2,E:\m-hvc\datasets\old-dataset\frames_unique\hate_video_355,0.030629243701696396,0.026219148188829422,0.8657651543617249,0.07738649845123291,1,2,0.9863132238388062
hate_video_356,1,0.9767090082168579,3.7361249923706055,val,True,asr,2,E:\m-hvc\datasets\old-dataset\frames_unique\hate_video_356,0.060850970447063446,0.2089047133922577,0.5808748602867126,0.14936944842338562,1,2,0.9767090082168579
hate_video_357,1,0.9346033334732056,2.659651756286621,train,True,asr,2,E:\m-hvc\datasets\old-dataset\frames_unique\hate_video_357,0.025111282244324684,0.0053443824872374535,0.9618338346481323,0.007710467558354139,1,2,0.9346033334732056
hate_video_358,1,0.972396731376648,3.561830520629883,train,True,asr,2,E:\m-hvc\datasets\old-dataset\frames_unique\hate_video_358,0.04435348883271217,0.012531612068414688,0.9239967465400696,0.01911812461912632,1,2,0.972396731376648
hate_video_359,1,0.9693840146064758,3.4551374912261963,train,True,asr,2,E:\m-hvc\datasets\old-dataset\frames_unique\hate_video_359,0.034643929451704025,0.010952595621347427,0.6918841600418091,0.26251929998397827,1,2,0.9693840146064758
hate_video_36,1,0.5336361527442932,0.13474822044372559,train,True,asr,2,E:\m-hvc\datasets\old-dataset\frames_unique\hate_video_36,0.6346359252929688,0.0034814465325325727,0.359687477350235,0.002195115899667144,1,0,0.5336361527442932
hate_video_360,1,0.9729610085487366,3.583061933517456,train,True,asr,1,E:\m-hvc\datasets\old-dataset\frames_unique\hate_video_360,0.07240671664476395,0.28346434235572815,0.5333459377288818,0.11078299582004547,1,2,0.9729610085487366
hate_video_361,1,0.9841653108596802,4.1295905113220215,train,True,asr,2,E:\m-hvc\datasets\old-dataset\frames_unique\hate_video_361,0.019932765513658524,0.006126147694885731,0.9540954828262329,0.01984560489654541,1,2,0.9841653108596802
hate_video_362,1,0.9809292554855347,3.9403436183929443,val,True,asr,2,E:\m-hvc\datasets\old-dataset\frames_unique\hate_video_362,0.056252360343933105,0.03904503956437111,0.7999997735023499,0.10470282286405563,1,2,0.9809292554855347
hate_video_363,1,0.8660995364189148,1.86690354347229,train,True,asr,2,E:\m-hvc\datasets\old-dataset\frames_unique\hate_video_363,0.028611425310373306,0.0033743190579116344,0.9640927910804749,0.0039215087890625,1,2,0.8660995364189148
hate_video_364,1,0.9721111059188843,3.551239490509033,train,True,asr,3,E:\m-hvc\datasets\old-dataset\frames_unique\hate_video_364,0.03170322999358177,0.015106985345482826,0.4894096255302429,0.4637802243232727,1,2,0.9721111059188843
hate_video_365,1,0.8501918315887451,1.736106276512146,train,True,asr,2,E:\m-hvc\datasets\old-dataset\frames_unique\hate_video_365,0.056494858115911484,0.03963431715965271,0.6965808272361755,0.20729002356529236,1,2,0.8501918315887451
hate_video_366,1,0.9553361535072327,3.0629000663757324,test,True,asr,3,E:\m-hvc\datasets\old-dataset\frames_unique\hate_video_366,0.017632221803069115,0.01518749725073576,0.043543726205825806,0.9236366152763367,1,3,0.9553361535072327
hate_video_367,1,0.14946937561035156,-1.7387688159942627,val,True,asr,1,E:\m-hvc\datasets\old-dataset\frames_unique\hate_video_367,0.5286163091659546,0.3276004493236542,0.09804129600524902,0.04574199393391609,0,0,0.8505306243896484
hate_video_368,1,0.9730791449546814,3.587566375732422,train,True,asr,3,E:\m-hvc\datasets\old-dataset\frames_unique\hate_video_368,0.013265159912407398,0.014773058705031872,0.07377028465270996,0.8981915712356567,1,3,0.9730791449546814
hate_video_369,1,0.3273278772830963,-0.7202957272529602,test,False,missing,2,E:\m-hvc\datasets\old-dataset\frames_unique\hate_video_369,0.6064910292625427,0.014489318244159222,0.36483559012413025,0.014184016734361649,1,0,0.6726721227169037
hate_video_37,1,0.9882292747497559,4.430303573608398,train,True,asr,2,E:\m-hvc\datasets\old-dataset\frames_unique\hate_video_37,0.025199171155691147,0.00996720977127552,0.8728629350662231,0.09197080135345459,1,2,0.9882292747497559
hate_video_370,1,0.9816418886184692,3.9791553020477295,train,True,asr,2,E:\m-hvc\datasets\old-dataset\frames_unique\hate_video_370,0.020450705662369728,0.00566602498292923,0.9590820074081421,0.0148012051358819,1,2,0.9816418886184692
hate_video_371,1,0.050936855375766754,-2.9248886108398438,val,True,asr,2,E:\m-hvc\datasets\old-dataset\frames_unique\hate_video_371,0.7072410583496094,0.007683935109525919,0.27912208437919617,0.005952923092991114,0,0,0.9490631446242332
hate_video_372,1,0.9702094197273254,3.4833202362060547,val,True,asr,2,E:\m-hvc\datasets\old-dataset\frames_unique\hate_video_372,0.018816480413079262,0.002429498825222254,0.9723511934280396,0.006402913480997086,1,2,0.9702094197273254
hate_video_373,1,0.9798356294631958,3.8834681510925293,train,True,asr,2,E:\m-hvc\datasets\old-dataset\frames_unique\hate_video_373,0.02620883844792843,0.01826505921781063,0.9250432848930359,0.03048277087509632,1,2,0.9798356294631958
hate_video_374,1,0.11158530414104462,-2.0746493339538574,test,True,asr,2,E:\m-hvc\datasets\old-dataset\frames_unique\hate_video_374,0.46037757396698,0.01789885386824608,0.5056931376457214,0.016030417755246162,0,2,0.8884146958589554
hate_video_375,1,0.10626129806041718,-2.129512310028076,test,True,asr,2,E:\m-hvc\datasets\old-dataset\frames_unique\hate_video_375,0.5388396978378296,0.014649645425379276,0.42472517490386963,0.021785473451018333,0,0,0.8937387019395828
hate_video_376,1,0.9377450942993164,2.712240219116211,train,True,asr,2,E:\m-hvc\datasets\old-dataset\frames_unique\hate_video_376,0.018434882164001465,0.0030646491795778275,0.9745409488677979,0.003959433641284704,1,2,0.9377450942993164
hate_video_377,1,0.9001098275184631,2.1984453201293945,train,True,asr,2,E:\m-hvc\datasets\old-dataset\frames_unique\hate_video_377,0.02619529515504837,0.0025052994024008512,0.9633157253265381,0.007983776740729809,1,2,0.9001098275184631
hate_video_378,1,0.8878617286682129,2.069082736968994,train,True,asr,1,E:\m-hvc\datasets\old-dataset\frames_unique\hate_video_378,0.07448473572731018,0.7654556632041931,0.08871854096651077,0.0713411197066307,1,1,0.8878617286682129
hate_video_379,1,0.9652681946754456,3.32474946975708,train,True,asr,3,E:\m-hvc\datasets\old-dataset\frames_unique\hate_video_379,0.00789226870983839,0.012783962301909924,0.01904996484518051,0.960273802280426,1,3,0.9652681946754456
hate_video_38,1,0.9799021482467651,3.886841297149658,train,True,asr,2,E:\m-hvc\datasets\old-dataset\frames_unique\hate_video_38,0.020602794364094734,0.005198485217988491,0.9616479277610779,0.01255083829164505,1,2,0.9799021482467651
hate_video_380,1,0.5658426284790039,0.26490893959999084,val,True,asr,2,E:\m-hvc\datasets\old-dataset\frames_unique\hate_video_380,0.14271049201488495,0.00934682134538889,0.7861136198043823,0.06182902678847313,1,2,0.5658426284790039
hate_video_381,1,0.9408746361732483,2.767150402069092,train,True,asr,2,E:\m-hvc\datasets\old-dataset\frames_unique\hate_video_381,0.020396146923303604,0.0025175700429826975,0.9733768105506897,0.0037094533909112215,1,2,0.9408746361732483
hate_video_382,1,0.11126628518104553,-2.077871322631836,test,True,asr,2,E:\m-hvc\datasets\old-dataset\frames_unique\hate_video_382,0.42538678646087646,0.01136379037052393,0.5499149560928345,0.013334487564861774,0,2,0.8887337148189545
hate_video_383,1,0.7669034004211426,1.1909077167510986,train,True,asr,2,E:\m-hvc\datasets\old-dataset\frames_unique\hate_video_383,0.10522420704364777,0.02331831306219101,0.8505324125289917,0.02092514932155609,1,2,0.7669034004211426
hate_video_384,1,0.9842485785484314,4.134949684143066,train,True,asr,2,E:\m-hvc\datasets\old-dataset\frames_unique\hate_video_384,0.02701331116259098,0.009141984395682812,0.8722835779190063,0.09156110137701035,1,2,0.9842485785484314
hate_video_385,1,0.82675701379776,1.5628153085708618,train,True,asr,2,E:\m-hvc\datasets\old-dataset\frames_unique\hate_video_385,0.3480144739151001,0.007859894074499607,0.636939287185669,0.007186368107795715,1,2,0.82675701379776
hate_video_386,1,0.8187012672424316,1.507572889328003,train,True,asr,2,E:\m-hvc\datasets\old-dataset\frames_unique\hate_video_386,0.09329420328140259,0.04490665718913078,0.8482584953308105,0.01354067400097847,1,2,0.8187012672424316
hate_video_387,1,0.9700895547866821,3.479182004928589,train,True,asr,2,E:\m-hvc\datasets\old-dataset\frames_unique\hate_video_387,0.029124943539500237,0.005583957768976688,0.9551495909690857,0.01014153566211462,1,2,0.9700895547866821
hate_video_388,1,0.9807214736938477,3.9292962551116943,train,True,asr,2,E:\m-hvc\datasets\old-dataset\frames_unique\hate_video_388,0.05974406376481056,0.1388237029314041,0.7091239094734192,0.09230830520391464,1,2,0.9807214736938477
hate_video_389,1,0.8698211312294006,1.8993779420852661,test,True,asr,2,E:\m-hvc\datasets\old-dataset\frames_unique\hate_video_389,0.041909921914339066,0.0027807457372546196,0.9421049356460571,0.01320437341928482,1,2,0.8698211312294006
hate_video_39,1,0.9676232933998108,3.397402763366699,train,True,asr,1,E:\m-hvc\datasets\old-dataset\frames_unique\hate_video_39,0.06921502202749252,0.4854193925857544,0.24483729898929596,0.20052839815616608,1,1,0.9676232933998108
hate_video_390,1,0.9780634045600891,3.797414541244507,train,True,asr,2,E:\m-hvc\datasets\old-dataset\frames_unique\hate_video_390,0.01834370382130146,0.003974273335188627,0.9662492871284485,0.011432723142206669,1,2,0.9780634045600891
hate_video_391,1,0.97501140832901,3.6640305519104004,val,True,asr,2,E:\m-hvc\datasets\old-dataset\frames_unique\hate_video_391,0.029702940955758095,0.007216989062726498,0.8821930885314941,0.08088702708482742,1,2,0.97501140832901
hate_video_392,1,0.12796653807163239,-1.9190590381622314,test,True,asr,2,E:\m-hvc\datasets\old-dataset\frames_unique\hate_video_392,0.594667911529541,0.08368907123804092,0.2967446744441986,0.024898331612348557,0,0,0.8720334619283676
hate_video_393,1,0.931806206703186,2.614772319793701,train,True,asr,2,E:\m-hvc\datasets\old-dataset\frames_unique\hate_video_393,0.024990256875753403,0.001679837005212903,0.9701882004737854,0.0031417415011674166,1,2,0.931806206703186
hate_video_394,1,0.9605074524879456,3.191349983215332,test,True,asr,2,E:\m-hvc\datasets\old-dataset\frames_unique\hate_video_394,0.02054326981306076,0.004807595629245043,0.9577372670173645,0.016911813989281654,1,2,0.9605074524879456
hate_video_395,1,0.9681113362312317,3.413095474243164,train,True,asr,2,E:\m-hvc\datasets\old-dataset\frames_unique\hate_video_395,0.020020166411995888,0.004707823507487774,0.95968097448349,0.015590974129736423,1,2,0.9681113362312317
hate_video_396,1,0.5673633813858032,0.27110177278518677,test,True,asr,1,E:\m-hvc\datasets\old-dataset\frames_unique\hate_video_396,0.2000090777873993,0.6774519085884094,0.0690300390124321,0.053508952260017395,1,1,0.5673633813858032
hate_video_397,1,0.9772107005119324,3.7584097385406494,train,False,missing,2,E:\m-hvc\datasets\old-dataset\frames_unique\hate_video_397,0.0902782529592514,0.026324912905693054,0.8307819366455078,0.05261487513780594,1,2,0.9772107005119324
hate_video_398,1,0.9509642720222473,2.9649276733398438,train,True,asr,3,E:\m-hvc\datasets\old-dataset\frames_unique\hate_video_398,0.012666710652410984,0.012687123380601406,0.0280007217079401,0.9466453790664673,1,3,0.9509642720222473
hate_video_399,1,0.9283002018928528,2.5608673095703125,train,True,asr,2,E:\m-hvc\datasets\old-dataset\frames_unique\hate_video_399,0.03169139474630356,0.0036343608517199755,0.9476630091667175,0.017011139541864395,1,2,0.9283002018928528
hate_video_4,1,0.966277539730072,3.355287551879883,train,True,asr,2,E:\m-hvc\datasets\old-dataset\frames_unique\hate_video_4,0.025684667751193047,0.014074049890041351,0.9427960515022278,0.017445137724280357,1,2,0.966277539730072
hate_video_40,1,0.9846753478050232,4.162851333618164,val,True,asr,2,E:\m-hvc\datasets\old-dataset\frames_unique\hate_video_40,0.020642351359128952,0.0102450642734766,0.9132175445556641,0.05589502304792404,1,2,0.9846753478050232
hate_video_400,1,0.9394132494926453,2.7411797046661377,train,True,asr,2,E:\m-hvc\datasets\old-dataset\frames_unique\hate_video_400,0.11028698831796646,0.0500468835234642,0.8206080198287964,0.01905808411538601,1,2,0.9394132494926453
hate_video_401,1,0.8436764478683472,1.6858410835266113,train,True,asr,3,E:\m-hvc\datasets\old-dataset\frames_unique\hate_video_401,0.020398100838065147,0.01392520684748888,0.022445231676101685,0.9432314038276672,1,3,0.8436764478683472
hate_video_402,1,0.46674394607543945,-0.13322094082832336,test,True,asr,1,E:\m-hvc\datasets\old-dataset\frames_unique\hate_video_402,0.18914084136486053,0.6451424956321716,0.11063867062330246,0.05507804453372955,1,1,0.5332560539245605
hate_video_403,1,0.9793842434883118,3.860865592956543,train,True,asr,3,E:\m-hvc\datasets\old-dataset\frames_unique\hate_video_403,0.012654697522521019,0.012274646200239658,0.053863104432821274,0.9212075471878052,1,3,0.9793842434883118
hate_video_404,1,0.9498021602630615,2.9402809143066406,val,True,asr,2,E:\m-hvc\datasets\old-dataset\frames_unique\hate_video_404,0.020034313201904297,0.0023530805483460426,0.9721229076385498,0.005489692557603121,1,2,0.9498021602630615
hate_video_405,1,0.8597995042800903,1.8136259317398071,test,True,asr,2,E:\m-hvc\datasets\old-dataset\frames_unique\hate_video_405,0.0344519317150116,0.0025137150660157204,0.9579566717147827,0.005077715031802654,1,2,0.8597995042800903
hate_video_406,1,0.8210311532020569,1.5233491659164429,val,False,missing,2,E:\m-hvc\datasets\old-dataset\frames_unique\hate_video_406,0.30955445766448975,0.011188738979399204,0.667532205581665,0.011724596843123436,1,2,0.8210311532020569
hate_video_407,1,0.5708777904510498,0.285433292388916,val,True,asr,1,E:\m-hvc\datasets\old-dataset\frames_unique\hate_video_407,0.09995455294847488,0.7946385145187378,0.06269710510969162,0.04270978271961212,1,1,0.5708777904510498
hate_video_408,1,0.9558166265487671,3.074216842651367,train,True,asr,1,E:\m-hvc\datasets\old-dataset\frames_unique\hate_video_408,0.07427516579627991,0.28403323888778687,0.4188503623008728,0.22284120321273804,1,2,0.9558166265487671
hate_video_409,1,0.960641086101532,3.1948773860931396,train,True,asr,2,E:\m-hvc\datasets\old-dataset\frames_unique\hate_video_409,0.029487665742635727,0.009338567964732647,0.9278230667114258,0.03335072100162506,1,2,0.960641086101532
hate_video_41,1,0.970188319683075,3.482588052749634,train,True,asr,2,E:\m-hvc\datasets\old-dataset\frames_unique\hate_video_41,0.018191026523709297,0.0028877202421426773,0.966269850730896,0.012651443481445312,1,2,0.970188319683075
hate_video_410,1,0.954251766204834,3.0377750396728516,train,True,asr,2,E:\m-hvc\datasets\old-dataset\frames_unique\hate_video_410,0.14977245032787323,0.050751570612192154,0.7736835479736328,0.02579248696565628,1,2,0.954251766204834
hate_video_411,1,0.9815444946289062,3.9737629890441895,train,True,asr,2,E:\m-hvc\datasets\old-dataset\frames_unique\hate_video_411,0.02106662094593048,0.005697978660464287,0.9411102533340454,0.0321250818669796,1,2,0.9815444946289062
hate_video_412,1,0.9581851363182068,3.1317899227142334,train,False,missing,2,E:\m-hvc\datasets\old-dataset\frames_unique\hate_video_412,0.1150602176785469,0.013111481443047523,0.850776195526123,0.021052062511444092,1,2,0.9581851363182068
hate_video_413,1,0.9427962899208069,2.8022301197052,train,True,asr,1,E:\m-hvc\datasets\old-dataset\frames_unique\hate_video_413,0.07248871773481369,0.6563877463340759,0.14733104407787323,0.12379248440265656,1,1,0.9427962899208069
hate_video_414,1,0.16956065595149994,-1.5887441635131836,test,True,asr,2,E:\m-hvc\datasets\old-dataset\frames_unique\hate_video_414,0.9465617537498474,0.001433005789294839,0.050892770290374756,0.0011125531746074557,0,0,0.8304393440485001
hate_video_415,1,0.9761902689933777,3.713562488555908,train,True,asr,2,E:\m-hvc\datasets\old-dataset\frames_unique\hate_video_415,0.020050033926963806,0.004015082959085703,0.9555288553237915,0.020405933260917664,1,2,0.9761902689933777
hate_video_416,1,0.9821687340736389,4.00881290435791,val,True,asr,2,E:\m-hvc\datasets\old-dataset\frames_unique\hate_video_416,0.021716130897402763,0.0042638275772333145,0.9587127566337585,0.015307334251701832,1,2,0.9821687340736389
hate_video_417,1,0.9410709142684937,2.770683765411377,train,True,asr,2,E:\m-hvc\datasets\old-dataset\frames_unique\hate_video_417,0.039857592433691025,0.026379505172371864,0.9154490828514099,0.018313853070139885,1,2,0.9410709142684937
hate_video_418,1,0.6651116013526917,0.6861576437950134,train,True,asr,2,E:\m-hvc\datasets\old-dataset\frames_unique\hate_video_418,0.06256602704524994,0.0030262332875281572,0.9256168007850647,0.008791019208729267,1,2,0.6651116013526917
hate_video_419,1,0.9794387817382812,3.86357045173645,train,True,asr,2,E:\m-hvc\datasets\old-dataset\frames_unique\hate_video_419,0.017853453755378723,0.005208029877394438,0.9657675623893738,0.011171002872288227,1,2,0.9794387817382812
hate_video_42,1,0.9712076783180237,3.5184311866760254,test,True,asr,2,E:\m-hvc\datasets\old-dataset\frames_unique\hate_video_42,0.020351020619273186,0.005666316952556372,0.9436479806900024,0.03033473715186119,1,2,0.9712076783180237
hate_video_420,1,0.7953583002090454,1.3575317859649658,train,True,asr,3,E:\m-hvc\datasets\old-dataset\frames_unique\hate_video_420,0.024820519611239433,0.016690699383616447,0.024438055232167244,0.9340507388114929,1,3,0.7953583002090454
hate_video_421,1,0.9735890626907349,3.6072120666503906,test,True,asr,3,E:\m-hvc\datasets\old-dataset\frames_unique\hate_video_421,0.017482295632362366,0.014009841717779636,0.13244198262691498,0.8360658288002014,1,3,0.9735890626907349
hate_video_422,1,0.3782026767730713,-0.4971838593482971,val,True,asr,3,E:\m-hvc\datasets\old-dataset\frames_unique\hate_video_422,0.24195748567581177,0.018706560134887695,0.488584965467453,0.2507510185241699,1,2,0.6217973232269287
hate_video_423,1,0.9686984419822693,3.4322876930236816,train,True,asr,2,E:\m-hvc\datasets\old-dataset\frames_unique\hate_video_423,0.026412053033709526,0.0037006039638072252,0.9582613110542297,0.011626060120761395,1,2,0.9686984419822693
hate_video_424,1,0.8549498319625854,1.773963212966919,train,True,asr,2,E:\m-hvc\datasets\old-dataset\frames_unique\hate_video_424,0.5931081175804138,0.006041650660336018,0.39476561546325684,0.006084618158638477,1,0,0.8549498319625854
hate_video_425,1,0.06945984065532684,-2.5950164794921875,val,True,asr,2,E:\m-hvc\datasets\old-dataset\frames_unique\hate_video_425,0.7280898094177246,0.0666428878903389,0.17403991520404816,0.03122740611433983,0,0,0.9305401593446732
hate_video_426,1,0.030406367033720016,-3.4622249603271484,test,False,missing,2,E:\m-hvc\datasets\old-dataset\frames_unique\hate_video_426,0.9235042929649353,0.008219396695494652,0.05993352830410004,0.008342854678630829,0,0,0.96959363296628
hate_video_427,1,0.9822983741760254,4.016238212585449,val,True,asr,2,E:\m-hvc\datasets\old-dataset\frames_unique\hate_video_427,0.02306685596704483,0.008137381635606289,0.9481039047241211,0.020691942423582077,1,2,0.9822983741760254
hate_video_428,1,0.9740448594093323,3.625089406967163,train,True,asr,2,E:\m-hvc\datasets\old-dataset\frames_unique\hate_video_428,0.01754254288971424,0.003312729997560382,0.9713099002838135,0.007834892719984055,1,2,0.9740448594093323
hate_video_429,1,0.961486279964447,3.217463731765747,train,True,asr,2,E:\m-hvc\datasets\old-dataset\frames_unique\hate_video_429,0.07335158437490463,0.13463205099105835,0.7492581009864807,0.04275830090045929,1,2,0.961486279964447
hate_video_43,1,0.9373529553413391,2.7055439949035645,train,True,asr,3,E:\m-hvc\datasets\old-dataset\frames_unique\hate_video_43,0.016558963805437088,0.010445769876241684,0.04237833991646767,0.9306169152259827,1,3,0.9373529553413391
hate_video_430,1,0.9775721430778503,3.7747671604156494,train,False,missing,2,E:\m-hvc\datasets\old-dataset\frames_unique\hate_video_430,0.08551697432994843,0.024039417505264282,0.839869499206543,0.05057404562830925,1,2,0.9775721430778503
hate_video_431,1,0.9792424440383911,3.853867769241333,train,True,asr,2,E:\m-hvc\datasets\old-dataset\frames_unique\hate_video_431,0.018021652474999428,0.0036597070284187794,0.9629198312759399,0.015398828312754631,1,2,0.9792424440383911
hate_video_44,1,0.9743502140045166,3.637237787246704,train,True,asr,2,E:\m-hvc\datasets\old-dataset\frames_unique\hate_video_44,0.02129535935819149,0.0036232515703886747,0.9684569835662842,0.0066243805922567844,1,2,0.9743502140045166
hate_video_45,1,0.987274169921875,4.351317882537842,train,True,asr,3,E:\m-hvc\datasets\old-dataset\frames_unique\hate_video_45,0.04419383034110069,0.06324758380651474,0.5418174266815186,0.3507412075996399,1,2,0.987274169921875
hate_video_46,1,0.9749863743782043,3.6630001068115234,train,False,missing,2,E:\m-hvc\datasets\old-dataset\frames_unique\hate_video_46,0.09090423583984375,0.032774560153484344,0.8053404092788696,0.0709807276725769,1,2,0.9749863743782043
hate_video_47,1,0.3585067093372345,-0.5818513035774231,test,True,asr,2,E:\m-hvc\datasets\old-dataset\frames_unique\hate_video_47,0.9055096507072449,0.0013625536812469363,0.09231526404619217,0.000812587677501142,1,0,0.6414932906627655
hate_video_48,1,0.9713167548179626,3.5223398208618164,val,True,asr,2,E:\m-hvc\datasets\old-dataset\frames_unique\hate_video_48,0.027391400188207626,0.00599961681291461,0.9580103754997253,0.008598612621426582,1,2,0.9713167548179626
hate_video_49,1,0.9852367043495178,4.200736999511719,train,True,asr,2,E:\m-hvc\datasets\old-dataset\frames_unique\hate_video_49,0.030082471668720245,0.0237913578748703,0.9075818061828613,0.03854433447122574,1,2,0.9852367043495178
hate_video_5,1,0.8832970857620239,2.0240299701690674,train,True,asr,2,E:\m-hvc\datasets\old-dataset\frames_unique\hate_video_5,0.027947252616286278,0.0023473931942135096,0.9669318795204163,0.0027734385803341866,1,2,0.8832970857620239
hate_video_50,1,0.7328811287879944,1.0092897415161133,train,True,asr,2,E:\m-hvc\datasets\old-dataset\frames_unique\hate_video_50,0.7455528974533081,0.0031604028772562742,0.24891901016235352,0.0023676352575421333,1,0,0.7328811287879944
hate_video_51,1,0.9826763868331909,4.038205146789551,test,True,asr,2,E:\m-hvc\datasets\old-dataset\frames_unique\hate_video_51,0.019315842539072037,0.00485709635540843,0.9608273506164551,0.014999762177467346,1,2,0.9826763868331909
hate_video_52,1,0.5688666701316833,0.2772286832332611,train,True,asr,2,E:\m-hvc\datasets\old-dataset\frames_unique\hate_video_52,0.8424226641654968,0.0019473397405818105,0.1542774885892868,0.0013525503454729915,1,0,0.5688666701316833
hate_video_53,1,0.9793614745140076,3.859743118286133,train,True,asr,3,E:\m-hvc\datasets\old-dataset\frames_unique\hate_video_53,0.01335226185619831,0.016444580629467964,0.053671374917030334,0.9165317416191101,1,3,0.9793614745140076
hate_video_54,1,0.37268689274787903,-0.5207071900367737,train,True,asr,2,E:\m-hvc\datasets\old-dataset\frames_unique\hate_video_54,0.23050269484519958,0.007429787889122963,0.7548856735229492,0.007181843277066946,1,2,0.627313107252121
hate_video_55,1,0.601896345615387,0.41337278485298157,val,True,asr,2,E:\m-hvc\datasets\old-dataset\frames_unique\hate_video_55,0.20057624578475952,0.23253703117370605,0.5180922150611877,0.04879456385970116,1,2,0.601896345615387
hate_video_56,1,0.9594571590423584,3.1640090942382812,train,True,asr,2,E:\m-hvc\datasets\old-dataset\frames_unique\hate_video_56,0.021088754758238792,0.00431114062666893,0.9687900543212891,0.0058100163005292416,1,2,0.9594571590423584
hate_video_57,1,0.9397423267364502,2.7469751834869385,train,False,missing,2,E:\m-hvc\datasets\old-dataset\frames_unique\hate_video_57,0.17437398433685303,0.01444870512932539,0.7908393740653992,0.02033795602619648,1,2,0.9397423267364502
hate_video_58,1,0.9770197868347168,3.749875068664551,train,True,asr,3,E:\m-hvc\datasets\old-dataset\frames_unique\hate_video_58,0.012866980396211147,0.012728530913591385,0.0476403683423996,0.926764190196991,1,3,0.9770197868347168
hate_video_59,1,0.519713819026947,0.07889606803655624,train,True,asr,2,E:\m-hvc\datasets\old-dataset\frames_unique\hate_video_59,0.8555809259414673,0.0015865522436797619,0.1416834592819214,0.001149137387983501,1,0,0.519713819026947
hate_video_6,1,0.9819599390029907,3.996957778930664,train,True,asr,3,E:\m-hvc\datasets\old-dataset\frames_unique\hate_video_6,0.01399034820497036,0.016036348417401314,0.06840799003839493,0.9015653133392334,1,3,0.9819599390029907
hate_video_60,1,0.9762201309204102,3.714850425720215,train,True,asr,1,E:\m-hvc\datasets\old-dataset\frames_unique\hate_video_60,0.06305114924907684,0.23205839097499847,0.5595239996910095,0.14536646008491516,1,2,0.9762201309204102
hate_video_61,1,0.6793265342712402,0.7506787180900574,test,True,asr,2,E:\m-hvc\datasets\old-dataset\frames_unique\hate_video_61,0.10430603474378586,0.010191415436565876,0.8814024925231934,0.004100074991583824,1,2,0.6793265342712402
hate_video_62,1,0.6147084832191467,0.46714773774147034,train,True,asr,2,E:\m-hvc\datasets\old-dataset\frames_unique\hate_video_62,0.06879871338605881,0.0026056973729282618,0.9251047968864441,0.003490702947601676,1,2,0.6147084832191467
hate_video_63,1,0.8934110403060913,2.1260671615600586,train,True,asr,2,E:\m-hvc\datasets\old-dataset\frames_unique\hate_video_63,0.5221791863441467,0.0054190875962376595,0.4671715497970581,0.005230159964412451,1,0,0.8934110403060913
hate_video_64,1,0.9786858558654785,3.8268375396728516,train,True,asr,2,E:\m-hvc\datasets\old-dataset\frames_unique\hate_video_64,0.057163700461387634,0.11842362582683563,0.7546205520629883,0.06979216635227203,1,2,0.9786858558654785
hate_video_65,1,0.8455348014831543,1.7000004053115845,test,True,asr,3,E:\m-hvc\datasets\old-dataset\frames_unique\hate_video_65,0.08369389176368713,0.09655191004276276,0.19988659024238586,0.6198675632476807,1,3,0.8455348014831543
hate_video_66,1,0.6284753680229187,0.5256818532943726,train,True,asr,2,E:\m-hvc\datasets\old-dataset\frames_unique\hate_video_66,0.08059713989496231,0.00400853157043457,0.9113389253616333,0.004055346362292767,1,2,0.6284753680229187
hate_video_67,1,0.9808214902877808,3.934601306915283,train,True,asr,3,E:\m-hvc\datasets\old-dataset\frames_unique\hate_video_67,0.011793323792517185,0.012309903278946877,0.0530988909304142,0.9227978587150574,1,3,0.9808214902877808
hate_video_68,1,0.977784276008606,3.784489631652832,train,True,asr,2,E:\m-hvc\datasets\old-dataset\frames_unique\hate_video_68,0.021241584792733192,0.0029920730739831924,0.9652729630470276,0.01049339771270752,1,2,0.977784276008606
hate_video_69,1,0.3071204125881195,-0.8136164546012878,train,True,asr,2,E:\m-hvc\datasets\old-dataset\frames_unique\hate_video_69,0.9184571504592896,0.001314486493356526,0.07943782955408096,0.000790588092058897,0,0,0.6928795874118805
hate_video_7,1,0.9440101385116577,2.824965476989746,train,True,asr,1,E:\m-hvc\datasets\old-dataset\frames_unique\hate_video_7,0.06777212768793106,0.6917322278022766,0.1492643654346466,0.09123120456933975,1,1,0.9440101385116577
hate_video_70,1,0.8450570702552795,1.696347713470459,train,True,asr,2,E:\m-hvc\datasets\old-dataset\frames_unique\hate_video_70,0.056970495730638504,0.039063334465026855,0.8693485856056213,0.03461751714348793,1,2,0.8450570702552795
hate_video_71,1,0.983759880065918,4.103899002075195,train,True,asr,3,E:\m-hvc\datasets\old-dataset\frames_unique\hate_video_71,0.03443637117743492,0.02074327878654003,0.5309224724769592,0.41389790177345276,1,2,0.983759880065918
hate_video_72,1,0.9012823700904846,2.211555004119873,test,True,asr,2,E:\m-hvc\datasets\old-dataset\frames_unique\hate_video_72,0.031156908720731735,0.0040359157137572765,0.957900881767273,0.006906301248818636,1,2,0.9012823700904846
hate_video_73,1,0.9480825662612915,2.9047865867614746,test,True,asr,3,E:\m-hvc\datasets\old-dataset\frames_unique\hate_video_73,0.011670121923089027,0.012261715717613697,0.028221847489476204,0.9478463530540466,1,3,0.9480825662612915
hate_video_74,1,0.9527989625930786,3.0049891471862793,train,True,asr,2,E:\m-hvc\datasets\old-dataset\frames_unique\hate_video_74,0.024537112563848495,0.008972748182713985,0.9540016651153564,0.01248849742114544,1,2,0.9527989625930786
hate_video_75,1,0.9375140070915222,2.70828914642334,train,True,asr,1,E:\m-hvc\datasets\old-dataset\frames_unique\hate_video_75,0.06158720701932907,0.6359024047851562,0.20412707328796387,0.09838330000638962,1,1,0.9375140070915222
hate_video_76,1,0.7911983728408813,1.3321641683578491,train,True,asr,2,E:\m-hvc\datasets\old-dataset\frames_unique\hate_video_76,0.04123658314347267,0.004631272051483393,0.9463182687759399,0.007813899777829647,1,2,0.7911983728408813
hate_video_77,1,0.9751408100128174,3.669355630874634,train,False,missing,2,E:\m-hvc\datasets\old-dataset\frames_unique\hate_video_77,0.08634335547685623,0.01908629946410656,0.8543805480003357,0.04018983989953995,1,2,0.9751408100128174
hate_video_78,1,0.9710696935653687,3.5135087966918945,train,True,asr,2,E:\m-hvc\datasets\old-dataset\frames_unique\hate_video_78,0.039917197078466415,0.00789831206202507,0.9393863081932068,0.012798157520592213,1,2,0.9710696935653687
hate_video_79,1,0.9781224727630615,3.8001747131347656,train,True,asr,2,E:\m-hvc\datasets\old-dataset\frames_unique\hate_video_79,0.023913828656077385,0.00858375709503889,0.9170841574668884,0.05041826143860817,1,2,0.9781224727630615
hate_video_8,1,0.9697378873825073,3.467130184173584,train,True,asr,1,E:\m-hvc\datasets\old-dataset\frames_unique\hate_video_8,0.06090712174773216,0.4738057851791382,0.2815733850002289,0.18371376395225525,1,1,0.9697378873825073
hate_video_80,1,0.985482931137085,4.217804908752441,train,True,asr,2,E:\m-hvc\datasets\old-dataset\frames_unique\hate_video_80,0.03211093693971634,0.013580712489783764,0.6733519434928894,0.28095629811286926,1,2,0.985482931137085
hate_video_81,1,0.9678840041160583,3.405756950378418,train,True,asr,3,E:\m-hvc\datasets\old-dataset\frames_unique\hate_video_81,0.039030302315950394,0.03424491360783577,0.2734779715538025,0.6532468199729919,1,3,0.9678840041160583
hate_video_82,1,0.0703970342874527,-2.580606460571289,test,True,asr,2,E:\m-hvc\datasets\old-dataset\frames_unique\hate_video_82,0.5520948171615601,0.007873719558119774,0.4291955828666687,0.010835851542651653,0,0,0.9296029657125473
hate_video_83,1,0.1195884570479393,-1.9963332414627075,test,True,asr,2,E:\m-hvc\datasets\old-dataset\frames_unique\hate_video_83,0.5017885565757751,0.008023044094443321,0.46058639883995056,0.02960195392370224,0,0,0.8804115429520607
hate_video_84,1,0.9875900745391846,4.376770496368408,train,True,asr,2,E:\m-hvc\datasets\old-dataset\frames_unique\hate_video_84,0.025605609640479088,0.011326425708830357,0.8474138379096985,0.1156541109085083,1,2,0.9875900745391846
hate_video_85,1,0.9812394380569458,3.957058906555176,test,True,asr,2,E:\m-hvc\datasets\old-dataset\frames_unique\hate_video_85,0.019986184313893318,0.006315663456916809,0.9504939317703247,0.02320414036512375,1,2,0.9812394380569458
hate_video_86,1,0.9853996634483337,4.212005615234375,train,True,asr,2,E:\m-hvc\datasets\old-dataset\frames_unique\hate_video_86,0.02102000080049038,0.006141517776995897,0.9491762518882751,0.023662272840738297,1,2,0.9853996634483337
hate_video_87,1,0.4015660583972931,-0.3989441692829132,test,True,asr,2,E:\m-hvc\datasets\old-dataset\frames_unique\hate_video_87,0.14690816402435303,0.0032752661500126123,0.843180775642395,0.006635764148086309,1,2,0.5984339416027069
hate_video_88,1,0.9791014194488525,3.8469536304473877,train,True,asr,2,E:\m-hvc\datasets\old-dataset\frames_unique\hate_video_88,0.0196941327303648,0.005732069257646799,0.9476044774055481,0.026969360187649727,1,2,0.9791014194488525
hate_video_89,1,0.9682229161262512,3.416719436645508,test,True,asr,2,E:\m-hvc\datasets\old-dataset\frames_unique\hate_video_89,0.03536592051386833,0.03771757706999779,0.868618369102478,0.05829814448952675,1,2,0.9682229161262512
hate_video_9,1,0.9839820265769958,4.117894172668457,train,True,asr,2,E:\m-hvc\datasets\old-dataset\frames_unique\hate_video_9,0.021203257143497467,0.00730786332860589,0.9356892704963684,0.03579956293106079,1,2,0.9839820265769958
hate_video_90,1,0.08812455087900162,-2.33675217628479,train,True,asr,2,E:\m-hvc\datasets\old-dataset\frames_unique\hate_video_90,0.48274508118629456,0.007840837351977825,0.49874910712242126,0.010664953850209713,0,2,0.9118754491209984
hate_video_91,1,0.984298586845398,4.138179779052734,train,True,asr,2,E:\m-hvc\datasets\old-dataset\frames_unique\hate_video_91,0.02044358290731907,0.006130973808467388,0.9468303322792053,0.026595167815685272,1,2,0.984298586845398
hate_video_92,1,0.016352051869034767,-4.096914768218994,val,True,asr,2,E:\m-hvc\datasets\old-dataset\frames_unique\hate_video_92,0.9641655087471008,0.0020234747789800167,0.03246153146028519,0.001349510159343481,0,0,0.9836479481309652
hate_video_93,1,0.9794968366622925,3.866459369659424,val,True,asr,2,E:\m-hvc\datasets\old-dataset\frames_unique\hate_video_93,0.020644094794988632,0.006854451261460781,0.9568285942077637,0.015672879293560982,1,2,0.9794968366622925
hate_video_94,1,0.20161956548690796,-1.3762025833129883,test,True,asr,1,E:\m-hvc\datasets\old-dataset\frames_unique\hate_video_94,0.4530618488788605,0.19927513599395752,0.3203740417957306,0.027288971468806267,0,0,0.798380434513092
hate_video_95,1,0.9513392448425293,2.9729983806610107,train,True,asr,2,E:\m-hvc\datasets\old-dataset\frames_unique\hate_video_95,0.12247466295957565,0.01582438312470913,0.827816903591156,0.03388402983546257,1,2,0.9513392448425293
hate_video_96,1,0.015068070031702518,-4.179994583129883,test,True,asr,2,E:\m-hvc\datasets\old-dataset\frames_unique\hate_video_96,0.9859880805015564,0.000939343124628067,0.012210782617330551,0.0008618680294603109,0,0,0.9849319299682975
hate_video_97,1,0.9793451428413391,3.8589348793029785,train,True,asr,2,E:\m-hvc\datasets\old-dataset\frames_unique\hate_video_97,0.02566441521048546,0.010403613559901714,0.9521357417106628,0.011796245351433754,1,2,0.9793451428413391
hate_video_98,1,0.9197326898574829,2.438720226287842,train,True,asr,1,E:\m-hvc\datasets\old-dataset\frames_unique\hate_video_98,0.06103663146495819,0.6816328763961792,0.17657321691513062,0.08075723052024841,1,1,0.9197326898574829
hate_video_99,1,0.9811708927154541,3.9533443450927734,train,True,asr,2,E:\m-hvc\datasets\old-dataset\frames_unique\hate_video_99,0.019580844789743423,0.006462501361966133,0.9586438536643982,0.015312839299440384,1,2,0.9811708927154541
non_hate_video_1,0,0.2530251741409302,-1.0825425386428833,train,True,asr,0,E:\m-hvc\datasets\old-dataset\frames_unique\non_hate_video_1,0.2440299391746521,0.0030541017185896635,0.7474387884140015,0.005477110389620066,0,2,0.7469748258590698
non_hate_video_10,0,0.7658437490463257,1.18498957157135,test,True,asr,0,E:\m-hvc\datasets\old-dataset\frames_unique\non_hate_video_10,0.047759562730789185,0.004745044279843569,0.9425747394561768,0.004920546896755695,1,2,0.7658437490463257
non_hate_video_100,0,0.00972040370106697,-4.623760223388672,train,True,asr,0,E:\m-hvc\datasets\old-dataset\frames_unique\non_hate_video_100,0.9868136644363403,0.0009117390727624297,0.01140170730650425,0.0008727801614440978,0,0,0.990279596298933
non_hate_video_101,0,0.5034929513931274,0.013972096145153046,train,True,asr,0,E:\m-hvc\datasets\old-dataset\frames_unique\non_hate_video_101,0.307883620262146,0.008002723567187786,0.6760643124580383,0.008049345575273037,1,2,0.5034929513931274
non_hate_video_102,0,0.23564784228801727,-1.1766901016235352,train,True,asr,0,E:\m-hvc\datasets\old-dataset\frames_unique\non_hate_video_102,0.2555272877216339,0.0076966905035078526,0.7197785377502441,0.016997436061501503,0,2,0.7643521577119827
non_hate_video_103,0,0.08421556651592255,-2.3864011764526367,train,True,asr,0,E:\m-hvc\datasets\old-dataset\frames_unique\non_hate_video_103,0.7070783376693726,0.007514831610023975,0.2783036530017853,0.0071031092666089535,0,0,0.9157844334840775
non_hate_video_104,0,0.012803259305655956,-4.345169544219971,train,True,asr,0,E:\m-hvc\datasets\old-dataset\frames_unique\non_hate_video_104,0.9881735444068909,0.001023429911583662,0.009956840425729752,0.0008461630786769092,0,0,0.987196740694344
non_hate_video_105,0,0.031979478895664215,-3.41015887260437,train,True,asr,0,E:\m-hvc\datasets\old-dataset\frames_unique\non_hate_video_105,0.8749908208847046,0.03373701125383377,0.08088914304971695,0.010382937267422676,0,0,0.9680205211043358
non_hate_video_106,0,0.037200238555669785,-3.253530263900757,train,True,asr,0,E:\m-hvc\datasets\old-dataset\frames_unique\non_hate_video_106,0.9074679017066956,0.04459158703684807,0.03509040176868439,0.012850107625126839,0,0,0.9627997614443302
non_hate_video_107,0,0.3725918233394623,-0.5211138725280762,train,True,asr,0,E:\m-hvc\datasets\old-dataset\frames_unique\non_hate_video_107,0.16571329534053802,0.0031220801174640656,0.8279717564582825,0.0031928550451993942,1,2,0.6274081766605377
non_hate_video_108,0,0.7945517301559448,1.3525837659835815,test,True,asr,0,E:\m-hvc\datasets\old-dataset\frames_unique\non_hate_video_108,0.0700225681066513,0.8129518032073975,0.06211867183446884,0.05490700528025627,1,1,0.7945517301559448
non_hate_video_109,0,0.009500553831458092,-4.646859169006348,train,True,asr,0,E:\m-hvc\datasets\old-dataset\frames_unique\non_hate_video_109,0.9908965229988098,0.0008958412799984217,0.007514827884733677,0.0006928379880264401,0,0,0.9904994461685419
non_hate_video_11,0,0.8264868855476379,1.560930609703064,train,True,asr,0,E:\m-hvc\datasets\old-dataset\frames_unique\non_hate_video_11,0.09367785602807999,0.5393204689025879,0.08861561864614487,0.27838602662086487,1,1,0.8264868855476379
non_hate_video_110,0,0.2846459448337555,-0.9215313792228699,train,True,asr,0,E:\m-hvc\datasets\old-dataset\frames_unique\non_hate_video_110,0.881873369216919,0.004787360318005085,0.10631101578474045,0.007028198800981045,0,0,0.7153540551662445
non_hate_video_111,0,0.7241389155387878,0.9650859236717224,train,True,asr,0,E:\m-hvc\datasets\old-dataset\frames_unique\non_hate_video_111,0.12204086780548096,0.7610189318656921,0.07808560132980347,0.038854606449604034,1,1,0.7241389155387878
non_hate_video_112,0,0.03958664834499359,-3.1888718605041504,train,False,missing,0,E:\m-hvc\datasets\old-dataset\frames_unique\non_hate_video_112,0.8858802318572998,0.01957174576818943,0.07492278516292572,0.019625257700681686,0,0,0.9604133516550064
non_hate_video_113,0,0.26591116189956665,-1.0154677629470825,train,True,asr,0,E:\m-hvc\datasets\old-dataset\frames_unique\non_hate_video_113,0.18490061163902283,0.005411445628851652,0.8007199764251709,0.008967979811131954,0,2,0.7340888381004333
non_hate_video_114,0,0.043710239231586456,-3.0854785442352295,val,True,asr,0,E:\m-hvc\datasets\old-dataset\frames_unique\non_hate_video_114,0.97295081615448,0.0034268693998456,0.021604524925351143,0.002017796505242586,0,0,0.9562897607684135
non_hate_video_115,0,0.012818420305848122,-4.343970775604248,train,True,asr,0,E:\m-hvc\datasets\old-dataset\frames_unique\non_hate_video_115,0.9860658645629883,0.0013370050583034754,0.011364559642970562,0.001232558162882924,0,0,0.9871815796941519
non_hate_video_116,0,0.9714670181274414,3.5277457237243652,train,False,missing,0,E:\m-hvc\datasets\old-dataset\frames_unique\non_hate_video_116,0.10136143863201141,0.02220640890300274,0.8308290839195251,0.04560307040810585,1,2,0.9714670181274414
non_hate_video_117,0,0.031089991331100464,-3.4392857551574707,train,True,asr,0,E:\m-hvc\datasets\old-dataset\frames_unique\non_hate_video_117,0.9553847908973694,0.007178713101893663,0.03183313086628914,0.005603413563221693,0,0,0.9689100086688995
non_hate_video_118,0,0.022555314004421234,-3.7689709663391113,val,True,asr,0,E:\m-hvc\datasets\old-dataset\frames_unique\non_hate_video_118,0.9810197949409485,0.002209737431257963,0.015148717910051346,0.0016218170057982206,0,0,0.9774446859955788
non_hate_video_119,0,0.08181436359882355,-2.4179468154907227,train,False,missing,0,E:\m-hvc\datasets\old-dataset\frames_unique\non_hate_video_119,0.8089795112609863,0.02717806212604046,0.13569822907447815,0.028144199401140213,0,0,0.9181856364011765
non_hate_video_12,0,0.013188695535063744,-4.315118789672852,train,True,asr,0,E:\m-hvc\datasets\old-dataset\frames_unique\non_hate_video_12,0.9831079840660095,0.0027018715627491474,0.01285224873572588,0.0013378646690398455,0,0,0.9868113044649363
non_hate_video_120,0,0.10830329358577728,-2.1081905364990234,train,True,asr,0,E:\m-hvc\datasets\old-dataset\frames_unique\non_hate_video_120,0.4359286427497864,0.0055735474452376366,0.5531682372093201,0.00532955676317215,0,2,0.8916967064142227
non_hate_video_121,0,0.10612895339727402,-2.130906581878662,train,True,asr,0,E:\m-hvc\datasets\old-dataset\frames_unique\non_hate_video_121,0.4187052249908447,0.008670949377119541,0.5622809529304504,0.010342846624553204,0,2,0.893871046602726
non_hate_video_122,0,0.026939652860164642,-3.5868468284606934,val,False,missing,0,E:\m-hvc\datasets\old-dataset\frames_unique\non_hate_video_122,0.923177182674408,0.012981429696083069,0.050764501094818115,0.01307691354304552,0,0,0.9730603471398354
non_hate_video_123,0,0.18149501085281372,-1.506251335144043,val,True,asr,0,E:\m-hvc\datasets\old-dataset\frames_unique\non_hate_video_123,0.3915497362613678,0.4392945468425751,0.06131456419825554,0.10784116387367249,0,1,0.8185049891471863
non_hate_video_124,0,0.11043849587440491,-2.0862698554992676,val,True,asr,0,E:\m-hvc\datasets\old-dataset\frames_unique\non_hate_video_124,0.5405954122543335,0.029423348605632782,0.4072500467300415,0.022731197997927666,0,0,0.8895615041255951
non_hate_video_125,0,0.04572908580303192,-3.038213014602661,train,True,asr,0,E:\m-hvc\datasets\old-dataset\frames_unique\non_hate_video_125,0.9633468985557556,0.0022702820133417845,0.031229207292199135,0.0031536133028566837,0,0,0.9542709141969681
non_hate_video_126,0,0.12493857741355896,-1.9464716911315918,train,True,asr,0,E:\m-hvc\datasets\old-dataset\frames_unique\non_hate_video_126,0.5432319641113281,0.325702428817749,0.08847180753946304,0.04259379580616951,0,0,0.875061422586441
non_hate_video_127,0,0.008442156948149204,-4.7660393714904785,train,True,asr,0,E:\m-hvc\datasets\old-dataset\frames_unique\non_hate_video_127,0.9906418919563293,0.0007269346388056874,0.008033755235373974,0.0005973525694571435,0,0,0.9915578430518508
non_hate_video_128,0,0.357130229473114,-0.5878415703773499,train,True,asr,0,E:\m-hvc\datasets\old-dataset\frames_unique\non_hate_video_128,0.232741117477417,0.012687639333307743,0.6844193935394287,0.07015184313058853,1,2,0.642869770526886
non_hate_video_129,0,0.03864589333534241,-3.213902235031128,train,False,missing,0,E:\m-hvc\datasets\old-dataset\frames_unique\non_hate_video_129,0.8887832164764404,0.01999151147902012,0.07044167816638947,0.020783551037311554,0,0,0.9613541066646576
non_hate_video_13,0,0.016881871968507767,-4.064488887786865,train,True,asr,0,E:\m-hvc\datasets\old-dataset\frames_unique\non_hate_video_13,0.9891153573989868,0.0006160253542475402,0.009724964387714863,0.0005436389474198222,0,0,0.9831181280314922
non_hate_video_130,0,0.8994556665420532,2.191190719604492,val,True,asr,0,E:\m-hvc\datasets\old-dataset\frames_unique\non_hate_video_130,0.04372371360659599,0.011078770272433758,0.9321612119674683,0.013036327436566353,1,2,0.8994556665420532
non_hate_video_131,0,0.09750518202781677,-2.225257396697998,test,True,asr,0,E:\m-hvc\datasets\old-dataset\frames_unique\non_hate_video_131,0.5402924418449402,0.01275194063782692,0.39484477043151855,0.05211085453629494,0,0,0.9024948179721832
non_hate_video_132,0,0.06106742098927498,-2.7327651977539062,train,False,missing,0,E:\m-hvc\datasets\old-dataset\frames_unique\non_hate_video_132,0.8492189645767212,0.017429577186703682,0.11346229910850525,0.01988908275961876,0,0,0.938932579010725
non_hate_video_133,0,0.029925715178251266,-3.478654623031616,train,True,asr,0,E:\m-hvc\datasets\old-dataset\frames_unique\non_hate_video_133,0.919998824596405,0.03905772045254707,0.031112443655729294,0.009831024333834648,0,0,0.9700742848217487
non_hate_video_134,0,0.11668752133846283,-2.024179458618164,train,True,asr,0,E:\m-hvc\datasets\old-dataset\frames_unique\non_hate_video_134,0.5456426739692688,0.3503628969192505,0.058155715465545654,0.045838695019483566,0,0,0.8833124786615372
non_hate_video_135,0,0.11965201050043106,-1.995729684829712,train,True,asr,0,E:\m-hvc\datasets\old-dataset\frames_unique\non_hate_video_135,0.5537974834442139,0.04767673835158348,0.18089643120765686,0.2176293581724167,0,0,0.8803479894995689
non_hate_video_136,0,0.7476267218589783,1.0859943628311157,test,True,asr,0,E:\m-hvc\datasets\old-dataset\frames_unique\non_hate_video_136,0.07322728633880615,0.8199198246002197,0.04225342720746994,0.06459945440292358,1,1,0.7476267218589783
non_hate_video_137,0,0.022350037470459938,-3.7783236503601074,val,False,missing,0,E:\m-hvc\datasets\old-dataset\frames_unique\non_hate_video_137,0.948150098323822,0.00675491476431489,0.03822581470012665,0.006869207601994276,0,0,0.9776499625295401
non_hate_video_138,0,0.008695454336702824,-4.7362213134765625,train,True,asr,0,E:\m-hvc\datasets\old-dataset\frames_unique\non_hate_video_138,0.9900312423706055,0.0013294884702190757,0.007698856294155121,0.0009403980802744627,0,0,0.9913045456632972
non_hate_video_139,0,0.07173869758844376,-2.5602829456329346,train,True,asr,0,E:\m-hvc\datasets\old-dataset\frames_unique\non_hate_video_139,0.589468240737915,0.009672649204730988,0.39009225368499756,0.010766904801130295,0,0,0.9282613024115562
non_hate_video_14,0,0.953072726726532,3.011092185974121,val,True,asr,0,E:\m-hvc\datasets\old-dataset\frames_unique\non_hate_video_14,0.032471176236867905,0.006362807936966419,0.9524908661842346,0.00867514219135046,1,2,0.953072726726532
non_hate_video_140,0,0.6561377048492432,0.6461294293403625,train,False,missing,0,E:\m-hvc\datasets\old-dataset\frames_unique\non_hate_video_140,0.36413371562957764,0.04732099175453186,0.5359399914741516,0.0526052862405777,1,2,0.6561377048492432
non_hate_video_141,0,0.03023480996489525,-3.46806001663208,train,False,missing,0,E:\m-hvc\datasets\old-dataset\frames_unique\non_hate_video_141,0.9290668964385986,0.009372171014547348,0.052068617194890976,0.009492401033639908,0,0,0.9697651900351048
non_hate_video_142,0,0.09011077880859375,-2.3122830390930176,train,True,asr,0,E:\m-hvc\datasets\old-dataset\frames_unique\non_hate_video_142,0.44593462347984314,0.006067968439310789,0.5415895581245422,0.006407829467207193,0,2,0.9098892211914062
non_hate_video_143,0,0.023159964010119438,-3.7418978214263916,train,False,missing,0,E:\m-hvc\datasets\old-dataset\frames_unique\non_hate_video_143,0.9386048316955566,0.00867692194879055,0.04318581894040108,0.009532492607831955,0,0,0.9768400359898806
non_hate_video_144,0,0.2816776931285858,-0.936154842376709,train,True,asr,0,E:\m-hvc\datasets\old-dataset\frames_unique\non_hate_video_144,0.21150323748588562,0.06832385063171387,0.05880173295736313,0.661371111869812,0,3,0.7183223068714142
non_hate_video_145,0,0.9428660869598389,2.803527355194092,val,True,asr,0,E:\m-hvc\datasets\old-dataset\frames_unique\non_hate_video_145,0.09600310027599335,0.1117405891418457,0.6885531544685364,0.10370315611362457,1,2,0.9428660869598389
non_hate_video_146,0,0.010407562367618084,-4.554760456085205,train,True,asr,0,E:\m-hvc\datasets\old-dataset\frames_unique\non_hate_video_146,0.9904278516769409,0.0007861184421926737,0.008101969957351685,0.0006841235444881022,0,0,0.9895924376323819
non_hate_video_147,0,0.009639386087656021,-4.632211685180664,train,True,asr,0,E:\m-hvc\datasets\old-dataset\frames_unique\non_hate_video_147,0.9928280711174011,0.0004642633139155805,0.006378423888236284,0.0003292235778644681,0,0,0.990360613912344
non_hate_video_148,0,0.16931892931461334,-1.5904617309570312,train,True,asr,0,E:\m-hvc\datasets\old-dataset\frames_unique\non_hate_video_148,0.3173331618309021,0.005518736783415079,0.667417049407959,0.009731070138514042,0,2,0.8306810706853867
non_hate_video_149,0,0.1319042295217514,-1.8842259645462036,train,True,asr,0,E:\m-hvc\datasets\old-dataset\frames_unique\non_hate_video_149,0.5407010316848755,0.007582767866551876,0.4442209303379059,0.0074952333234250546,0,0,0.8680957704782486
non_hate_video_15,0,0.1385168880224228,-1.8276631832122803,train,True,asr,0,E:\m-hvc\datasets\old-dataset\frames_unique\non_hate_video_15,0.5301370620727539,0.04033702611923218,0.20668554306030273,0.22284036874771118,0,0,0.8614831119775772
non_hate_video_150,0,0.11172404885292053,-2.0732505321502686,train,True,asr,0,E:\m-hvc\datasets\old-dataset\frames_unique\non_hate_video_150,0.9642269611358643,0.0007333270041272044,0.03452596440911293,0.0005137650878168643,0,0,0.8882759511470795
non_hate_video_151,0,0.026428090408444405,-3.606544256210327,test,False,missing,0,E:\m-hvc\datasets\old-dataset\frames_unique\non_hate_video_151,0.9200246334075928,0.013133075088262558,0.053322289139032364,0.01351999118924141,0,0,0.9735719095915556
non_hate_video_152,0,0.03045290894806385,-3.4606475830078125,val,False,missing,0,E:\m-hvc\datasets\old-dataset\frames_unique\non_hate_video_152,0.9195518493652344,0.009371251799166203,0.06084869056940079,0.010228264145553112,0,0,0.9695470910519361
non_hate_video_153,0,0.012055852450430393,-4.406075954437256,train,True,asr,0,E:\m-hvc\datasets\old-dataset\frames_unique\non_hate_video_153,0.990481436252594,0.0005596940754912794,0.008479738608002663,0.00047911074943840504,0,0,0.9879441475495696
non_hate_video_154,0,0.012768393382430077,-4.347931861877441,train,True,asr,0,E:\m-hvc\datasets\old-dataset\frames_unique\non_hate_video_154,0.9893959164619446,0.0006122118211351335,0.009527684189379215,0.00046412201481871307,0,0,0.9872316066175699
non_hate_video_155,0,0.11025649309158325,-2.0881237983703613,train,True,asr,0,E:\m-hvc\datasets\old-dataset\frames_unique\non_hate_video_155,0.6600914001464844,0.1483544260263443,0.12944193184375763,0.06211221218109131,0,0,0.8897435069084167
non_hate_video_156,0,0.021547559648752213,-3.8157095909118652,train,True,asr,0,E:\m-hvc\datasets\old-dataset\frames_unique\non_hate_video_156,0.9698768854141235,0.003305881517007947,0.02501247636973858,0.001804662519134581,0,0,0.9784524403512478
non_hate_video_157,0,0.008807586506009102,-4.723295211791992,val,True,asr,0,E:\m-hvc\datasets\old-dataset\frames_unique\non_hate_video_157,0.9903593063354492,0.0006770446198061109,0.008392827585339546,0.0005708662210963666,0,0,0.9911924134939909
non_hate_video_158,0,0.3927273750305176,-0.4358622431755066,train,True,asr,0,E:\m-hvc\datasets\old-dataset\frames_unique\non_hate_video_158,0.2197546362876892,0.6813263297080994,0.061780720949172974,0.03713836520910263,1,1,0.6072726249694824
non_hate_video_159,0,0.21380917727947235,-1.3021156787872314,train,True,asr,0,E:\m-hvc\datasets\old-dataset\frames_unique\non_hate_video_159,0.3305695950984955,0.006402172613888979,0.6463896632194519,0.016638554632663727,0,2,0.7861908227205276
non_hate_video_16,0,0.9769797325134277,3.7480905055999756,test,True,asr,0,E:\m-hvc\datasets\old-dataset\frames_unique\non_hate_video_16,0.020839007571339607,0.004957806318998337,0.9638016819953918,0.01040151622146368,1,2,0.9769797325134277
non_hate_video_160,0,0.023592140525579453,-3.7229666709899902,train,False,missing,0,E:\m-hvc\datasets\old-dataset\frames_unique\non_hate_video_160,0.9427964687347412,0.008232028223574162,0.04125851020216942,0.00771299796178937,0,0,0.9764078594744205
non_hate_video_161,0,0.026738302782177925,-3.5945558547973633,train,False,missing,0,E:\m-hvc\datasets\old-dataset\frames_unique\non_hate_video_161,0.9231895208358765,0.012118824757635593,0.05204356461763382,0.012648064643144608,0,0,0.9732616972178221
non_hate_video_162,0,0.032757166773080826,-3.3853278160095215,train,False,missing,0,E:\m-hvc\datasets\old-dataset\frames_unique\non_hate_video_162,0.918601393699646,0.008372091688215733,0.06361500173807144,0.009411541745066643,0,0,0.9672428332269192
non_hate_video_163,0,0.9234512448310852,2.4901905059814453,test,True,asr,0,E:\m-hvc\datasets\old-dataset\frames_unique\non_hate_video_163,0.02190011739730835,0.002720901044085622,0.9708628058433533,0.004516192711889744,1,2,0.9234512448310852
non_hate_video_164,0,0.07249510288238525,-2.5489790439605713,train,False,missing,0,E:\m-hvc\datasets\old-dataset\frames_unique\non_hate_video_164,0.8763551115989685,0.009730224497616291,0.10460703819990158,0.009307627566158772,0,0,0.9275048971176147
non_hate_video_165,0,0.20225490629673004,-1.372260332107544,test,True,asr,0,E:\m-hvc\datasets\old-dataset\frames_unique\non_hate_video_165,0.3077811300754547,0.004758965224027634,0.6745613813400269,0.012898537330329418,0,2,0.79774509370327
non_hate_video_166,0,0.7491888403892517,1.0942907333374023,train,True,asr,0,E:\m-hvc\datasets\old-dataset\frames_unique\non_hate_video_166,0.04303841292858124,0.020067907869815826,0.08571626245975494,0.8511773943901062,1,3,0.7491888403892517
non_hate_video_167,0,0.012302651070058346,-4.385561466217041,test,True,asr,0,E:\m-hvc\datasets\old-dataset\frames_unique\non_hate_video_167,0.9871081709861755,0.0012000588467344642,0.010367140173912048,0.001324636279605329,0,0,0.9876973489299417
non_hate_video_168,0,0.021361814811825752,-3.824557065963745,train,False,missing,0,E:\m-hvc\datasets\old-dataset\frames_unique\non_hate_video_168,0.944493293762207,0.008388997055590153,0.03910284489393234,0.008014789782464504,0,0,0.9786381851881742
non_hate_video_169,0,0.060114651918411255,-2.749504327774048,train,True,asr,0,E:\m-hvc\datasets\old-dataset\frames_unique\non_hate_video_169,0.6291536688804626,0.007606097962707281,0.35135844349861145,0.01188180223107338,0,0,0.9398853480815887
non_hate_video_17,0,0.7449820637702942,1.072026014328003,val,True,asr,0,E:\m-hvc\datasets\old-dataset\frames_unique\non_hate_video_17,0.07311750203371048,0.5833022594451904,0.06309645622968674,0.28048381209373474,1,1,0.7449820637702942
non_hate_video_170,0,0.013682925142347813,-4.277829170227051,val,True,asr,0,E:\m-hvc\datasets\old-dataset\frames_unique\non_hate_video_170,0.9887775778770447,0.0006504948250949383,0.010003108531236649,0.0005687428056262434,0,0,0.9863170748576522
non_hate_video_171,0,0.8949903845787048,2.14276123046875,val,True,asr,0,E:\m-hvc\datasets\old-dataset\frames_unique\non_hate_video_171,0.019955646246671677,0.009940828196704388,0.03307443484663963,0.9370290040969849,1,3,0.8949903845787048
non_hate_video_172,0,0.10817777365446091,-2.1094908714294434,val,True,asr,0,E:\m-hvc\datasets\old-dataset\frames_unique\non_hate_video_172,0.8829284906387329,0.007395623251795769,0.10653852671384811,0.0031374332029372454,0,0,0.8918222263455391
non_hate_video_173,0,0.01924874261021614,-3.930873155593872,train,True,asr,0,E:\m-hvc\datasets\old-dataset\frames_unique\non_hate_video_173,0.9856736063957214,0.0005099681438878179,0.013499299064278603,0.00031713114003650844,0,0,0.9807512573897839
non_hate_video_174,0,0.08906355500221252,-2.325122833251953,val,True,asr,0,E:\m-hvc\datasets\old-dataset\frames_unique\non_hate_video_174,0.5462583303451538,0.006369955372065306,0.44018569588661194,0.007185991853475571,0,0,0.9109364449977875
non_hate_video_175,0,0.15861117839813232,-1.6685981750488281,train,True,asr,0,E:\m-hvc\datasets\old-dataset\frames_unique\non_hate_video_175,0.3035726547241211,0.00434758560732007,0.6853542327880859,0.006725579500198364,0,2,0.8413888216018677
non_hate_video_176,0,0.18847167491912842,-1.45997154712677,train,True,asr,0,E:\m-hvc\datasets\old-dataset\frames_unique\non_hate_video_176,0.3698919117450714,0.49715620279312134,0.05713168531656265,0.0758202075958252,0,1,0.8115283250808716
non_hate_video_177,0,0.10842423886060715,-2.1069388389587402,test,True,asr,0,E:\m-hvc\datasets\old-dataset\frames_unique\non_hate_video_177,0.4390025734901428,0.009339046664536,0.5427784323692322,0.008879940025508404,0,2,0.8915757611393929
non_hate_video_178,0,0.013590618036687374,-4.28469181060791,train,True,asr,0,E:\m-hvc\datasets\old-dataset\frames_unique\non_hate_video_178,0.9900332093238831,0.0009139376343227923,0.008257812820374966,0.000795050582382828,0,0,0.9864093819633126
non_hate_video_179,0,0.7097788453102112,0.8943102955818176,train,True,asr,0,E:\m-hvc\datasets\old-dataset\frames_unique\non_hate_video_179,0.058520808815956116,0.0028866876382380724,0.93006831407547,0.008524210192263126,1,2,0.7097788453102112
non_hate_video_18,0,0.24698475003242493,-1.1147589683532715,train,True,asr,0,E:\m-hvc\datasets\old-dataset\frames_unique\non_hate_video_18,0.299906849861145,0.6023489832878113,0.05310234799981117,0.04464184492826462,0,1,0.7530152499675751
non_hate_video_180,0,0.008156456984579563,-4.800755500793457,val,True,asr,0,E:\m-hvc\datasets\old-dataset\frames_unique\non_hate_video_180,0.9901611804962158,0.0009568672394379973,0.00804328452795744,0.0008386711124330759,0,0,0.9918435430154204
non_hate_video_181,0,0.20631901919841766,-1.3472578525543213,train,True,asr,0,E:\m-hvc\datasets\old-dataset\frames_unique\non_hate_video_181,0.34935691952705383,0.020569566637277603,0.6186544895172119,0.011418967507779598,0,2,0.7936809808015823
non_hate_video_182,0,0.02739357203245163,-3.569671154022217,train,True,asr,0,E:\m-hvc\datasets\old-dataset\frames_unique\non_hate_video_182,0.9796992540359497,0.0016165197594091296,0.017401091754436493,0.0012831189669668674,0,0,0.9726064279675484
non_hate_video_183,0,0.3038434386253357,-0.8290619850158691,train,True,asr,0,E:\m-hvc\datasets\old-dataset\frames_unique\non_hate_video_183,0.20254084467887878,0.671839714050293,0.05051198974251747,0.07510749250650406,0,1,0.6961565613746643
non_hate_video_184,0,0.012613512575626373,-4.360292911529541,test,True,asr,0,E:\m-hvc\datasets\old-dataset\frames_unique\non_hate_video_184,0.9848938584327698,0.0024174193385988474,0.010466182604432106,0.0022225668653845787,0,0,0.9873864874243736
non_hate_video_185,0,0.8709611296653748,1.9094834327697754,train,True,asr,0,E:\m-hvc\datasets\old-dataset\frames_unique\non_hate_video_185,0.0398603118956089,0.005625976715236902,0.9328175187110901,0.021696187555789948,1,2,0.8709611296653748
non_hate_video_186,0,0.32068493962287903,-0.7506259679794312,train,True,asr,0,E:\m-hvc\datasets\old-dataset\frames_unique\non_hate_video_186,0.17331562936306,0.04148305952548981,0.05673801898956299,0.7284632921218872,1,3,0.679315060377121
non_hate_video_187,0,0.017124302685260773,-4.049983978271484,train,True,asr,0,E:\m-hvc\datasets\old-dataset\frames_unique\non_hate_video_187,0.9879575371742249,0.0011978010879829526,0.010154275223612785,0.000690296059474349,0,0,0.9828756973147392
non_hate_video_188,0,0.23589730262756348,-1.1753056049346924,train,True,asr,0,E:\m-hvc\datasets\old-dataset\frames_unique\non_hate_video_188,0.29753392934799194,0.6020230054855347,0.05227689445018768,0.0481661781668663,0,1,0.7641026973724365
non_hate_video_189,0,0.9690321683883667,3.443349838256836,train,True,asr,0,E:\m-hvc\datasets\old-dataset\frames_unique\non_hate_video_189,0.04681672528386116,0.008802531287074089,0.9311177134513855,0.013263043947517872,1,2,0.9690321683883667
non_hate_video_19,0,0.6881847977638245,0.7916466593742371,test,True,asr,0,E:\m-hvc\datasets\old-dataset\frames_unique\non_hate_video_19,0.05897606164216995,0.004768760874867439,0.9321087002754211,0.004146574530750513,1,2,0.6881847977638245
non_hate_video_190,0,0.9730964303016663,3.588223695755005,test,False,missing,0,E:\m-hvc\datasets\old-dataset\frames_unique\non_hate_video_190,0.10714375972747803,0.02262512408196926,0.8300406336784363,0.040190454572439194,1,2,0.9730964303016663
non_hate_video_191,0,0.0216367207467556,-3.8114891052246094,train,True,asr,0,E:\m-hvc\datasets\old-dataset\frames_unique\non_hate_video_191,0.9882161021232605,0.0005435613566078246,0.010807065293192863,0.0004332341195549816,0,0,0.9783632792532444
non_hate_video_192,0,0.8109362125396729,1.4561049938201904,val,True,asr,0,E:\m-hvc\datasets\old-dataset\frames_unique\non_hate_video_192,0.0297843124717474,0.004963061772286892,0.9565256834030151,0.008726841770112514,1,2,0.8109362125396729
non_hate_video_193,0,0.013351661153137684,-4.302672863006592,test,True,asr,0,E:\m-hvc\datasets\old-dataset\frames_unique\non_hate_video_193,0.9881213903427124,0.0009217205224558711,0.010133899748325348,0.0008229920058511198,0,0,0.9866483388468623
non_hate_video_194,0,0.01937165856361389,-3.924382448196411,val,True,asr,0,E:\m-hvc\datasets\old-dataset\frames_unique\non_hate_video_194,0.9875121712684631,0.001027281628921628,0.010848844423890114,0.0006116006406955421,0,0,0.9806283414363861
non_hate_video_195,0,0.1520226001739502,-1.7188247442245483,train,True,asr,0,E:\m-hvc\datasets\old-dataset\frames_unique\non_hate_video_195,0.4290480315685272,0.01736389845609665,0.4793180823326111,0.07426997274160385,0,2,0.8479773998260498
non_hate_video_196,0,0.012768801301717758,-4.347899436950684,train,True,asr,0,E:\m-hvc\datasets\old-dataset\frames_unique\non_hate_video_196,0.9872570633888245,0.001450324198231101,0.010377987287938595,0.0009144965442828834,0,0,0.9872311986982822
non_hate_video_197,0,0.15388071537017822,-1.7044825553894043,train,True,asr,0,E:\m-hvc\datasets\old-dataset\frames_unique\non_hate_video_197,0.9615144729614258,0.001168767106719315,0.0368175283074379,0.0004991916939616203,0,0,0.8461192846298218
non_hate_video_198,0,0.04177338257431984,-3.1328248977661133,train,True,asr,0,E:\m-hvc\datasets\old-dataset\frames_unique\non_hate_video_198,0.8594498634338379,0.005668104626238346,0.13103385269641876,0.0038481259252876043,0,0,0.9582266174256802
non_hate_video_199,0,0.7770436406135559,1.2485203742980957,val,True,asr,0,E:\m-hvc\datasets\old-dataset\frames_unique\non_hate_video_199,0.07822329550981522,0.64509117603302,0.18735161423683167,0.08933383971452713,1,1,0.7770436406135559
non_hate_video_2,0,0.024910012260079384,-3.667259931564331,train,False,missing,0,E:\m-hvc\datasets\old-dataset\frames_unique\non_hate_video_2,0.9349686503410339,0.009311764501035213,0.04592626169323921,0.0097932955250144,0,0,0.9750899877399206
non_hate_video_20,0,0.09988436102867126,-2.19851016998291,test,True,asr,0,E:\m-hvc\datasets\old-dataset\frames_unique\non_hate_video_20,0.5167366862297058,0.009534419514238834,0.44050633907318115,0.03322254493832588,0,0,0.9001156389713287
non_hate_video_200,0,0.8903111815452576,2.0939230918884277,test,True,asr,0,E:\m-hvc\datasets\old-dataset\frames_unique\non_hate_video_200,0.014683978632092476,0.014644932001829147,0.020070316269993782,0.950600802898407,1,3,0.8903111815452576
non_hate_video_201,0,0.2131197452545166,-1.3062219619750977,test,True,asr,0,E:\m-hvc\datasets\old-dataset\frames_unique\non_hate_video_201,0.3441563844680786,0.007821757346391678,0.6282321810722351,0.01978958770632744,0,2,0.7868802547454834
non_hate_video_202,0,0.24395228922367096,-1.131131649017334,test,True,asr,0,E:\m-hvc\datasets\old-dataset\frames_unique\non_hate_video_202,0.24508707225322723,0.005793237127363682,0.7378833293914795,0.011236406862735748,0,2,0.756047710776329
non_hate_video_203,0,0.9213408827781677,2.4607067108154297,val,True,asr,0,E:\m-hvc\datasets\old-dataset\frames_unique\non_hate_video_203,0.046037063002586365,0.04993981495499611,0.807346761226654,0.09667631983757019,1,2,0.9213408827781677
non_hate_video_204,0,0.9203687310218811,2.4473681449890137,test,False,missing,0,E:\m-hvc\datasets\old-dataset\frames_unique\non_hate_video_204,0.14583919942378998,0.02691735327243805,0.7866677045822144,0.04057580232620239,1,2,0.9203687310218811
non_hate_video_205,0,0.44535312056541443,-0.21946421265602112,train,True,asr,0,E:\m-hvc\datasets\old-dataset\frames_unique\non_hate_video_205,0.13563476502895355,0.0033546218182891607,0.8580435514450073,0.0029669865034520626,1,2,0.5546468794345856
non_hate_video_206,0,0.4302076995372772,-0.2810039222240448,train,True,asr,0,E:\m-hvc\datasets\old-dataset\frames_unique\non_hate_video_206,0.11524161696434021,0.003038478549569845,0.8781370520591736,0.0035829152911901474,1,2,0.5697923004627228
non_hate_video_207,0,0.01365809328854084,-4.279670715332031,train,True,asr,0,E:\m-hvc\datasets\old-dataset\frames_unique\non_hate_video_207,0.9875099658966064,0.0008752319845370948,0.010883343406021595,0.0007314448594115674,0,0,0.9863419067114592
non_hate_video_208,0,0.2755320370197296,-0.9667336940765381,val,True,asr,0,E:\m-hvc\datasets\old-dataset\frames_unique\non_hate_video_208,0.37440016865730286,0.07972706854343414,0.5136918425559998,0.03218086063861847,0,2,0.7244679629802704
non_hate_video_209,0,0.00981987826526165,-4.613478183746338,train,True,asr,0,E:\m-hvc\datasets\old-dataset\frames_unique\non_hate_video_209,0.9911012649536133,0.0005391865270212293,0.007891254499554634,0.00046823432785458863,0,0,0.9901801217347383
non_hate_video_21,0,0.9348430037498474,2.6635780334472656,train,True,asr,0,E:\m-hvc\datasets\old-dataset\frames_unique\non_hate_video_21,0.03127776086330414,0.004545615985989571,0.9590015411376953,0.005175004247575998,1,2,0.9348430037498474
non_hate_video_210,0,0.4686710834503174,-0.12548011541366577,val,True,asr,0,E:\m-hvc\datasets\old-dataset\frames_unique\non_hate_video_210,0.14891837537288666,0.7452818751335144,0.048659563064575195,0.05714017152786255,1,1,0.5313289165496826
non_hate_video_211,0,0.049768734723329544,-2.9493184089660645,val,True,asr,0,E:\m-hvc\datasets\old-dataset\frames_unique\non_hate_video_211,0.9801236987113953,0.0005271447589620948,0.018954042345285416,0.00039520493010059,0,0,0.9502312652766705
non_hate_video_212,0,0.14601193368434906,-1.7662287950515747,train,True,asr,0,E:\m-hvc\datasets\old-dataset\frames_unique\non_hate_video_212,0.43546608090400696,0.45809975266456604,0.05737888813018799,0.049055300652980804,0,1,0.8539880663156509
non_hate_video_213,0,0.11951164156198502,-1.9970629215240479,train,True,asr,0,E:\m-hvc\datasets\old-dataset\frames_unique\non_hate_video_213,0.5725288391113281,0.03863787651062012,0.06782333552837372,0.32100990414619446,0,0,0.880488358438015
non_hate_video_214,0,0.06796081364154816,-2.618443489074707,train,True,asr,0,E:\m-hvc\datasets\old-dataset\frames_unique\non_hate_video_214,0.8002384305000305,0.008625871501863003,0.1852884441614151,0.005847319960594177,0,0,0.9320391863584518
non_hate_video_215,0,0.027428261935710907,-3.5683698654174805,train,False,missing,0,E:\m-hvc\datasets\old-dataset\frames_unique\non_hate_video_215,0.921795666217804,0.010378140956163406,0.056407392024993896,0.011418781243264675,0,0,0.9725717380642891
non_hate_video_216,0,0.029836993664503098,-3.481715202331543,test,True,asr,0,E:\m-hvc\datasets\old-dataset\frames_unique\non_hate_video_216,0.9654349088668823,0.00904183741658926,0.019976502284407616,0.005546664819121361,0,0,0.9701630063354969
non_hate_video_217,0,0.010415291413664818,-4.554010391235352,train,True,asr,0,E:\m-hvc\datasets\old-dataset\frames_unique\non_hate_video_217,0.9875482320785522,0.0008477484225295484,0.010909666307270527,0.0006942828185856342,0,0,0.9895847085863352
non_hate_video_218,0,0.02552015893161297,-3.642435073852539,train,False,missing,0,E:\m-hvc\datasets\old-dataset\frames_unique\non_hate_video_218,0.9280327558517456,0.010364120826125145,0.05050329118967056,0.0110998023301363,0,0,0.974479841068387
non_hate_video_219,0,0.13039039075374603,-1.8975114822387695,val,True,asr,0,E:\m-hvc\datasets\old-dataset\frames_unique\non_hate_video_219,0.5046485066413879,0.38492006063461304,0.05984007194638252,0.05059139057993889,0,0,0.869609609246254
non_hate_video_22,0,0.03762616589665413,-3.2417032718658447,test,True,asr,0,E:\m-hvc\datasets\old-dataset\frames_unique\non_hate_video_22,0.981212317943573,0.0011223121546208858,0.01672222837805748,0.000943129591178149,0,0,0.9623738341033459
non_hate_video_220,0,0.02904234640300274,-3.5095279216766357,train,False,missing,0,E:\m-hvc\datasets\old-dataset\frames_unique\non_hate_video_220,0.9184344410896301,0.011113151907920837,0.058577679097652435,0.011874751187860966,0,0,0.9709576535969973
non_hate_video_221,0,0.786771297454834,1.305572271347046,train,True,asr,0,E:\m-hvc\datasets\old-dataset\frames_unique\non_hate_video_221,0.6696652770042419,0.004939162638038397,0.3204394578933716,0.0049561611376702785,1,0,0.786771297454834
non_hate_video_222,0,0.07054024189710617,-2.5784201622009277,val,True,asr,0,E:\m-hvc\datasets\old-dataset\frames_unique\non_hate_video_222,0.5827128887176514,0.006679269019514322,0.4047839343547821,0.00582388648763299,0,0,0.9294597581028938
non_hate_video_223,0,0.11574810743331909,-2.033325672149658,test,True,asr,0,E:\m-hvc\datasets\old-dataset\frames_unique\non_hate_video_223,0.615485668182373,0.2525864839553833,0.0745900347828865,0.057337842881679535,0,0,0.8842518925666809
non_hate_video_224,0,0.3961654305458069,-0.4214684069156647,train,True,asr,0,E:\m-hvc\datasets\old-dataset\frames_unique\non_hate_video_224,0.2092713564634323,0.02801896445453167,0.7408662438392639,0.021843474358320236,1,2,0.6038345694541931
non_hate_video_225,0,0.03786548972129822,-3.235114097595215,train,False,missing,0,E:\m-hvc\datasets\old-dataset\frames_unique\non_hate_video_225,0.8930040597915649,0.012771371752023697,0.08138351142406464,0.01284104771912098,0,0,0.9621345102787018
non_hate_video_226,0,0.29637691378593445,-0.8646109104156494,test,True,asr,0,E:\m-hvc\datasets\old-dataset\frames_unique\non_hate_video_226,0.4668046236038208,0.30396732687950134,0.15420861542224884,0.07501935213804245,0,0,0.7036230862140656
non_hate_video_227,0,0.9262629747390747,2.530653238296509,train,True,asr,0,E:\m-hvc\datasets\old-dataset\frames_unique\non_hate_video_227,0.2210523933172226,0.00919182039797306,0.759820818901062,0.009935054928064346,1,2,0.9262629747390747
non_hate_video_228,0,0.09491702169179916,-2.25502347946167,test,True,asr,0,E:\m-hvc\datasets\old-dataset\frames_unique\non_hate_video_228,0.6044797301292419,0.04117089882493019,0.31809407472610474,0.036255281418561935,0,0,0.9050829783082008
non_hate_video_229,0,0.04875114932656288,-2.9710469245910645,train,True,asr,0,E:\m-hvc\datasets\old-dataset\frames_unique\non_hate_video_229,0.8420958518981934,0.053393032401800156,0.061938781291246414,0.04257236421108246,0,0,0.9512488506734371
non_hate_video_23,0,0.008506491780281067,-4.758382797241211,train,True,asr,0,E:\m-hvc\datasets\old-dataset\frames_unique\non_hate_video_23,0.990317702293396,0.0008030807948671281,0.0081267599016428,0.0007524368120357394,0,0,0.9914935082197189
non_hate_video_230,0,0.009242967702448368,-4.6746063232421875,train,True,asr,0,E:\m-hvc\datasets\old-dataset\frames_unique\non_hate_video_230,0.9910494089126587,0.0007415484287776053,0.007519493345171213,0.0006894959951750934,0,0,0.9907570322975516
non_hate_video_231,0,0.41571786999702454,-0.3403770625591278,val,True,asr,0,E:\m-hvc\datasets\old-dataset\frames_unique\non_hate_video_231,0.1509939432144165,0.027075959369540215,0.11399942636489868,0.7079306840896606,1,3,0.5842821300029755
non_hate_video_232,0,0.8559617400169373,1.7821462154388428,train,True,asr,0,E:\m-hvc\datasets\old-dataset\frames_unique\non_hate_video_232,0.114334337413311,0.1585727483034134,0.7013252973556519,0.025767609477043152,1,2,0.8559617400169373
non_hate_video_233,0,0.010614166036248207,-4.534894943237305,train,True,asr,0,E:\m-hvc\datasets\old-dataset\frames_unique\non_hate_video_233,0.9927473664283752,0.0004505442047957331,0.00645593274384737,0.0003462009481154382,0,0,0.9893858339637518
non_hate_video_234,0,0.04309459403157234,-3.100306987762451,train,True,asr,0,E:\m-hvc\datasets\old-dataset\frames_unique\non_hate_video_234,0.8453056812286377,0.027037637308239937,0.0710933580994606,0.0565633550286293,0,0,0.9569054059684277
non_hate_video_235,0,0.1337403655052185,-1.8682842254638672,train,True,asr,0,E:\m-hvc\datasets\old-dataset\frames_unique\non_hate_video_235,0.49817928671836853,0.40173622965812683,0.054254353046417236,0.04583008959889412,0,0,0.8662596344947815
non_hate_video_236,0,0.05909276753664017,-2.7677359580993652,train,False,missing,0,E:\m-hvc\datasets\old-dataset\frames_unique\non_hate_video_236,0.8824815154075623,0.010360914282500744,0.09715473651885986,0.010002830065786839,0,0,0.9409072324633598
non_hate_video_237,0,0.08982376009225845,-2.315788745880127,train,True,asr,0,E:\m-hvc\datasets\old-dataset\frames_unique\non_hate_video_237,0.4835559129714966,0.007679063361138105,0.49708348512649536,0.011681437492370605,0,2,0.9101762399077415
non_hate_video_238,0,0.0230324175208807,-3.7475507259368896,val,True,asr,0,E:\m-hvc\datasets\old-dataset\frames_unique\non_hate_video_238,0.9687564969062805,0.003044068580493331,0.026944512501358986,0.0012547997757792473,0,0,0.9769675824791193
non_hate_video_239,0,0.7506257891654968,1.1019524335861206,test,True,asr,0,E:\m-hvc\datasets\old-dataset\frames_unique\non_hate_video_239,0.05661991238594055,0.0048146056942641735,0.9346762299537659,0.0038892673328518867,1,2,0.7506257891654968
non_hate_video_24,0,0.1547529250383377,-1.6977990865707397,train,True,asr,0,E:\m-hvc\datasets\old-dataset\frames_unique\non_hate_video_24,0.43923845887184143,0.44822126626968384,0.06203528121113777,0.05050497129559517,0,1,0.8452470749616623
non_hate_video_240,0,0.08209218084812164,-2.4142541885375977,train,True,asr,0,E:\m-hvc\datasets\old-dataset\frames_unique\non_hate_video_240,0.8711172938346863,0.003723090048879385,0.12251324206590652,0.0026464047841727734,0,0,0.9179078191518784
non_hate_video_241,0,0.6908309459686279,0.8040069341659546,val,True,asr,0,E:\m-hvc\datasets\old-dataset\frames_unique\non_hate_video_241,0.10587825626134872,0.011067249812185764,0.7037765383720398,0.17927800118923187,1,2,0.6908309459686279
non_hate_video_242,0,0.15144366025924683,-1.7233227491378784,train,True,asr,0,E:\m-hvc\datasets\old-dataset\frames_unique\non_hate_video_242,0.3411901295185089,0.00810969527810812,0.6408937573432922,0.009806445799767971,0,2,0.8485563397407532
non_hate_video_243,0,0.03882714733481407,-3.2090346813201904,train,False,missing,0,E:\m-hvc\datasets\old-dataset\frames_unique\non_hate_video_243,0.9049238562583923,0.011928493157029152,0.0694597139954567,0.013687855564057827,0,0,0.9611728526651859
non_hate_video_244,0,0.33944419026374817,-0.6657721400260925,train,False,missing,0,E:\m-hvc\datasets\old-dataset\frames_unique\non_hate_video_244,0.6238152980804443,0.018383614718914032,0.3401731550693512,0.017627950757741928,1,0,0.6605558097362518
non_hate_video_245,0,0.05649557337164879,-2.815438747406006,train,True,asr,0,E:\m-hvc\datasets\old-dataset\frames_unique\non_hate_video_245,0.6325807571411133,0.0073429616168141365,0.3513011932373047,0.008775088004767895,0,0,0.9435044266283512
non_hate_video_246,0,0.4107886254787445,-0.3607059717178345,test,True,asr,0,E:\m-hvc\datasets\old-dataset\frames_unique\non_hate_video_246,0.12521418929100037,0.05542720854282379,0.047765012830495834,0.7715935707092285,1,3,0.5892113745212555
non_hate_video_247,0,0.5024651885032654,0.009860776364803314,train,True,asr,0,E:\m-hvc\datasets\old-dataset\frames_unique\non_hate_video_247,0.15035037696361542,0.01556435227394104,0.7803641557693481,0.053721021860837936,1,2,0.5024651885032654
non_hate_video_248,0,0.012151210568845272,-4.398100852966309,train,True,asr,0,E:\m-hvc\datasets\old-dataset\frames_unique\non_hate_video_248,0.9912458062171936,0.0005768268019892275,0.007738725747913122,0.0004386578220874071,0,0,0.9878487894311547
non_hate_video_249,0,0.15058349072933197,-1.730031967163086,test,False,missing,0,E:\m-hvc\datasets\old-dataset\frames_unique\non_hate_video_249,0.6829339861869812,0.04296875,0.23016197979450226,0.04393528401851654,0,0,0.849416509270668
non_hate_video_25,0,0.6863052248954773,0.7829021215438843,train,True,asr,0,E:\m-hvc\datasets\old-dataset\frames_unique\non_hate_video_25,0.06887119263410568,0.8387525081634521,0.03757455572485924,0.05480176955461502,1,1,0.6863052248954773
non_hate_video_250,0,0.03613723814487457,-3.2836251258850098,train,False,missing,0,E:\m-hvc\datasets\old-dataset\frames_unique\non_hate_video_250,0.9209080934524536,0.007202753331512213,0.06340628862380981,0.0084828557446599,0,0,0.9638627618551254
non_hate_video_251,0,0.059885043650865555,-2.753575325012207,train,True,asr,0,E:\m-hvc\datasets\old-dataset\frames_unique\non_hate_video_251,0.6004802584648132,0.006969912443310022,0.3815731704235077,0.010976719669997692,0,0,0.9401149563491344
non_hate_video_252,0,0.02450355514883995,-3.6841282844543457,val,False,missing,0,E:\m-hvc\datasets\old-dataset\frames_unique\non_hate_video_252,0.9258401393890381,0.011588457971811295,0.050245173275470734,0.012326270341873169,0,0,0.97549644485116
non_hate_video_253,0,0.12485259026288986,-1.947258472442627,train,True,asr,0,E:\m-hvc\datasets\old-dataset\frames_unique\non_hate_video_253,0.4325203001499176,0.008396695367991924,0.5497872233390808,0.009295730851590633,0,2,0.8751474097371101
non_hate_video_254,0,0.011017456650733948,-4.497195720672607,train,True,asr,0,E:\m-hvc\datasets\old-dataset\frames_unique\non_hate_video_254,0.9894094467163086,0.0007380468305200338,0.009315991774201393,0.0005364479147829115,0,0,0.988982543349266
non_hate_video_255,0,0.008948921225965023,-4.70723295211792,val,True,asr,0,E:\m-hvc\datasets\old-dataset\frames_unique\non_hate_video_255,0.9902904629707336,0.0010060069616883993,0.00797943864017725,0.0007240874692797661,0,0,0.991051078774035
non_hate_video_256,0,0.05133296921849251,-2.916724681854248,train,True,asr,0,E:\m-hvc\datasets\old-dataset\frames_unique\non_hate_video_256,0.9814046025276184,0.0016127898124977946,0.01629410870373249,0.0006884732283651829,0,0,0.9486670307815075
non_hate_video_257,0,0.2568039894104004,-1.0626466274261475,train,False,missing,0,E:\m-hvc\datasets\old-dataset\frames_unique\non_hate_video_257,0.5781896114349365,0.03822706267237663,0.3462037444114685,0.03737954795360565,0,0,0.7431960105895996
non_hate_video_258,0,0.02258414402604103,-3.7676641941070557,train,False,missing,0,E:\m-hvc\datasets\old-dataset\frames_unique\non_hate_video_258,0.9387079477310181,0.00964389555156231,0.04219065234065056,0.009457447566092014,0,0,0.977415855973959
non_hate_video_259,0,0.9320524334907532,2.6186532974243164,val,True,asr,0,E:\m-hvc\datasets\old-dataset\frames_unique\non_hate_video_259,0.15598057210445404,0.00559675507247448,0.8321155905723572,0.006307080388069153,1,2,0.9320524334907532
non_hate_video_26,0,0.008684840053319931,-4.737453460693359,train,True,asr,0,E:\m-hvc\datasets\old-dataset\frames_unique\non_hate_video_26,0.9909595251083374,0.0007896301103755832,0.007587215397506952,0.0006635767058469355,0,0,0.9913151599466801
non_hate_video_260,0,0.038483817130327225,-3.218273639678955,train,False,missing,0,E:\m-hvc\datasets\old-dataset\frames_unique\non_hate_video_260,0.9195222854614258,0.008644086308777332,0.0634855329990387,0.008348043076694012,0,0,0.9615161828696728
non_hate_video_261,0,0.008521892130374908,-4.756558418273926,train,True,asr,0,E:\m-hvc\datasets\old-dataset\frames_unique\non_hate_video_261,0.9905735850334167,0.0007762539316900074,0.00802434142678976,0.0006257703644223511,0,0,0.9914781078696251
non_hate_video_262,0,0.029409006237983704,-3.4966042041778564,train,False,missing,0,E:\m-hvc\datasets\old-dataset\frames_unique\non_hate_video_262,0.9245421886444092,0.012551062740385532,0.05062291771173477,0.012283754535019398,0,0,0.9705909937620163
non_hate_video_263,0,0.1583588719367981,-1.6704899072647095,test,True,asr,0,E:\m-hvc\datasets\old-dataset\frames_unique\non_hate_video_263,0.96357262134552,0.000729018822312355,0.035218652337789536,0.00047977021313272417,0,0,0.8416411280632019
non_hate_video_264,0,0.012036733329296112,-4.407682418823242,test,True,asr,0,E:\m-hvc\datasets\old-dataset\frames_unique\non_hate_video_264,0.9767674803733826,0.0019103970844298601,0.019840380176901817,0.0014816890470683575,0,0,0.9879632666707039
non_hate_video_265,0,0.24815689027309418,-1.1084665060043335,train,True,asr,0,E:\m-hvc\datasets\old-dataset\frames_unique\non_hate_video_265,0.9282153844833374,0.001184001681394875,0.06975764036178589,0.0008429822628386319,0,0,0.7518431097269058
non_hate_video_266,0,0.3142172694206238,-0.7804762125015259,train,True,asr,0,E:\m-hvc\datasets\old-dataset\frames_unique\non_hate_video_266,0.34712129831314087,0.1169765293598175,0.5080536007881165,0.027848592028021812,0,2,0.6857827305793762
non_hate_video_267,0,0.04503520578145981,-3.054229974746704,test,False,missing,0,E:\m-hvc\datasets\old-dataset\frames_unique\non_hate_video_267,0.8899309039115906,0.01149901282042265,0.08684881776571274,0.011721193790435791,0,0,0.9549647942185402
non_hate_video_268,0,0.4352376163005829,-0.26051294803619385,train,True,asr,0,E:\m-hvc\datasets\old-dataset\frames_unique\non_hate_video_268,0.11227528750896454,0.02820700779557228,0.0705358162522316,0.7889819145202637,1,3,0.5647623836994171
non_hate_video_269,0,0.825883686542511,1.5567301511764526,test,True,asr,0,E:\m-hvc\datasets\old-dataset\frames_unique\non_hate_video_269,0.0675770491361618,0.05307360365986824,0.25465676188468933,0.6246926188468933,1,3,0.825883686542511
non_hate_video_27,0,0.06455297023057938,-2.6735384464263916,test,True,asr,0,E:\m-hvc\datasets\old-dataset\frames_unique\non_hate_video_27,0.9760254621505737,0.0007216818630695343,0.02266842871904373,0.0005844667321071029,0,0,0.9354470297694206
non_hate_video_270,0,0.14608198404312134,-1.765667200088501,train,True,asr,0,E:\m-hvc\datasets\old-dataset\frames_unique\non_hate_video_270,0.43224218487739563,0.45018988847732544,0.06266389787197113,0.054904013872146606,0,1,0.8539180159568787
non_hate_video_271,0,0.021866846829652786,-3.8006742000579834,val,False,missing,0,E:\m-hvc\datasets\old-dataset\frames_unique\non_hate_video_271,0.9391005635261536,0.009247016161680222,0.04245183989405632,0.009200566448271275,0,0,0.9781331531703472
non_hate_video_272,0,0.0479898527264595,-2.98758602142334,val,True,asr,0,E:\m-hvc\datasets\old-dataset\frames_unique\non_hate_video_272,0.9798770546913147,0.0007087443373166025,0.018845969811081886,0.0005681873299181461,0,0,0.9520101472735405
non_hate_video_273,0,0.023054108023643494,-3.7465872764587402,train,False,missing,0,E:\m-hvc\datasets\old-dataset\frames_unique\non_hate_video_273,0.9395998120307922,0.008176552131772041,0.04411126673221588,0.008112394250929356,0,0,0.9769458919763565
non_hate_video_274,0,0.02389022521674633,-3.7101056575775146,train,False,missing,0,E:\m-hvc\datasets\old-dataset\frames_unique\non_hate_video_274,0.9311917424201965,0.010547563433647156,0.04712313041090965,0.011137585155665874,0,0,0.9761097747832537
non_hate_video_275,0,0.3256894052028656,-0.7277467250823975,train,True,asr,0,E:\m-hvc\datasets\old-dataset\frames_unique\non_hate_video_275,0.2057335525751114,0.00906359776854515,0.7775574922561646,0.0076453364454209805,1,2,0.6743105947971344
non_hate_video_276,0,0.12922102212905884,-1.9078638553619385,train,True,asr,0,E:\m-hvc\datasets\old-dataset\frames_unique\non_hate_video_276,0.5622410178184509,0.21068663895130157,0.18221893906593323,0.04485340788960457,0,0,0.8707789778709412
non_hate_video_277,0,0.1463860422372818,-1.7632317543029785,train,True,asr,0,E:\m-hvc\datasets\old-dataset\frames_unique\non_hate_video_277,0.3330592215061188,0.005537040531635284,0.6540247797966003,0.007378954440355301,0,2,0.8536139577627182
non_hate_video_278,0,0.009981995448470116,-4.596940040588379,train,True,asr,0,E:\m-hvc\datasets\old-dataset\frames_unique\non_hate_video_278,0.9912371635437012,0.0008012150647118688,0.007307059597223997,0.0006545291398651898,0,0,0.9900180045515299
non_hate_video_279,0,0.1717219352722168,-1.573472499847412,test,True,asr,0,E:\m-hvc\datasets\old-dataset\frames_unique\non_hate_video_279,0.4203270673751831,0.44649943709373474,0.0866180807352066,0.046555422246456146,0,1,0.8282780647277832
non_hate_video_28,0,0.015949171036481857,-4.122270584106445,test,True,asr,0,E:\m-hvc\datasets\old-dataset\frames_unique\non_hate_video_28,0.9851893782615662,0.001033303327858448,0.012972733937203884,0.0008045329595915973,0,0,0.9840508289635181
non_hate_video_280,0,0.08855146914720535,-2.331451177597046,train,True,asr,0,E:\m-hvc\datasets\old-dataset\frames_unique\non_hate_video_280,0.5440155863761902,0.01405391562730074,0.4332551658153534,0.008675314486026764,0,0,0.9114485308527946
non_hate_video_281,0,0.01573490910232067,-4.136013507843018,train,True,asr,0,E:\m-hvc\datasets\old-dataset\frames_unique\non_hate_video_281,0.9851877689361572,0.0025261929258704185,0.011001496575772762,0.0012844681041315198,0,0,0.9842650908976793
non_hate_video_282,0,0.8148771524429321,1.482017993927002,test,True,asr,0,E:\m-hvc\datasets\old-dataset\frames_unique\non_hate_video_282,0.6098171472549438,0.037944942712783813,0.3387886583805084,0.01344926469027996,1,0,0.8148771524429321
non_hate_video_283,0,0.010719697922468185,-4.524894714355469,test,True,asr,0,E:\m-hvc\datasets\old-dataset\frames_unique\non_hate_video_283,0.9884987473487854,0.0011633073445409536,0.009366351179778576,0.0009715145570226014,0,0,0.9892803020775318
non_hate_video_284,0,0.028964677825570107,-3.5122857093811035,train,False,missing,0,E:\m-hvc\datasets\old-dataset\frames_unique\non_hate_video_284,0.9333380460739136,0.007737134583294392,0.050674475729465485,0.008250397630035877,0,0,0.9710353221744299
non_hate_video_285,0,0.9302737712860107,2.590902090072632,train,True,asr,0,E:\m-hvc\datasets\old-dataset\frames_unique\non_hate_video_285,0.013309329748153687,0.011757995001971722,0.030511552467942238,0.944421112537384,1,3,0.9302737712860107
non_hate_video_286,0,0.7072649598121643,0.8821374177932739,train,True,asr,0,E:\m-hvc\datasets\old-dataset\frames_unique\non_hate_video_286,0.12383357435464859,0.7667490243911743,0.06294722855091095,0.04647015407681465,1,1,0.7072649598121643
non_hate_video_287,0,0.1685926467180252,-1.5956343412399292,train,True,asr,0,E:\m-hvc\datasets\old-dataset\frames_unique\non_hate_video_287,0.45974084734916687,0.3930131494998932,0.1040920838713646,0.04315390810370445,0,0,0.8314073532819748
non_hate_video_288,0,0.5031816363334656,0.01272670179605484,train,True,asr,0,E:\m-hvc\datasets\old-dataset\frames_unique\non_hate_video_288,0.12409055978059769,0.7845649719238281,0.04391518235206604,0.04742928221821785,1,1,0.5031816363334656
non_hate_video_289,0,0.014065069146454334,-4.249896049499512,train,True,asr,0,E:\m-hvc\datasets\old-dataset\frames_unique\non_hate_video_289,0.9746845364570618,0.00516643887385726,0.017539771273732185,0.0026091693434864283,0,0,0.9859349308535457
non_hate_video_29,0,0.29166343808174133,-0.8873187899589539,train,True,asr,0,E:\m-hvc\datasets\old-dataset\frames_unique\non_hate_video_29,0.23925769329071045,0.6410335302352905,0.054474376142024994,0.06523443758487701,0,1,0.7083365619182587
non_hate_video_290,0,0.9458305239677429,2.8599467277526855,test,True,asr,0,E:\m-hvc\datasets\old-dataset\frames_unique\non_hate_video_290,0.06516636162996292,0.6346405744552612,0.13807938992977142,0.1621137261390686,1,1,0.9458305239677429
non_hate_video_291,0,0.1392170637845993,-1.8218079805374146,train,True,asr,0,E:\m-hvc\datasets\old-dataset\frames_unique\non_hate_video_291,0.4679177701473236,0.42100441455841064,0.05938972532749176,0.05168807879090309,0,0,0.8607829362154007
non_hate_video_292,0,0.13340334594249725,-1.8711963891983032,train,True,asr,0,E:\m-hvc\datasets\old-dataset\frames_unique\non_hate_video_292,0.47638288140296936,0.41330140829086304,0.05926686152815819,0.05104884132742882,0,0,0.8665966540575027
non_hate_video_293,0,0.04641445353627205,-3.022618293762207,train,True,asr,0,E:\m-hvc\datasets\old-dataset\frames_unique\non_hate_video_293,0.7296571731567383,0.006323538720607758,0.2577252686023712,0.006293997634202242,0,0,0.953585546463728
non_hate_video_294,0,0.11865606904029846,-2.005218744277954,val,True,asr,0,E:\m-hvc\datasets\old-dataset\frames_unique\non_hate_video_294,0.6660501956939697,0.13348200917243958,0.06595440953969955,0.13451328873634338,0,0,0.8813439309597015
non_hate_video_295,0,0.07106716930866241,-2.570410966873169,test,True,asr,0,E:\m-hvc\datasets\old-dataset\frames_unique\non_hate_video_295,0.6092484593391418,0.010034056380391121,0.35964205861091614,0.021075453609228134,0,0,0.9289328306913376
non_hate_video_296,0,0.009415403008460999,-4.655948162078857,train,True,asr,0,E:\m-hvc\datasets\old-dataset\frames_unique\non_hate_video_296,0.9918888211250305,0.0005899524549022317,0.007079956587404013,0.00044126613647677004,0,0,0.990584596991539
non_hate_video_297,0,0.9492306113243103,2.9283576011657715,test,False,missing,0,E:\m-hvc\datasets\old-dataset\frames_unique\non_hate_video_297,0.12088222801685333,0.023234393447637558,0.8219560980796814,0.03392726555466652,1,2,0.9492306113243103
non_hate_video_298,0,0.00875466875731945,-4.729374885559082,train,True,asr,0,E:\m-hvc\datasets\old-dataset\frames_unique\non_hate_video_298,0.9896743893623352,0.001079440233297646,0.008328312076628208,0.0009178309119306505,0,0,0.9912453312426805
non_hate_video_299,0,0.3073139786720276,-0.8127068281173706,val,True,asr,0,E:\m-hvc\datasets\old-dataset\frames_unique\non_hate_video_299,0.2800666093826294,0.011018408462405205,0.652206540107727,0.05670838803052902,0,2,0.6926860213279724
non_hate_video_3,0,0.017725752666592598,-4.014852046966553,train,True,asr,0,E:\m-hvc\datasets\old-dataset\frames_unique\non_hate_video_3,0.9847087860107422,0.0007485192036256194,0.014024893753230572,0.0005178305436857045,0,0,0.9822742473334074
non_hate_video_30,0,0.017088962718844414,-4.052085876464844,train,True,asr,0,E:\m-hvc\datasets\old-dataset\frames_unique\non_hate_video_30,0.9866753220558167,0.0016501536592841148,0.010625774972140789,0.0010488248663023114,0,0,0.9829110372811556
non_hate_video_300,0,0.5894239544868469,0.3615845739841461,test,True,asr,0,E:\m-hvc\datasets\old-dataset\frames_unique\non_hate_video_300,0.06901577115058899,0.07874055206775665,0.04132135212421417,0.8109222650527954,1,3,0.5894239544868469
non_hate_video_301,0,0.13675768673419952,-1.842484712600708,train,True,asr,0,E:\m-hvc\datasets\old-dataset\frames_unique\non_hate_video_301,0.46178027987480164,0.4282701015472412,0.05876780301332474,0.05118180066347122,0,0,0.8632423132658005
non_hate_video_302,0,0.012817051261663437,-4.34407901763916,test,True,asr,0,E:\m-hvc\datasets\old-dataset\frames_unique\non_hate_video_302,0.9890285730361938,0.0010750478832051158,0.009174560196697712,0.000721780932508409,0,0,0.9871829487383366
non_hate_video_303,0,0.0176197849214077,-4.020956039428711,train,True,asr,0,E:\m-hvc\datasets\old-dataset\frames_unique\non_hate_video_303,0.986530601978302,0.001024062279611826,0.011543652974069118,0.0009016677504405379,0,0,0.9823802150785923
non_hate_video_304,0,0.020746596157550812,-3.8544082641601562,train,True,asr,0,E:\m-hvc\datasets\old-dataset\frames_unique\non_hate_video_304,0.988498866558075,0.000714453577529639,0.01023013424128294,0.0005565587198361754,0,0,0.9792534038424492
non_hate_video_305,0,0.009473583661019802,-4.649729251861572,val,True,asr,0,E:\m-hvc\datasets\old-dataset\frames_unique\non_hate_video_305,0.9894170165061951,0.0008487798040732741,0.009149551391601562,0.0005846125422976911,0,0,0.9905264163389802
non_hate_video_306,0,0.1313612312078476,-1.8889763355255127,train,True,asr,0,E:\m-hvc\datasets\old-dataset\frames_unique\non_hate_video_306,0.5682950019836426,0.09492658823728561,0.31091922521591187,0.025859128683805466,0,0,0.8686387687921524
non_hate_video_307,0,0.01231118943542242,-4.384859085083008,train,True,asr,0,E:\m-hvc\datasets\old-dataset\frames_unique\non_hate_video_307,0.9888980984687805,0.0009553281124681234,0.009293315932154655,0.0008533191285096109,0,0,0.9876888105645776
non_hate_video_308,0,0.3899743854999542,-0.4474199712276459,test,True,asr,0,E:\m-hvc\datasets\old-dataset\frames_unique\non_hate_video_308,0.6854066252708435,0.008017230778932571,0.293893039226532,0.01268311869353056,1,0,0.6100256145000458
non_hate_video_309,0,0.2862198054790497,-0.9138150811195374,test,True,asr,0,E:\m-hvc\datasets\old-dataset\frames_unique\non_hate_video_309,0.24349424242973328,0.028529027476906776,0.09620041400194168,0.6317763328552246,0,3,0.7137801945209503
non_hate_video_31,0,0.03789695352315903,-3.234250783920288,val,True,asr,0,E:\m-hvc\datasets\old-dataset\frames_unique\non_hate_video_31,0.9772926568984985,0.001948469434864819,0.018888231366872787,0.001870742766186595,0,0,0.962103046476841
non_hate_video_310,0,0.008155877701938152,-4.8008270263671875,train,True,asr,0,E:\m-hvc\datasets\old-dataset\frames_unique\non_hate_video_310,0.991025447845459,0.0007793133845552802,0.0075796120800077915,0.0006157360621728003,0,0,0.9918441222980618
non_hate_video_311,0,0.9774197340011597,3.7678418159484863,train,True,asr,0,E:\m-hvc\datasets\old-dataset\frames_unique\non_hate_video_311,0.011419283226132393,0.012646853923797607,0.044788066297769547,0.9311458468437195,1,3,0.9774197340011597
non_hate_video_312,0,0.9169359803199768,2.401426315307617,test,True,asr,0,E:\m-hvc\datasets\old-dataset\frames_unique\non_hate_video_312,0.05484246090054512,0.7682209610939026,0.07480695098638535,0.10212962329387665,1,1,0.9169359803199768
non_hate_video_313,0,0.9698787927627563,3.4719409942626953,test,True,asr,0,E:\m-hvc\datasets\old-dataset\frames_unique\non_hate_video_313,0.008768197149038315,0.015127765946090221,0.023220675066113472,0.9528833031654358,1,3,0.9698787927627563
non_hate_video_314,0,0.9783650040626526,3.811570167541504,train,True,asr,0,E:\m-hvc\datasets\old-dataset\frames_unique\non_hate_video_314,0.012601703405380249,0.013541667722165585,0.04442496597766876,0.9294315576553345,1,3,0.9783650040626526
non_hate_video_315,0,0.9680303335189819,3.410473346710205,train,True,asr,0,E:\m-hvc\datasets\old-dataset\frames_unique\non_hate_video_315,0.024152390658855438,0.007112196180969477,0.8999150991439819,0.06882032006978989,1,2,0.9680303335189819
non_hate_video_316,0,0.02285952866077423,-3.7552623748779297,train,False,missing,0,E:\m-hvc\datasets\old-dataset\frames_unique\non_hate_video_316,0.9348630309104919,0.009140516631305218,0.04634350165724754,0.00965302437543869,0,0,0.9771404713392258
non_hate_video_317,0,0.0172355305403471,-4.043396472930908,val,True,asr,0,E:\m-hvc\datasets\old-dataset\frames_unique\non_hate_video_317,0.9888457655906677,0.0006189002888277173,0.010117864236235619,0.0004174566129222512,0,0,0.9827644694596529
non_hate_video_318,0,0.022015508264303207,-3.7937467098236084,train,False,missing,0,E:\m-hvc\datasets\old-dataset\frames_unique\non_hate_video_318,0.9418696165084839,0.006960615515708923,0.04411113262176514,0.007058670744299889,0,0,0.9779844917356968
non_hate_video_319,0,0.027012478560209274,-3.5840723514556885,train,False,missing,0,E:\m-hvc\datasets\old-dataset\frames_unique\non_hate_video_319,0.9344510436058044,0.00887394417077303,0.04752160236239433,0.009153394028544426,0,0,0.9729875214397907
non_hate_video_32,0,0.6544294357299805,0.6385669112205505,train,True,asr,0,E:\m-hvc\datasets\old-dataset\frames_unique\non_hate_video_32,0.04202070087194443,0.024842923507094383,0.04368630051612854,0.8894501328468323,1,3,0.6544294357299805
non_hate_video_320,0,0.0379270538687706,-3.2334256172180176,train,False,missing,0,E:\m-hvc\datasets\old-dataset\frames_unique\non_hate_video_320,0.9148855209350586,0.008145809173583984,0.06721598654985428,0.009752683341503143,0,0,0.9620729461312294
non_hate_video_321,0,0.014232663437724113,-4.237880706787109,train,True,asr,0,E:\m-hvc\datasets\old-dataset\frames_unique\non_hate_video_321,0.9917512536048889,0.00047283738967962563,0.007492426782846451,0.00028350279899314046,0,0,0.9857673365622759
non_hate_video_322,0,0.009344414807856083,-4.663588047027588,train,True,asr,0,E:\m-hvc\datasets\old-dataset\frames_unique\non_hate_video_322,0.9895400404930115,0.0015077958814799786,0.008046736940741539,0.0009054327383637428,0,0,0.9906555851921439
non_hate_video_323,0,0.02431846596300602,-3.6919002532958984,train,False,missing,0,E:\m-hvc\datasets\old-dataset\frames_unique\non_hate_video_323,0.9317267537117004,0.007554424460977316,0.052415575832128525,0.008303237147629261,0,0,0.975681534036994
non_hate_video_324,0,0.02276933379471302,-3.759308099746704,val,False,missing,0,E:\m-hvc\datasets\old-dataset\frames_unique\non_hate_video_324,0.9457391500473022,0.006655806675553322,0.040835604071617126,0.006769433151930571,0,0,0.977230666205287
non_hate_video_325,0,0.11838454753160477,-2.0078177452087402,train,True,asr,0,E:\m-hvc\datasets\old-dataset\frames_unique\non_hate_video_325,0.5344192385673523,0.3673609495162964,0.0561344139277935,0.04208540543913841,0,0,0.8816154524683952
non_hate_video_326,0,0.037494100630283356,-3.245356559753418,train,False,missing,0,E:\m-hvc\datasets\old-dataset\frames_unique\non_hate_video_326,0.927180290222168,0.006616956554353237,0.0587662011384964,0.007436501793563366,0,0,0.9625058993697166
non_hate_video_327,0,0.011115559376776218,-4.488231658935547,train,True,asr,0,E:\m-hvc\datasets\old-dataset\frames_unique\non_hate_video_327,0.9863325953483582,0.0028031799010932446,0.009546170011162758,0.0013180532259866595,0,0,0.9888844406232238
non_hate_video_328,0,0.9416267275810242,2.7807507514953613,val,True,asr,0,E:\m-hvc\datasets\old-dataset\frames_unique\non_hate_video_328,0.3838040232658386,0.014850291423499584,0.5819321870803833,0.019413432106375694,1,2,0.9416267275810242
non_hate_video_329,0,0.9792723059654236,3.855337619781494,train,True,asr,0,E:\m-hvc\datasets\old-dataset\frames_unique\non_hate_video_329,0.013737481087446213,0.013441616669297218,0.10647156834602356,0.8663493990898132,1,3,0.9792723059654236
non_hate_video_33,0,0.011179237626492977,-4.482454776763916,train,True,asr,0,E:\m-hvc\datasets\old-dataset\frames_unique\non_hate_video_33,0.988806962966919,0.001053830492310226,0.009468933567404747,0.0006702917744405568,0,0,0.988820762373507
non_hate_video_330,0,0.02403837814927101,-3.7037715911865234,train,True,asr,0,E:\m-hvc\datasets\old-dataset\frames_unique\non_hate_video_330,0.9838146567344666,0.0011588913621380925,0.013805990107357502,0.0012204506201669574,0,0,0.975961621850729
non_hate_video_331,0,0.9688295722007751,3.436617851257324,train,True,asr,0,E:\m-hvc\datasets\old-dataset\frames_unique\non_hate_video_331,0.034840553998947144,0.007435423322021961,0.9419657588005066,0.015758343040943146,1,2,0.9688295722007751
non_hate_video_332,0,0.015102969482541084,-4.177645683288574,train,True,asr,0,E:\m-hvc\datasets\old-dataset\frames_unique\non_hate_video_332,0.9887181520462036,0.0015331254107877612,0.009045193903148174,0.0007035850430838764,0,0,0.9848970305174589
non_hate_video_333,0,0.016108179464936256,-4.112188816070557,val,True,asr,0,E:\m-hvc\datasets\old-dataset\frames_unique\non_hate_video_333,0.9776655435562134,0.0007337279384955764,0.02099067158997059,0.0006100368336774409,0,0,0.9838918205350637
non_hate_video_334,0,0.8403121829032898,1.6605525016784668,train,True,asr,0,E:\m-hvc\datasets\old-dataset\frames_unique\non_hate_video_334,0.027689097449183464,0.02411615289747715,0.04170362278819084,0.906491219997406,1,3,0.8403121829032898
non_hate_video_335,0,0.023533623665571213,-3.7255101203918457,train,False,missing,0,E:\m-hvc\datasets\old-dataset\frames_unique\non_hate_video_335,0.933804452419281,0.009085715748369694,0.047749098390340805,0.00936069991439581,0,0,0.9764663763344288
non_hate_video_336,0,0.19226224720478058,-1.4353771209716797,train,False,missing,0,E:\m-hvc\datasets\old-dataset\frames_unique\non_hate_video_336,0.7429855465888977,0.014558795839548111,0.22819474339485168,0.014260927215218544,0,0,0.8077377527952194
non_hate_video_337,0,0.968501627445221,3.425814628601074,train,True,asr,0,E:\m-hvc\datasets\old-dataset\frames_unique\non_hate_video_337,0.06825320422649384,0.1511661559343338,0.7203637361526489,0.06021694093942642,1,2,0.968501627445221
non_hate_video_338,0,0.6923702955245972,0.811224102973938,train,True,asr,0,E:\m-hvc\datasets\old-dataset\frames_unique\non_hate_video_338,0.7748039364814758,0.002827948424965143,0.22026830911636353,0.00209975172765553,1,0,0.6923702955245972
non_hate_video_339,0,0.6748210191726685,0.7300716042518616,train,True,asr,0,E:\m-hvc\datasets\old-dataset\frames_unique\non_hate_video_339,0.37708553671836853,0.42294183373451233,0.17028406262397766,0.029688628390431404,1,1,0.6748210191726685
non_hate_video_34,0,0.4582001864910126,-0.1675904095172882,train,True,asr,0,E:\m-hvc\datasets\old-dataset\frames_unique\non_hate_video_34,0.11497180163860321,0.09996314346790314,0.051705848425626755,0.7333592176437378,1,3,0.5417998135089874
non_hate_video_340,0,0.12161332368850708,-1.9772403240203857,train,True,asr,0,E:\m-hvc\datasets\old-dataset\frames_unique\non_hate_video_340,0.4482857882976532,0.005083182826638222,0.5403686761856079,0.006262333132326603,0,2,0.8783866763114929
non_hate_video_341,0,0.09884689003229141,-2.2101030349731445,train,True,asr,0,E:\m-hvc\datasets\old-dataset\frames_unique\non_hate_video_341,0.48121246695518494,0.0050531839951872826,0.5064690709114075,0.007265323773026466,0,2,0.9011531099677086
non_hate_video_342,0,0.07319935411214828,-2.5385518074035645,train,False,missing,0,E:\m-hvc\datasets\old-dataset\frames_unique\non_hate_video_342,0.8361909985542297,0.012637731619179249,0.1369318664073944,0.014239368960261345,0,0,0.9268006458878517
non_hate_video_343,0,0.3428502678871155,-0.6506180167198181,train,True,asr,0,E:\m-hvc\datasets\old-dataset\frames_unique\non_hate_video_343,0.36364370584487915,0.19102725386619568,0.3809965252876282,0.06433252990245819,1,2,0.6571497321128845
non_hate_video_344,0,0.008034288883209229,-4.815969944000244,train,True,asr,0,E:\m-hvc\datasets\old-dataset\frames_unique\non_hate_video_344,0.9906908273696899,0.0009357294766232371,0.0076750521548092365,0.0006983930943533778,0,0,0.9919657111167908
non_hate_video_345,0,0.057924944907426834,-2.7889368534088135,train,True,asr,0,E:\m-hvc\datasets\old-dataset\frames_unique\non_hate_video_345,0.750359833240509,0.0038814458530396223,0.24105483293533325,0.004703853745013475,0,0,0.9420750550925732
non_hate_video_346,0,0.12843914330005646,-1.9148304462432861,test,True,asr,0,E:\m-hvc\datasets\old-dataset\frames_unique\non_hate_video_346,0.35733091831207275,0.004786879755556583,0.6303340196609497,0.007548151072114706,0,2,0.8715608566999435
non_hate_video_347,0,0.015472345985472202,-4.153107643127441,val,True,asr,0,E:\m-hvc\datasets\old-dataset\frames_unique\non_hate_video_347,0.9706394672393799,0.0027095612604171038,0.024770401418209076,0.0018805194413289428,0,0,0.9845276540145278
non_hate_video_348,0,0.18764673173427582,-1.465374231338501,train,True,asr,0,E:\m-hvc\datasets\old-dataset\frames_unique\non_hate_video_348,0.4012831449508667,0.40745973587036133,0.06318358331918716,0.12807351350784302,0,1,0.8123532682657242
non_hate_video_349,0,0.14188043773174286,-1.7997586727142334,train,False,missing,0,E:\m-hvc\datasets\old-dataset\frames_unique\non_hate_video_349,0.7679613828659058,0.014987102709710598,0.20018619298934937,0.01686534471809864,0,0,0.8581195622682571
non_hate_video_35,0,0.9572986364364624,3.1098861694335938,val,True,asr,0,E:\m-hvc\datasets\old-dataset\frames_unique\non_hate_video_35,0.0215071402490139,0.01395163033157587,0.12768450379371643,0.8368567824363708,1,3,0.9572986364364624
non_hate_video_350,0,0.009029362350702286,-4.698203086853027,train,True,asr,0,E:\m-hvc\datasets\old-dataset\frames_unique\non_hate_video_350,0.9874942898750305,0.0010852309642359614,0.010612903162837029,0.0008075576624833047,0,0,0.9909706376492977
non_hate_video_351,0,0.98195880651474,3.9968929290771484,train,True,asr,0,E:\m-hvc\datasets\old-dataset\frames_unique\non_hate_video_351,0.029312971979379654,0.01957891322672367,0.925196647644043,0.025911429896950722,1,2,0.98195880651474
non_hate_video_352,0,0.07802379876375198,-2.469505548477173,test,True,asr,0,E:\m-hvc\datasets\old-dataset\frames_unique\non_hate_video_352,0.5241039991378784,0.005090583115816116,0.4663618803024292,0.004443512298166752,0,0,0.921976201236248
non_hate_video_353,0,0.015064772218465805,-4.1802167892456055,val,True,asr,0,E:\m-hvc\datasets\old-dataset\frames_unique\non_hate_video_353,0.9732528924942017,0.0034589532297104597,0.02125442586839199,0.0020337530877441168,0,0,0.9849352277815342
non_hate_video_354,0,0.014585367403924465,-4.213043689727783,test,True,asr,0,E:\m-hvc\datasets\old-dataset\frames_unique\non_hate_video_354,0.9704136848449707,0.0032149108592420816,0.02456962876021862,0.0018017804250121117,0,0,0.9854146325960755
non_hate_video_355,0,0.009678627364337444,-4.628109455108643,train,True,asr,0,E:\m-hvc\datasets\old-dataset\frames_unique\non_hate_video_355,0.992095947265625,0.0007753533427603543,0.006594834383577108,0.0005338210612535477,0,0,0.9903213726356626
non_hate_video_356,0,0.05998855084180832,-2.7517383098602295,train,True,asr,0,E:\m-hvc\datasets\old-dataset\frames_unique\non_hate_video_356,0.7603700757026672,0.015238377265632153,0.20230169594287872,0.022089846432209015,0,0,0.9400114491581917
non_hate_video_357,0,0.17166243493556976,-1.5738908052444458,train,True,asr,0,E:\m-hvc\datasets\old-dataset\frames_unique\non_hate_video_357,0.39356693625450134,0.4946320950984955,0.05806707590818405,0.053733885288238525,0,1,0.8283375650644302
non_hate_video_358,0,0.02393789030611515,-3.7080636024475098,train,False,missing,0,E:\m-hvc\datasets\old-dataset\frames_unique\non_hate_video_358,0.9260833263397217,0.00991080328822136,0.05263293534517288,0.011372956447303295,0,0,0.9760621096938848
non_hate_video_359,0,0.11753004044294357,-2.016030788421631,test,True,asr,0,E:\m-hvc\datasets\old-dataset\frames_unique\non_hate_video_359,0.6329748630523682,0.2715662717819214,0.06303630769252777,0.0324225127696991,0,0,0.8824699595570564
non_hate_video_36,0,0.9435312747955322,2.81594181060791,test,True,asr,0,E:\m-hvc\datasets\old-dataset\frames_unique\non_hate_video_36,0.09587296098470688,0.6068370938301086,0.16683241724967957,0.13045744597911835,1,1,0.9435312747955322
non_hate_video_360,0,0.0351041704416275,-3.3137001991271973,train,True,asr,0,E:\m-hvc\datasets\old-dataset\frames_unique\non_hate_video_360,0.8989530205726624,0.010123985819518566,0.06388352066278458,0.02703951485455036,0,0,0.9648958295583725
non_hate_video_361,0,0.02662351354956627,-3.5989761352539062,val,True,asr,0,E:\m-hvc\datasets\old-dataset\frames_unique\non_hate_video_361,0.9848045110702515,0.0009316105861216784,0.013464841060340405,0.0007991223246790469,0,0,0.9733764864504337
non_hate_video_362,0,0.010375174693763256,-4.557909965515137,val,True,asr,0,E:\m-hvc\datasets\old-dataset\frames_unique\non_hate_video_362,0.9870404601097107,0.0014308522222563624,0.010168265551328659,0.0013603605329990387,0,0,0.9896248253062367
non_hate_video_363,0,0.9592108726501465,3.1576952934265137,test,True,asr,0,E:\m-hvc\datasets\old-dataset\frames_unique\non_hate_video_363,0.05216781049966812,0.055546339601278305,0.8729217052459717,0.019364137202501297,1,2,0.9592108726501465
non_hate_video_364,0,0.9867701530456543,4.311959743499756,test,True,asr,0,E:\m-hvc\datasets\old-dataset\frames_unique\non_hate_video_364,0.022493695840239525,0.007852635346353054,0.9229101538658142,0.04674353078007698,1,2,0.9867701530456543
non_hate_video_365,0,0.024962609633803368,-3.6650967597961426,train,True,asr,0,E:\m-hvc\datasets\old-dataset\frames_unique\non_hate_video_365,0.97112637758255,0.0015069376677274704,0.02651602029800415,0.0008506892481818795,0,0,0.9750373903661966
non_hate_video_366,0,0.5940092206001282,0.3805643916130066,train,True,asr,0,E:\m-hvc\datasets\old-dataset\frames_unique\non_hate_video_366,0.09874071180820465,0.810598611831665,0.04562975466251373,0.04503089189529419,1,1,0.5940092206001282
non_hate_video_367,0,0.009466243907809258,-4.650511741638184,train,True,asr,0,E:\m-hvc\datasets\old-dataset\frames_unique\non_hate_video_367,0.9901928901672363,0.0007537186611443758,0.008411110378801823,0.000642290513496846,0,0,0.9905337560921907
non_hate_video_368,0,0.10770316421985626,-2.114419937133789,train,True,asr,0,E:\m-hvc\datasets\old-dataset\frames_unique\non_hate_video_368,0.45507094264030457,0.005834309384226799,0.5317111015319824,0.007383651100099087,0,2,0.8922968357801437
non_hate_video_369,0,0.02123066782951355,-3.8308491706848145,train,True,asr,0,E:\m-hvc\datasets\old-dataset\frames_unique\non_hate_video_369,0.9879576563835144,0.0010589653393253684,0.010291862301528454,0.0006914992700330913,0,0,0.9787693321704865
non_hate_video_37,0,0.32640454173088074,-0.7244921922683716,train,True,asr,0,E:\m-hvc\datasets\old-dataset\frames_unique\non_hate_video_37,0.33170753717422485,0.10077393054962158,0.5207371711730957,0.046781379729509354,1,2,0.6735954582691193
non_hate_video_370,0,0.02642698399722576,-3.6065871715545654,test,True,asr,0,E:\m-hvc\datasets\old-dataset\frames_unique\non_hate_video_370,0.9820623993873596,0.0020671114325523376,0.014747023582458496,0.0011234348639845848,0,0,0.9735730160027742
non_hate_video_371,0,0.2534339725971222,-1.0803806781768799,test,True,asr,0,E:\m-hvc\datasets\old-dataset\frames_unique\non_hate_video_371,0.941297709941864,0.0009882576996460557,0.057018835097551346,0.0006951384712010622,0,0,0.7465660274028778
non_hate_video_372,0,0.013520518317818642,-4.289934158325195,train,True,asr,0,E:\m-hvc\datasets\old-dataset\frames_unique\non_hate_video_372,0.9829299449920654,0.0012647529365494847,0.014254201203584671,0.0015512170502915978,0,0,0.9864794816821814
non_hate_video_373,0,0.06456311792135239,-2.673370361328125,train,True,asr,0,E:\m-hvc\datasets\old-dataset\frames_unique\non_hate_video_373,0.970615804195404,0.0017106042942032218,0.026441263034939766,0.0012323787668719888,0,0,0.9354368820786476
non_hate_video_374,0,0.0875108540058136,-2.3444132804870605,train,False,missing,0,E:\m-hvc\datasets\old-dataset\frames_unique\non_hate_video_374,0.8567444682121277,0.00916832685470581,0.12461451441049576,0.00947267934679985,0,0,0.9124891459941864
non_hate_video_375,0,0.3661421537399292,-0.5488030910491943,train,True,asr,0,E:\m-hvc\datasets\old-dataset\frames_unique\non_hate_video_375,0.18171265721321106,0.7239390015602112,0.04433973506093025,0.050008609890937805,1,1,0.6338578462600708
non_hate_video_376,0,0.06337589025497437,-2.6931984424591064,train,True,asr,0,E:\m-hvc\datasets\old-dataset\frames_unique\non_hate_video_376,0.5921829342842102,0.007093012798577547,0.38875338435173035,0.011970697902143002,0,0,0.9366241097450256
non_hate_video_377,0,0.009388181380927563,-4.658871173858643,train,True,asr,0,E:\m-hvc\datasets\old-dataset\frames_unique\non_hate_video_377,0.9918997287750244,0.0006847511976957321,0.006922924891114235,0.0004926286055706441,0,0,0.9906118186190724
non_hate_video_378,0,0.014774825423955917,-4.199945449829102,train,True,asr,0,E:\m-hvc\datasets\old-dataset\frames_unique\non_hate_video_378,0.9905982613563538,0.0005073946667835116,0.008496853522956371,0.00039748105336911976,0,0,0.9852251745760441
non_hate_video_379,0,0.019662782549858093,-3.9091689586639404,train,True,asr,0,E:\m-hvc\datasets\old-dataset\frames_unique\non_hate_video_379,0.9596266746520996,0.002699993783608079,0.03510569781064987,0.0025675965007394552,0,0,0.9803372174501419
non_hate_video_38,0,0.42024922370910645,-0.3217504322528839,train,True,asr,0,E:\m-hvc\datasets\old-dataset\frames_unique\non_hate_video_38,0.4811692237854004,0.19550703465938568,0.2834787368774414,0.03984500467777252,1,0,0.5797507762908936
non_hate_video_380,0,0.8826401233673096,2.017672061920166,val,True,asr,0,E:\m-hvc\datasets\old-dataset\frames_unique\non_hate_video_380,0.056847747415304184,0.005054235924035311,0.9322300553321838,0.005867945030331612,1,2,0.8826401233673096
non_hate_video_381,0,0.11604151874780655,-2.0304620265960693,train,True,asr,0,E:\m-hvc\datasets\old-dataset\frames_unique\non_hate_video_381,0.4848558008670807,0.009249789640307426,0.4996873438358307,0.00620705122128129,0,2,0.8839584812521935
non_hate_video_382,0,0.19799140095710754,-1.3988957405090332,val,True,asr,0,E:\m-hvc\datasets\old-dataset\frames_unique\non_hate_video_382,0.3398537039756775,0.550828218460083,0.05611083284020424,0.053207240998744965,0,1,0.8020085990428925
non_hate_video_383,0,0.01971626654267311,-3.906398057937622,train,True,asr,0,E:\m-hvc\datasets\old-dataset\frames_unique\non_hate_video_383,0.9701362252235413,0.009737455286085606,0.017297493293881416,0.002828710712492466,0,0,0.9802837334573269
non_hate_video_384,0,0.053121380507946014,-2.88059139251709,train,True,asr,0,E:\m-hvc\datasets\old-dataset\frames_unique\non_hate_video_384,0.6343510746955872,0.006637203972786665,0.3512917757034302,0.007719960063695908,0,0,0.946878619492054
non_hate_video_385,0,0.062262870371341705,-2.712104320526123,train,False,missing,0,E:\m-hvc\datasets\old-dataset\frames_unique\non_hate_video_385,0.8592581152915955,0.011657887138426304,0.11783622950315475,0.011247744783759117,0,0,0.9377371296286583
non_hate_video_386,0,0.007565921638160944,-4.876506328582764,train,True,asr,0,E:\m-hvc\datasets\old-dataset\frames_unique\non_hate_video_386,0.9904305338859558,0.0008563768933527172,0.00799297820776701,0.0007200334803201258,0,0,0.9924340783618391
non_hate_video_387,0,0.05665282905101776,-2.8124923706054688,train,True,asr,0,E:\m-hvc\datasets\old-dataset\frames_unique\non_hate_video_387,0.7998175621032715,0.04214168339967728,0.09072718769311905,0.06731352210044861,0,0,0.9433471709489822
non_hate_video_388,0,0.05889881029725075,-2.7712297439575195,train,True,asr,0,E:\m-hvc\datasets\old-dataset\frames_unique\non_hate_video_388,0.6914604306221008,0.017431318759918213,0.2796100974082947,0.011498119682073593,0,0,0.9411011897027493
non_hate_video_389,0,0.025411054491996765,-3.646831512451172,val,False,missing,0,E:\m-hvc\datasets\old-dataset\frames_unique\non_hate_video_389,0.9288288354873657,0.011001748964190483,0.048392318189144135,0.011777069419622421,0,0,0.9745889455080032
non_hate_video_39,0,0.07858192175626755,-2.4617722034454346,train,True,asr,0,E:\m-hvc\datasets\old-dataset\frames_unique\non_hate_video_39,0.5616305470466614,0.010303791612386703,0.3979264497756958,0.030139250680804253,0,0,0.9214180782437325
non_hate_video_390,0,0.10363970696926117,-2.157421827316284,val,True,asr,0,E:\m-hvc\datasets\old-dataset\frames_unique\non_hate_video_390,0.3948234021663666,0.007716554682701826,0.5892943739891052,0.008165709674358368,0,2,0.8963602930307388
non_hate_video_391,0,0.02210259810090065,-3.7897095680236816,train,False,missing,0,E:\m-hvc\datasets\old-dataset\frames_unique\non_hate_video_391,0.9327420592308044,0.009566418826580048,0.04677252843976021,0.01091902144253254,0,0,0.9778974018990993
non_hate_video_392,0,0.025089146569371223,-3.6599106788635254,train,False,missing,0,E:\m-hvc\datasets\old-dataset\frames_unique\non_hate_video_392,0.9327040910720825,0.008649059571325779,0.049067214131355286,0.009579590521752834,0,0,0.9749108534306288
non_hate_video_393,0,0.10343817621469498,-2.159593105316162,train,True,asr,0,E:\m-hvc\datasets\old-dataset\frames_unique\non_hate_video_393,0.4284780025482178,0.0065282476134598255,0.5572386384010315,0.0077550774440169334,0,2,0.896561823785305
non_hate_video_394,0,0.024300623685121536,-3.692652463912964,train,False,missing,0,E:\m-hvc\datasets\old-dataset\frames_unique\non_hate_video_394,0.929078221321106,0.011379797011613846,0.04852484539151192,0.011017140932381153,0,0,0.9756993763148785
non_hate_video_395,0,0.1826828420162201,-1.4982757568359375,train,True,asr,0,E:\m-hvc\datasets\old-dataset\frames_unique\non_hate_video_395,0.9495232701301575,0.0020075985230505466,0.04692554101347923,0.0015435913810506463,0,0,0.8173171579837799
non_hate_video_396,0,0.011438211426138878,-4.459291458129883,train,True,asr,0,E:\m-hvc\datasets\old-dataset\frames_unique\non_hate_video_396,0.988919198513031,0.0008038459927774966,0.009506900794804096,0.0007700479472987354,0,0,0.9885617885738611
non_hate_video_397,0,0.37342962622642517,-0.5175315737724304,train,True,asr,0,E:\m-hvc\datasets\old-dataset\frames_unique\non_hate_video_397,0.5687400102615356,0.14201630651950836,0.25445932149887085,0.034784361720085144,1,0,0.6265703737735748
non_hate_video_398,0,0.5861488580703735,0.34806737303733826,val,False,missing,0,E:\m-hvc\datasets\old-dataset\frames_unique\non_hate_video_398,0.4481635093688965,0.02228548936545849,0.508776068687439,0.02077489346265793,1,2,0.5861488580703735
non_hate_video_399,0,0.03979606181383133,-3.183377742767334,train,False,missing,0,E:\m-hvc\datasets\old-dataset\frames_unique\non_hate_video_399,0.8999582529067993,0.010848654434084892,0.07745763659477234,0.011735474690794945,0,0,0.9602039381861687
non_hate_video_4,0,0.011412037536501884,-4.46160888671875,train,True,asr,0,E:\m-hvc\datasets\old-dataset\frames_unique\non_hate_video_4,0.987731397151947,0.001075735897757113,0.010278393514454365,0.0009144830983132124,0,0,0.9885879624634981
non_hate_video_40,0,0.6493703722953796,0.6162727475166321,train,True,asr,0,E:\m-hvc\datasets\old-dataset\frames_unique\non_hate_video_40,0.7865332961082458,0.006379364058375359,0.20165617763996124,0.005431163590401411,1,0,0.6493703722953796
non_hate_video_400,0,0.009350945241749287,-4.6628828048706055,test,True,asr,0,E:\m-hvc\datasets\old-dataset\frames_unique\non_hate_video_400,0.9900554418563843,0.0008806112455204129,0.008251185528934002,0.000812750484328717,0,0,0.9906490547582507
non_hate_video_401,0,0.01006130687892437,-4.5889458656311035,train,True,asr,0,E:\m-hvc\datasets\old-dataset\frames_unique\non_hate_video_401,0.9893382787704468,0.0012733597541227937,0.008495223708450794,0.0008932194905355573,0,0,0.9899386931210756
non_hate_video_402,0,0.0695934146642685,-2.592951774597168,test,True,asr,0,E:\m-hvc\datasets\old-dataset\frames_unique\non_hate_video_402,0.5549135804176331,0.0076399496756494045,0.4261390268802643,0.01130743883550167,0,0,0.9304065853357315
non_hate_video_403,0,0.21685142815113068,-1.2841100692749023,train,True,asr,0,E:\m-hvc\datasets\old-dataset\frames_unique\non_hate_video_403,0.23569954931735992,0.005856448784470558,0.7522508502006531,0.006193135865032673,0,2,0.7831485718488693
non_hate_video_404,0,0.01688702590763569,-4.064178466796875,train,True,asr,0,E:\m-hvc\datasets\old-dataset\frames_unique\non_hate_video_404,0.9718955159187317,0.010092312470078468,0.014445088803768158,0.0035671666264533997,0,0,0.9831129740923643
non_hate_video_405,0,0.051970358937978745,-2.903712272644043,test,True,asr,0,E:\m-hvc\datasets\old-dataset\frames_unique\non_hate_video_405,0.626873254776001,0.005698512773960829,0.3607206642627716,0.006707541644573212,0,0,0.9480296410620213
non_hate_video_406,0,0.07038924843072891,-2.5807254314422607,val,True,asr,0,E:\m-hvc\datasets\old-dataset\frames_unique\non_hate_video_406,0.955781877040863,0.003146097995340824,0.03824704512953758,0.002824986819177866,0,0,0.9296107515692711
non_hate_video_407,0,0.04388778656721115,-3.0812392234802246,test,False,missing,0,E:\m-hvc\datasets\old-dataset\frames_unique\non_hate_video_407,0.9152184724807739,0.010075053200125694,0.06517726182937622,0.009529298171401024,0,0,0.9561122134327888
non_hate_video_408,0,0.1707308441400528,-1.5804564952850342,train,True,asr,0,E:\m-hvc\datasets\old-dataset\frames_unique\non_hate_video_408,0.29985955357551575,0.003976571839302778,0.6914805173873901,0.004683331120759249,0,2,0.8292691558599472
non_hate_video_409,0,0.009886696934700012,-4.606629371643066,val,True,asr,0,E:\m-hvc\datasets\old-dataset\frames_unique\non_hate_video_409,0.9910823106765747,0.0006201962823979557,0.0077463905327022076,0.0005511289346031845,0,0,0.9901133030653
non_hate_video_41,0,0.07908805459737778,-2.4548025131225586,train,True,asr,0,E:\m-hvc\datasets\old-dataset\frames_unique\non_hate_video_41,0.594220757484436,0.015823811292648315,0.37741777300834656,0.012537664733827114,0,0,0.9209119454026222
non_hate_video_410,0,0.036033645272254944,-3.2866032123565674,train,True,asr,0,E:\m-hvc\datasets\old-dataset\frames_unique\non_hate_video_410,0.9831804633140564,0.000660942227113992,0.015590875409543514,0.0005676769651472569,0,0,0.9639663547277451
non_hate_video_411,0,0.11831960082054138,-2.0084402561187744,test,True,asr,0,E:\m-hvc\datasets\old-dataset\frames_unique\non_hate_video_411,0.7892055511474609,0.017383689060807228,0.18826831877231598,0.0051423730328679085,0,0,0.8816803991794586
non_hate_video_412,0,0.14977803826332092,-1.7363430261611938,train,True,asr,0,E:\m-hvc\datasets\old-dataset\frames_unique\non_hate_video_412,0.33754217624664307,0.005005448590964079,0.6519405245780945,0.005511775612831116,0,2,0.8502219617366791
non_hate_video_413,0,0.020658964291214943,-3.8587305545806885,val,False,missing,0,E:\m-hvc\datasets\old-dataset\frames_unique\non_hate_video_413,0.9409433603286743,0.009040690958499908,0.04099162667989731,0.00902421772480011,0,0,0.9793410357087851
non_hate_video_414,0,0.10066460818052292,-2.18986177444458,train,True,asr,0,E:\m-hvc\datasets\old-dataset\frames_unique\non_hate_video_414,0.4558827877044678,0.005992619786411524,0.5312210917472839,0.006903527304530144,0,2,0.8993353918194771
non_hate_video_415,0,0.9748323559761047,3.6567063331604004,val,True,asr,0,E:\m-hvc\datasets\old-dataset\frames_unique\non_hate_video_415,0.014997388236224651,0.014305735938251019,0.05043506249785423,0.920261800289154,1,3,0.9748323559761047
non_hate_video_416,0,0.009184963069856167,-4.680960178375244,test,True,asr,0,E:\m-hvc\datasets\old-dataset\frames_unique\non_hate_video_416,0.9885392785072327,0.0010113458847627044,0.009589267894625664,0.000860125757753849,0,0,0.9908150369301438
non_hate_video_417,0,0.9779756665229797,3.793337821960449,train,True,asr,0,E:\m-hvc\datasets\old-dataset\frames_unique\non_hate_video_417,0.024134796112775803,0.008078417740762234,0.9554732441902161,0.012313525192439556,1,2,0.9779756665229797
non_hate_video_418,0,0.08961556851863861,-2.318337917327881,train,True,asr,0,E:\m-hvc\datasets\old-dataset\frames_unique\non_hate_video_418,0.5763750076293945,0.005921199917793274,0.4132576584815979,0.004446107894182205,0,0,0.9103844314813614
non_hate_video_419,0,0.014949178323149681,-4.188036918640137,train,True,asr,0,E:\m-hvc\datasets\old-dataset\frames_unique\non_hate_video_419,0.9739421010017395,0.0042352089658379555,0.018791262060403824,0.0030314442701637745,0,0,0.9850508216768503
non_hate_video_42,0,0.009648216888308525,-4.631287097930908,train,True,asr,0,E:\m-hvc\datasets\old-dataset\frames_unique\non_hate_video_42,0.9890524744987488,0.0013403008924797177,0.00842868909239769,0.0011785428505390882,0,0,0.9903517831116915
non_hate_video_420,0,0.04368361830711365,-3.086115598678589,val,False,missing,0,E:\m-hvc\datasets\old-dataset\frames_unique\non_hate_video_420,0.8735216856002808,0.01970290206372738,0.0861225426197052,0.02065294235944748,0,0,0.9563163816928864
non_hate_video_421,0,0.296945720911026,-0.8618846535682678,val,True,asr,0,E:\m-hvc\datasets\old-dataset\frames_unique\non_hate_video_421,0.19676680862903595,0.03060733526945114,0.0650685653090477,0.7075573205947876,0,3,0.703054279088974
non_hate_video_422,0,0.01256501954048872,-4.364193916320801,train,True,asr,0,E:\m-hvc\datasets\old-dataset\frames_unique\non_hate_video_422,0.9878693222999573,0.00108356773853302,0.010157343931496143,0.0008897460647858679,0,0,0.9874349804595113
non_hate_video_423,0,0.032885923981666565,-3.3812718391418457,train,True,asr,0,E:\m-hvc\datasets\old-dataset\frames_unique\non_hate_video_423,0.9872645139694214,0.0004993693437427282,0.01190387923270464,0.000332255702232942,0,0,0.9671140760183334
non_hate_video_424,0,0.3329707086086273,-0.6947793960571289,train,True,asr,0,E:\m-hvc\datasets\old-dataset\frames_unique\non_hate_video_424,0.15588510036468506,0.002829443896189332,0.8355422019958496,0.005743328016251326,1,2,0.6670292913913727
non_hate_video_425,0,0.010219399817287922,-4.573195457458496,train,True,asr,0,E:\m-hvc\datasets\old-dataset\frames_unique\non_hate_video_425,0.9890586733818054,0.0011147423647344112,0.008817089721560478,0.0010095321340486407,0,0,0.9897806001827121
non_hate_video_426,0,0.01237856037914753,-4.37933349609375,train,True,asr,0,E:\m-hvc\datasets\old-dataset\frames_unique\non_hate_video_426,0.9918692111968994,0.0006151168490760028,0.007103925105184317,0.0004117296193726361,0,0,0.9876214396208525
non_hate_video_427,0,0.00947436224669218,-4.649646282196045,train,True,asr,0,E:\m-hvc\datasets\old-dataset\frames_unique\non_hate_video_427,0.9897947907447815,0.0011073373025283217,0.008413615636527538,0.0006843183655291796,0,0,0.9905256377533078
non_hate_video_428,0,0.08939981460571289,-2.3209853172302246,test,True,asr,0,E:\m-hvc\datasets\old-dataset\frames_unique\non_hate_video_428,0.5050386190414429,0.005427193827927113,0.48349422216415405,0.00603993097320199,0,0,0.9106001853942871
non_hate_video_429,0,0.02109222300350666,-3.8375329971313477,train,False,missing,0,E:\m-hvc\datasets\old-dataset\frames_unique\non_hate_video_429,0.9370894432067871,0.008947305381298065,0.044226761907339096,0.009736491367220879,0,0,0.9789077769964933
non_hate_video_43,0,0.08360681682825089,-2.394320487976074,test,True,asr,0,E:\m-hvc\datasets\old-dataset\frames_unique\non_hate_video_43,0.6449949741363525,0.03536875173449516,0.2955866754055023,0.024049580097198486,0,0,0.9163931831717491
non_hate_video_430,0,0.00817347876727581,-4.798653602600098,train,True,asr,0,E:\m-hvc\datasets\old-dataset\frames_unique\non_hate_video_430,0.991843044757843,0.0008782587246969342,0.006613769102841616,0.0006648882990702987,0,0,0.9918265212327242
non_hate_video_431,0,0.09353731572628021,-2.2711894512176514,train,True,asr,0,E:\m-hvc\datasets\old-dataset\frames_unique\non_hate_video_431,0.4656529724597931,0.008125084452331066,0.5147029161453247,0.011518954299390316,0,2,0.9064626842737198
non_hate_video_432,0,0.011330588720738888,-4.468853950500488,train,True,asr,0,E:\m-hvc\datasets\old-dataset\frames_unique\non_hate_video_432,0.9896314740180969,0.0006377595709636807,0.009122529998421669,0.0006082773907110095,0,0,0.9886694112792611
non_hate_video_433,0,0.0257599838078022,-3.6328353881835938,val,True,asr,0,E:\m-hvc\datasets\old-dataset\frames_unique\non_hate_video_433,0.9868387579917908,0.0006131635163910687,0.01197683997452259,0.0005712089478038251,0,0,0.9742400161921978
non_hate_video_434,0,0.32153743505477905,-0.7467153072357178,train,True,asr,0,E:\m-hvc\datasets\old-dataset\frames_unique\non_hate_video_434,0.15517310798168182,0.03697485849261284,0.05937545746564865,0.7484765648841858,1,3,0.678462564945221
non_hate_video_435,0,0.9163274765014648,2.393462657928467,train,True,asr,0,E:\m-hvc\datasets\old-dataset\frames_unique\non_hate_video_435,0.02604171261191368,0.013360067270696163,0.08834287524223328,0.8722553849220276,1,3,0.9163274765014648
non_hate_video_436,0,0.010896925814449787,-4.508317947387695,train,True,asr,0,E:\m-hvc\datasets\old-dataset\frames_unique\non_hate_video_436,0.9871633052825928,0.001923642586916685,0.009207983501255512,0.0017050299793481827,0,0,0.9891030741855502
non_hate_video_437,0,0.010735689662396908,-4.523387908935547,val,True,asr,0,E:\m-hvc\datasets\old-dataset\frames_unique\non_hate_video_437,0.9897060394287109,0.0006415518000721931,0.009111871011555195,0.0005405072006396949,0,0,0.9892643103376031
non_hate_video_438,0,0.02492820844054222,-3.666511058807373,train,False,missing,0,E:\m-hvc\datasets\old-dataset\frames_unique\non_hate_video_438,0.9282292127609253,0.010906881652772427,0.05032428726553917,0.01053963229060173,0,0,0.9750717915594578
non_hate_video_439,0,0.014387021772563457,-4.226937294006348,train,True,asr,0,E:\m-hvc\datasets\old-dataset\frames_unique\non_hate_video_439,0.9776150584220886,0.007761907763779163,0.011924347840249538,0.002698690863326192,0,0,0.9856129782274365
non_hate_video_44,0,0.36699146032333374,-0.5451452732086182,train,True,asr,0,E:\m-hvc\datasets\old-dataset\frames_unique\non_hate_video_44,0.2569635808467865,0.5789719223976135,0.11567214131355286,0.04839235171675682,1,1,0.6330085396766663
non_hate_video_440,0,0.008748100139200687,-4.730132102966309,train,True,asr,0,E:\m-hvc\datasets\old-dataset\frames_unique\non_hate_video_440,0.9905986189842224,0.0010758348507806659,0.00750479893758893,0.0008208004874177277,0,0,0.9912518998607993
non_hate_video_441,0,0.0702878013253212,-2.5822768211364746,train,True,asr,0,E:\m-hvc\datasets\old-dataset\frames_unique\non_hate_video_441,0.5774251818656921,0.00809016264975071,0.3958595097064972,0.01862514764070511,0,0,0.9297121986746788
non_hate_video_442,0,0.031315721571445465,-3.4318184852600098,train,False,missing,0,E:\m-hvc\datasets\old-dataset\frames_unique\non_hate_video_442,0.9149078726768494,0.012205141596496105,0.05982976779341698,0.013057239353656769,0,0,0.9686842784285545
non_hate_video_443,0,0.06240782514214516,-2.7096245288848877,test,True,asr,0,E:\m-hvc\datasets\old-dataset\frames_unique\non_hate_video_443,0.6179642081260681,0.006452363915741444,0.36404651403427124,0.011536919511854649,0,0,0.9375921748578548
non_hate_video_444,0,0.11287327110767365,-2.0617220401763916,train,True,asr,0,E:\m-hvc\datasets\old-dataset\frames_unique\non_hate_video_444,0.5041061043739319,0.0065627386793494225,0.4694478511810303,0.01988331787288189,0,0,0.8871267288923264
non_hate_video_445,0,0.28193071484565735,-0.9349046349525452,train,True,asr,0,E:\m-hvc\datasets\old-dataset\frames_unique\non_hate_video_445,0.19378933310508728,0.05542394146323204,0.05630119889974594,0.6944855451583862,0,3,0.7180692851543427
non_hate_video_446,0,0.4242432713508606,-0.30537816882133484,train,True,asr,0,E:\m-hvc\datasets\old-dataset\frames_unique\non_hate_video_446,0.24698935449123383,0.22099566459655762,0.44911155104637146,0.08290334045886993,1,2,0.5757567286491394
non_hate_video_447,0,0.8796537518501282,1.9891552925109863,val,True,asr,0,E:\m-hvc\datasets\old-dataset\frames_unique\non_hate_video_447,0.04704377055168152,0.010940163396298885,0.931453287601471,0.010562733747065067,1,2,0.8796537518501282
non_hate_video_448,0,0.008111055009067059,-4.80638313293457,train,True,asr,0,E:\m-hvc\datasets\old-dataset\frames_unique\non_hate_video_448,0.9908105134963989,0.0006743893609382212,0.0079194912686944,0.0005955638480372727,0,0,0.9918889449909329
non_hate_video_449,0,0.028839612379670143,-3.5167417526245117,train,False,missing,0,E:\m-hvc\datasets\old-dataset\frames_unique\non_hate_video_449,0.9231905937194824,0.01083351206034422,0.05382268503308296,0.012153287418186665,0,0,0.9711603876203299
non_hate_video_45,0,0.00982467271387577,-4.612985134124756,test,True,asr,0,E:\m-hvc\datasets\old-dataset\frames_unique\non_hate_video_45,0.9876418113708496,0.0016761503648012877,0.009656614623963833,0.0010254053631797433,0,0,0.9901753272861242
non_hate_video_450,0,0.1055702418088913,-2.136809825897217,train,True,asr,0,E:\m-hvc\datasets\old-dataset\frames_unique\non_hate_video_450,0.6081845760345459,0.009583317674696445,0.3417327105998993,0.04049941897392273,0,0,0.8944297581911087
non_hate_video_451,0,0.9757188558578491,3.6934735774993896,test,True,asr,0,E:\m-hvc\datasets\old-dataset\frames_unique\non_hate_video_451,0.018674377351999283,0.00401707598939538,0.9669578671455383,0.010350629687309265,1,2,0.9757188558578491
non_hate_video_452,0,0.023486722260713577,-3.727553129196167,train,False,missing,0,E:\m-hvc\datasets\old-dataset\frames_unique\non_hate_video_452,0.9344234466552734,0.008196153677999973,0.04875455051660538,0.008625865913927555,0,0,0.9765132777392864
non_hate_video_453,0,0.18924744427204132,-1.4549075365066528,train,True,asr,0,E:\m-hvc\datasets\old-dataset\frames_unique\non_hate_video_453,0.39935728907585144,0.4928118586540222,0.059301331639289856,0.048529598861932755,0,1,0.8107525557279587
non_hate_video_454,0,0.894847571849823,2.141242027282715,train,True,asr,0,E:\m-hvc\datasets\old-dataset\frames_unique\non_hate_video_454,0.06629273295402527,0.6199411153793335,0.11640553921461105,0.1973605901002884,1,1,0.894847571849823
non_hate_video_455,0,0.03596185892820358,-3.2886719703674316,train,True,asr,0,E:\m-hvc\datasets\old-dataset\frames_unique\non_hate_video_455,0.9103201031684875,0.0034979982301592827,0.08366287499666214,0.002518980298191309,0,0,0.9640381410717964
non_hate_video_456,0,0.3598077893257141,-0.5761984586715698,train,True,asr,0,E:\m-hvc\datasets\old-dataset\frames_unique\non_hate_video_456,0.17728082835674286,0.7087108492851257,0.0633959025144577,0.05061236396431923,1,1,0.6401922106742859
non_hate_video_457,0,0.14552026987075806,-1.7701773643493652,train,True,asr,0,E:\m-hvc\datasets\old-dataset\frames_unique\non_hate_video_457,0.3799073398113251,0.013550672680139542,0.5955073833465576,0.011034678667783737,0,2,0.8544797301292419
non_hate_video_458,0,0.9722201228141785,3.555272102355957,train,False,missing,0,E:\m-hvc\datasets\old-dataset\frames_unique\non_hate_video_458,0.10960405319929123,0.01978307031095028,0.8371009826660156,0.033511895686388016,1,2,0.9722201228141785
non_hate_video_459,0,0.917863130569458,2.413661003112793,test,True,asr,0,E:\m-hvc\datasets\old-dataset\frames_unique\non_hate_video_459,0.3981427550315857,0.019376112148165703,0.5604211688041687,0.02205989509820938,1,2,0.917863130569458
non_hate_video_46,0,0.5731121897697449,0.2945602536201477,train,True,asr,0,E:\m-hvc\datasets\old-dataset\frames_unique\non_hate_video_46,0.12915518879890442,0.3043607175350189,0.05668102577328682,0.509803056716919,1,3,0.5731121897697449
non_hate_video_460,0,0.015072119422256947,-4.179721832275391,train,True,asr,0,E:\m-hvc\datasets\old-dataset\frames_unique\non_hate_video_460,0.982986330986023,0.0021566012874245644,0.012248667888343334,0.0026082771364599466,0,0,0.984927880577743
non_hate_video_461,0,0.9425613880157471,2.797884941101074,test,True,asr,0,E:\m-hvc\datasets\old-dataset\frames_unique\non_hate_video_461,0.018527483567595482,0.002538167405873537,0.9748402833938599,0.004094021860510111,1,2,0.9425613880157471
non_hate_video_462,0,0.023769356310367584,-3.715301752090454,train,True,asr,0,E:\m-hvc\datasets\old-dataset\frames_unique\non_hate_video_462,0.9843662977218628,0.0014468439621850848,0.013257723301649094,0.0009292142349295318,0,0,0.9762306436896324
non_hate_video_463,0,0.01637754775583744,-4.095330715179443,test,True,asr,0,E:\m-hvc\datasets\old-dataset\frames_unique\non_hate_video_463,0.9724081158638,0.0015144611243158579,0.025022387504577637,0.001055039232596755,0,0,0.9836224522441626
non_hate_video_464,0,0.8797563910484314,1.9901251792907715,train,False,missing,0,E:\m-hvc\datasets\old-dataset\frames_unique\non_hate_video_464,0.2490355372428894,0.013206628151237965,0.7226294875144958,0.015128383412957191,1,2,0.8797563910484314
non_hate_video_465,0,0.7679517269134521,1.1967816352844238,train,True,asr,0,E:\m-hvc\datasets\old-dataset\frames_unique\non_hate_video_465,0.046377308666706085,0.003151870798319578,0.9461129307746887,0.004357906524091959,1,2,0.7679517269134521
non_hate_video_466,0,0.01150180958211422,-4.4536824226379395,test,True,asr,0,E:\m-hvc\datasets\old-dataset\frames_unique\non_hate_video_466,0.9849854707717896,0.0018903270829468966,0.011557101272046566,0.0015671129804104567,0,0,0.9884981904178858
non_hate_video_467,0,0.01138521358370781,-4.4639892578125,train,True,asr,0,E:\m-hvc\datasets\old-dataset\frames_unique\non_hate_video_467,0.990780770778656,0.0006554099381901324,0.008040320128202438,0.0005234243581071496,0,0,0.9886147864162922
non_hate_video_468,0,0.00969882681965828,-4.626004219055176,test,True,asr,0,E:\m-hvc\datasets\old-dataset\frames_unique\non_hate_video_468,0.9879623055458069,0.000888652226421982,0.010345852933824062,0.0008031291072256863,0,0,0.9903011731803417
non_hate_video_469,0,0.023404991254210472,-3.7311227321624756,train,True,asr,0,E:\m-hvc\datasets\old-dataset\frames_unique\non_hate_video_469,0.9869099259376526,0.0006612784927710891,0.01189946848899126,0.0005292922724038363,0,0,0.9765950087457895
non_hate_video_47,0,0.031552381813526154,-3.4240453243255615,train,False,missing,0,E:\m-hvc\datasets\old-dataset\frames_unique\non_hate_video_47,0.9144609570503235,0.012455581687390804,0.05905421823263168,0.014029223471879959,0,0,0.9684476181864738
non_hate_video_470,0,0.6561377048492432,0.6461294293403625,val,False,missing,0,E:\m-hvc\datasets\old-dataset\frames_unique\non_hate_video_470,0.36413371562957764,0.04732099175453186,0.5359399914741516,0.0526052862405777,1,2,0.6561377048492432
non_hate_video_471,0,0.13590046763420105,-1.8497651815414429,train,True,asr,0,E:\m-hvc\datasets\old-dataset\frames_unique\non_hate_video_471,0.48886770009994507,0.4022286832332611,0.06704378128051758,0.04185985401272774,0,0,0.864099532365799
non_hate_video_472,0,0.3204951882362366,-0.7514969110488892,train,True,asr,0,E:\m-hvc\datasets\old-dataset\frames_unique\non_hate_video_472,0.15637925267219543,0.004770966246724129,0.8339329957962036,0.004916766192764044,1,2,0.6795048117637634
non_hate_video_473,0,0.9318749904632568,2.615854024887085,val,True,asr,0,E:\m-hvc\datasets\old-dataset\frames_unique\non_hate_video_473,0.017347225919365883,0.017247218638658524,0.02675679326057434,0.9386487603187561,1,3,0.9318749904632568
non_hate_video_474,0,0.9421437978744507,2.7901973724365234,test,True,asr,0,E:\m-hvc\datasets\old-dataset\frames_unique\non_hate_video_474,0.03778637945652008,0.23262837529182434,0.07743973284959793,0.652145504951477,1,3,0.9421437978744507
non_hate_video_475,0,0.06208013743162155,-2.715238332748413,train,True,asr,0,E:\m-hvc\datasets\old-dataset\frames_unique\non_hate_video_475,0.6210324168205261,0.00982638355344534,0.35754379630088806,0.011597353965044022,0,0,0.9379198625683784
non_hate_video_476,0,0.2891857624053955,-0.899341881275177,test,True,asr,0,E:\m-hvc\datasets\old-dataset\frames_unique\non_hate_video_476,0.2864176332950592,0.07210808992385864,0.061135709285736084,0.5803385376930237,0,3,0.7108142375946045
non_hate_video_477,0,0.41218194365501404,-0.3549525737762451,train,True,asr,0,E:\m-hvc\datasets\old-dataset\frames_unique\non_hate_video_477,0.19249559938907623,0.0056914761662483215,0.7644479274749756,0.03736502304673195,1,2,0.587818056344986
non_hate_video_478,0,0.06939341872930527,-2.5960445404052734,train,True,asr,0,E:\m-hvc\datasets\old-dataset\frames_unique\non_hate_video_478,0.783227801322937,0.13797032833099365,0.046946968883275986,0.03185494616627693,0,0,0.9306065812706947
non_hate_video_479,0,0.2207682728767395,-1.2611948251724243,train,True,asr,0,E:\m-hvc\datasets\old-dataset\frames_unique\non_hate_video_479,0.29838043451309204,0.024305282160639763,0.6629677414894104,0.014346512034535408,0,2,0.7792317271232605
non_hate_video_48,0,0.008512771688401699,-4.757638454437256,train,True,asr,0,E:\m-hvc\datasets\old-dataset\frames_unique\non_hate_video_48,0.9920479655265808,0.0007693401421420276,0.006671317853033543,0.0005112971994094551,0,0,0.9914872283115983
non_hate_video_480,0,0.17825758457183838,-1.5281972885131836,train,True,asr,0,E:\m-hvc\datasets\old-dataset\frames_unique\non_hate_video_480,0.2942860424518585,0.005459165666252375,0.689750611782074,0.010504202917218208,0,2,0.8217424154281616
non_hate_video_481,0,0.04345448687672615,-3.091614246368408,train,True,asr,0,E:\m-hvc\datasets\old-dataset\frames_unique\non_hate_video_481,0.763969361782074,0.010330389253795147,0.21326042711734772,0.012439859099686146,0,0,0.9565455131232738
non_hate_video_482,0,0.5851995348930359,0.34415528178215027,train,False,missing,0,E:\m-hvc\datasets\old-dataset\frames_unique\non_hate_video_482,0.441836416721344,0.01885538175702095,0.5201376080513,0.019170574843883514,1,2,0.5851995348930359
non_hate_video_483,0,0.8107725381851196,1.4550378322601318,test,True,asr,0,E:\m-hvc\datasets\old-dataset\frames_unique\non_hate_video_483,0.6474265456199646,0.00937863253057003,0.3363454341888428,0.006849360186606646,1,0,0.8107725381851196
non_hate_video_484,0,0.01826450228691101,-3.9843626022338867,train,True,asr,0,E:\m-hvc\datasets\old-dataset\frames_unique\non_hate_video_484,0.9872255921363831,0.0006066936766728759,0.01162246335297823,0.0005451961769722402,0,0,0.981735497713089
non_hate_video_485,0,0.7833589315414429,1.2853492498397827,test,True,asr,0,E:\m-hvc\datasets\old-dataset\frames_unique\non_hate_video_485,0.0856684148311615,0.019292859360575676,0.49541619420051575,0.39962252974510193,1,2,0.7833589315414429
non_hate_video_486,0,0.9782496094703674,3.806133508682251,test,True,asr,0,E:\m-hvc\datasets\old-dataset\frames_unique\non_hate_video_486,0.06599437445402145,0.30769455432891846,0.4095076322555542,0.21680346131324768,1,2,0.9782496094703674
non_hate_video_487,0,0.07091215997934341,-2.572761297225952,train,True,asr,0,E:\m-hvc\datasets\old-dataset\frames_unique\non_hate_video_487,0.5981176495552063,0.008745131082832813,0.37019088864326477,0.022946389392018318,0,0,0.9290878400206566
non_hate_video_488,0,0.1375257819890976,-1.835993766784668,test,True,asr,0,E:\m-hvc\datasets\old-dataset\frames_unique\non_hate_video_488,0.9553259015083313,0.0022031296975910664,0.04108024761080742,0.00139070104341954,0,0,0.8624742180109024
non_hate_video_489,0,0.9714969396591187,3.528825044631958,val,False,missing,0,E:\m-hvc\datasets\old-dataset\frames_unique\non_hate_video_489,0.09929365664720535,0.020212097093462944,0.8452620506286621,0.035232193768024445,1,2,0.9714969396591187
non_hate_video_49,0,0.024794897064566612,-3.6720099449157715,val,True,asr,0,E:\m-hvc\datasets\old-dataset\frames_unique\non_hate_video_49,0.9593254923820496,0.0016813011607155204,0.03745630756020546,0.0015369238099083304,0,0,0.9752051029354334
non_hate_video_490,0,0.323954701423645,-0.7356564402580261,train,True,asr,0,E:\m-hvc\datasets\old-dataset\frames_unique\non_hate_video_490,0.21393372118473053,0.689470648765564,0.04525046795606613,0.051345136016607285,1,1,0.676045298576355
non_hate_video_491,0,0.06842921674251556,-2.611072301864624,train,True,asr,0,E:\m-hvc\datasets\old-dataset\frames_unique\non_hate_video_491,0.5528073310852051,0.00939146988093853,0.4294598400592804,0.008341347798705101,0,0,0.9315707832574844
non_hate_video_492,0,0.916158139705658,2.3912572860717773,val,True,asr,0,E:\m-hvc\datasets\old-dataset\frames_unique\non_hate_video_492,0.021184217184782028,0.003869406646117568,0.9700048565864563,0.004941496066749096,1,2,0.916158139705658
non_hate_video_493,0,0.08688011020421982,-2.3523380756378174,train,True,asr,0,E:\m-hvc\datasets\old-dataset\frames_unique\non_hate_video_493,0.9552401900291443,0.0010821630712598562,0.042661890387535095,0.001015705638565123,0,0,0.9131198897957802
non_hate_video_494,0,0.2080443799495697,-1.3367539644241333,train,True,asr,0,E:\m-hvc\datasets\old-dataset\frames_unique\non_hate_video_494,0.28827670216560364,0.005092622712254524,0.6984976530075073,0.008132964372634888,0,2,0.7919556200504303
non_hate_video_495,0,0.9273530840873718,2.5467240810394287,val,True,asr,0,E:\m-hvc\datasets\old-dataset\frames_unique\non_hate_video_495,0.4402444064617157,0.010007738135755062,0.5391178131103516,0.010630004107952118,1,2,0.9273530840873718
non_hate_video_496,0,0.028656546026468277,-3.5232982635498047,val,False,missing,0,E:\m-hvc\datasets\old-dataset\frames_unique\non_hate_video_496,0.9211746454238892,0.01055959239602089,0.05718161165714264,0.011084106750786304,0,0,0.9713434539735317
non_hate_video_497,0,0.01263594999909401,-4.358492851257324,train,True,asr,0,E:\m-hvc\datasets\old-dataset\frames_unique\non_hate_video_497,0.9840754866600037,0.0012545334175229073,0.013646458275616169,0.0010234946385025978,0,0,0.987364050000906
non_hate_video_498,0,0.023453956469893456,-3.72898268699646,train,False,missing,0,E:\m-hvc\datasets\old-dataset\frames_unique\non_hate_video_498,0.932956874370575,0.009673407301306725,0.0466264933347702,0.010743224993348122,0,0,0.9765460435301065
non_hate_video_499,0,0.026653150096535683,-3.5978331565856934,val,False,missing,0,E:\m-hvc\datasets\old-dataset\frames_unique\non_hate_video_499,0.9211950898170471,0.01364111341536045,0.05138701945543289,0.013776754960417747,0,0,0.9733468499034643
non_hate_video_5,0,0.7422357797622681,1.057621955871582,train,True,asr,0,E:\m-hvc\datasets\old-dataset\frames_unique\non_hate_video_5,0.08197435736656189,0.7537695169448853,0.11735474318265915,0.04690142348408699,1,1,0.7422357797622681
non_hate_video_50,0,0.00973798893392086,-4.62193489074707,train,True,asr,0,E:\m-hvc\datasets\old-dataset\frames_unique\non_hate_video_50,0.9886451959609985,0.0008477182127535343,0.009746812283992767,0.0007602625992149115,0,0,0.9902620110660791
non_hate_video_500,0,0.17257313430309296,-1.5674996376037598,train,True,asr,0,E:\m-hvc\datasets\old-dataset\frames_unique\non_hate_video_500,0.4361293911933899,0.46161946654319763,0.05751677602529526,0.04473439231514931,0,1,0.827426865696907
non_hate_video_501,0,0.4588561952114105,-0.16494819521903992,train,True,asr,0,E:\m-hvc\datasets\old-dataset\frames_unique\non_hate_video_501,0.6798883676528931,0.03360319137573242,0.246548593044281,0.039959922432899475,1,0,0.5411438047885895
non_hate_video_502,0,0.2482186257839203,-1.10813570022583,val,True,asr,0,E:\m-hvc\datasets\old-dataset\frames_unique\non_hate_video_502,0.21768222749233246,0.0036145569756627083,0.7717373967170715,0.006965768989175558,0,2,0.7517813742160797
non_hate_video_503,0,0.6441549062728882,0.5934439301490784,train,True,asr,0,E:\m-hvc\datasets\old-dataset\frames_unique\non_hate_video_503,0.07716910541057587,0.018672695383429527,0.115846648812294,0.7883114814758301,1,3,0.6441549062728882
non_hate_video_504,0,0.009680378250777721,-4.627926826477051,train,True,asr,0,E:\m-hvc\datasets\old-dataset\frames_unique\non_hate_video_504,0.9883260130882263,0.0009042503661476076,0.009916776791214943,0.0008528872858732939,0,0,0.9903196217492223
non_hate_video_505,0,0.9619439244270325,3.2298953533172607,val,False,missing,0,E:\m-hvc\datasets\old-dataset\frames_unique\non_hate_video_505,0.0916702076792717,0.03992651030421257,0.8052914142608643,0.06311187893152237,1,2,0.9619439244270325
non_hate_video_506,0,0.014535619877278805,-4.216510772705078,test,True,asr,0,E:\m-hvc\datasets\old-dataset\frames_unique\non_hate_video_506,0.9864025712013245,0.0008727876120246947,0.011865480802953243,0.0008592219674028456,0,0,0.9854643801227212
non_hate_video_507,0,0.32375070452690125,-0.7365878820419312,train,True,asr,0,E:\m-hvc\datasets\old-dataset\frames_unique\non_hate_video_507,0.1838855892419815,0.03060443326830864,0.10594215989112854,0.6795678734779358,1,3,0.6762492954730988
non_hate_video_508,0,0.042802996933460236,-3.107401132583618,test,False,missing,0,E:\m-hvc\datasets\old-dataset\frames_unique\non_hate_video_508,0.8685864210128784,0.02446065843105316,0.08224409073591232,0.02470882423222065,0,0,0.9571970030665398
non_hate_video_509,0,0.11955517530441284,-1.9966492652893066,test,True,asr,0,E:\m-hvc\datasets\old-dataset\frames_unique\non_hate_video_509,0.4705957770347595,0.020809568464756012,0.490267813205719,0.018326830118894577,0,2,0.8804448246955872
non_hate_video_51,0,0.011272896081209183,-4.474017143249512,train,True,asr,0,E:\m-hvc\datasets\old-dataset\frames_unique\non_hate_video_51,0.9887474775314331,0.0009682441595941782,0.009652501903474331,0.0006317364750429988,0,0,0.9887271039187908
non_hate_video_510,0,0.02062787115573883,-3.8602685928344727,train,False,missing,0,E:\m-hvc\datasets\old-dataset\frames_unique\non_hate_video_510,0.9397873878479004,0.008816402405500412,0.04219372943043709,0.009202541783452034,0,0,0.9793721288442612
non_hate_video_511,0,0.1267515867948532,-1.9299908876419067,train,True,asr,0,E:\m-hvc\datasets\old-dataset\frames_unique\non_hate_video_511,0.35566797852516174,0.004632691387087107,0.6338658332824707,0.0058335172943770885,0,2,0.8732484132051468
non_hate_video_512,0,0.019883695989847183,-3.897771120071411,train,False,missing,0,E:\m-hvc\datasets\old-dataset\frames_unique\non_hate_video_512,0.9430068731307983,0.007491130381822586,0.041451890021562576,0.008050210773944855,0,0,0.9801163040101528
non_hate_video_513,0,0.009015199728310108,-4.699787139892578,train,True,asr,0,E:\m-hvc\datasets\old-dataset\frames_unique\non_hate_video_513,0.9894263744354248,0.0010846516815945506,0.008573879487812519,0.0009150007972493768,0,0,0.9909848002716899
non_hate_video_514,0,0.20889170467853546,-1.3316189050674438,test,True,asr,0,E:\m-hvc\datasets\old-dataset\frames_unique\non_hate_video_514,0.6826608180999756,0.004245728254318237,0.3085692524909973,0.004524108022451401,0,0,0.7911082953214645
non_hate_video_515,0,0.008185192011296749,-4.797209739685059,train,True,asr,0,E:\m-hvc\datasets\old-dataset\frames_unique\non_hate_video_515,0.990844190120697,0.0007863195496611297,0.007704032119363546,0.0006654810858890414,0,0,0.9918148079887033
non_hate_video_516,0,0.04325259104371071,-3.096482276916504,train,False,missing,0,E:\m-hvc\datasets\old-dataset\frames_unique\non_hate_video_516,0.8909022212028503,0.01527103129774332,0.07839180529117584,0.015434915199875832,0,0,0.9567474089562893
non_hate_video_517,0,0.19400015473365784,-1.4242244958877563,val,True,asr,0,E:\m-hvc\datasets\old-dataset\frames_unique\non_hate_video_517,0.42064088582992554,0.4270501732826233,0.08979731053113937,0.06251159310340881,0,1,0.8059998452663422
non_hate_video_518,0,0.9824584126472473,4.025480270385742,val,True,asr,0,E:\m-hvc\datasets\old-dataset\frames_unique\non_hate_video_518,0.022936437278985977,0.009512386284768581,0.9179031848907471,0.04964802414178848,1,2,0.9824584126472473
non_hate_video_519,0,0.9832326769828796,4.071417808532715,test,True,asr,0,E:\m-hvc\datasets\old-dataset\frames_unique\non_hate_video_519,0.031448472291231155,0.01314917765557766,0.48268380761146545,0.4727185070514679,1,2,0.9832326769828796
non_hate_video_52,0,0.4369313418865204,-0.2536256015300751,train,True,asr,0,E:\m-hvc\datasets\old-dataset\frames_unique\non_hate_video_52,0.16535745561122894,0.41432061791419983,0.08291982114315033,0.3374021053314209,1,1,0.5630686581134796
non_hate_video_520,0,0.023173954337835312,-3.7412796020507812,train,True,asr,0,E:\m-hvc\datasets\old-dataset\frames_unique\non_hate_video_520,0.9871698617935181,0.0004858282918576151,0.011967834085226059,0.000376586162019521,0,0,0.9768260456621647
non_hate_video_521,0,0.008815037086606026,-4.722442150115967,train,True,asr,0,E:\m-hvc\datasets\old-dataset\frames_unique\non_hate_video_521,0.9916496276855469,0.0007686327444389462,0.006953929550945759,0.0006278484943322837,0,0,0.991184962913394
non_hate_video_522,0,0.009485667571425438,-4.648442268371582,train,True,asr,0,E:\m-hvc\datasets\old-dataset\frames_unique\non_hate_video_522,0.9886198043823242,0.0006776515510864556,0.010174103081226349,0.0005284712533466518,0,0,0.9905143324285746
non_hate_video_523,0,0.8242335319519043,1.5452978610992432,train,False,missing,0,E:\m-hvc\datasets\old-dataset\frames_unique\non_hate_video_523,0.17958028614521027,0.14250628650188446,0.5210704207420349,0.15684299170970917,1,2,0.8242335319519043
non_hate_video_524,0,0.00865779910236597,-4.740599155426025,train,True,asr,0,E:\m-hvc\datasets\old-dataset\frames_unique\non_hate_video_524,0.988114595413208,0.0012820811243727803,0.009696165099740028,0.0009070489322766662,0,0,0.991342200897634
non_hate_video_525,0,0.011003514751791954,-4.498476028442383,val,True,asr,0,E:\m-hvc\datasets\old-dataset\frames_unique\non_hate_video_525,0.9873621463775635,0.0007339678122662008,0.011268761940300465,0.0006351849297061563,0,0,0.988996485248208
non_hate_video_526,0,0.009599409997463226,-4.636407852172852,train,True,asr,0,E:\m-hvc\datasets\old-dataset\frames_unique\non_hate_video_526,0.9884418845176697,0.0007660698029212654,0.010235022753477097,0.0005569896311499178,0,0,0.9904005900025368
non_hate_video_527,0,0.1031716912984848,-2.1624698638916016,train,True,asr,0,E:\m-hvc\datasets\old-dataset\frames_unique\non_hate_video_527,0.43821921944618225,0.010923434980213642,0.5302926301956177,0.020564716309309006,0,2,0.8968283087015152
non_hate_video_528,0,0.770331621170044,1.2101845741271973,test,True,asr,0,E:\m-hvc\datasets\old-dataset\frames_unique\non_hate_video_528,0.13570547103881836,0.017599672079086304,0.8292648196220398,0.017430070787668228,1,2,0.770331621170044
non_hate_video_529,0,0.10648294538259506,-2.127180576324463,val,True,asr,0,E:\m-hvc\datasets\old-dataset\frames_unique\non_hate_video_529,0.44030752778053284,0.004939261823892593,0.5456628203392029,0.009090344421565533,0,2,0.8935170546174049
non_hate_video_53,0,0.011415082961320877,-4.461338996887207,train,True,asr,0,E:\m-hvc\datasets\old-dataset\frames_unique\non_hate_video_53,0.9895073771476746,0.0008852211176417768,0.008800600655376911,0.0008067389717325568,0,0,0.9885849170386791
non_hate_video_530,0,0.16064269840717316,-1.6534538269042969,train,True,asr,0,E:\m-hvc\datasets\old-dataset\frames_unique\non_hate_video_530,0.3653596043586731,0.005064139608293772,0.6220511794090271,0.007525039836764336,0,2,0.8393573015928268
non_hate_video_531,0,0.019233427941799164,-3.931684732437134,val,True,asr,0,E:\m-hvc\datasets\old-dataset\frames_unique\non_hate_video_531,0.9461227059364319,0.004347107373178005,0.04682487994432449,0.002705346094444394,0,0,0.9807665720582008
non_hate_video_532,0,0.010456102900207043,-4.550058364868164,test,True,asr,0,E:\m-hvc\datasets\old-dataset\frames_unique\non_hate_video_532,0.9898346066474915,0.0010806930949911475,0.008436745963990688,0.0006479206494987011,0,0,0.989543897099793
non_hate_video_533,0,0.014373206533491611,-4.227911949157715,train,True,asr,0,E:\m-hvc\datasets\old-dataset\frames_unique\non_hate_video_533,0.9901052117347717,0.00036382910911925137,0.009255311451852322,0.00027563286130316556,0,0,0.9856267934665084
non_hate_video_534,0,0.06592018157243729,-2.6511173248291016,val,True,asr,0,E:\m-hvc\datasets\old-dataset\frames_unique\non_hate_video_534,0.7037593126296997,0.010287843644618988,0.27925053238868713,0.006702323444187641,0,0,0.9340798184275627
non_hate_video_535,0,0.01236531138420105,-4.380417823791504,train,True,asr,0,E:\m-hvc\datasets\old-dataset\frames_unique\non_hate_video_535,0.9741681814193726,0.0019547813571989536,0.02263629622757435,0.0012408039765432477,0,0,0.987634688615799
non_hate_video_536,0,0.012055732309818268,-4.406085968017578,train,True,asr,0,E:\m-hvc\datasets\old-dataset\frames_unique\non_hate_video_536,0.9905025959014893,0.00038378016324713826,0.008820712566375732,0.0002928887552116066,0,0,0.9879442676901817
non_hate_video_537,0,0.014407048933207989,-4.225525856018066,train,True,asr,0,E:\m-hvc\datasets\old-dataset\frames_unique\non_hate_video_537,0.9861295819282532,0.0005095325177535415,0.01292137149721384,0.0004394604475237429,0,0,0.985592951066792
non_hate_video_538,0,0.0085759237408638,-4.750183582305908,train,True,asr,0,E:\m-hvc\datasets\old-dataset\frames_unique\non_hate_video_538,0.9906354546546936,0.0008046097354963422,0.00787356961518526,0.0006863638991490006,0,0,0.9914240762591362
non_hate_video_539,0,0.0350002720952034,-3.316771984100342,test,False,missing,0,E:\m-hvc\datasets\old-dataset\frames_unique\non_hate_video_539,0.9237997531890869,0.006622652988880873,0.062437109649181366,0.007140555884689093,0,0,0.9649997279047966
non_hate_video_54,0,0.09127958863973618,-2.298110246658325,train,False,missing,0,E:\m-hvc\datasets\old-dataset\frames_unique\non_hate_video_54,0.8301476240158081,0.01795176975429058,0.1349402815103531,0.01696031354367733,0,0,0.9087204113602638
non_hate_video_540,0,0.035368602722883224,-3.3059215545654297,train,True,asr,0,E:\m-hvc\datasets\old-dataset\frames_unique\non_hate_video_540,0.8863686323165894,0.0036356898490339518,0.10617552697658539,0.003820164827629924,0,0,0.9646313972771168
non_hate_video_541,0,0.01579868793487549,-4.131903648376465,train,True,asr,0,E:\m-hvc\datasets\old-dataset\frames_unique\non_hate_video_541,0.9523611068725586,0.002765966346487403,0.0430646575987339,0.0018082557944580913,0,0,0.9842013120651245
non_hate_video_542,0,0.9637292623519897,3.279798984527588,test,True,asr,0,E:\m-hvc\datasets\old-dataset\frames_unique\non_hate_video_542,0.022898484021425247,0.004256489221006632,0.9517531991004944,0.021091751754283905,1,2,0.9637292623519897
non_hate_video_543,0,0.024992745369672775,-3.6638593673706055,val,True,asr,0,E:\m-hvc\datasets\old-dataset\frames_unique\non_hate_video_543,0.9842014908790588,0.0007937331683933735,0.014222422614693642,0.0007824781932868063,0,0,0.9750072546303272
non_hate_video_544,0,0.08538620173931122,-2.3713173866271973,train,True,asr,0,E:\m-hvc\datasets\old-dataset\frames_unique\non_hate_video_544,0.9576414823532104,0.005203190725296736,0.03540286049246788,0.0017524824943393469,0,0,0.9146137982606888
non_hate_video_545,0,0.09104395657777786,-2.3009543418884277,train,True,asr,0,E:\m-hvc\datasets\old-dataset\frames_unique\non_hate_video_545,0.5086683034896851,0.005143164191395044,0.4729478359222412,0.013240667060017586,0,0,0.9089560434222221
non_hate_video_546,0,0.0611828975379467,-2.730752944946289,test,True,asr,0,E:\m-hvc\datasets\old-dataset\frames_unique\non_hate_video_546,0.7398560047149658,0.017146028578281403,0.23460127413272858,0.008396620862185955,0,0,0.9388171024620533
non_hate_video_547,0,0.1441662311553955,-1.781109094619751,train,True,asr,0,E:\m-hvc\datasets\old-dataset\frames_unique\non_hate_video_547,0.4962559938430786,0.39742955565452576,0.06307046860456467,0.04324394464492798,0,0,0.8558337688446045
non_hate_video_548,0,0.007934938184916973,-4.828513145446777,test,True,asr,0,E:\m-hvc\datasets\old-dataset\frames_unique\non_hate_video_548,0.9910563230514526,0.0007169516175054014,0.007657362148165703,0.0005694341380149126,0,0,0.992065061815083
non_hate_video_549,0,0.02194308675825596,-3.7971158027648926,test,False,missing,0,E:\m-hvc\datasets\old-dataset\frames_unique\non_hate_video_549,0.9401981830596924,0.008419322781264782,0.04234831780195236,0.00903422012925148,0,0,0.978056913241744
non_hate_video_55,0,0.9689907431602478,3.441969394683838,test,True,asr,0,E:\m-hvc\datasets\old-dataset\frames_unique\non_hate_video_55,0.015252997167408466,0.011175359599292278,0.07085796445608139,0.9027135968208313,1,3,0.9689907431602478
non_hate_video_550,0,0.046752072870731354,-3.0150163173675537,train,True,asr,0,E:\m-hvc\datasets\old-dataset\frames_unique\non_hate_video_550,0.8368813395500183,0.015002531930804253,0.13858363032341003,0.00953255221247673,0,0,0.9532479271292686
non_hate_video_551,0,0.7368921637535095,1.029877781867981,train,True,asr,0,E:\m-hvc\datasets\old-dataset\frames_unique\non_hate_video_551,0.500024676322937,0.21274515986442566,0.2523447871208191,0.03488541394472122,1,0,0.7368921637535095
non_hate_video_552,0,0.008122898638248444,-4.804912090301514,val,True,asr,0,E:\m-hvc\datasets\old-dataset\frames_unique\non_hate_video_552,0.9920861124992371,0.00070788903394714,0.006656537298113108,0.0005493691423907876,0,0,0.9918771013617516
non_hate_video_553,0,0.08988558501005173,-2.315032720565796,val,True,asr,0,E:\m-hvc\datasets\old-dataset\frames_unique\non_hate_video_553,0.49013036489486694,0.005457870662212372,0.49175843596458435,0.012653379701077938,0,2,0.9101144149899483
non_hate_video_554,0,0.6430661678314209,0.5886971354484558,test,True,asr,0,E:\m-hvc\datasets\old-dataset\frames_unique\non_hate_video_554,0.08402378857135773,0.8276841044425964,0.04428704082965851,0.044005028903484344,1,1,0.6430661678314209
non_hate_video_555,0,0.953217089176178,3.014324426651001,train,True,asr,0,E:\m-hvc\datasets\old-dataset\frames_unique\non_hate_video_555,0.0272930059581995,0.005185854621231556,0.9297513365745544,0.03776978328824043,1,2,0.953217089176178
non_hate_video_556,0,0.30476656556129456,-0.8247016072273254,train,True,asr,0,E:\m-hvc\datasets\old-dataset\frames_unique\non_hate_video_556,0.2002698928117752,0.04990416020154953,0.07752692699432373,0.6722989678382874,0,3,0.6952334344387054
non_hate_video_557,0,0.06058763340115547,-2.741163730621338,test,True,asr,0,E:\m-hvc\datasets\old-dataset\frames_unique\non_hate_video_557,0.6376898884773254,0.00817960500717163,0.33917689323425293,0.01495361328125,0,0,0.9394123665988445
non_hate_video_558,0,0.7663568258285522,1.187853217124939,train,True,asr,0,E:\m-hvc\datasets\old-dataset\frames_unique\non_hate_video_558,0.046236552298069,0.0027755836490541697,0.9481860995292664,0.002801763592287898,1,2,0.7663568258285522
non_hate_video_559,0,0.021731190383434296,-3.8070359230041504,test,False,missing,0,E:\m-hvc\datasets\old-dataset\frames_unique\non_hate_video_559,0.9360578656196594,0.008042644709348679,0.04672672972083092,0.009172732941806316,0,0,0.9782688096165657
non_hate_video_56,0,0.24053722620010376,-1.1497364044189453,val,True,asr,0,E:\m-hvc\datasets\old-dataset\frames_unique\non_hate_video_56,0.27402061223983765,0.6197380423545837,0.049261920154094696,0.05697942525148392,0,1,0.7594627737998962
non_hate_video_560,0,0.02130064181983471,-3.8274872303009033,train,True,asr,0,E:\m-hvc\datasets\old-dataset\frames_unique\non_hate_video_560,0.9534399509429932,0.0013454713625833392,0.04399032145738602,0.001224296516738832,0,0,0.9786993581801653
non_hate_video_561,0,0.12436113506555557,-1.9517639875411987,train,True,asr,0,E:\m-hvc\datasets\old-dataset\frames_unique\non_hate_video_561,0.3745329678058624,0.006531401537358761,0.6071150898933411,0.011820587329566479,0,2,0.8756388649344444
non_hate_video_562,0,0.07279761135578156,-2.5444886684417725,train,True,asr,0,E:\m-hvc\datasets\old-dataset\frames_unique\non_hate_video_562,0.6024540662765503,0.008977069519460201,0.37945225834846497,0.009116663597524166,0,0,0.9272023886442184
non_hate_video_563,0,0.123678058385849,-1.9580515623092651,train,True,asr,0,E:\m-hvc\datasets\old-dataset\frames_unique\non_hate_video_563,0.5546230673789978,0.014300243929028511,0.320517897605896,0.11055880784988403,0,0,0.876321941614151
non_hate_video_564,0,0.0876140296459198,-2.3431220054626465,train,True,asr,0,E:\m-hvc\datasets\old-dataset\frames_unique\non_hate_video_564,0.5536352396011353,0.014147220179438591,0.4053141474723816,0.026903413236141205,0,0,0.9123859703540802
non_hate_video_565,0,0.8654838800430298,1.8616045713424683,val,True,asr,0,E:\m-hvc\datasets\old-dataset\frames_unique\non_hate_video_565,0.0647263377904892,0.7957709431648254,0.06627442687749863,0.07322832942008972,1,1,0.8654838800430298
non_hate_video_566,0,0.009126991033554077,-4.687350273132324,train,True,asr,0,E:\m-hvc\datasets\old-dataset\frames_unique\non_hate_video_566,0.990199863910675,0.0007883114158175886,0.008431938476860523,0.0005799172213301063,0,0,0.9908730089664459
non_hate_video_567,0,0.7657021284103394,1.1841996908187866,train,True,asr,0,E:\m-hvc\datasets\old-dataset\frames_unique\non_hate_video_567,0.04192415997385979,0.002819596789777279,0.9477386474609375,0.007517720572650433,1,2,0.7657021284103394
non_hate_video_568,0,0.012441173195838928,-4.374224662780762,test,True,asr,0,E:\m-hvc\datasets\old-dataset\frames_unique\non_hate_video_568,0.9807577133178711,0.003960454370826483,0.013306406326591969,0.001975422026589513,0,0,0.9875588268041611
non_hate_video_569,0,0.3414536118507385,-0.6568230986595154,train,True,asr,0,E:\m-hvc\datasets\old-dataset\frames_unique\non_hate_video_569,0.17460504174232483,0.007341091521084309,0.8117923736572266,0.006261494476348162,1,2,0.6585463881492615
non_hate_video_57,0,0.3022896349430084,-0.8364184498786926,train,True,asr,0,E:\m-hvc\datasets\old-dataset\frames_unique\non_hate_video_57,0.3481625020503998,0.011658953502774239,0.6286298632621765,0.011548689566552639,0,2,0.6977103650569916
non_hate_video_570,0,0.37534868717193604,-0.5093380212783813,train,True,asr,0,E:\m-hvc\datasets\old-dataset\frames_unique\non_hate_video_570,0.14307056367397308,0.007437694352120161,0.8305819034576416,0.018909860402345657,1,2,0.624651312828064
non_hate_video_571,0,0.010364903137087822,-4.558910846710205,train,True,asr,0,E:\m-hvc\datasets\old-dataset\frames_unique\non_hate_video_571,0.9909793138504028,0.0007832726114429533,0.007588292937725782,0.0006490771775133908,0,0,0.9896350968629122
non_hate_video_572,0,0.021250693127512932,-3.829885959625244,train,True,asr,0,E:\m-hvc\datasets\old-dataset\frames_unique\non_hate_video_572,0.9834855794906616,0.0011213000398129225,0.014796223491430283,0.0005968635086901486,0,0,0.9787493068724871
non_hate_video_573,0,0.112618587911129,-2.064268112182617,train,True,asr,0,E:\m-hvc\datasets\old-dataset\frames_unique\non_hate_video_573,0.42722591757774353,0.005629066377878189,0.5604239702224731,0.006721092853695154,0,2,0.887381412088871
non_hate_video_574,0,0.8567354679107666,1.7884361743927002,train,True,asr,0,E:\m-hvc\datasets\old-dataset\frames_unique\non_hate_video_574,0.05629110336303711,0.007579677272588015,0.852401077747345,0.08372812718153,1,2,0.8567354679107666
non_hate_video_575,0,0.32193371653556824,-0.7448993921279907,train,True,asr,0,E:\m-hvc\datasets\old-dataset\frames_unique\non_hate_video_575,0.2713548243045807,0.6219387650489807,0.05813542753458023,0.04857100173830986,1,1,0.6780662834644318
non_hate_video_576,0,0.06997928768396378,-2.587007522583008,train,True,asr,0,E:\m-hvc\datasets\old-dataset\frames_unique\non_hate_video_576,0.8191630244255066,0.004661451559513807,0.17341578006744385,0.0027596610598266125,0,0,0.9300207123160362
non_hate_video_577,0,0.11590834707021713,-2.0317609310150146,val,True,asr,0,E:\m-hvc\datasets\old-dataset\frames_unique\non_hate_video_577,0.41576600074768066,0.004929938819259405,0.5727136135101318,0.006590491626411676,0,2,0.8840916529297829
non_hate_video_578,0,0.02811979129910469,-3.5427589416503906,val,True,asr,0,E:\m-hvc\datasets\old-dataset\frames_unique\non_hate_video_578,0.9845107793807983,0.0008392673335038126,0.014026333577930927,0.000623569474555552,0,0,0.9718802087008953
non_hate_video_579,0,0.4375154376029968,-0.2512516379356384,train,True,asr,0,E:\m-hvc\datasets\old-dataset\frames_unique\non_hate_video_579,0.14181840419769287,0.7568202018737793,0.046901918947696686,0.05445953086018562,1,1,0.5624845623970032
non_hate_video_58,0,0.4605034291744232,-0.1583159863948822,train,True,asr,0,E:\m-hvc\datasets\old-dataset\frames_unique\non_hate_video_58,0.09370105713605881,0.03768115118145943,0.04697786644101143,0.8216399550437927,1,3,0.5394965708255768
non_hate_video_580,0,0.010800664313137531,-4.5172882080078125,train,True,asr,0,E:\m-hvc\datasets\old-dataset\frames_unique\non_hate_video_580,0.9915720224380493,0.0006574783474206924,0.007347228936851025,0.0004232930368743837,0,0,0.9891993356868625
non_hate_video_581,0,0.07356330752372742,-2.5331993103027344,test,True,asr,0,E:\m-hvc\datasets\old-dataset\frames_unique\non_hate_video_581,0.5660828948020935,0.006215031258761883,0.4208981394767761,0.006803944706916809,0,0,0.9264366924762726
non_hate_video_582,0,0.01785862073302269,-4.007248878479004,train,True,asr,0,E:\m-hvc\datasets\old-dataset\frames_unique\non_hate_video_582,0.9807203412055969,0.0009911505039781332,0.017692379653453827,0.0005961140268482268,0,0,0.9821413792669773
non_hate_video_583,0,0.008973432704806328,-4.70447301864624,train,True,asr,0,E:\m-hvc\datasets\old-dataset\frames_unique\non_hate_video_583,0.9894676804542542,0.0009085924248211086,0.008953813463449478,0.0006698127835988998,0,0,0.9910265672951937
non_hate_video_584,0,0.8657469153404236,1.863865852355957,val,True,asr,0,E:\m-hvc\datasets\old-dataset\frames_unique\non_hate_video_584,0.03492822125554085,0.004996164236217737,0.9480195641517639,0.012056147679686546,1,2,0.8657469153404236
non_hate_video_585,0,0.03211262449622154,-3.4058663845062256,train,False,missing,0,E:\m-hvc\datasets\old-dataset\frames_unique\non_hate_video_585,0.9206092357635498,0.0077826520428061485,0.06344106048345566,0.008167104795575142,0,0,0.9678873755037785
non_hate_video_586,0,0.11826209723949432,-2.0089914798736572,train,True,asr,0,E:\m-hvc\datasets\old-dataset\frames_unique\non_hate_video_586,0.38475385308265686,0.007589220535010099,0.5970392227172852,0.010617709718644619,0,2,0.8817379027605057
non_hate_video_587,0,0.030993768945336342,-3.4424848556518555,train,False,missing,0,E:\m-hvc\datasets\old-dataset\frames_unique\non_hate_video_587,0.9325703382492065,0.005376975517719984,0.05644267797470093,0.005610024556517601,0,0,0.9690062310546637
non_hate_video_588,0,0.017342429608106613,-4.037104606628418,train,True,asr,0,E:\m-hvc\datasets\old-dataset\frames_unique\non_hate_video_588,0.9850026965141296,0.001238739350810647,0.01303903292864561,0.0007195067591965199,0,0,0.9826575703918934
non_hate_video_589,0,0.12008179724216461,-1.9916558265686035,train,True,asr,0,E:\m-hvc\datasets\old-dataset\frames_unique\non_hate_video_589,0.9696208834648132,0.0005965979653410614,0.02932228334248066,0.0004601869732141495,0,0,0.8799182027578354
non_hate_video_59,0,0.14857646822929382,-1.74580979347229,train,True,asr,0,E:\m-hvc\datasets\old-dataset\frames_unique\non_hate_video_59,0.5239397287368774,0.2682875990867615,0.16188696026802063,0.04588577523827553,0,0,0.8514235317707062
non_hate_video_590,0,0.02289733849465847,-3.753571033477783,train,False,missing,0,E:\m-hvc\datasets\old-dataset\frames_unique\non_hate_video_590,0.9431758522987366,0.006288552191108465,0.04390804469585419,0.006627516355365515,0,0,0.9771026615053415
non_hate_video_591,0,0.047464195638895035,-2.9991519451141357,test,True,asr,0,E:\m-hvc\datasets\old-dataset\frames_unique\non_hate_video_591,0.9722556471824646,0.0022920791525393724,0.02443240024149418,0.0010199485113844275,0,0,0.952535804361105
non_hate_video_592,0,0.3322472870349884,-0.6980383992195129,train,True,asr,0,E:\m-hvc\datasets\old-dataset\frames_unique\non_hate_video_592,0.22637403011322021,0.0060677118599414825,0.7414035201072693,0.02615472301840782,1,2,0.6677527129650116
non_hate_video_593,0,0.7927024364471436,1.3412928581237793,train,False,missing,0,E:\m-hvc\datasets\old-dataset\frames_unique\non_hate_video_593,0.33053475618362427,0.024941228330135345,0.6131576299667358,0.03136633336544037,1,2,0.7927024364471436
non_hate_video_594,0,0.009002964943647385,-4.701157569885254,test,True,asr,0,E:\m-hvc\datasets\old-dataset\frames_unique\non_hate_video_594,0.9887580871582031,0.0012062614550814033,0.009187716990709305,0.0008479687385261059,0,0,0.9909970350563526
non_hate_video_595,0,0.15185317397117615,-1.720139741897583,train,False,missing,0,E:\m-hvc\datasets\old-dataset\frames_unique\non_hate_video_595,0.8244587182998657,0.010365583933889866,0.15474624931812286,0.010429487563669682,0,0,0.8481468260288239
non_hate_video_596,0,0.13551488518714905,-1.8530524969100952,val,True,asr,0,E:\m-hvc\datasets\old-dataset\frames_unique\non_hate_video_596,0.48672306537628174,0.39853760600090027,0.05929957330226898,0.05543969199061394,0,0,0.864485114812851
non_hate_video_597,0,0.5633381009101868,0.2547207176685333,train,True,asr,0,E:\m-hvc\datasets\old-dataset\frames_unique\non_hate_video_597,0.08569435775279999,0.003532757982611656,0.899931013584137,0.010841857641935349,1,2,0.5633381009101868
non_hate_video_598,0,0.33901169896125793,-0.6677015423774719,train,False,missing,0,E:\m-hvc\datasets\old-dataset\frames_unique\non_hate_video_598,0.5865309834480286,0.014911171980202198,0.38503721356391907,0.013520599342882633,1,0,0.6609883010387421
non_hate_video_599,0,0.17202509939670563,-1.5713424682617188,test,True,asr,0,E:\m-hvc\datasets\old-dataset\frames_unique\non_hate_video_599,0.2665625214576721,0.005389034748077393,0.7213654518127441,0.006683008279651403,0,2,0.8279749006032944
non_hate_video_6,0,0.07780376076698303,-2.4725682735443115,test,False,missing,0,E:\m-hvc\datasets\old-dataset\frames_unique\non_hate_video_6,0.8745057582855225,0.009487854316830635,0.10557665675878525,0.010429834946990013,0,0,0.922196239233017
non_hate_video_60,0,0.18822209537029266,-1.461604118347168,val,True,asr,0,E:\m-hvc\datasets\old-dataset\frames_unique\non_hate_video_60,0.4246187210083008,0.046457208693027496,0.10544318705797195,0.42348092794418335,0,0,0.8117779046297073
non_hate_video_600,0,0.08333735167980194,-2.3978426456451416,train,True,asr,0,E:\m-hvc\datasets\old-dataset\frames_unique\non_hate_video_600,0.5401141047477722,0.008449056185781956,0.44221752882003784,0.009219348430633545,0,0,0.9166626483201981
non_hate_video_601,0,0.009240993298590183,-4.674821853637695,train,True,asr,0,E:\m-hvc\datasets\old-dataset\frames_unique\non_hate_video_601,0.9906316995620728,0.0009127270895987749,0.007719102315604687,0.000736432964913547,0,0,0.9907590067014098
non_hate_video_602,0,0.45772066712379456,-0.16952210664749146,val,True,asr,0,E:\m-hvc\datasets\old-dataset\frames_unique\non_hate_video_602,0.11860742419958115,0.004880278371274471,0.8648640513420105,0.011648311279714108,1,2,0.5422793328762054
non_hate_video_603,0,0.24597837030887604,-1.1201773881912231,val,True,asr,0,E:\m-hvc\datasets\old-dataset\frames_unique\non_hate_video_603,0.4943656325340271,0.007048654370009899,0.49550551176071167,0.0030802127439528704,0,2,0.754021629691124
non_hate_video_604,0,0.13303682208061218,-1.8743705749511719,train,True,asr,0,E:\m-hvc\datasets\old-dataset\frames_unique\non_hate_video_604,0.9382571578025818,0.0022009755484759808,0.05597749352455139,0.0035643887240439653,0,0,0.8669631779193878
non_hate_video_605,0,0.9693002104759216,3.452319622039795,train,True,asr,0,E:\m-hvc\datasets\old-dataset\frames_unique\non_hate_video_605,0.019637055695056915,0.016220636665821075,0.053214091807603836,0.9109281301498413,1,3,0.9693002104759216
non_hate_video_606,0,0.45689716935157776,-0.17284047603607178,train,True,asr,0,E:\m-hvc\datasets\old-dataset\frames_unique\non_hate_video_606,0.11158782243728638,0.0043844981119036674,0.8766534328460693,0.007374217268079519,1,2,0.5431028306484222
non_hate_video_607,0,0.017478175461292267,-4.02916955947876,train,True,asr,0,E:\m-hvc\datasets\old-dataset\frames_unique\non_hate_video_607,0.984601616859436,0.002498263493180275,0.011727544479072094,0.001172583899460733,0,0,0.9825218245387077
non_hate_video_608,0,0.008785401470959187,-4.725839614868164,train,True,asr,0,E:\m-hvc\datasets\old-dataset\frames_unique\non_hate_video_608,0.987572431564331,0.001233017654158175,0.010197917930781841,0.0009965791832655668,0,0,0.9912145985290408
non_hate_video_609,0,0.08767171949148178,-2.342400550842285,train,True,asr,0,E:\m-hvc\datasets\old-dataset\frames_unique\non_hate_video_609,0.8388329744338989,0.006693993229418993,0.15106132626533508,0.0034117898903787136,0,0,0.9123282805085182
non_hate_video_61,0,0.20672859251499176,-1.3447586297988892,train,True,asr,0,E:\m-hvc\datasets\old-dataset\frames_unique\non_hate_video_61,0.3085037171840668,0.5758321285247803,0.0538310706615448,0.061833158135414124,0,1,0.7932714074850082
non_hate_video_610,0,0.007699478883296251,-4.85887336730957,test,True,asr,0,E:\m-hvc\datasets\old-dataset\frames_unique\non_hate_video_610,0.9905665516853333,0.0010533826425671577,0.0076004755683243275,0.0007794842240400612,0,0,0.9923005211167037
non_hate_video_611,0,0.21725139021873474,-1.2817565202713013,train,True,asr,0,E:\m-hvc\datasets\old-dataset\frames_unique\non_hate_video_611,0.23328934609889984,0.0037052908446639776,0.7575420141220093,0.00546340923756361,0,2,0.7827486097812653
non_hate_video_612,0,0.10969811677932739,-2.0938284397125244,train,True,asr,0,E:\m-hvc\datasets\old-dataset\frames_unique\non_hate_video_612,0.4423547685146332,0.006505575031042099,0.540110170841217,0.011029516346752644,0,2,0.8903018832206726
non_hate_video_613,0,0.2633572220802307,-1.0285917520523071,train,True,asr,0,E:\m-hvc\datasets\old-dataset\frames_unique\non_hate_video_613,0.21819040179252625,0.004251162521541119,0.7706142663955688,0.0069441418163478374,0,2,0.7366427779197693
non_hate_video_614,0,0.06152533367276192,-2.724806785583496,train,True,asr,0,E:\m-hvc\datasets\old-dataset\frames_unique\non_hate_video_614,0.9746479988098145,0.0019681351259350777,0.02260172739624977,0.0007820995524525642,0,0,0.9384746663272381
non_hate_video_615,0,0.021521279588341713,-3.8169567584991455,train,True,asr,0,E:\m-hvc\datasets\old-dataset\frames_unique\non_hate_video_615,0.9464200139045715,0.002754771150648594,0.04886365681886673,0.001961580477654934,0,0,0.9784787204116583
non_hate_video_616,0,0.8757787942886353,1.953050136566162,val,False,missing,0,E:\m-hvc\datasets\old-dataset\frames_unique\non_hate_video_616,0.25916585326194763,0.028215376660227776,0.6812522411346436,0.03136647120118141,1,2,0.8757787942886353
non_hate_video_617,0,0.09595030546188354,-2.243053913116455,train,True,asr,0,E:\m-hvc\datasets\old-dataset\frames_unique\non_hate_video_617,0.49285417795181274,0.009703113697469234,0.4885352849960327,0.0089073795825243,0,0,0.9040496945381165
non_hate_video_618,0,0.023383839055895805,-3.732048511505127,train,True,asr,0,E:\m-hvc\datasets\old-dataset\frames_unique\non_hate_video_618,0.9636028409004211,0.0057724653743207455,0.027951708063483238,0.002672955160960555,0,0,0.9766161609441042
non_hate_video_619,0,0.009193750098347664,-4.679995059967041,train,True,asr,0,E:\m-hvc\datasets\old-dataset\frames_unique\non_hate_video_619,0.9894948601722717,0.0011030660243704915,0.008606892079114914,0.0007951580337248743,0,0,0.9908062499016523
non_hate_video_62,0,0.012071600183844566,-4.404754638671875,test,True,asr,0,E:\m-hvc\datasets\old-dataset\frames_unique\non_hate_video_62,0.9883069396018982,0.0007807633955962956,0.010246505960822105,0.0006657530902884901,0,0,0.9879283998161554
non_hate_video_620,0,0.008265665732324123,-4.787344932556152,val,True,asr,0,E:\m-hvc\datasets\old-dataset\frames_unique\non_hate_video_620,0.9909795522689819,0.0009373067878186703,0.007372478023171425,0.0007107150740921497,0,0,0.9917343342676759
non_hate_video_621,0,0.022554567083716393,-3.7690048217773438,train,False,missing,0,E:\m-hvc\datasets\old-dataset\frames_unique\non_hate_video_621,0.935014009475708,0.010125895030796528,0.044182226061820984,0.010677934624254704,0,0,0.9774454329162836
non_hate_video_622,0,0.05424465611577034,-2.8584794998168945,train,False,missing,0,E:\m-hvc\datasets\old-dataset\frames_unique\non_hate_video_622,0.8942734003067017,0.0112769091501832,0.08340120315551758,0.011048411019146442,0,0,0.9457553438842297
non_hate_video_623,0,0.892058253288269,2.1119394302368164,val,True,asr,0,E:\m-hvc\datasets\old-dataset\frames_unique\non_hate_video_623,0.042595602571964264,0.005534426309168339,0.9478103518486023,0.00405961275100708,1,2,0.892058253288269
non_hate_video_624,0,0.9205321669578552,2.449599266052246,train,False,missing,0,E:\m-hvc\datasets\old-dataset\frames_unique\non_hate_video_624,0.154790997505188,0.01629454828798771,0.8071145415306091,0.021799862384796143,1,2,0.9205321669578552
non_hate_video_625,0,0.008532333187758923,-4.75532341003418,train,True,asr,0,E:\m-hvc\datasets\old-dataset\frames_unique\non_hate_video_625,0.9907640218734741,0.000762810290325433,0.0078064450062811375,0.0006666162516921759,0,0,0.9914676668122411
non_hate_video_626,0,0.008800363168120384,-4.724123001098633,train,True,asr,0,E:\m-hvc\datasets\old-dataset\frames_unique\non_hate_video_626,0.9900640845298767,0.0008556200773455203,0.008443418890237808,0.0006369459442794323,0,0,0.9911996368318796
non_hate_video_627,0,0.10250921547412872,-2.169650077819824,train,False,missing,0,E:\m-hvc\datasets\old-dataset\frames_unique\non_hate_video_627,0.8300166130065918,0.0072378008626401424,0.15515314042568207,0.0075923977419734,0,0,0.8974907845258713
non_hate_video_628,0,0.029731489717960358,-3.485366106033325,train,False,missing,0,E:\m-hvc\datasets\old-dataset\frames_unique\non_hate_video_628,0.9198565483093262,0.010890415869653225,0.05846785381436348,0.010785122402012348,0,0,0.9702685102820396
non_hate_video_629,0,0.00976165197789669,-4.619483947753906,train,True,asr,0,E:\m-hvc\datasets\old-dataset\frames_unique\non_hate_video_629,0.9854979515075684,0.0014967272290959954,0.011979551054537296,0.0010257178219035268,0,0,0.9902383480221033
non_hate_video_63,0,0.07854386419057846,-2.4622979164123535,train,False,missing,0,E:\m-hvc\datasets\old-dataset\frames_unique\non_hate_video_63,0.9034023880958557,0.004811668768525124,0.08732222020626068,0.004463675897568464,0,0,0.9214561358094215
non_hate_video_630,0,0.30109941959381104,-0.842068076133728,train,True,asr,0,E:\m-hvc\datasets\old-dataset\frames_unique\non_hate_video_630,0.16535410284996033,0.005987787153571844,0.8230213522911072,0.005636776797473431,0,2,0.698900580406189
non_hate_video_631,0,0.08939201384782791,-2.3210811614990234,train,True,asr,0,E:\m-hvc\datasets\old-dataset\frames_unique\non_hate_video_631,0.47053664922714233,0.010676556266844273,0.5095732808113098,0.009213502518832684,0,2,0.9106079861521721
non_hate_video_632,0,0.9726399183273315,3.5709304809570312,train,True,asr,0,E:\m-hvc\datasets\old-dataset\frames_unique\non_hate_video_632,0.016720008105039597,0.011178123764693737,0.06903759390115738,0.9030643105506897,1,3,0.9726399183273315
non_hate_video_633,0,0.8043214678764343,1.413525938987732,test,True,asr,0,E:\m-hvc\datasets\old-dataset\frames_unique\non_hate_video_633,0.6609201431274414,0.004082102328538895,0.33072522282600403,0.004272516816854477,1,0,0.8043214678764343
non_hate_video_634,0,0.027124008163809776,-3.5798373222351074,train,True,asr,0,E:\m-hvc\datasets\old-dataset\frames_unique\non_hate_video_634,0.9438246488571167,0.009729409590363503,0.039352189749479294,0.007093741092830896,0,0,0.9728759918361902
non_hate_video_635,0,0.9191322922706604,2.4306159019470215,train,True,asr,0,E:\m-hvc\datasets\old-dataset\frames_unique\non_hate_video_635,0.07083484530448914,0.006490405183285475,0.9169486165046692,0.005726134404540062,1,2,0.9191322922706604
non_hate_video_636,0,0.24001313745975494,-1.1526074409484863,train,True,asr,0,E:\m-hvc\datasets\old-dataset\frames_unique\non_hate_video_636,0.218741312623024,0.004842272959649563,0.7693362236022949,0.007080174516886473,0,2,0.7599868625402451
non_hate_video_637,0,0.1037776991724968,-2.155937433242798,train,True,asr,0,E:\m-hvc\datasets\old-dataset\frames_unique\non_hate_video_637,0.442781001329422,0.0061075869016349316,0.5371986031532288,0.013912785798311234,0,2,0.8962223008275032
non_hate_video_638,0,0.0231504887342453,-3.742316722869873,train,False,missing,0,E:\m-hvc\datasets\old-dataset\frames_unique\non_hate_video_638,0.936486005783081,0.009915146976709366,0.04350468888878822,0.010094139724969864,0,0,0.9768495112657547
non_hate_video_639,0,0.2090277075767517,-1.3307961225509644,train,True,asr,0,E:\m-hvc\datasets\old-dataset\frames_unique\non_hate_video_639,0.6273527145385742,0.01288846880197525,0.33248281478881836,0.027275944128632545,0,0,0.7909722924232483
non_hate_video_64,0,0.008483353070914745,-4.761129856109619,train,True,asr,0,E:\m-hvc\datasets\old-dataset\frames_unique\non_hate_video_64,0.9915199875831604,0.0006104182684794068,0.00736946752294898,0.0005002301186323166,0,0,0.9915166469290853
non_hate_video_640,0,0.33822494745254517,-0.6712145209312439,train,True,asr,0,E:\m-hvc\datasets\old-dataset\frames_unique\non_hate_video_640,0.16079115867614746,0.00428840983659029,0.8234559297561646,0.011464515700936317,1,2,0.6617750525474548
non_hate_video_641,0,0.20077396929264069,-1.3814641237258911,train,True,asr,0,E:\m-hvc\datasets\old-dataset\frames_unique\non_hate_video_641,0.2913765013217926,0.0072747268714010715,0.6961249113082886,0.0052238027565181255,0,2,0.7992260307073593
non_hate_video_642,0,0.09809594601392746,-2.218562126159668,test,True,asr,0,E:\m-hvc\datasets\old-dataset\frames_unique\non_hate_video_642,0.833477258682251,0.016612960025668144,0.14556355774402618,0.004346178378909826,0,0,0.9019040539860725
non_hate_video_643,0,0.025574158877134323,-3.640265941619873,test,False,missing,0,E:\m-hvc\datasets\old-dataset\frames_unique\non_hate_video_643,0.9421561360359192,0.005938076414167881,0.045651890337467194,0.006253948900848627,0,0,0.9744258411228657
non_hate_video_644,0,0.01785307750105858,-4.007565021514893,train,True,asr,0,E:\m-hvc\datasets\old-dataset\frames_unique\non_hate_video_644,0.9791364669799805,0.001541320700198412,0.017677994444966316,0.0016441583866253495,0,0,0.9821469224989414
non_hate_video_645,0,0.022908691316843033,-3.753063678741455,train,True,asr,0,E:\m-hvc\datasets\old-dataset\frames_unique\non_hate_video_645,0.9856197834014893,0.002261977642774582,0.011038175784051418,0.0010800131130963564,0,0,0.977091308683157
non_hate_video_646,0,0.21816760301589966,-1.2763768434524536,train,True,asr,0,E:\m-hvc\datasets\old-dataset\frames_unique\non_hate_video_646,0.4212441146373749,0.006442623678594828,0.5676905512809753,0.004622654058039188,0,2,0.7818323969841003
non_hate_video_647,0,0.22003868222236633,-1.2654409408569336,train,True,asr,0,E:\m-hvc\datasets\old-dataset\frames_unique\non_hate_video_647,0.3618275821208954,0.006608706433326006,0.6267795562744141,0.004784143064171076,0,2,0.7799613177776337
non_hate_video_648,0,0.01114631537348032,-4.485437393188477,train,True,asr,0,E:\m-hvc\datasets\old-dataset\frames_unique\non_hate_video_648,0.9851011037826538,0.0034535627346485853,0.009855926036834717,0.001589346444234252,0,0,0.9888536846265197
non_hate_video_649,0,0.06632886826992035,-2.6444990634918213,train,True,asr,0,E:\m-hvc\datasets\old-dataset\frames_unique\non_hate_video_649,0.5622541308403015,0.006222184747457504,0.42538273334503174,0.006140920799225569,0,0,0.9336711317300797
non_hate_video_65,0,0.06599433720111847,-2.6499135494232178,train,True,asr,0,E:\m-hvc\datasets\old-dataset\frames_unique\non_hate_video_65,0.7646321058273315,0.005114311818033457,0.22537173330783844,0.004881912376731634,0,0,0.9340056627988815
non_hate_video_650,0,0.584791898727417,0.3424763083457947,train,True,asr,0,E:\m-hvc\datasets\old-dataset\frames_unique\non_hate_video_650,0.08346621692180634,0.002577082719653845,0.9095699787139893,0.004386774264276028,1,2,0.584791898727417
non_hate_video_651,0,0.044915031641721725,-3.057027816772461,train,False,missing,0,E:\m-hvc\datasets\old-dataset\frames_unique\non_hate_video_651,0.8998919129371643,0.013583466410636902,0.07352472096681595,0.01299989689141512,0,0,0.9550849683582783
non_hate_video_652,0,0.5885937809944153,0.35815519094467163,train,True,asr,0,E:\m-hvc\datasets\old-dataset\frames_unique\non_hate_video_652,0.10478080064058304,0.0023419952485710382,0.8877542018890381,0.005122945178300142,1,2,0.5885937809944153
non_hate_video_66,0,0.016652213409543037,-4.0784196853637695,train,True,asr,0,E:\m-hvc\datasets\old-dataset\frames_unique\non_hate_video_66,0.9850989580154419,0.0012408503098413348,0.012377981096506119,0.0012821799609810114,0,0,0.983347786590457
non_hate_video_67,0,0.02706312946975231,-3.5821468830108643,train,True,asr,0,E:\m-hvc\datasets\old-dataset\frames_unique\non_hate_video_67,0.987812340259552,0.0006208331324160099,0.011159166693687439,0.00040766323218122125,0,0,0.9729368705302477
non_hate_video_68,0,0.4377133250236511,-0.2504476010799408,train,True,asr,0,E:\m-hvc\datasets\old-dataset\frames_unique\non_hate_video_68,0.14184652268886566,0.004383432678878307,0.8500036001205444,0.003766555106267333,1,2,0.5622866749763489
non_hate_video_69,0,0.02056841552257538,-3.863215684890747,val,True,asr,0,E:\m-hvc\datasets\old-dataset\frames_unique\non_hate_video_69,0.9854651093482971,0.0011781464563682675,0.012348754331469536,0.0010079267667606473,0,0,0.9794315844774246
non_hate_video_7,0,0.023321496322751045,-3.7347819805145264,train,False,missing,0,E:\m-hvc\datasets\old-dataset\frames_unique\non_hate_video_7,0.9330445528030396,0.010710148140788078,0.044998832046985626,0.011246548034250736,0,0,0.976678503677249
non_hate_video_70,0,0.028449170291423798,-3.5307745933532715,train,False,missing,0,E:\m-hvc\datasets\old-dataset\frames_unique\non_hate_video_70,0.9191339015960693,0.012692844495177269,0.05610918253660202,0.01206396333873272,0,0,0.9715508297085762
non_hate_video_71,0,0.03998374193906784,-3.1784772872924805,train,True,asr,0,E:\m-hvc\datasets\old-dataset\frames_unique\non_hate_video_71,0.978586733341217,0.0012311132159084082,0.019166765734553337,0.0010153003968298435,0,0,0.9600162580609322
non_hate_video_72,0,0.32570385932922363,-0.7276808023452759,test,True,asr,0,E:\m-hvc\datasets\old-dataset\frames_unique\non_hate_video_72,0.2132476568222046,0.03799840062856674,0.09833436459302902,0.6504195332527161,1,3,0.6742961406707764
non_hate_video_73,0,0.05790312960743904,-2.789336681365967,train,True,asr,0,E:\m-hvc\datasets\old-dataset\frames_unique\non_hate_video_73,0.7725780606269836,0.1232699528336525,0.07402243465185165,0.030129527673125267,0,0,0.942096870392561
non_hate_video_74,0,0.01029579620808363,-4.565670490264893,train,True,asr,0,E:\m-hvc\datasets\old-dataset\frames_unique\non_hate_video_74,0.9886348247528076,0.0010806701611727476,0.009323046542704105,0.0009615456219762564,0,0,0.9897042037919164
non_hate_video_75,0,0.046477943658828735,-3.0211846828460693,train,True,asr,0,E:\m-hvc\datasets\old-dataset\frames_unique\non_hate_video_75,0.8346343040466309,0.09600662440061569,0.05174102261662483,0.017618097364902496,0,0,0.9535220563411713
non_hate_video_76,0,0.02316870167851448,-3.741511583328247,train,False,missing,0,E:\m-hvc\datasets\old-dataset\frames_unique\non_hate_video_76,0.9425505995750427,0.007710324600338936,0.04137277230620384,0.008366305381059647,0,0,0.9768312983214855
non_hate_video_77,0,0.05866621434688568,-2.7754337787628174,train,True,asr,0,E:\m-hvc\datasets\old-dataset\frames_unique\non_hate_video_77,0.623658299446106,0.006637244485318661,0.3615621328353882,0.008142350241541862,0,0,0.9413337856531143
non_hate_video_78,0,0.00837641954421997,-4.773922920227051,train,True,asr,0,E:\m-hvc\datasets\old-dataset\frames_unique\non_hate_video_78,0.9901280999183655,0.0008181693265214562,0.008351960219442844,0.0007016778690740466,0,0,0.99162358045578
non_hate_video_79,0,0.022214913740754128,-3.7845261096954346,train,False,missing,0,E:\m-hvc\datasets\old-dataset\frames_unique\non_hate_video_79,0.9395734071731567,0.00874695647507906,0.04248712584376335,0.009192565456032753,0,0,0.9777850862592459
non_hate_video_8,0,0.02542433701455593,-3.6462953090667725,val,False,missing,0,E:\m-hvc\datasets\old-dataset\frames_unique\non_hate_video_8,0.9394670128822327,0.007063919212669134,0.04601307958364487,0.007455963641405106,0,0,0.9745756629854441
non_hate_video_80,0,0.25023218989372253,-1.0973743200302124,val,True,asr,0,E:\m-hvc\datasets\old-dataset\frames_unique\non_hate_video_80,0.26043203473091125,0.6157869100570679,0.055513687431812286,0.06826738268136978,0,1,0.7497678101062775
non_hate_video_81,0,0.0583684965968132,-2.7808377742767334,val,True,asr,0,E:\m-hvc\datasets\old-dataset\frames_unique\non_hate_video_81,0.7151013612747192,0.008082637563347816,0.2696947157382965,0.007121245842427015,0,0,0.9416315034031868
non_hate_video_82,0,0.9272498488426208,2.5451924800872803,val,True,asr,0,E:\m-hvc\datasets\old-dataset\frames_unique\non_hate_video_82,0.46856674551963806,0.00718887522816658,0.5157549381256104,0.008489388041198254,1,2,0.9272498488426208
non_hate_video_83,0,0.025189701467752457,-3.6558077335357666,train,True,asr,0,E:\m-hvc\datasets\old-dataset\frames_unique\non_hate_video_83,0.9614459276199341,0.006984505336731672,0.020535172894597054,0.011034379713237286,0,0,0.9748102985322475
non_hate_video_84,0,0.08309127390384674,-2.4010682106018066,train,True,asr,0,E:\m-hvc\datasets\old-dataset\frames_unique\non_hate_video_84,0.4826239049434662,0.0076013305224478245,0.4989844858646393,0.010790319181978703,0,2,0.9169087260961533
non_hate_video_85,0,0.9770916104316711,3.753077268600464,train,True,asr,0,E:\m-hvc\datasets\old-dataset\frames_unique\non_hate_video_85,0.018909085541963577,0.0035538405645638704,0.9655306935310364,0.012006383389234543,1,2,0.9770916104316711
non_hate_video_86,0,0.009287768043577671,-4.6697258949279785,train,True,asr,0,E:\m-hvc\datasets\old-dataset\frames_unique\non_hate_video_86,0.9903863668441772,0.0012650119606405497,0.0075669484212994576,0.0007817582809366286,0,0,0.9907122319564223
non_hate_video_87,0,0.020875919610261917,-3.848062038421631,val,False,missing,0,E:\m-hvc\datasets\old-dataset\frames_unique\non_hate_video_87,0.9433063268661499,0.009345137514173985,0.038368575274944305,0.008980016224086285,0,0,0.9791240803897381
non_hate_video_88,0,0.05004291981458664,-2.943535804748535,train,True,asr,0,E:\m-hvc\datasets\old-dataset\frames_unique\non_hate_video_88,0.9808058738708496,0.0007674657390452921,0.01770319603383541,0.000723543344065547,0,0,0.9499570801854134
non_hate_video_89,0,0.13709507882595062,-1.8396297693252563,train,True,asr,0,E:\m-hvc\datasets\old-dataset\frames_unique\non_hate_video_89,0.4679192900657654,0.42486196756362915,0.060078214854002,0.04714048281311989,0,0,0.8629049211740494
non_hate_video_9,0,0.010547044686973095,-4.541306495666504,train,True,asr,0,E:\m-hvc\datasets\old-dataset\frames_unique\non_hate_video_9,0.9896383285522461,0.0011244220659136772,0.00837630219757557,0.0008609761716797948,0,0,0.9894529553130269
non_hate_video_90,0,0.8933929800987244,2.1258773803710938,train,True,asr,0,E:\m-hvc\datasets\old-dataset\frames_unique\non_hate_video_90,0.012999475002288818,0.012439759448170662,0.019799236208200455,0.9547615051269531,1,3,0.8933929800987244
non_hate_video_91,0,0.009477248415350914,-4.649338722229004,train,True,asr,0,E:\m-hvc\datasets\old-dataset\frames_unique\non_hate_video_91,0.9890503883361816,0.0013927859254181385,0.008464552462100983,0.0010922488290816545,0,0,0.9905227515846491
non_hate_video_92,0,0.027411259710788727,-3.569007396697998,train,False,missing,0,E:\m-hvc\datasets\old-dataset\frames_unique\non_hate_video_92,0.9251044988632202,0.012290974147617817,0.049518879503011703,0.013085663318634033,0,0,0.9725887402892113
non_hate_video_93,0,0.01816350407898426,-3.9900104999542236,train,True,asr,0,E:\m-hvc\datasets\old-dataset\frames_unique\non_hate_video_93,0.9885814785957336,0.0006728458683937788,0.010222946293652058,0.0005227398360148072,0,0,0.9818364959210157
non_hate_video_94,0,0.037275027483701706,-3.251444101333618,val,True,asr,0,E:\m-hvc\datasets\old-dataset\frames_unique\non_hate_video_94,0.9215775728225708,0.002583660650998354,0.07406001538038254,0.0017787900287657976,0,0,0.9627249725162983
non_hate_video_95,0,0.02512935735285282,-3.6582679748535156,train,False,missing,0,E:\m-hvc\datasets\old-dataset\frames_unique\non_hate_video_95,0.9308286309242249,0.010062511079013348,0.048605747520923615,0.01050307136029005,0,0,0.9748706426471472
non_hate_video_96,0,0.0086387163028121,-4.742825031280518,test,True,asr,0,E:\m-hvc\datasets\old-dataset\frames_unique\non_hate_video_96,0.9910528063774109,0.0006429323111660779,0.0077582658268511295,0.0005459504318423569,0,0,0.9913612836971879
non_hate_video_97,0,0.009690700098872185,-4.626850605010986,train,True,asr,0,E:\m-hvc\datasets\old-dataset\frames_unique\non_hate_video_97,0.9914724826812744,0.0005798900383524597,0.007441892754286528,0.0005057493108324707,0,0,0.9903092999011278
non_hate_video_98,0,0.15174610912799835,-1.7209712266921997,train,True,asr,0,E:\m-hvc\datasets\old-dataset\frames_unique\non_hate_video_98,0.3758150637149811,0.010345477610826492,0.6001425981521606,0.013696866109967232,0,2,0.8482538908720016
non_hate_video_99,0,0.2691655457019806,-0.9988604784011841,train,True,asr,0,E:\m-hvc\datasets\old-dataset\frames_unique\non_hate_video_99,0.9261801242828369,0.0008098248508758843,0.07243433594703674,0.0005757156177423894,0,0,0.7308344542980194
video_1,1,0.5570089817047119,0.22903180122375488,train,True,human,2,E:\m-hvc\datasets\old-dataset\frames_unique\video_1,0.6636287569999695,0.004016031976789236,0.32983335852622986,0.00252184784039855,1,0,0.5570089817047119
video_10,1,0.9758015871047974,3.6969709396362305,train,False,missing,2,E:\m-hvc\datasets\old-dataset\frames_unique\video_10,0.10313823074102402,0.020977966487407684,0.8349406719207764,0.04094306752085686,1,2,0.9758015871047974
video_100,1,0.7217349410057068,0.9530836343765259,test,True,asr,2,E:\m-hvc\datasets\old-dataset\frames_unique\video_100,0.7951545715332031,0.0026935117784887552,0.199919655919075,0.002232218161225319,1,0,0.7217349410057068
video_101,0,0.047106679528951645,-3.0070881843566895,train,True,human,0,E:\m-hvc\datasets\old-dataset\frames_unique\video_101,0.8931610584259033,0.053141381591558456,0.0404912494122982,0.013206260278820992,0,0,0.9528933204710484
video_102,1,0.9758071303367615,3.697205066680908,train,False,missing,2,E:\m-hvc\datasets\old-dataset\frames_unique\video_102,0.10166803747415543,0.020960642024874687,0.8377119898796082,0.03965934365987778,1,2,0.9758071303367615
video_103,1,0.979559063911438,3.869563579559326,val,False,missing,2,E:\m-hvc\datasets\old-dataset\frames_unique\video_103,0.08914408087730408,0.02886373922228813,0.8186652064323425,0.06332696229219437,1,2,0.979559063911438
video_104,1,0.770148754119873,1.2091511487960815,train,True,human,2,E:\m-hvc\datasets\old-dataset\frames_unique\video_104,0.7156623601913452,0.0069453599862754345,0.2712253928184509,0.006166853941977024,1,0,0.770148754119873
video_105,1,0.9624682068824768,3.2443132400512695,train,True,asr,1,E:\m-hvc\datasets\old-dataset\frames_unique\video_105,0.13798268139362335,0.26482194662094116,0.4559750258922577,0.141220360994339,1,2,0.9624682068824768
video_106,1,0.7623092532157898,1.165381669998169,test,True,asr,2,E:\m-hvc\datasets\old-dataset\frames_unique\video_106,0.04517136886715889,0.003022035351023078,0.9479706883430481,0.003835908602923155,1,2,0.7623092532157898
video_107,1,0.5912864208221436,0.3692859411239624,train,True,asr,2,E:\m-hvc\datasets\old-dataset\frames_unique\video_107,0.8341034650802612,0.002267623320221901,0.16178011894226074,0.0018487742636352777,1,0,0.5912864208221436
video_108,0,0.011580009944736958,-4.446827411651611,train,True,human,0,E:\m-hvc\datasets\old-dataset\frames_unique\video_108,0.9849045276641846,0.0010072195436805487,0.013263068161904812,0.0008252416155301034,0,0,0.988419990055263
video_109,1,0.7238631248474121,0.9637055993080139,train,True,human,2,E:\m-hvc\datasets\old-dataset\frames_unique\video_109,0.7576348185539246,0.0038803755305707455,0.2358299046754837,0.002654865151271224,1,0,0.7238631248474121
video_11,1,0.9386343359947205,2.7275760173797607,val,True,human,2,E:\m-hvc\datasets\old-dataset\frames_unique\video_11,0.4213520884513855,0.008899416774511337,0.559899091720581,0.009849399328231812,1,2,0.9386343359947205
video_110,1,0.9547727704048157,3.0497734546661377,test,True,human,2,E:\m-hvc\datasets\old-dataset\frames_unique\video_110,0.048497602343559265,0.007778630126267672,0.932188868522644,0.011534851975739002,1,2,0.9547727704048157
video_111,1,0.9530724287033081,3.0110867023468018,train,True,asr,2,E:\m-hvc\datasets\old-dataset\frames_unique\video_111,0.345021516084671,0.011683403514325619,0.6279659271240234,0.01532912440598011,1,2,0.9530724287033081
video_112,1,0.9714197516441345,3.5260422229766846,test,False,missing,2,E:\m-hvc\datasets\old-dataset\frames_unique\video_112,0.10169557482004166,0.01793559081852436,0.852336049079895,0.028032774105668068,1,2,0.9714197516441345
video_113,1,0.33024880290031433,-0.7070600390434265,val,True,asr,2,E:\m-hvc\datasets\old-dataset\frames_unique\video_113,0.9124379754066467,0.0010572302853688598,0.08571307361125946,0.000791794213000685,1,0,0.6697511970996857
video_114,1,0.9494771957397461,2.933486223220825,train,False,missing,2,E:\m-hvc\datasets\old-dataset\frames_unique\video_114,0.1324021816253662,0.028596382588148117,0.7905614376068115,0.04843996465206146,1,2,0.9494771957397461
video_115,1,0.9740160703659058,3.6239469051361084,train,False,missing,2,E:\m-hvc\datasets\old-dataset\frames_unique\video_115,0.10173480212688446,0.021169977262616158,0.8347826600074768,0.04231260344386101,1,2,0.9740160703659058
video_116,1,0.9774545431137085,3.769418478012085,val,False,missing,2,E:\m-hvc\datasets\old-dataset\frames_unique\video_116,0.0921531617641449,0.021466758102178574,0.8349503874778748,0.05142960697412491,1,2,0.9774545431137085
video_117,1,0.9516316056251526,2.97933292388916,train,True,asr,2,E:\m-hvc\datasets\old-dataset\frames_unique\video_117,0.35452520847320557,0.009752835147082806,0.6222124099731445,0.013509559445083141,1,2,0.9516316056251526
video_118,1,0.9799939393997192,3.8915135860443115,val,False,missing,2,E:\m-hvc\datasets\old-dataset\frames_unique\video_118,0.08598983287811279,0.027440069243311882,0.8232232332229614,0.06334684789180756,1,2,0.9799939393997192
video_119,1,0.9795377850532532,3.868502140045166,val,False,missing,2,E:\m-hvc\datasets\old-dataset\frames_unique\video_119,0.08619271218776703,0.02554076537489891,0.8249258995056152,0.06334058940410614,1,2,0.9795377850532532
video_12,1,0.8759358525276184,1.954493522644043,test,True,human,2,E:\m-hvc\datasets\old-dataset\frames_unique\video_12,0.6067884564399719,0.004850929137319326,0.38438117504119873,0.003979448229074478,1,0,0.8759358525276184
video_120,1,0.9784830808639526,3.817164659500122,train,False,missing,2,E:\m-hvc\datasets\old-dataset\frames_unique\video_120,0.08390279114246368,0.027036989107728004,0.825072705745697,0.063987597823143,1,2,0.9784830808639526
video_121,1,0.9508926868438721,2.9633941650390625,test,True,asr,2,E:\m-hvc\datasets\old-dataset\frames_unique\video_121,0.34488481283187866,0.011906251311302185,0.6263898015022278,0.016819102689623833,1,2,0.9508926868438721
video_122,1,0.0763748437166214,-2.4926528930664062,test,True,human,2,E:\m-hvc\datasets\old-dataset\frames_unique\video_122,0.5870701670646667,0.005195100326091051,0.4022652208805084,0.005469541531056166,0,0,0.9236251562833786
video_123,1,0.9796223640441895,3.872727394104004,test,False,missing,2,E:\m-hvc\datasets\old-dataset\frames_unique\video_123,0.08350077271461487,0.02787579968571663,0.822942852973938,0.06568054109811783,1,2,0.9796223640441895
video_124,0,0.0110236257314682,-4.49662971496582,train,True,human,0,E:\m-hvc\datasets\old-dataset\frames_unique\video_124,0.9915476441383362,0.0008381855441257358,0.007054525893181562,0.0005596588598564267,0,0,0.9889763742685318
video_125,1,0.977262556552887,3.7607455253601074,train,False,missing,2,E:\m-hvc\datasets\old-dataset\frames_unique\video_125,0.09348111599683762,0.02451612614095211,0.8375392556190491,0.044463515281677246,1,2,0.977262556552887
video_126,1,0.9631128311157227,3.2623088359832764,train,False,missing,2,E:\m-hvc\datasets\old-dataset\frames_unique\video_126,0.12077394872903824,0.012873323634266853,0.8436793684959412,0.022673316299915314,1,2,0.9631128311157227
video_127,1,0.1560322344303131,-1.688051700592041,test,True,human,1,E:\m-hvc\datasets\old-dataset\frames_unique\video_127,0.7384561896324158,0.09306258708238602,0.14029067754745483,0.028190556913614273,0,0,0.8439677655696869
video_128,0,0.012152108363807201,-4.398025989532471,train,True,human,0,E:\m-hvc\datasets\old-dataset\frames_unique\video_128,0.9786018133163452,0.001293299486860633,0.018998507410287857,0.0011063874699175358,0,0,0.9878478916361928
video_129,1,0.9434547424316406,2.8145079612731934,train,True,human,2,E:\m-hvc\datasets\old-dataset\frames_unique\video_129,0.4079596996307373,0.015241609886288643,0.5585209727287292,0.018277695402503014,1,2,0.9434547424316406
video_13,1,0.9784035682678223,3.813394784927368,val,True,asr,3,E:\m-hvc\datasets\old-dataset\frames_unique\video_13,0.015200118534266949,0.0166409183293581,0.05213562026619911,0.9160234332084656,1,3,0.9784035682678223
video_130,1,0.05263112485408783,-2.890380859375,test,False,missing,2,E:\m-hvc\datasets\old-dataset\frames_unique\video_130,0.9241390824317932,0.0048261284828186035,0.06625420600175858,0.004780567716807127,0,0,0.9473688751459122
video_131,1,0.3499848246574402,-0.619105875492096,train,True,human,2,E:\m-hvc\datasets\old-dataset\frames_unique\video_131,0.9125372171401978,0.002550992416217923,0.08321921527385712,0.001692566554993391,1,0,0.6500151753425598
video_132,1,0.4731069505214691,-0.10767624527215958,test,True,human,2,E:\m-hvc\datasets\old-dataset\frames_unique\video_132,0.36194777488708496,0.00309906923212111,0.632001519203186,0.0029516795184463263,1,2,0.5268930494785309
video_133,1,0.9646060466766357,3.305178165435791,train,False,missing,2,E:\m-hvc\datasets\old-dataset\frames_unique\video_133,0.11774515360593796,0.020879952237010002,0.8290104269981384,0.03236446529626846,1,2,0.9646060466766357
video_134,1,0.9064388871192932,2.270909070968628,train,True,human,2,E:\m-hvc\datasets\old-dataset\frames_unique\video_134,0.28477126359939575,0.008646317757666111,0.6990318298339844,0.007550605572760105,1,2,0.9064388871192932
video_135,1,0.6998109221458435,0.8463975191116333,train,True,human,2,E:\m-hvc\datasets\old-dataset\frames_unique\video_135,0.8083187341690063,0.0026601580902934074,0.18707101047039032,0.0019501036731526256,1,0,0.6998109221458435
video_136,1,0.6235268115997314,0.5045447945594788,train,True,human,1,E:\m-hvc\datasets\old-dataset\frames_unique\video_136,0.09507505595684052,0.7992056608200073,0.0639941468834877,0.04172515124082565,1,1,0.6235268115997314
video_137,1,0.955223023891449,3.0602502822875977,test,True,human,3,E:\m-hvc\datasets\old-dataset\frames_unique\video_137,0.04496229439973831,0.016909422352910042,0.30239197611808777,0.6357362866401672,1,3,0.955223023891449
video_138,1,0.9716335535049438,3.53377103805542,train,True,human,2,E:\m-hvc\datasets\old-dataset\frames_unique\video_138,0.023405451327562332,0.0036328949499875307,0.9659830927848816,0.006978594698011875,1,2,0.9716335535049438
video_139,1,0.7809485197067261,1.2712026834487915,train,True,human,2,E:\m-hvc\datasets\old-dataset\frames_unique\video_139,0.7540712356567383,0.00787084735929966,0.23273330926895142,0.005324658006429672,1,0,0.7809485197067261
video_14,1,0.9519172310829163,2.9855546951293945,train,True,human,2,E:\m-hvc\datasets\old-dataset\frames_unique\video_14,0.37912049889564514,0.015796437859535217,0.5881025791168213,0.016980543732643127,1,2,0.9519172310829163
video_140,1,0.016975050792098045,-4.058889865875244,val,True,human,2,E:\m-hvc\datasets\old-dataset\frames_unique\video_140,0.9444133639335632,0.002037163358181715,0.05186019837856293,0.0016893758438527584,0,0,0.983024949207902
video_141,1,0.9625727534294128,3.2472100257873535,train,True,human,3,E:\m-hvc\datasets\old-dataset\frames_unique\video_141,0.08827071636915207,0.05106223374605179,0.16289208829402924,0.6977749466896057,1,3,0.9625727534294128
video_142,1,0.017174609005451202,-4.046999454498291,test,True,human,2,E:\m-hvc\datasets\old-dataset\frames_unique\video_142,0.9903149008750916,0.0004543938848655671,0.00889334362000227,0.0003374072548467666,0,0,0.9828253909945488
video_143,1,0.9083268046379089,2.2933743000030518,train,True,human,2,E:\m-hvc\datasets\old-dataset\frames_unique\video_143,0.52510005235672,0.009999469853937626,0.4534071087837219,0.011493416503071785,1,0,0.9083268046379089
video_144,1,0.00867786817252636,-4.7382636070251465,train,True,human,2,E:\m-hvc\datasets\old-dataset\frames_unique\video_144,0.9932043552398682,0.0004681271966546774,0.005972980987280607,0.00035446748370304704,0,0,0.9913221318274736
video_145,1,0.7394571900367737,1.0431492328643799,train,True,human,2,E:\m-hvc\datasets\old-dataset\frames_unique\video_145,0.7612593770027161,0.003580614225938916,0.2320183664560318,0.0031415969133377075,1,0,0.7394571900367737
video_146,1,0.975013792514801,3.664126396179199,test,True,human,2,E:\m-hvc\datasets\old-dataset\frames_unique\video_146,0.044964224100112915,0.008534854277968407,0.9235959053039551,0.022905010730028152,1,2,0.975013792514801
video_147,1,0.9419053196907043,2.785830497741699,train,True,human,2,E:\m-hvc\datasets\old-dataset\frames_unique\video_147,0.3972231447696686,0.01039674412459135,0.581198513507843,0.011181536130607128,1,2,0.9419053196907043
video_148,1,0.9600864052772522,3.1803064346313477,train,True,human,2,E:\m-hvc\datasets\old-dataset\frames_unique\video_148,0.03085567057132721,0.0048243822529911995,0.9584124088287354,0.0059075080789625645,1,2,0.9600864052772522
video_149,1,0.9840361475944519,4.121333122253418,train,True,asr,3,E:\m-hvc\datasets\old-dataset\frames_unique\video_149,0.038633543998003006,0.02163020893931389,0.27644872665405273,0.6632875204086304,1,3,0.9840361475944519
video_15,1,0.9795171022415161,3.867466926574707,train,False,missing,2,E:\m-hvc\datasets\old-dataset\frames_unique\video_15,0.08376124501228333,0.026879725977778435,0.8286319971084595,0.0607270672917366,1,2,0.9795171022415161
video_150,1,0.8835479021072388,2.02646541595459,train,True,human,2,E:\m-hvc\datasets\old-dataset\frames_unique\video_150,0.5390318632125854,0.06267192959785461,0.3780052661895752,0.020290939137339592,1,0,0.8835479021072388
video_151,1,0.9366734027862549,2.6940295696258545,test,True,human,2,E:\m-hvc\datasets\old-dataset\frames_unique\video_151,0.3024055063724518,0.05073661729693413,0.6160610914230347,0.030796818435192108,1,2,0.9366734027862549
video_152,1,0.8574719429016113,1.794449806213379,train,True,asr,3,E:\m-hvc\datasets\old-dataset\frames_unique\video_152,0.10124761611223221,0.024228954687714577,0.12190674245357513,0.7526167035102844,1,3,0.8574719429016113
video_153,1,0.08491916954517365,-2.377312421798706,test,True,human,2,E:\m-hvc\datasets\old-dataset\frames_unique\video_153,0.917631983757019,0.0070039150305092335,0.06099312752485275,0.014370908960700035,0,0,0.9150808304548264
video_154,1,0.34061723947525024,-0.6605449914932251,train,True,human,2,E:\m-hvc\datasets\old-dataset\frames_unique\video_154,0.920238733291626,0.002140439348295331,0.0764763355255127,0.0011445725103840232,1,0,0.6593827605247498
video_155,1,0.45955491065979004,-0.16213452816009521,train,True,human,2,E:\m-hvc\datasets\old-dataset\frames_unique\video_155,0.49234411120414734,0.010886051692068577,0.4917004406452179,0.005069371312856674,1,0,0.54044508934021
video_156,1,0.9271467924118042,2.5436649322509766,train,True,human,2,E:\m-hvc\datasets\old-dataset\frames_unique\video_156,0.23124028742313385,0.013688393868505955,0.7444274425506592,0.010643862187862396,1,2,0.9271467924118042
video_157,1,0.9280697107315063,2.5574097633361816,train,True,asr,2,E:\m-hvc\datasets\old-dataset\frames_unique\video_157,0.44164255261421204,0.008105245418846607,0.5378400683403015,0.012412171810865402,1,2,0.9280697107315063
video_158,1,0.9235082864761353,2.490996837615967,train,True,human,2,E:\m-hvc\datasets\old-dataset\frames_unique\video_158,0.4369892179965973,0.05320781096816063,0.4809572398662567,0.028845809400081635,1,2,0.9235082864761353
video_159,1,0.958731472492218,3.1455116271972656,val,True,asr,2,E:\m-hvc\datasets\old-dataset\frames_unique\video_159,0.3547018766403198,0.013279177248477936,0.6052210330963135,0.026797834783792496,1,2,0.958731472492218
video_16,1,0.9422245025634766,2.7916793823242188,test,True,human,2,E:\m-hvc\datasets\old-dataset\frames_unique\video_16,0.4023231267929077,0.014661421999335289,0.5690762996673584,0.01393913570791483,1,2,0.9422245025634766
video_160,1,0.94081050157547,2.7659976482391357,train,True,human,2,E:\m-hvc\datasets\old-dataset\frames_unique\video_160,0.15608151257038116,0.007770523428916931,0.8278308510780334,0.008317138999700546,1,2,0.94081050157547
video_161,1,0.8841567635536194,2.0323963165283203,test,True,human,2,E:\m-hvc\datasets\old-dataset\frames_unique\video_161,0.4553891718387604,0.010977230034768581,0.5255641341209412,0.00806946586817503,1,2,0.8841567635536194
video_162,0,0.6277665495872498,0.522646963596344,val,True,asr,0,E:\m-hvc\datasets\old-dataset\frames_unique\video_162,0.1059155985713005,0.0031480565667152405,0.8885216116905212,0.0024147669319063425,1,2,0.6277665495872498
video_163,1,0.8247648477554321,1.5489693880081177,train,True,human,2,E:\m-hvc\datasets\old-dataset\frames_unique\video_163,0.6315922737121582,0.03123614937067032,0.32090678811073303,0.01626473292708397,1,0,0.8247648477554321
video_164,0,0.6066012382507324,0.433047890663147,test,True,human,0,E:\m-hvc\datasets\old-dataset\frames_unique\video_164,0.7323995232582092,0.07213182002305984,0.18090325593948364,0.014565429650247097,1,0,0.6066012382507324
video_165,0,0.11704275757074356,-2.020737409591675,test,True,human,0,E:\m-hvc\datasets\old-dataset\frames_unique\video_165,0.9574428796768188,0.0013987254351377487,0.0402514785528183,0.00090696633560583,0,0,0.8829572424292564
video_166,0,0.010002057068049908,-4.594912052154541,train,True,asr,0,E:\m-hvc\datasets\old-dataset\frames_unique\video_166,0.9917910099029541,0.0005557877593673766,0.007198977749794722,0.00045429609599523246,0,0,0.9899979429319501
video_167,1,0.03341338410973549,-3.364814281463623,val,True,human,2,E:\m-hvc\datasets\old-dataset\frames_unique\video_167,0.9762851595878601,0.004969798494130373,0.01733987405896187,0.0014051187317818403,0,0,0.9665866158902645
video_169,1,0.009631587192416191,-4.633028984069824,val,True,asr,2,E:\m-hvc\datasets\old-dataset\frames_unique\video_169,0.9918873906135559,0.0009573139832355082,0.00660764891654253,0.0005476708174683154,0,0,0.9903684128075838
video_17,1,0.9781429767608643,3.8011341094970703,train,False,missing,2,E:\m-hvc\datasets\old-dataset\frames_unique\video_17,0.08365299552679062,0.025072969496250153,0.8386123776435852,0.05266156420111656,1,2,0.9781429767608643
video_170,0,0.9121091961860657,2.3396639823913574,val,True,human,0,E:\m-hvc\datasets\old-dataset\frames_unique\video_170,0.39218515157699585,0.012275582179427147,0.5849158763885498,0.010623383335769176,1,2,0.9121091961860657
video_171,0,0.9458208680152893,2.8597564697265625,test,True,human,0,E:\m-hvc\datasets\old-dataset\frames_unique\video_171,0.2900649309158325,0.09266358613967896,0.5014761686325073,0.1157953217625618,1,2,0.9458208680152893
video_172,1,0.9258332252502441,2.5243775844573975,train,False,missing,2,E:\m-hvc\datasets\old-dataset\frames_unique\video_172,0.19801992177963257,0.01698923297226429,0.762044370174408,0.022946396842598915,1,2,0.9258332252502441
video_173,0,0.09555189311504364,-2.2476553916931152,train,True,human,0,E:\m-hvc\datasets\old-dataset\frames_unique\video_173,0.5224906206130981,0.013050591573119164,0.4556402564048767,0.008818580769002438,0,0,0.9044481068849564
video_174,1,0.012201693840324879,-4.393903732299805,val,True,human,2,E:\m-hvc\datasets\old-dataset\frames_unique\video_174,0.9894649982452393,0.0008469094755128026,0.009169382974505424,0.0005187650094740093,0,0,0.9877983061596751
video_175,1,0.9540072679519653,3.0321879386901855,train,True,human,2,E:\m-hvc\datasets\old-dataset\frames_unique\video_175,0.09938330948352814,0.010478830896317959,0.8754397630691528,0.014698178507387638,1,2,0.9540072679519653
video_176,1,0.9684764742851257,3.424988269805908,train,True,human,1,E:\m-hvc\datasets\old-dataset\frames_unique\video_176,0.13951289653778076,0.12184455245733261,0.5612856149673462,0.17735698819160461,1,2,0.9684764742851257
video_177,1,0.9094579219818115,2.3070337772369385,train,True,human,2,E:\m-hvc\datasets\old-dataset\frames_unique\video_177,0.3080052435398102,0.006096815690398216,0.680663526058197,0.0052343993447721004,1,2,0.9094579219818115
video_178,1,0.939906895160675,2.7498855590820312,train,True,human,2,E:\m-hvc\datasets\old-dataset\frames_unique\video_178,0.39538028836250305,0.009997978806495667,0.5828622579574585,0.011759473942220211,1,2,0.939906895160675
video_179,1,0.03502034395933151,-3.3161778450012207,val,True,human,2,E:\m-hvc\datasets\old-dataset\frames_unique\video_179,0.8753194212913513,0.008242548443377018,0.10514792799949646,0.01129014790058136,0,0,0.9649796560406685
video_18,1,0.9801571369171143,3.8998663425445557,train,False,missing,2,E:\m-hvc\datasets\old-dataset\frames_unique\video_18,0.08534016460180283,0.028407424688339233,0.8216782808303833,0.06457409262657166,1,2,0.9801571369171143
video_180,1,0.9639776945114136,3.2869296073913574,train,True,human,2,E:\m-hvc\datasets\old-dataset\frames_unique\video_180,0.04871606081724167,0.008492771536111832,0.9313610792160034,0.011430079117417336,1,2,0.9639776945114136
video_181,1,0.9757612943649292,3.695265293121338,train,False,missing,2,E:\m-hvc\datasets\old-dataset\frames_unique\video_181,0.09042810648679733,0.026077426970005035,0.8341821432113647,0.04931235685944557,1,2,0.9757612943649292
video_182,0,0.9769850969314575,3.7483296394348145,train,False,missing,0,E:\m-hvc\datasets\old-dataset\frames_unique\video_182,0.0914342924952507,0.02441558986902237,0.8297421932220459,0.05440797284245491,1,2,0.9769850969314575
video_183,0,0.20671379566192627,-1.344848871231079,train,True,human,0,E:\m-hvc\datasets\old-dataset\frames_unique\video_183,0.4011048972606659,0.004544690251350403,0.591039776802063,0.0033106522168964148,0,2,0.7932862043380737
video_184,1,0.9620521664619446,3.232855796813965,train,True,asr,2,E:\m-hvc\datasets\old-dataset\frames_unique\video_184,0.14618362486362457,0.015661373734474182,0.7408570647239685,0.09729794412851334,1,2,0.9620521664619446
video_185,1,0.9705562591552734,3.495388984680176,test,False,missing,2,E:\m-hvc\datasets\old-dataset\frames_unique\video_185,0.11309411376714706,0.02202175185084343,0.8224235773086548,0.042460545897483826,1,2,0.9705562591552734
video_186,1,0.947318971157074,2.8893797397613525,train,True,human,2,E:\m-hvc\datasets\old-dataset\frames_unique\video_186,0.3903772830963135,0.013224437832832336,0.5810138583183289,0.015384400263428688,1,2,0.947318971157074
video_187,1,0.9658130407333374,3.341125965118408,train,True,human,2,E:\m-hvc\datasets\old-dataset\frames_unique\video_187,0.07640989869832993,0.05004521459341049,0.8440746665000916,0.029470209032297134,1,2,0.9658130407333374
video_188,1,0.9200195670127869,2.442613363265991,test,True,human,2,E:\m-hvc\datasets\old-dataset\frames_unique\video_188,0.5086421966552734,0.010346141643822193,0.47220152616500854,0.008810186758637428,1,0,0.9200195670127869
video_189,1,0.9647523164749146,3.3094723224639893,train,True,human,2,E:\m-hvc\datasets\old-dataset\frames_unique\video_189,0.03473759442567825,0.006287226919084787,0.9522682428359985,0.006707007996737957,1,2,0.9647523164749146
video_19,1,0.9800843000411987,3.8961288928985596,train,False,missing,2,E:\m-hvc\datasets\old-dataset\frames_unique\video_19,0.08218267560005188,0.027602996677160263,0.8275148868560791,0.06269940733909607,1,2,0.9800843000411987
video_190,1,0.9787527322769165,3.8300538063049316,train,False,missing,2,E:\m-hvc\datasets\old-dataset\frames_unique\video_190,0.08856844156980515,0.026595355942845345,0.8251334428787231,0.059702735394239426,1,2,0.9787527322769165
video_191,1,0.6361004114151001,0.5584784746170044,train,True,human,2,E:\m-hvc\datasets\old-dataset\frames_unique\video_191,0.8442419171333313,0.003610049607232213,0.14956441521644592,0.0025836373679339886,1,0,0.6361004114151001
video_192,1,0.959131121635437,3.155660629272461,val,True,asr,2,E:\m-hvc\datasets\old-dataset\frames_unique\video_192,0.3281209468841553,0.01577974669635296,0.6329693794250488,0.023129932582378387,1,2,0.959131121635437
video_193,1,0.9611612558364868,3.2087242603302,train,False,missing,2,E:\m-hvc\datasets\old-dataset\frames_unique\video_193,0.13158956170082092,0.019943829625844955,0.8132008910179138,0.03526565060019493,1,2,0.9611612558364868
video_194,1,0.9423193335533142,2.7934229373931885,train,True,human,2,E:\m-hvc\datasets\old-dataset\frames_unique\video_194,0.4266589879989624,0.011431454680860043,0.5487621426582336,0.013147448189556599,1,2,0.9423193335533142
video_195,1,0.9785205125808716,3.8189449310302734,train,False,missing,2,E:\m-hvc\datasets\old-dataset\frames_unique\video_195,0.09462223947048187,0.02596227079629898,0.8209148049354553,0.05850064754486084,1,2,0.9785205125808716
video_196,1,0.9799577593803406,3.8896701335906982,test,False,missing,2,E:\m-hvc\datasets\old-dataset\frames_unique\video_196,0.08645082265138626,0.026896895840764046,0.8238275051116943,0.06282474100589752,1,2,0.9799577593803406
video_197,1,0.9779468178749084,3.7919983863830566,train,False,missing,2,E:\m-hvc\datasets\old-dataset\frames_unique\video_197,0.09003330022096634,0.02702491544187069,0.8199473023414612,0.06299445778131485,1,2,0.9779468178749084
video_198,1,0.9697715044021606,3.468276262283325,test,True,human,1,E:\m-hvc\datasets\old-dataset\frames_unique\video_198,0.1209515705704689,0.20695854723453522,0.4848000109195709,0.18728986382484436,1,2,0.9697715044021606
video_199,1,0.7801623344421387,1.2666127681732178,train,True,human,2,E:\m-hvc\datasets\old-dataset\frames_unique\video_199,0.7210403680801392,0.007653199136257172,0.26609790325164795,0.005208529531955719,1,0,0.7801623344421387
video_2,1,0.9785851240158081,3.822023630142212,val,False,missing,2,E:\m-hvc\datasets\old-dataset\frames_unique\video_2,0.09291724860668182,0.027630751952528954,0.8164977431297302,0.06295426189899445,1,2,0.9785851240158081
video_20,1,0.9792932271957397,3.856367349624634,train,False,missing,2,E:\m-hvc\datasets\old-dataset\frames_unique\video_20,0.08677598834037781,0.02702956460416317,0.8270494341850281,0.059144970029592514,1,2,0.9792932271957397
video_200,1,0.9394421577453613,2.7416868209838867,train,True,asr,2,E:\m-hvc\datasets\old-dataset\frames_unique\video_200,0.41987723112106323,0.009394829161465168,0.5600377917289734,0.010690135881304741,1,2,0.9394421577453613
video_201,1,0.9030094146728516,2.231118679046631,train,True,asr,3,E:\m-hvc\datasets\old-dataset\frames_unique\video_201,0.022783586755394936,0.01279529370367527,0.027553841471672058,0.9368672370910645,1,3,0.9030094146728516
video_202,1,0.04682844877243042,-3.0133039951324463,test,True,human,2,E:\m-hvc\datasets\old-dataset\frames_unique\video_202,0.9503625631332397,0.001637750887311995,0.04708758741617203,0.0009120726608671248,0,0,0.9531715512275696
video_206,1,0.9540349245071411,3.032817840576172,train,True,asr,2,E:\m-hvc\datasets\old-dataset\frames_unique\video_206,0.3400803804397583,0.010436946526169777,0.6347624063491821,0.014720272272825241,1,2,0.9540349245071411
video_207,1,0.9801394939422607,3.898959159851074,train,False,missing,2,E:\m-hvc\datasets\old-dataset\frames_unique\video_207,0.08668346703052521,0.02762884460389614,0.8218466639518738,0.06384100764989853,1,2,0.9801394939422607
video_208,1,0.9789996147155762,3.8419904708862305,test,False,missing,2,E:\m-hvc\datasets\old-dataset\frames_unique\video_208,0.09072278439998627,0.029973546043038368,0.8153067231178284,0.06399699300527573,1,2,0.9789996147155762
video_209,1,0.9771400690078735,3.7552435398101807,train,False,missing,2,E:\m-hvc\datasets\old-dataset\frames_unique\video_209,0.09157340973615646,0.02798948995769024,0.822955846786499,0.05748120695352554,1,2,0.9771400690078735
video_21,1,0.9558586478233337,3.07521390914917,train,True,human,1,E:\m-hvc\datasets\old-dataset\frames_unique\video_21,0.09690230339765549,0.4484182596206665,0.2715672254562378,0.18311218917369843,1,1,0.9558586478233337
video_210,1,0.8333092331886292,1.6092643737792969,train,True,human,1,E:\m-hvc\datasets\old-dataset\frames_unique\video_210,0.29270026087760925,0.1999932825565338,0.4199312925338745,0.08737514913082123,1,2,0.8333092331886292
video_211,1,0.8901839256286621,2.092621088027954,train,True,human,2,E:\m-hvc\datasets\old-dataset\frames_unique\video_211,0.5087175369262695,0.006604121066629887,0.4786287844181061,0.006049555726349354,1,0,0.8901839256286621
video_212,1,0.9688788056373596,3.4382498264312744,val,True,asr,2,E:\m-hvc\datasets\old-dataset\frames_unique\video_212,0.10292474925518036,0.12988346815109253,0.4993553161621094,0.26783639192581177,1,2,0.9688788056373596
video_213,1,0.9786648154258728,3.825833559036255,train,False,missing,2,E:\m-hvc\datasets\old-dataset\frames_unique\video_213,0.09173520654439926,0.026836730539798737,0.8270813226699829,0.05434676259756088,1,2,0.9786648154258728
video_214,1,0.9091436862945557,2.3032240867614746,val,True,human,2,E:\m-hvc\datasets\old-dataset\frames_unique\video_214,0.47751468420028687,0.006508487276732922,0.509838342666626,0.006138439290225506,1,2,0.9091436862945557
video_215,1,0.9779597520828247,3.7925987243652344,train,True,human,2,E:\m-hvc\datasets\old-dataset\frames_unique\video_215,0.026829123497009277,0.006958812475204468,0.9563062787055969,0.009905724786221981,1,2,0.9779597520828247
video_216,1,0.9803403615951538,3.9093329906463623,train,False,missing,2,E:\m-hvc\datasets\old-dataset\frames_unique\video_216,0.08799773454666138,0.029631635174155235,0.8188925981521606,0.0634780004620552,1,2,0.9803403615951538
video_217,1,0.9465373754501343,2.873828172683716,train,True,human,2,E:\m-hvc\datasets\old-dataset\frames_unique\video_217,0.4294913113117218,0.02181571163237095,0.5291227698326111,0.01957024447619915,1,2,0.9465373754501343
video_218,1,0.9783830046653748,3.8124239444732666,train,False,missing,2,E:\m-hvc\datasets\old-dataset\frames_unique\video_218,0.08928956091403961,0.031340111047029495,0.8139758706092834,0.06539450585842133,1,2,0.9783830046653748
video_219,1,0.9544578790664673,3.042506217956543,train,True,asr,2,E:\m-hvc\datasets\old-dataset\frames_unique\video_219,0.32671794295310974,0.012372361496090889,0.6428397297859192,0.01806993968784809,1,2,0.9544578790664673
video_22,1,0.9799115061759949,3.8873133659362793,test,False,missing,2,E:\m-hvc\datasets\old-dataset\frames_unique\video_22,0.08473856747150421,0.026959514245390892,0.828798770904541,0.05950317159295082,1,2,0.9799115061759949
video_220,1,0.9489956498146057,2.923491954803467,train,True,asr,2,E:\m-hvc\datasets\old-dataset\frames_unique\video_220,0.3659684658050537,0.01317392848432064,0.6044284701347351,0.016429129987955093,1,2,0.9489956498146057
video_221,1,0.9470212459564209,2.883429527282715,test,False,missing,2,E:\m-hvc\datasets\old-dataset\frames_unique\video_221,0.14512769877910614,0.014389806427061558,0.8185462951660156,0.021936237812042236,1,2,0.9470212459564209
video_222,1,0.9741894602775574,3.6308205127716064,val,False,missing,2,E:\m-hvc\datasets\old-dataset\frames_unique\video_222,0.09412560611963272,0.03034072555601597,0.8162051439285278,0.05932847782969475,1,2,0.9741894602775574
video_223,1,0.9778556227684021,3.7877814769744873,train,False,missing,2,E:\m-hvc\datasets\old-dataset\frames_unique\video_223,0.09305638819932938,0.02586902119219303,0.8307609558105469,0.05031357705593109,1,2,0.9778556227684021
video_224,1,0.9747961163520813,3.655231475830078,train,True,human,2,E:\m-hvc\datasets\old-dataset\frames_unique\video_224,0.027068257331848145,0.00494116498157382,0.9599975347518921,0.007993023842573166,1,2,0.9747961163520813
video_225,1,0.9661229848861694,3.350553274154663,train,True,human,2,E:\m-hvc\datasets\old-dataset\frames_unique\video_225,0.06746175140142441,0.054609235376119614,0.8564578294754028,0.02147112973034382,1,2,0.9661229848861694
video_226,1,0.9792189002037048,3.8527114391326904,train,True,human,2,E:\m-hvc\datasets\old-dataset\frames_unique\video_226,0.03651164099574089,0.018405385315418243,0.9263803958892822,0.018702629953622818,1,2,0.9792189002037048
video_227,1,0.9575826525688171,3.1168558597564697,train,True,human,1,E:\m-hvc\datasets\old-dataset\frames_unique\video_227,0.101727694272995,0.47822341322898865,0.3343786895275116,0.08567020297050476,1,1,0.9575826525688171
video_228,1,0.9793180227279663,3.857593297958374,train,False,missing,2,E:\m-hvc\datasets\old-dataset\frames_unique\video_228,0.08860233426094055,0.03584934026002884,0.7969720959663391,0.07857613265514374,1,2,0.9793180227279663
video_229,1,0.9475237727165222,2.893490791320801,test,True,human,2,E:\m-hvc\datasets\old-dataset\frames_unique\video_229,0.4145883023738861,0.011250413954257965,0.5590293407440186,0.015131956897675991,1,2,0.9475237727165222
video_23,1,0.9802513718605042,3.9047274589538574,train,False,missing,2,E:\m-hvc\datasets\old-dataset\frames_unique\video_23,0.08279937505722046,0.02761857584118843,0.8270384669303894,0.06254353374242783,1,2,0.9802513718605042
video_230,1,0.9390006065368652,2.7339529991149902,val,True,human,1,E:\m-hvc\datasets\old-dataset\frames_unique\video_230,0.08716536313295364,0.6546182036399841,0.14453670382499695,0.11367978900671005,1,1,0.9390006065368652
video_231,1,0.8670964241027832,1.8755261898040771,val,True,asr,2,E:\m-hvc\datasets\old-dataset\frames_unique\video_231,0.5725165605545044,0.005598780233412981,0.41667959094047546,0.005205052904784679,1,0,0.8670964241027832
video_232,1,0.9763951301574707,3.722412586212158,train,True,human,2,E:\m-hvc\datasets\old-dataset\frames_unique\video_232,0.03419880196452141,0.005734957754611969,0.9354641437530518,0.02460208721458912,1,2,0.9763951301574707
video_233,1,0.935160219669342,2.6687989234924316,val,True,human,2,E:\m-hvc\datasets\old-dataset\frames_unique\video_233,0.3610871136188507,0.0091256033629179,0.6206324696540833,0.009154857136309147,1,2,0.935160219669342
video_234,1,0.886347770690918,2.0539658069610596,train,True,human,1,E:\m-hvc\datasets\old-dataset\frames_unique\video_234,0.07217016071081161,0.771979808807373,0.06883327662944794,0.0870167687535286,1,1,0.886347770690918
video_235,1,0.941333532333374,2.7754287719726562,val,True,human,2,E:\m-hvc\datasets\old-dataset\frames_unique\video_235,0.02749653160572052,0.005571977235376835,0.961148738861084,0.0057828547433018684,1,2,0.941333532333374
video_236,1,0.9571666717529297,3.1066627502441406,train,True,human,2,E:\m-hvc\datasets\old-dataset\frames_unique\video_236,0.15516522526741028,0.011379978619515896,0.8199435472488403,0.01351128239184618,1,2,0.9571666717529297
video_237,1,0.9723819494247437,3.561281442642212,train,False,missing,2,E:\m-hvc\datasets\old-dataset\frames_unique\video_237,0.10976514220237732,0.017612069845199585,0.8397522568702698,0.03287051245570183,1,2,0.9723819494247437
video_238,1,0.842430830001831,1.676426887512207,train,False,missing,2,E:\m-hvc\datasets\old-dataset\frames_unique\video_238,0.29678869247436523,0.013999870978295803,0.6747496128082275,0.014461798593401909,1,2,0.842430830001831
video_239,1,0.9794977903366089,3.8665075302124023,train,False,missing,2,E:\m-hvc\datasets\old-dataset\frames_unique\video_239,0.08536425232887268,0.028000852093100548,0.8279803991317749,0.0586545504629612,1,2,0.9794977903366089
video_24,1,0.9772214889526367,3.758894205093384,train,False,missing,2,E:\m-hvc\datasets\old-dataset\frames_unique\video_24,0.09546906501054764,0.020230812951922417,0.8445985913276672,0.039701491594314575,1,2,0.9772214889526367
video_240,1,0.9805495142936707,3.920238733291626,train,False,missing,2,E:\m-hvc\datasets\old-dataset\frames_unique\video_240,0.08113393932580948,0.03094523772597313,0.8192453384399414,0.06867539137601852,1,2,0.9805495142936707
video_241,1,0.7986029982566833,1.3775858879089355,train,True,human,2,E:\m-hvc\datasets\old-dataset\frames_unique\video_241,0.4801584482192993,0.0045240228064358234,0.5109326839447021,0.004384839907288551,1,2,0.7986029982566833
video_242,1,0.9440769553184509,2.826230525970459,train,True,human,2,E:\m-hvc\datasets\old-dataset\frames_unique\video_242,0.4198830723762512,0.01217007264494896,0.554326593875885,0.013620215468108654,1,2,0.9440769553184509
video_243,1,0.960761547088623,3.198068380355835,train,True,human,2,E:\m-hvc\datasets\old-dataset\frames_unique\video_243,0.0997830256819725,0.00775306299328804,0.8819310665130615,0.010532857850193977,1,2,0.960761547088623
video_244,1,0.9796154499053955,3.872385263442993,train,False,missing,2,E:\m-hvc\datasets\old-dataset\frames_unique\video_244,0.0859096571803093,0.028647350147366524,0.8190497159957886,0.06639336049556732,1,2,0.9796154499053955
video_245,1,0.9455406665802002,2.854301929473877,val,True,human,2,E:\m-hvc\datasets\old-dataset\frames_unique\video_245,0.3743354082107544,0.012473509646952152,0.5984001159667969,0.014790925197303295,1,2,0.9455406665802002
video_246,1,0.9792667031288147,3.8550610542297363,train,False,missing,2,E:\m-hvc\datasets\old-dataset\frames_unique\video_246,0.08719761669635773,0.026684574782848358,0.8266293406486511,0.0594884417951107,1,2,0.9792667031288147
video_247,1,0.9781175255775452,3.7999448776245117,test,False,missing,2,E:\m-hvc\datasets\old-dataset\frames_unique\video_247,0.07628744095563889,0.02638935297727585,0.8394016027450562,0.05792158097028732,1,2,0.9781175255775452
video_248,1,0.9487000703811646,2.9174022674560547,train,True,human,2,E:\m-hvc\datasets\old-dataset\frames_unique\video_248,0.3700656592845917,0.012143540196120739,0.6032176613807678,0.014573171734809875,1,2,0.9487000703811646
video_249,1,0.9123648405075073,2.3428573608398438,val,True,human,2,E:\m-hvc\datasets\old-dataset\frames_unique\video_249,0.3793833255767822,0.011981052346527576,0.5994353890419006,0.009200159460306168,1,2,0.9123648405075073
video_25,1,0.3433413505554199,-0.6484392285346985,val,True,human,2,E:\m-hvc\datasets\old-dataset\frames_unique\video_25,0.9113321900367737,0.0013397701550275087,0.08639971166849136,0.0009282431565225124,1,0,0.6566586494445801
video_250,1,0.945880115032196,2.8609137535095215,train,True,human,2,E:\m-hvc\datasets\old-dataset\frames_unique\video_250,0.3915351927280426,0.011126380413770676,0.5857867002487183,0.011551721952855587,1,2,0.945880115032196
video_251,1,0.9269649982452393,2.540977954864502,train,True,human,2,E:\m-hvc\datasets\old-dataset\frames_unique\video_251,0.5120482444763184,0.011545874178409576,0.46010905504226685,0.016296815127134323,1,0,0.9269649982452393
video_252,1,0.04633073881268501,-3.0245113372802734,train,False,missing,2,E:\m-hvc\datasets\old-dataset\frames_unique\video_252,0.9224984049797058,0.00476765027269721,0.06827221065759659,0.004461763426661491,0,0,0.953669261187315
video_253,1,0.9336656928062439,2.644411563873291,train,False,missing,2,E:\m-hvc\datasets\old-dataset\frames_unique\video_253,0.1682000458240509,0.013969304040074348,0.799560010433197,0.01827063038945198,1,2,0.9336656928062439
video_254,1,0.9787003397941589,3.8275341987609863,train,False,missing,2,E:\m-hvc\datasets\old-dataset\frames_unique\video_254,0.09157441556453705,0.023910632357001305,0.8378625512123108,0.0466524139046669,1,2,0.9787003397941589
video_255,1,0.9681172370910645,3.4132871627807617,train,True,human,3,E:\m-hvc\datasets\old-dataset\frames_unique\video_255,0.024050040170550346,0.02128702774643898,0.06616601347923279,0.8884969353675842,1,3,0.9681172370910645
video_256,1,0.9597766399383545,3.172253131866455,train,False,missing,2,E:\m-hvc\datasets\old-dataset\frames_unique\video_256,0.10435111820697784,0.017818128690123558,0.8515385985374451,0.026292158290743828,1,2,0.9597766399383545
video_257,1,0.9247246980667114,2.5083441734313965,train,True,human,2,E:\m-hvc\datasets\old-dataset\frames_unique\video_257,0.4658227562904358,0.009484288282692432,0.5151298642158508,0.00956308376044035,1,2,0.9247246980667114
video_258,1,0.9620308876037598,3.2322731018066406,train,True,human,2,E:\m-hvc\datasets\old-dataset\frames_unique\video_258,0.050880081951618195,0.00482570193707943,0.9373102188110352,0.006984048988670111,1,2,0.9620308876037598
video_259,1,0.9351704716682434,2.6689682006835938,val,True,human,2,E:\m-hvc\datasets\old-dataset\frames_unique\video_259,0.43969178199768066,0.01081338431686163,0.5383580327033997,0.011136827059090137,1,2,0.9351704716682434
video_26,1,0.8585220575332642,1.8030686378479004,train,True,human,2,E:\m-hvc\datasets\old-dataset\frames_unique\video_26,0.6037288904190063,0.005385594442486763,0.3864893913269043,0.004396157804876566,1,0,0.8585220575332642
video_260,1,0.9570336937904358,3.1034233570098877,val,True,human,2,E:\m-hvc\datasets\old-dataset\frames_unique\video_260,0.033771779388189316,0.005456386599689722,0.9545374512672424,0.006234405562281609,1,2,0.9570336937904358
video_261,1,0.9775805473327637,3.7751502990722656,train,True,human,3,E:\m-hvc\datasets\old-dataset\frames_unique\video_261,0.03679080307483673,0.01526262890547514,0.2714609205722809,0.6764856576919556,1,3,0.9775805473327637
video_262,1,0.97897869348526,3.8409738540649414,train,False,missing,2,E:\m-hvc\datasets\old-dataset\frames_unique\video_262,0.08486898243427277,0.025207387283444405,0.8346465229988098,0.05527712032198906,1,2,0.97897869348526
video_263,1,0.976108968257904,3.710069417953491,train,False,missing,2,E:\m-hvc\datasets\old-dataset\frames_unique\video_263,0.10657592862844467,0.01703888177871704,0.844076931476593,0.032308269292116165,1,2,0.976108968257904
video_264,0,0.02760494127869606,-3.561767339706421,train,False,missing,0,E:\m-hvc\datasets\old-dataset\frames_unique\video_264,0.937674880027771,0.007779968436807394,0.046448636800050735,0.008096493780612946,0,0,0.9723950587213039
video_265,1,0.9795659184455872,3.8699045181274414,train,False,missing,2,E:\m-hvc\datasets\old-dataset\frames_unique\video_265,0.09226209670305252,0.022113585844635963,0.8410491943359375,0.044575124979019165,1,2,0.9795659184455872
video_266,1,0.9672544598579407,3.3856945037841797,train,False,missing,2,E:\m-hvc\datasets\old-dataset\frames_unique\video_266,0.1095789298415184,0.01478341780602932,0.8526227474212646,0.02301497384905815,1,2,0.9672544598579407
video_267,1,0.9767223000526428,3.7367095947265625,train,False,missing,2,E:\m-hvc\datasets\old-dataset\frames_unique\video_267,0.10122676193714142,0.021818779408931732,0.8323050737380981,0.044649384915828705,1,2,0.9767223000526428
video_268,1,0.9781548380851746,3.801689386367798,train,False,missing,2,E:\m-hvc\datasets\old-dataset\frames_unique\video_268,0.08713573962450027,0.03285524621605873,0.8087494373321533,0.0712595283985138,1,2,0.9781548380851746
video_269,1,0.9792488813400269,3.8541836738586426,train,False,missing,2,E:\m-hvc\datasets\old-dataset\frames_unique\video_269,0.08781028538942337,0.027796320617198944,0.8252213597297668,0.05917203798890114,1,2,0.9792488813400269
video_27,1,0.9545827507972717,3.045382499694824,val,True,human,3,E:\m-hvc\datasets\old-dataset\frames_unique\video_27,0.10914533585309982,0.04852500930428505,0.16886813938617706,0.6734615564346313,1,3,0.9545827507972717
video_270,1,0.9544571042060852,3.042487382888794,train,False,missing,2,E:\m-hvc\datasets\old-dataset\frames_unique\video_270,0.1417030394077301,0.01651736907660961,0.8182841539382935,0.02349546179175377,1,2,0.9544571042060852
video_271,0,0.19787906110286713,-1.3996033668518066,train,True,asr,0,E:\m-hvc\datasets\old-dataset\frames_unique\video_271,0.9455268979072571,0.0007972696330398321,0.05319172516465187,0.00048410994349978864,0,0,0.8021209388971329
video_272,1,0.9804455637931824,3.9148056507110596,train,False,missing,2,E:\m-hvc\datasets\old-dataset\frames_unique\video_272,0.08339252322912216,0.028415046632289886,0.8272442817687988,0.060948118567466736,1,2,0.9804455637931824
video_273,1,0.010543443262577057,-4.541651725769043,test,True,human,2,E:\m-hvc\datasets\old-dataset\frames_unique\video_273,0.9922513365745544,0.0005416226922534406,0.006773060653358698,0.0004339788283687085,0,0,0.9894565567374229
video_274,1,0.973924994468689,3.620359182357788,test,False,missing,2,E:\m-hvc\datasets\old-dataset\frames_unique\video_274,0.10179709643125534,0.018778039142489433,0.8479930758476257,0.031431782990694046,1,2,0.973924994468689
video_275,1,0.9466963410377502,2.876973867416382,train,True,human,2,E:\m-hvc\datasets\old-dataset\frames_unique\video_275,0.028673214837908745,0.0027100848965346813,0.9652205109596252,0.003396152053028345,1,2,0.9466963410377502
video_276,1,0.6056554913520813,0.42908644676208496,train,False,missing,2,E:\m-hvc\datasets\old-dataset\frames_unique\video_276,0.4538148045539856,0.021703746169805527,0.5058978796005249,0.018583619967103004,1,2,0.6056554913520813
video_277,1,0.0580267570912838,-2.7870726585388184,val,True,human,2,E:\m-hvc\datasets\old-dataset\frames_unique\video_277,0.980476975440979,0.0005137615953572094,0.01866806112229824,0.00034122655051760375,0,0,0.9419732429087162
video_278,1,0.9231277704238892,2.485623598098755,train,True,human,2,E:\m-hvc\datasets\old-dataset\frames_unique\video_278,0.38095682859420776,0.008254637010395527,0.6034983992576599,0.00729004293680191,1,2,0.9231277704238892
video_279,1,0.08117450028657913,-2.42649507522583,test,True,human,2,E:\m-hvc\datasets\old-dataset\frames_unique\video_279,0.6399059295654297,0.020608050748705864,0.33138057589530945,0.008105446584522724,0,0,0.9188254997134209
video_28,1,0.7108073234558105,0.8993082642555237,train,True,human,2,E:\m-hvc\datasets\old-dataset\frames_unique\video_28,0.736172616481781,0.003191896714270115,0.25810474157333374,0.0025307766627520323,1,0,0.7108073234558105
video_280,0,0.7794055342674255,1.2622053623199463,train,True,human,0,E:\m-hvc\datasets\old-dataset\frames_unique\video_280,0.14064346253871918,0.14392855763435364,0.23332220315933228,0.48210567235946655,1,3,0.7794055342674255
video_281,1,0.9680498838424683,3.4111056327819824,train,True,human,2,E:\m-hvc\datasets\old-dataset\frames_unique\video_281,0.04635894298553467,0.009647659957408905,0.9342712759971619,0.009722168557345867,1,2,0.9680498838424683
video_282,1,0.6025884747505188,0.41626209020614624,train,True,human,2,E:\m-hvc\datasets\old-dataset\frames_unique\video_282,0.8315401077270508,0.005775944329798222,0.1602424830198288,0.002441477496176958,1,0,0.6025884747505188
video_283,1,0.9520439505577087,2.9883270263671875,train,True,asr,2,E:\m-hvc\datasets\old-dataset\frames_unique\video_283,0.34508922696113586,0.008468099869787693,0.6367100477218628,0.009732590988278389,1,2,0.9520439505577087
video_284,1,0.9380465745925903,2.7174160480499268,train,True,human,2,E:\m-hvc\datasets\old-dataset\frames_unique\video_284,0.4388431906700134,0.012960713356733322,0.5347121357917786,0.013483994640409946,1,2,0.9380465745925903
video_285,1,0.9773023128509521,3.7625350952148438,train,False,missing,2,E:\m-hvc\datasets\old-dataset\frames_unique\video_285,0.09738367795944214,0.022436926141381264,0.8374429941177368,0.042736347764730453,1,2,0.9773023128509521
video_286,1,0.9793969392776489,3.8614935874938965,train,False,missing,2,E:\m-hvc\datasets\old-dataset\frames_unique\video_286,0.08470626175403595,0.036780864000320435,0.7879586815834045,0.0905541405081749,1,2,0.9793969392776489
video_287,1,0.9748688340187073,3.658196449279785,train,False,missing,2,E:\m-hvc\datasets\old-dataset\frames_unique\video_287,0.10406237840652466,0.01825730688869953,0.8461182117462158,0.03156214579939842,1,2,0.9748688340187073
video_288,1,0.9767582416534424,3.7382888793945312,train,False,missing,2,E:\m-hvc\datasets\old-dataset\frames_unique\video_288,0.0941571369767189,0.024929802864789963,0.8314626216888428,0.049450501799583435,1,2,0.9767582416534424
video_289,1,0.6930121183395386,0.8142390251159668,test,True,asr,2,E:\m-hvc\datasets\old-dataset\frames_unique\video_289,0.5884652733802795,0.1853654533624649,0.17794057726860046,0.048228681087493896,1,0,0.6930121183395386
video_29,1,0.9270921349525452,2.5428571701049805,train,True,human,2,E:\m-hvc\datasets\old-dataset\frames_unique\video_29,0.3128805160522461,0.0369211882352829,0.6309581995010376,0.019240103662014008,1,2,0.9270921349525452
video_290,1,0.9746613502502441,3.6497583389282227,train,False,missing,2,E:\m-hvc\datasets\old-dataset\frames_unique\video_290,0.10561717301607132,0.018997883424162865,0.842526912689209,0.032858096063137054,1,2,0.9746613502502441
video_291,1,0.6906586289405823,0.8032003045082092,val,False,missing,2,E:\m-hvc\datasets\old-dataset\frames_unique\video_291,0.3984484076499939,0.022323261946439743,0.555551290512085,0.023676972836256027,1,2,0.6906586289405823
video_3,1,0.961033284664154,3.205300807952881,train,False,missing,2,E:\m-hvc\datasets\old-dataset\frames_unique\video_3,0.10962133854627609,0.021644899621605873,0.8330315947532654,0.035702191293239594,1,2,0.961033284664154
video_30,1,0.824237585067749,1.545325517654419,train,False,missing,2,E:\m-hvc\datasets\old-dataset\frames_unique\video_30,0.2753335237503052,0.011151405982673168,0.7016957998275757,0.011819240637123585,1,2,0.824237585067749
video_31,1,0.9641364216804504,3.2915101051330566,train,True,asr,1,E:\m-hvc\datasets\old-dataset\frames_unique\video_31,0.11627320200204849,0.14703550934791565,0.6597797870635986,0.07691147923469543,1,2,0.9641364216804504
video_32,1,0.970037043094635,3.477375030517578,train,False,missing,2,E:\m-hvc\datasets\old-dataset\frames_unique\video_32,0.10580181330442429,0.013824678026139736,0.857889711856842,0.02248382940888405,1,2,0.970037043094635
video_34,1,0.7329007983207703,1.0093903541564941,test,True,asr,2,E:\m-hvc\datasets\old-dataset\frames_unique\video_34,0.7475075721740723,0.003886633552610874,0.2441103756427765,0.004495378118008375,1,0,0.7329007983207703
video_35,1,0.9544016122817993,3.0412116050720215,train,False,missing,2,E:\m-hvc\datasets\old-dataset\frames_unique\video_35,0.14257648587226868,0.015743521973490715,0.813369870185852,0.02831016480922699,1,2,0.9544016122817993
video_36,1,0.967221200466156,3.3846468925476074,train,False,missing,2,E:\m-hvc\datasets\old-dataset\frames_unique\video_36,0.11466433852910995,0.01764523796737194,0.8367586135864258,0.030931826680898666,1,2,0.967221200466156
video_37,1,0.9557742476463318,3.073214530944824,val,True,asr,2,E:\m-hvc\datasets\old-dataset\frames_unique\video_37,0.3272840678691864,0.010040952824056149,0.6495179533958435,0.013157041743397713,1,2,0.9557742476463318
video_38,1,0.5810551047325134,0.3271062672138214,train,True,human,2,E:\m-hvc\datasets\old-dataset\frames_unique\video_38,0.8429062366485596,0.005179230123758316,0.14907948672771454,0.0028350406792014837,1,0,0.5810551047325134
video_39,1,0.10611127316951752,-2.1310930252075195,train,False,missing,2,E:\m-hvc\datasets\old-dataset\frames_unique\video_39,0.8621001839637756,0.0067830318585038185,0.12413155287504196,0.0069851987063884735,0,0,0.8938887268304825
video_4,1,0.9779152870178223,3.790538787841797,train,False,missing,2,E:\m-hvc\datasets\old-dataset\frames_unique\video_4,0.08908963203430176,0.02981659583747387,0.8124347925186157,0.06865900754928589,1,2,0.9779152870178223
video_40,1,0.9657383561134338,3.3388662338256836,test,True,human,3,E:\m-hvc\datasets\old-dataset\frames_unique\video_40,0.021607104688882828,0.018204152584075928,0.056831806898117065,0.9033569693565369,1,3,0.9657383561134338
video_41,1,0.10533570498228073,-2.139296054840088,train,True,asr,2,E:\m-hvc\datasets\old-dataset\frames_unique\video_41,0.9659299254417419,0.0004415334842633456,0.03328320384025574,0.0003452225064393133,0,0,0.8946642950177193
video_42,1,0.9797098636627197,3.877124309539795,train,False,missing,2,E:\m-hvc\datasets\old-dataset\frames_unique\video_42,0.0879768654704094,0.02558009698987007,0.8261419534683228,0.060301147401332855,1,2,0.9797098636627197
video_43,1,0.9716598987579346,3.5347280502319336,train,True,asr,1,E:\m-hvc\datasets\old-dataset\frames_unique\video_43,0.0811912938952446,0.21653036773204803,0.5908945798873901,0.11138372868299484,1,2,0.9716598987579346
video_44,1,0.9791945815086365,3.8515143394470215,test,False,missing,2,E:\m-hvc\datasets\old-dataset\frames_unique\video_44,0.08956307172775269,0.026783369481563568,0.8228541612625122,0.06079946830868721,1,2,0.9791945815086365
video_45,1,0.9675641655921936,3.3955185413360596,test,True,human,2,E:\m-hvc\datasets\old-dataset\frames_unique\video_45,0.05629091337323189,0.026005646213889122,0.8391968011856079,0.07850656658411026,1,2,0.9675641655921936
video_46,1,0.2197565883398056,-1.2670855522155762,train,True,human,2,E:\m-hvc\datasets\old-dataset\frames_unique\video_46,0.9404991269111633,0.0015818963292986155,0.05696837976574898,0.0009505323832854629,0,0,0.7802434116601944
video_47,1,0.9769880771636963,3.748459815979004,train,False,missing,2,E:\m-hvc\datasets\old-dataset\frames_unique\video_47,0.09425859898328781,0.02217203751206398,0.8408064246177673,0.042762938886880875,1,2,0.9769880771636963
video_48,1,0.9548504948616028,3.051574945449829,train,True,asr,2,E:\m-hvc\datasets\old-dataset\frames_unique\video_48,0.3235348165035248,0.012030966579914093,0.6476103067398071,0.016823967918753624,1,2,0.9548504948616028
video_49,1,0.11545372009277344,-2.0362050533294678,test,False,missing,2,E:\m-hvc\datasets\old-dataset\frames_unique\video_49,0.7985178232192993,0.0069641778245568275,0.1864776611328125,0.008040322922170162,0,0,0.8845462799072266
video_5,1,0.9756053686141968,3.6886966228485107,test,False,missing,2,E:\m-hvc\datasets\old-dataset\frames_unique\video_5,0.0879703015089035,0.03388700634241104,0.8017349243164062,0.0764077678322792,1,2,0.9756053686141968
video_50,1,0.9784926772117615,3.8176229000091553,train,False,missing,2,E:\m-hvc\datasets\old-dataset\frames_unique\video_50,0.0975344255566597,0.02232145518064499,0.8312613368034363,0.04888278245925903,1,2,0.9784926772117615
video_51,1,0.9461847543716431,2.8668808937072754,train,True,human,2,E:\m-hvc\datasets\old-dataset\frames_unique\video_51,0.3823642432689667,0.013416986912488937,0.5874629616737366,0.01675584726035595,1,2,0.9461847543716431
video_52,1,0.11695505678653717,-2.0215864181518555,test,True,human,1,E:\m-hvc\datasets\old-dataset\frames_unique\video_52,0.7712963819503784,0.10868865996599197,0.08653323352336884,0.03348170593380928,0,0,0.8830449432134628
video_53,1,0.9796439409255981,3.873812675476074,train,False,missing,2,E:\m-hvc\datasets\old-dataset\frames_unique\video_53,0.08506844937801361,0.02642381750047207,0.8321527242660522,0.05635503679513931,1,2,0.9796439409255981
video_54,1,0.9771595597267151,3.7561182975769043,train,False,missing,2,E:\m-hvc\datasets\old-dataset\frames_unique\video_54,0.0913209468126297,0.02395755797624588,0.8274763226509094,0.05724511668086052,1,2,0.9771595597267151
video_55,1,0.931532621383667,2.6104750633239746,train,True,human,2,E:\m-hvc\datasets\old-dataset\frames_unique\video_55,0.4763081967830658,0.012862535193562508,0.49838921427726746,0.012440023943781853,1,2,0.931532621383667
video_56,1,0.974644124507904,3.649060010910034,train,True,asr,3,E:\m-hvc\datasets\old-dataset\frames_unique\video_56,0.05784527212381363,0.07974748313426971,0.23458392918109894,0.6278233528137207,1,3,0.974644124507904
video_57,1,0.9805010557174683,3.9177048206329346,train,False,missing,2,E:\m-hvc\datasets\old-dataset\frames_unique\video_57,0.08694960922002792,0.029280120506882668,0.8153610229492188,0.06840928643941879,1,2,0.9805010557174683
video_58,1,0.941950798034668,2.7866625785827637,test,True,asr,2,E:\m-hvc\datasets\old-dataset\frames_unique\video_58,0.4036075472831726,0.008567205630242825,0.5773705840110779,0.010454610921442509,1,2,0.941950798034668
video_59,1,0.9793614745140076,3.8597400188446045,train,False,missing,2,E:\m-hvc\datasets\old-dataset\frames_unique\video_59,0.09246975928544998,0.024737956002354622,0.8268855810165405,0.05590670928359032,1,2,0.9793614745140076
video_6,1,0.9272016286849976,2.5444765090942383,val,True,asr,2,E:\m-hvc\datasets\old-dataset\frames_unique\video_6,0.42386406660079956,0.009557262994349003,0.5547077059745789,0.011870929040014744,1,2,0.9272016286849976
video_60,1,0.9756808280944824,3.6918678283691406,train,True,asr,2,E:\m-hvc\datasets\old-dataset\frames_unique\video_60,0.05129166319966316,0.01359547208994627,0.9017788171768188,0.03333403542637825,1,2,0.9756808280944824
video_61,1,0.9667401313781738,3.3695778846740723,val,True,human,2,E:\m-hvc\datasets\old-dataset\frames_unique\video_61,0.1574563980102539,0.03676147386431694,0.7739171385765076,0.031865015625953674,1,2,0.9667401313781738
video_611,0,0.9762518405914307,3.7162160873413086,test,False,missing,0,E:\m-hvc\datasets\old-dataset\frames_unique\video_611,0.09930270910263062,0.021309249103069305,0.8383958339691162,0.04099220782518387,1,2,0.9762518405914307
video_612,1,0.9795229434967041,3.867762327194214,val,False,missing,2,E:\m-hvc\datasets\old-dataset\frames_unique\video_612,0.08979829400777817,0.02659594640135765,0.8238236904144287,0.05978197231888771,1,2,0.9795229434967041
video_613,0,0.9782202243804932,3.8047502040863037,train,False,missing,0,E:\m-hvc\datasets\old-dataset\frames_unique\video_613,0.09481235593557358,0.026267684996128082,0.822859525680542,0.05606041103601456,1,2,0.9782202243804932
video_614,1,0.9787368774414062,3.829291343688965,train,False,missing,2,E:\m-hvc\datasets\old-dataset\frames_unique\video_614,0.09317699074745178,0.02765735425055027,0.8200828433036804,0.05908285826444626,1,2,0.9787368774414062
video_615,1,0.9782454371452332,3.8059351444244385,test,False,missing,2,E:\m-hvc\datasets\old-dataset\frames_unique\video_615,0.09488089382648468,0.02695721574127674,0.8180730938911438,0.060088787227869034,1,2,0.9782454371452332
video_616,1,0.6055018901824951,0.42844340205192566,val,True,human,2,E:\m-hvc\datasets\old-dataset\frames_unique\video_616,0.8301631212234497,0.002159463707357645,0.16546085476875305,0.0022166285198181868,1,0,0.6055018901824951
video_617,0,0.9769281148910522,3.7457985877990723,val,False,missing,0,E:\m-hvc\datasets\old-dataset\frames_unique\video_617,0.09590382874011993,0.028150146827101707,0.8209448456764221,0.0550011582672596,1,2,0.9769281148910522
video_618,1,0.9628472328186035,3.254856824874878,test,False,missing,2,E:\m-hvc\datasets\old-dataset\frames_unique\video_618,0.12498791515827179,0.015047682449221611,0.8360126614570618,0.02395171858370304,1,2,0.9628472328186035
video_62,1,0.9670600891113281,3.379575490951538,train,True,human,2,E:\m-hvc\datasets\old-dataset\frames_unique\video_62,0.2714637815952301,0.04923619329929352,0.596714973449707,0.08258506655693054,1,2,0.9670600891113281
video_623,1,0.8820248246192932,2.0117459297180176,train,True,asr,2,E:\m-hvc\datasets\old-dataset\frames_unique\video_623,0.5526561737060547,0.00854934100061655,0.43216946721076965,0.006625033915042877,1,0,0.8820248246192932
video_624,1,0.979373574256897,3.8603389263153076,val,False,missing,2,E:\m-hvc\datasets\old-dataset\frames_unique\video_624,0.08941887319087982,0.026964526623487473,0.8256623148918152,0.057954177260398865,1,2,0.979373574256897
video_625,1,0.97129887342453,3.521695613861084,test,False,missing,2,E:\m-hvc\datasets\old-dataset\frames_unique\video_625,0.09923183172941208,0.03293054923415184,0.8089994192123413,0.05883824825286865,1,2,0.97129887342453
video_626,1,0.9522173404693604,2.9921295642852783,train,True,asr,2,E:\m-hvc\datasets\old-dataset\frames_unique\video_626,0.3494011461734772,0.013047411106526852,0.6191256046295166,0.018425816670060158,1,2,0.9522173404693604
video_627,1,0.9496243000030518,2.9365572929382324,train,True,asr,2,E:\m-hvc\datasets\old-dataset\frames_unique\video_627,0.36811894178390503,0.014185861684381962,0.59824538230896,0.019449837505817413,1,2,0.9496243000030518
video_628,1,0.9796004891395569,3.8716351985931396,val,False,missing,2,E:\m-hvc\datasets\old-dataset\frames_unique\video_628,0.08847363293170929,0.02736637182533741,0.8262695074081421,0.0578903928399086,1,2,0.9796004891395569
video_629,1,0.958964467048645,3.1514148712158203,train,True,asr,2,E:\m-hvc\datasets\old-dataset\frames_unique\video_629,0.32008323073387146,0.010636338964104652,0.6533794403076172,0.015901045873761177,1,2,0.958964467048645
video_63,1,0.8892397880554199,2.0829992294311523,train,True,asr,2,E:\m-hvc\datasets\old-dataset\frames_unique\video_63,0.5473330020904541,0.0051107085309922695,0.442082941532135,0.005473332479596138,1,0,0.8892397880554199
video_630,1,0.9791231155395508,3.848015069961548,val,False,missing,2,E:\m-hvc\datasets\old-dataset\frames_unique\video_630,0.08679758012294769,0.035130515694618225,0.7963265776634216,0.08174532651901245,1,2,0.9791231155395508
video_631,0,0.11295560002326965,-2.0609002113342285,train,True,human,0,E:\m-hvc\datasets\old-dataset\frames_unique\video_631,0.9735935926437378,0.0005019799573346972,0.02556254342198372,0.00034194570616818964,0,0,0.8870443999767303
video_632,1,0.7844610810279846,1.2918553352355957,train,True,human,2,E:\m-hvc\datasets\old-dataset\frames_unique\video_632,0.7090698480606079,0.003584625432267785,0.2843472361564636,0.0029982984997332096,1,0,0.7844610810279846
video_633,0,0.007701934780925512,-4.858551979064941,train,True,human,0,E:\m-hvc\datasets\old-dataset\frames_unique\video_633,0.9918598532676697,0.000553023477550596,0.007117765955626965,0.00046941160690039396,0,0,0.9922980652190745
video_634,0,0.08312942832708359,-2.4005675315856934,val,False,missing,0,E:\m-hvc\datasets\old-dataset\frames_unique\video_634,0.8603383898735046,0.00901939906179905,0.12211045622825623,0.008531775325536728,0,0,0.9168705716729164
video_635,0,0.010648696683347225,-4.531611919403076,train,True,human,0,E:\m-hvc\datasets\old-dataset\frames_unique\video_635,0.9907113909721375,0.000652826449368149,0.00806795246899128,0.0005679182941094041,0,0,0.9893513033166528
video_636,1,0.959857702255249,3.1743550300598145,train,True,human,2,E:\m-hvc\datasets\old-dataset\frames_unique\video_636,0.03137284144759178,0.0035197052638977766,0.9591591954231262,0.005948249250650406,1,2,0.959857702255249
video_637,0,0.8643999099731445,1.8523257970809937,val,True,human,0,E:\m-hvc\datasets\old-dataset\frames_unique\video_637,0.632512092590332,0.006757126655429602,0.35224342346191406,0.00848738756030798,1,0,0.8643999099731445
video_638,0,0.007536908145993948,-4.880377769470215,train,True,human,0,E:\m-hvc\datasets\old-dataset\frames_unique\video_638,0.9933253526687622,0.0005402374663390219,0.005708995740860701,0.000425392558099702,0,0,0.992463091854006
video_639,0,0.018559692427515984,-3.968029022216797,val,True,human,0,E:\m-hvc\datasets\old-dataset\frames_unique\video_639,0.9903752207756042,0.00037983086076565087,0.008963389322161674,0.0002815011248458177,0,0,0.981440307572484
video_64,1,0.972854495048523,3.5790212154388428,test,True,asr,2,E:\m-hvc\datasets\old-dataset\frames_unique\video_64,0.05262819305062294,0.012545122765004635,0.9053967595100403,0.029429910704493523,1,2,0.972854495048523
video_640,1,0.9429849982261658,2.8057360649108887,val,True,human,2,E:\m-hvc\datasets\old-dataset\frames_unique\video_640,0.42041677236557007,0.012213741429150105,0.55202716588974,0.015342249535024166,1,2,0.9429849982261658
video_641,0,0.4210033416748047,-0.318655788898468,test,True,human,0,E:\m-hvc\datasets\old-dataset\frames_unique\video_641,0.9080555438995361,0.003049523802474141,0.08665771782398224,0.0022372775711119175,1,0,0.5789966583251953
video_642,0,0.06589745730161667,-2.651486396789551,train,True,human,0,E:\m-hvc\datasets\old-dataset\frames_unique\video_642,0.9803255796432495,0.0006531969993375242,0.018602680414915085,0.00041854134178720415,0,0,0.9341025426983833
video_643,0,0.014382883906364441,-4.227229118347168,train,True,human,0,E:\m-hvc\datasets\old-dataset\frames_unique\video_643,0.9678512811660767,0.0016130683943629265,0.02902463637292385,0.0015110227977856994,0,0,0.9856171160936356
video_66,1,0.9637132287025452,3.2793397903442383,val,True,human,2,E:\m-hvc\datasets\old-dataset\frames_unique\video_66,0.1966618001461029,0.11764182895421982,0.6060086488723755,0.07968773692846298,1,2,0.9637132287025452
video_67,1,0.9427642822265625,2.801637649536133,val,True,asr,2,E:\m-hvc\datasets\old-dataset\frames_unique\video_67,0.4007616639137268,0.007257264573127031,0.583206832408905,0.0087742293253541,1,2,0.9427642822265625
video_7,0,0.07298536598682404,-2.541710376739502,train,True,human,0,E:\m-hvc\datasets\old-dataset\frames_unique\video_7,0.55583256483078,0.005910100881010294,0.4311206638813019,0.007136683911085129,0,0,0.927014634013176
video_70,1,0.9775723814964294,3.7747771739959717,test,False,missing,2,E:\m-hvc\datasets\old-dataset\frames_unique\video_70,0.09227379411458969,0.022144988179206848,0.8388549089431763,0.046726349741220474,1,2,0.9775723814964294
video_71,0,0.010591025464236736,-4.537100791931152,train,True,human,0,E:\m-hvc\datasets\old-dataset\frames_unique\video_71,0.9918715953826904,0.0005042002885602415,0.007187203969806433,0.00043693947372958064,0,0,0.9894089745357633
video_72,1,0.8946359753608704,2.13899564743042,train,True,asr,2,E:\m-hvc\datasets\old-dataset\frames_unique\video_72,0.5393914580345154,0.007671165745705366,0.44379106163978577,0.00914627406746149,1,0,0.8946359753608704
video_73,1,0.9778801798820496,3.7889139652252197,val,False,missing,2,E:\m-hvc\datasets\old-dataset\frames_unique\video_73,0.09798940271139145,0.021057739853858948,0.837952196598053,0.04300056770443916,1,2,0.9778801798820496
video_74,1,0.9544559121131897,3.0424609184265137,train,True,asr,2,E:\m-hvc\datasets\old-dataset\frames_unique\video_74,0.3401748239994049,0.011390413157641888,0.6314166784286499,0.01701807789504528,1,2,0.9544559121131897
video_75,1,0.9374293684959412,2.7068445682525635,val,True,human,1,E:\m-hvc\datasets\old-dataset\frames_unique\video_75,0.202351912856102,0.1253858506679535,0.6287429332733154,0.04351929575204849,1,2,0.9374293684959412
video_76,1,0.9785448312759399,3.8201022148132324,train,False,missing,2,E:\m-hvc\datasets\old-dataset\frames_unique\video_76,0.09388921409845352,0.026457149535417557,0.8268169164657593,0.05283665657043457,1,2,0.9785448312759399
video_77,1,0.955315351486206,3.062411308288574,val,True,asr,2,E:\m-hvc\datasets\old-dataset\frames_unique\video_77,0.3349693715572357,0.012164953164756298,0.6364195942878723,0.016446059569716454,1,2,0.955315351486206
video_78,1,0.9801817536354065,3.901132345199585,train,False,missing,2,E:\m-hvc\datasets\old-dataset\frames_unique\video_78,0.09164264798164368,0.02464577555656433,0.8333771228790283,0.05033441260457039,1,2,0.9801817536354065
video_79,1,0.950483500957489,2.9546637535095215,train,True,human,2,E:\m-hvc\datasets\old-dataset\frames_unique\video_79,0.2872139811515808,0.011154940351843834,0.6876955628395081,0.013935553841292858,1,2,0.950483500957489
video_8,1,0.9635702967643738,3.275261163711548,train,False,missing,2,E:\m-hvc\datasets\old-dataset\frames_unique\video_8,0.12128335982561111,0.022940196096897125,0.818557620048523,0.037218838930130005,1,2,0.9635702967643738
video_80,1,0.9074270725250244,2.2826170921325684,train,True,human,2,E:\m-hvc\datasets\old-dataset\frames_unique\video_80,0.5134685635566711,0.007432944606989622,0.472529798746109,0.00656868377700448,1,0,0.9074270725250244
video_81,0,0.09201929718255997,-2.289224863052368,train,True,asr,0,E:\m-hvc\datasets\old-dataset\frames_unique\video_81,0.5425891876220703,0.00527837872505188,0.4458877444267273,0.006244713440537453,0,0,0.90798070281744
video_82,0,0.9772785305976868,3.761462450027466,test,False,missing,0,E:\m-hvc\datasets\old-dataset\frames_unique\video_82,0.09247854351997375,0.038085561245679855,0.7942624688148499,0.07517335563898087,1,2,0.9772785305976868
video_83,0,0.010423230938613415,-4.5532402992248535,train,True,human,0,E:\m-hvc\datasets\old-dataset\frames_unique\video_83,0.9917627573013306,0.0008165469625964761,0.006871780380606651,0.0005490139010362327,0,0,0.9895767690613866
video_84,0,0.9802078604698181,3.902482032775879,train,False,missing,0,E:\m-hvc\datasets\old-dataset\frames_unique\video_84,0.09202313423156738,0.026106560602784157,0.8252219557762146,0.056648436933755875,1,2,0.9802078604698181
video_85,0,0.9653924703598022,3.3284647464752197,train,False,missing,0,E:\m-hvc\datasets\old-dataset\frames_unique\video_85,0.09547651559114456,0.05068599805235863,0.7601072788238525,0.09373018890619278,1,2,0.9653924703598022
video_87,0,0.9645431041717529,3.303335189819336,test,False,missing,0,E:\m-hvc\datasets\old-dataset\frames_unique\video_87,0.10944857448339462,0.023233791813254356,0.8312849402427673,0.03603266552090645,1,2,0.9645431041717529
video_88,0,0.9159317016601562,2.388312816619873,train,True,human,0,E:\m-hvc\datasets\old-dataset\frames_unique\video_88,0.4855909049510956,0.006893262732774019,0.5006619095802307,0.006853921804577112,1,2,0.9159317016601562
video_89,1,0.9668975472450256,3.3744843006134033,train,False,missing,2,E:\m-hvc\datasets\old-dataset\frames_unique\video_89,0.11402371525764465,0.020669085904955864,0.8293524980545044,0.03595462068915367,1,2,0.9668975472450256
video_90,1,0.15789851546287537,-1.673948049545288,train,True,asr,2,E:\m-hvc\datasets\old-dataset\frames_unique\video_90,0.9535147547721863,0.0010377493454143405,0.04471078887581825,0.0007367490907199681,0,0,0.8421014845371246
video_91,1,0.9560341835021973,3.0793797969818115,train,True,human,2,E:\m-hvc\datasets\old-dataset\frames_unique\video_91,0.3796049952507019,0.021018879488110542,0.5720153450965881,0.027360770851373672,1,2,0.9560341835021973
video_92,1,0.8739426136016846,1.9362773895263672,train,True,asr,2,E:\m-hvc\datasets\old-dataset\frames_unique\video_92,0.6131527423858643,0.004468555562198162,0.37710195779800415,0.005276696756482124,1,0,0.8739426136016846
video_93,1,0.8216033577919006,1.5272481441497803,train,True,human,2,E:\m-hvc\datasets\old-dataset\frames_unique\video_93,0.5463453531265259,0.00429254025220871,0.4457736313343048,0.0035884911194443703,1,0,0.8216033577919006
video_94,1,0.9801124334335327,3.8975718021392822,train,False,missing,2,E:\m-hvc\datasets\old-dataset\frames_unique\video_94,0.09223560988903046,0.02745087258517742,0.8236960768699646,0.056617483496665955,1,2,0.9801124334335327
video_95,1,0.9769790768623352,3.748063802719116,train,False,missing,2,E:\m-hvc\datasets\old-dataset\frames_unique\video_95,0.0950758308172226,0.022196458652615547,0.8400240540504456,0.042703595012426376,1,2,0.9769790768623352
video_96,1,0.9545008540153503,3.0434951782226562,train,True,asr,2,E:\m-hvc\datasets\old-dataset\frames_unique\video_96,0.3529566526412964,0.012233150191605091,0.6183236837387085,0.016486549749970436,1,2,0.9545008540153503
video_97,1,0.9586848020553589,3.144331932067871,train,True,human,2,E:\m-hvc\datasets\old-dataset\frames_unique\video_97,0.27907079458236694,0.03769170492887497,0.6430625319480896,0.040174975991249084,1,2,0.9586848020553589
video_98,1,0.9792018532752991,3.851872444152832,val,False,missing,2,E:\m-hvc\datasets\old-dataset\frames_unique\video_98,0.09328810125589371,0.025801802054047585,0.8257232308387756,0.055186837911605835,1,2,0.9792018532752991
