source_video_id,old_label,suggested_label,issue_type,prob_hate,model_confidence,teacher_binary_prob,teacher_confidence,transcript_source,frame_dir,reason,split,teacher_agreement,auto_relabel
BV1Ts4y1A7XN,1,0,suspected_false_positive_label,0.0081456704065203,0.9918543295934797,0.0028381932061165,0.122054732218696,asr,E:\m-hvc\datasets\old-dataset\frames_unique\BV1Ts4y1A7XN,auto: no_usable_teacher; model_prob<=0.050,test,unavailable,True
BV1jk4y1Q7JZ,1,0,suspected_false_positive_label,0.0082849543541669,0.9917150456458331,0.0021486394107341,0.4242141594367639,asr,E:\m-hvc\datasets\old-dataset\frames_unique\BV1jk4y1Q7JZ,auto: no_usable_teacher; model_prob<=0.050,val,unavailable,True
BV1SH4y1D7kF,1,0,suspected_false_positive_label,0.008581792935729,0.991418207064271,0.0045201033353805,0.6833821102609119,asr,E:\m-hvc\datasets\old-dataset\frames_unique\BV1SH4y1D7kF,auto: model_prob<=0.100; teacher_agrees; teacher_confidence>=0.550,train,strong_agree,True
video_144,1,0,suspected_false_positive_label,0.0086778681725263,0.9913221318274738,0.0017931909533217,0.9983702898025512,human,E:\m-hvc\datasets\old-dataset\frames_unique\video_144,auto: model_prob<=0.100; teacher_agrees; teacher_confidence>=0.550,train,strong_agree,True
BV11S4y1X7Qc,1,0,suspected_false_positive_label,0.0088812885805964,0.9911187114194036,0.0017146350583061,0.1472546694477358,asr,E:\m-hvc\datasets\old-dataset\frames_unique\BV11S4y1X7Qc,auto: no_usable_teacher; model_prob<=0.050,test,unavailable,True
BV1aV4y1b7tA,1,0,suspected_false_positive_label,0.0091169141232967,0.9908830858767033,0.0005910601466894,0.1704499434255757,asr,E:\m-hvc\datasets\old-dataset\frames_unique\BV1aV4y1b7tA,auto: no_usable_teacher; model_prob<=0.050,test,unavailable,True
hate_video_270,1,0,suspected_false_positive_label,0.0091744754463434,0.9908255245536566,0.0015365040162578,0.4406103303013782,asr,E:\m-hvc\datasets\old-dataset\frames_unique\hate_video_270,auto: no_usable_teacher; model_prob<=0.050,train,unavailable,True
BV1Sh4y1L74E,1,0,suspected_false_positive_label,0.0093047143891453,0.9906952856108547,0.0073028365150094,0.3562213465609715,asr,E:\m-hvc\datasets\old-dataset\frames_unique\BV1Sh4y1L74E,auto: no_usable_teacher; model_prob<=0.050,test,unavailable,True
BV1Qb4y197h5,1,0,suspected_false_positive_label,0.0093815000727772,0.9906184999272228,0.0004775205743499,0.499596475446703,asr,E:\m-hvc\datasets\old-dataset\frames_unique\BV1Qb4y197h5,auto: no_usable_teacher; model_prob<=0.050,train,unavailable,True
video_169,1,0,suspected_false_positive_label,0.0096315871924161,0.9903684128075839,0.0025374924298375,0.4339066319891971,asr,E:\m-hvc\datasets\old-dataset\frames_unique\video_169,auto: no_usable_teacher; model_prob<=0.050,val,unavailable,True
BV1vz4y1r7ot,1,0,suspected_false_positive_label,0.0097652478143572,0.9902347521856428,0.0011881220852956,0.6595591266549239,asr,E:\m-hvc\datasets\old-dataset\frames_unique\BV1vz4y1r7ot,auto: model_prob<=0.100; teacher_agrees; teacher_confidence>=0.550,train,strong_agree,True
BV16p4y1f7fi,1,0,suspected_false_positive_label,0.009871831163764,0.990128168836236,0.0032497053034603,0.8152090036936201,asr,E:\m-hvc\datasets\old-dataset\frames_unique\BV16p4y1f7fi,auto: model_prob<=0.100; teacher_agrees; teacher_confidence>=0.550,train,strong_agree,True
hate_video_302,1,0,suspected_false_positive_label,0.0100857289507985,0.9899142710492015,0.000452675827546,0.3282228458217976,asr,E:\m-hvc\datasets\old-dataset\frames_unique\hate_video_302,auto: no_usable_teacher; model_prob<=0.050,train,unavailable,True
BV1ho4y1h7P8,1,0,suspected_false_positive_label,0.0100966515019536,0.9899033484980464,0.0003253443283028,0.2677826949051801,asr,E:\m-hvc\datasets\old-dataset\frames_unique\BV1ho4y1h7P8,auto: no_usable_teacher; model_prob<=0.050,test,unavailable,True
BV1AK4y1B7Lv,1,0,suspected_false_positive_label,0.0100969662889838,0.9899030337110162,0.0005265054060146,0.5642578410410793,asr,E:\m-hvc\datasets\old-dataset\frames_unique\BV1AK4y1B7Lv,auto: model_prob<=0.100; teacher_agrees; teacher_confidence>=0.550,val,strong_agree,True
BV1YQ4y1b7rr,1,0,suspected_false_positive_label,0.0101320762187242,0.9898679237812757,0.029951000586152,0.8614340259258628,asr,E:\m-hvc\datasets\old-dataset\frames_unique\BV1YQ4y1b7rr,auto: model_prob<=0.100; teacher_agrees; teacher_confidence>=0.550,val,strong_agree,True
BV1GD4y127wf,1,0,suspected_false_positive_label,0.0105302380397915,0.9894697619602085,0.0089926030486822,0.2707602867179179,asr,E:\m-hvc\datasets\old-dataset\frames_unique\BV1GD4y127wf,auto: no_usable_teacher; model_prob<=0.050,test,unavailable,True
video_273,1,0,suspected_false_positive_label,0.010543443262577,0.989456556737423,0.0004821690381504,0.9995551109313964,human,E:\m-hvc\datasets\old-dataset\frames_unique\video_273,auto: model_prob<=0.100; teacher_agrees; teacher_confidence>=0.550,test,strong_agree,True
R_hate_video_201,1,0,suspected_false_positive_label,0.0108153922483325,0.9891846077516675,0.0009207801776938,0.9991517066955566,human,E:\m-hvc\datasets\old-dataset\frames_unique\R_hate_video_201,auto: model_prob<=0.100; teacher_agrees; teacher_confidence>=0.550,train,strong_agree,True
R_hate_video_154,1,0,suspected_false_positive_label,0.0111206332221627,0.9888793667778373,0.0007866690284572,0.4487044471442015,asr,E:\m-hvc\datasets\old-dataset\frames_unique\R_hate_video_154,auto: no_usable_teacher; model_prob<=0.050,train,unavailable,True
hate_video_317,1,0,suspected_false_positive_label,0.0113471709191799,0.9886528290808201,0.0084640188142657,0.8759287537654761,asr,E:\m-hvc\datasets\old-dataset\frames_unique\hate_video_317,auto: model_prob<=0.100; teacher_agrees; teacher_confidence>=0.550,test,strong_agree,True
R_hate_video_222,1,0,suspected_false_positive_label,0.0119907027110457,0.9880092972889543,0.0006281272508203,0.9994239807128906,human,E:\m-hvc\datasets\old-dataset\frames_unique\R_hate_video_222,auto: model_prob<=0.100; teacher_agrees; teacher_confidence>=0.550,val,strong_agree,True
R_hate_video_130,1,0,suspected_false_positive_label,0.0121013894677162,0.9878986105322838,0.0006863581947982,0.9993555545806884,human,E:\m-hvc\datasets\old-dataset\frames_unique\R_hate_video_130,auto: model_prob<=0.100; teacher_agrees; teacher_confidence>=0.550,train,strong_agree,True
video_174,1,0,suspected_false_positive_label,0.0122016938403248,0.9877983061596752,0.0048739789053797,0.995361328125,human,E:\m-hvc\datasets\old-dataset\frames_unique\video_174,auto: model_prob<=0.100; teacher_agrees; teacher_confidence>=0.550,val,strong_agree,True
BV1Uw411v7w1,1,0,suspected_false_positive_label,0.0122042978182435,0.9877957021817565,0.0079221595078706,0.8070853517059364,asr,E:\m-hvc\datasets\old-dataset\frames_unique\BV1Uw411v7w1,auto: model_prob<=0.100; teacher_agrees; teacher_confidence>=0.550,val,strong_agree,True
BV1Gb411o7Fr,1,0,suspected_false_positive_label,0.012208454310894,0.987791545689106,0.0061508114449679,0.4839646388486844,asr,E:\m-hvc\datasets\old-dataset\frames_unique\BV1Gb411o7Fr,auto: no_usable_teacher; model_prob<=0.050,val,unavailable,True
hate_video_104,1,0,suspected_false_positive_label,0.0122534474357962,0.9877465525642039,0.0005889320163987,0.7225830278763237,asr,E:\m-hvc\datasets\old-dataset\frames_unique\hate_video_104,auto: model_prob<=0.100; teacher_agrees; teacher_confidence>=0.550,test,strong_agree,True
BV13z4y1x7CP,1,0,suspected_false_positive_label,0.0128125920891761,0.9871874079108239,0.0004809920210391,0.6704117865296307,asr,E:\m-hvc\datasets\old-dataset\frames_unique\BV13z4y1x7CP,auto: model_prob<=0.100; teacher_agrees; teacher_confidence>=0.550,train,strong_agree,True
BV11K4y1R733,1,0,suspected_false_positive_label,0.0128959277644753,0.9871040722355247,0.0004754519613925,0.5988083472928522,asr,E:\m-hvc\datasets\old-dataset\frames_unique\BV11K4y1R733,auto: model_prob<=0.100; teacher_agrees; teacher_confidence>=0.550,train,strong_agree,True
BV1Tp4y1k7HG,1,0,suspected_false_positive_label,0.0130561282858252,0.9869438717141747,0.0218099690973758,0.86396188749243,asr,E:\m-hvc\datasets\old-dataset\frames_unique\BV1Tp4y1k7HG,auto: model_prob<=0.100; teacher_agrees; teacher_confidence>=0.550,train,strong_agree,True
BV1EW411o75g,1,0,suspected_false_positive_label,0.013065249659121,0.986934750340879,0.0671796798706054,0.3288091587809398,asr,E:\m-hvc\datasets\old-dataset\frames_unique\BV1EW411o75g,auto: no_usable_teacher; model_prob<=0.050,val,unavailable,True
non_hate_video_364,0,1,suspected_false_negative_label,0.9867701530456544,0.9867701530456544,0.999924659729004,0.8905511569294242,asr,E:\m-hvc\datasets\old-dataset\frames_unique\non_hate_video_364,auto: model_prob>=0.900; teacher_agrees; teacher_confidence>=0.550,test,strong_agree,True
hate_video_142,1,0,suspected_false_positive_label,0.0137013224884867,0.9862986775115133,0.0006250392762012,0.3513268536757108,asr,E:\m-hvc\datasets\old-dataset\frames_unique\hate_video_142,auto: no_usable_teacher; model_prob<=0.050,val,unavailable,True
BV12B4y1x7eK,1,0,suspected_false_positive_label,0.0137119516730308,0.9862880483269691,0.0024826049339026,0.8244746269852914,asr,E:\m-hvc\datasets\old-dataset\frames_unique\BV12B4y1x7eK,auto: model_prob<=0.100; teacher_agrees; teacher_confidence>=0.550,train,strong_agree,True
R_hate_video_207,1,0,suspected_false_positive_label,0.0139933722093701,0.9860066277906299,0.0006250392762012,0.4668264962518326,asr,E:\m-hvc\datasets\old-dataset\frames_unique\R_hate_video_207,auto: no_usable_teacher; model_prob<=0.050,val,unavailable,True
BV1nB4y1Q73J,1,0,suspected_false_positive_label,0.014110330492258,0.985889669507742,0.0313721522688865,0.3563367186429605,asr,E:\m-hvc\datasets\old-dataset\frames_unique\BV1nB4y1Q73J,auto: no_usable_teacher; model_prob<=0.050,test,unavailable,True
BV1564y1M7Z6,1,0,suspected_false_positive_label,0.0144435493275523,0.9855564506724477,0.0065922099165618,0.5883391061519961,asr,E:\m-hvc\datasets\old-dataset\frames_unique\BV1564y1M7Z6,auto: model_prob<=0.100; teacher_agrees; teacher_confidence>=0.550,val,strong_agree,True
BV1wN411a7HT,1,0,suspected_false_positive_label,0.0145105933770537,0.9854894066229463,0.0014326471136882,0.575716217583565,asr,E:\m-hvc\datasets\old-dataset\frames_unique\BV1wN411a7HT,auto: model_prob<=0.100; teacher_agrees; teacher_confidence>=0.550,test,strong_agree,True
hate_video_96,1,0,suspected_false_positive_label,0.0150680700317025,0.9849319299682975,0.014575564302504,0.872330061285884,asr,E:\m-hvc\datasets\old-dataset\frames_unique\hate_video_96,auto: model_prob<=0.100; teacher_agrees; teacher_confidence>=0.550,test,strong_agree,True
BV15h4y157Km,1,0,suspected_false_positive_label,0.0151108587160706,0.9848891412839293,0.1301286518573761,0.7532245255674529,asr,E:\m-hvc\datasets\old-dataset\frames_unique\BV15h4y157Km,auto: model_prob<=0.100; teacher_agrees; teacher_confidence>=0.550,train,strong_agree,True
R_non_hate_video_063,0,1,suspected_false_negative_label,0.9846398830413818,0.9846398830413818,0.9955294728279114,0.2399026197792934,asr,E:\m-hvc\datasets\old-dataset\frames_unique\R_non_hate_video_063,auto: no_usable_teacher; model_prob>=0.950,val,unavailable,True
hate_video_107,1,0,suspected_false_positive_label,0.0153990536928176,0.9846009463071824,0.0342970453202724,0.8342496037439766,asr,E:\m-hvc\datasets\old-dataset\frames_unique\hate_video_107,auto: model_prob<=0.100; teacher_agrees; teacher_confidence>=0.550,train,strong_agree,True
hate_video_92,1,0,suspected_false_positive_label,0.0163520518690347,0.9836479481309653,0.2420816868543625,0.5757554805644617,asr,E:\m-hvc\datasets\old-dataset\frames_unique\hate_video_92,auto: model_prob<=0.100; teacher_agrees; teacher_confidence>=0.550,val,strong_agree,True
BV1z84y1W7qa,1,0,suspected_false_positive_label,0.0165872182697057,0.9834127817302943,0.0544705651700496,0.779416627349389,asr,E:\m-hvc\datasets\old-dataset\frames_unique\BV1z84y1W7qa,auto: model_prob<=0.100; teacher_agrees; teacher_confidence>=0.550,val,strong_agree,True
non_hate_video_519,0,1,suspected_false_negative_label,0.9832326769828796,0.9832326769828796,0.9999197721481324,0.4774829183885927,asr,E:\m-hvc\datasets\old-dataset\frames_unique\non_hate_video_519,auto: no_usable_teacher; model_prob>=0.950,test,unavailable,True
video_140,1,0,suspected_false_positive_label,0.016975050792098,0.983024949207902,0.4051929712295532,0.5757510662078857,human,E:\m-hvc\datasets\old-dataset\frames_unique\video_140,review: model_prob<=0.100; teacher_not_strongly_agreeing,val,disagree_or_weak,False
video_142,1,0,suspected_false_positive_label,0.0171746090054512,0.9828253909945488,0.0041268835775554,0.9961723685264589,human,E:\m-hvc\datasets\old-dataset\frames_unique\video_142,auto: model_prob<=0.100; teacher_agrees; teacher_confidence>=0.550,test,strong_agree,True
non_hate_video_518,0,1,suspected_false_negative_label,0.9824584126472472,0.9824584126472472,0.9999446868896484,0.8168110984886533,asr,E:\m-hvc\datasets\old-dataset\frames_unique\non_hate_video_518,auto: model_prob>=0.900; teacher_agrees; teacher_confidence>=0.550,val,strong_agree,True
BV1iy4y1G7aD,1,0,suspected_false_positive_label,0.0177341066300869,0.9822658933699131,0.0007288817432709,0.7392981779924547,asr,E:\m-hvc\datasets\old-dataset\frames_unique\BV1iy4y1G7aD,auto: model_prob<=0.100; teacher_agrees; teacher_confidence>=0.550,val,strong_agree,True
non_hate_video_351,0,1,suspected_false_negative_label,0.98195880651474,0.98195880651474,0.9999219179153442,0.7735370279675174,asr,E:\m-hvc\datasets\old-dataset\frames_unique\non_hate_video_351,auto: model_prob>=0.900; teacher_agrees; teacher_confidence>=0.550,train,strong_agree,True
R_hate_video_219,1,0,suspected_false_positive_label,0.019131377339363,0.980868622660637,0.0425814464688301,0.9565002918243408,human,E:\m-hvc\datasets\old-dataset\frames_unique\R_hate_video_219,auto: model_prob<=0.100; teacher_agrees; teacher_confidence>=0.550,train,strong_agree,True
BV1Xa4y1u7Bq,1,0,suspected_false_positive_label,0.0195919498801231,0.9804080501198769,,,missing,E:\m-hvc\datasets\old-dataset\frames_unique\BV1Xa4y1u7Bq,auto: no_usable_teacher; model_prob<=0.050,train,unavailable,True
video_84,0,1,suspected_false_negative_label,0.980207860469818,0.980207860469818,,,missing,E:\m-hvc\datasets\old-dataset\frames_unique\video_84,auto: no_usable_teacher; model_prob>=0.950,train,unavailable,True
BV19Q4y1a7KG,1,0,suspected_false_positive_label,0.0201228968799114,0.9798771031200886,0.0013217970263212,0.7393504115441765,asr,E:\m-hvc\datasets\old-dataset\frames_unique\BV19Q4y1a7KG,auto: model_prob<=0.100; teacher_agrees; teacher_confidence>=0.550,val,strong_agree,True
BV1sP41167zR,1,0,suspected_false_positive_label,0.0202940497547388,0.9797059502452612,0.2624385058879852,0.6068843687773253,asr,E:\m-hvc\datasets\old-dataset\frames_unique\BV1sP41167zR,review: model_prob<=0.100; teacher_not_strongly_agreeing,val,disagree_or_weak,False
non_hate_video_329,0,1,suspected_false_negative_label,0.9792723059654236,0.9792723059654236,0.9999438524246216,0.8190824055810207,asr,E:\m-hvc\datasets\old-dataset\frames_unique\non_hate_video_329,auto: model_prob>=0.900; teacher_agrees; teacher_confidence>=0.550,train,strong_agree,True
BV1tV4y1j7NZ,1,0,suspected_false_positive_label,0.0208743214607238,0.9791256785392762,,,missing,E:\m-hvc\datasets\old-dataset\frames_unique\BV1tV4y1j7NZ,auto: no_usable_teacher; model_prob<=0.050,train,unavailable,True
S_hate_video_174,1,0,suspected_false_positive_label,0.0213781241327524,0.9786218758672476,,,missing,E:\m-hvc\datasets\old-dataset\frames_unique\S_hate_video_174,auto: no_usable_teacher; model_prob<=0.050,val,unavailable,True
R_hate_video_233,1,0,suspected_false_positive_label,0.0214717965573072,0.9785282034426928,0.027606239542365,0.9714130759239196,human,E:\m-hvc\datasets\old-dataset\frames_unique\R_hate_video_233,auto: model_prob<=0.100; teacher_agrees; teacher_confidence>=0.550,train,strong_agree,True
non_hate_video_314,0,1,suspected_false_negative_label,0.9783650040626526,0.9783650040626526,0.9999221563339232,0.8790559021521253,asr,E:\m-hvc\datasets\old-dataset\frames_unique\non_hate_video_314,auto: model_prob>=0.900; teacher_agrees; teacher_confidence>=0.550,train,strong_agree,True
non_hate_video_486,0,1,suspected_false_negative_label,0.9782496094703674,0.9782496094703674,0.9999160766601562,0.610219328619861,asr,E:\m-hvc\datasets\old-dataset\frames_unique\non_hate_video_486,auto: model_prob>=0.900; teacher_agrees; teacher_confidence>=0.550,test,strong_agree,True
video_613,0,1,suspected_false_negative_label,0.9782202243804932,0.9782202243804932,,,missing,E:\m-hvc\datasets\old-dataset\frames_unique\video_613,auto: no_usable_teacher; model_prob>=0.950,train,unavailable,True
non_hate_video_417,0,1,suspected_false_negative_label,0.9779756665229796,0.9779756665229796,0.9991260170936584,0.9155910717902044,asr,E:\m-hvc\datasets\old-dataset\frames_unique\non_hate_video_417,auto: model_prob>=0.900; teacher_agrees; teacher_confidence>=0.550,train,strong_agree,True
non_hate_video_311,0,1,suspected_false_negative_label,0.9774197340011596,0.9774197340011596,0.9999359846115112,0.5782635033140229,asr,E:\m-hvc\datasets\old-dataset\frames_unique\non_hate_video_311,auto: model_prob>=0.900; teacher_agrees; teacher_confidence>=0.550,train,strong_agree,True
video_82,0,1,suspected_false_negative_label,0.9772785305976868,0.9772785305976868,,,missing,E:\m-hvc\datasets\old-dataset\frames_unique\video_82,auto: no_usable_teacher; model_prob>=0.950,test,unavailable,True
non_hate_video_85,0,1,suspected_false_negative_label,0.9770916104316713,0.9770916104316713,0.9998860359191896,0.9190542874466018,asr,E:\m-hvc\datasets\old-dataset\frames_unique\non_hate_video_85,auto: model_prob>=0.900; teacher_agrees; teacher_confidence>=0.550,train,strong_agree,True
video_182,0,1,suspected_false_negative_label,0.9769850969314576,0.9769850969314576,,,missing,E:\m-hvc\datasets\old-dataset\frames_unique\video_182,auto: no_usable_teacher; model_prob>=0.950,train,unavailable,True
non_hate_video_16,0,1,suspected_false_negative_label,0.9769797325134276,0.9769797325134276,0.999399185180664,0.8197220567200094,asr,E:\m-hvc\datasets\old-dataset\frames_unique\non_hate_video_16,auto: model_prob>=0.900; teacher_agrees; teacher_confidence>=0.550,test,strong_agree,True
video_617,0,1,suspected_false_negative_label,0.9769281148910522,0.9769281148910522,,,missing,E:\m-hvc\datasets\old-dataset\frames_unique\video_617,auto: no_usable_teacher; model_prob>=0.950,val,unavailable,True
BV1aE411F77P,1,0,suspected_false_positive_label,0.0234516579657793,0.9765483420342207,0.0021445478778332,0.877147108250415,asr,E:\m-hvc\datasets\old-dataset\frames_unique\BV1aE411F77P,auto: model_prob<=0.100; teacher_agrees; teacher_confidence>=0.550,train,strong_agree,True
BV1bA41137we,1,0,suspected_false_positive_label,0.0237298961728811,0.9762701038271189,0.2344783097505569,0.4801341808019723,asr,E:\m-hvc\datasets\old-dataset\frames_unique\BV1bA41137we,auto: no_usable_teacher; model_prob<=0.050,train,unavailable,True
video_611,0,1,suspected_false_negative_label,0.9762518405914308,0.9762518405914308,,,missing,E:\m-hvc\datasets\old-dataset\frames_unique\video_611,auto: no_usable_teacher; model_prob>=0.950,test,unavailable,True
S_non_hate_videos_1,0,1,suspected_false_negative_label,0.9760151505470276,0.9760151505470276,0.9995403289794922,0.9987003803253174,human,E:\m-hvc\datasets\old-dataset\frames_unique\S_non_hate_videos_1,auto: model_prob>=0.900; teacher_agrees; teacher_confidence>=0.550,test,strong_agree,True
BV1ru4m1N7qy,0,1,suspected_false_negative_label,0.9759147763252258,0.9759147763252258,,,missing,E:\m-hvc\datasets\old-dataset\frames_unique\BV1ru4m1N7qy,auto: no_usable_teacher; model_prob>=0.950,test,unavailable,True
BV1tJ411y7xH,1,0,suspected_false_positive_label,0.0242018438875675,0.9757981561124325,,,missing,E:\m-hvc\datasets\old-dataset\frames_unique\BV1tJ411y7xH,auto: no_usable_teacher; model_prob<=0.050,test,unavailable,True
hate_video_288,1,0,suspected_false_positive_label,0.0242744088172912,0.9757255911827089,,,missing,E:\m-hvc\datasets\old-dataset\frames_unique\hate_video_288,auto: no_usable_teacher; model_prob<=0.050,test,unavailable,True
non_hate_video_451,0,1,suspected_false_negative_label,0.9757188558578492,0.9757188558578492,0.9998410940170288,0.7344246693350522,asr,E:\m-hvc\datasets\old-dataset\frames_unique\non_hate_video_451,auto: model_prob>=0.900; teacher_agrees; teacher_confidence>=0.550,test,strong_agree,True
non_hate_video_415,0,1,suspected_false_negative_label,0.9748323559761048,0.9748323559761048,0.999943733215332,0.7487021816839864,asr,E:\m-hvc\datasets\old-dataset\frames_unique\non_hate_video_415,auto: model_prob>=0.900; teacher_agrees; teacher_confidence>=0.550,val,strong_agree,True
S_non_hate_videos_80,0,1,suspected_false_negative_label,0.974826455116272,0.974826455116272,,,missing,E:\m-hvc\datasets\old-dataset\frames_unique\S_non_hate_videos_80,auto: no_usable_teacher; model_prob>=0.950,val,unavailable,True
BV1EN411E7Dy,1,0,suspected_false_positive_label,0.0254200529307127,0.9745799470692873,0.000778893881943,0.1589324844405199,asr,E:\m-hvc\datasets\old-dataset\frames_unique\BV1EN411E7Dy,auto: no_usable_teacher; model_prob<=0.050,test,unavailable,True
S_non_hate_videos_39,0,1,suspected_false_negative_label,0.9745134711265564,0.9745134711265564,,,missing,E:\m-hvc\datasets\old-dataset\frames_unique\S_non_hate_videos_39,auto: no_usable_teacher; model_prob>=0.950,train,unavailable,True
BV1t5411h71N,1,0,suspected_false_positive_label,0.0257482100278139,0.9742517899721861,0.3838841021060943,0.156988043845459,asr,E:\m-hvc\datasets\old-dataset\frames_unique\BV1t5411h71N,auto: no_usable_teacher; model_prob<=0.050,test,unavailable,True
non_hate_video_190,0,1,suspected_false_negative_label,0.9730964303016664,0.9730964303016664,,,missing,E:\m-hvc\datasets\old-dataset\frames_unique\non_hate_video_190,auto: no_usable_teacher; model_prob>=0.950,test,unavailable,True
non_hate_video_632,0,1,suspected_false_negative_label,0.9726399183273317,0.9726399183273317,0.9999176263809204,0.83482725888279,asr,E:\m-hvc\datasets\old-dataset\frames_unique\non_hate_video_632,auto: model_prob>=0.900; teacher_agrees; teacher_confidence>=0.550,train,strong_agree,True
non_hate_video_458,0,1,suspected_false_negative_label,0.9722201228141784,0.9722201228141784,,,missing,E:\m-hvc\datasets\old-dataset\frames_unique\non_hate_video_458,auto: no_usable_teacher; model_prob>=0.950,train,unavailable,True
non_hate_video_489,0,1,suspected_false_negative_label,0.9714969396591188,0.9714969396591188,,,missing,E:\m-hvc\datasets\old-dataset\frames_unique\non_hate_video_489,auto: no_usable_teacher; model_prob>=0.950,val,unavailable,True
non_hate_video_116,0,1,suspected_false_negative_label,0.9714670181274414,0.9714670181274414,,,missing,E:\m-hvc\datasets\old-dataset\frames_unique\non_hate_video_116,auto: no_usable_teacher; model_prob>=0.950,train,unavailable,True
R_non_hate_video_015,0,1,suspected_false_negative_label,0.9703824520111084,0.9703824520111084,,,missing,E:\m-hvc\datasets\old-dataset\frames_unique\R_non_hate_video_015,auto: no_usable_teacher; model_prob>=0.950,test,unavailable,True
S_non_hate_videos_81,0,1,suspected_false_negative_label,0.9701071977615356,0.9701071977615356,,,missing,E:\m-hvc\datasets\old-dataset\frames_unique\S_non_hate_videos_81,auto: no_usable_teacher; model_prob>=0.950,train,unavailable,True
non_hate_video_313,0,1,suspected_false_negative_label,0.9698787927627563,0.9698787927627563,0.999914050102234,0.7268094715692613,asr,E:\m-hvc\datasets\old-dataset\frames_unique\non_hate_video_313,auto: model_prob>=0.900; teacher_agrees; teacher_confidence>=0.550,test,strong_agree,True
BV1he4y1N76x,1,0,suspected_false_positive_label,0.0301805157214403,0.9698194842785597,0.1635109782218933,0.5500127067354906,asr,E:\m-hvc\datasets\old-dataset\frames_unique\BV1he4y1N76x,auto: model_prob<=0.100; teacher_agrees; teacher_confidence>=0.550,train,strong_agree,True
hate_video_426,1,0,suspected_false_positive_label,0.03040636703372,0.96959363296628,,,missing,E:\m-hvc\datasets\old-dataset\frames_unique\hate_video_426,auto: no_usable_teacher; model_prob<=0.050,test,unavailable,True
non_hate_video_605,0,1,suspected_false_negative_label,0.9693002104759216,0.9693002104759216,0.998956561088562,0.6476073089994435,asr,E:\m-hvc\datasets\old-dataset\frames_unique\non_hate_video_605,auto: model_prob>=0.900; teacher_agrees; teacher_confidence>=0.550,train,strong_agree,True
non_hate_video_189,0,1,suspected_false_negative_label,0.9690321683883668,0.9690321683883668,0.8913793563842773,0.6730583581805841,asr,E:\m-hvc\datasets\old-dataset\frames_unique\non_hate_video_189,auto: model_prob>=0.900; teacher_agrees; teacher_confidence>=0.550,train,strong_agree,True
non_hate_video_55,0,1,suspected_false_negative_label,0.9689907431602478,0.9689907431602478,0.9999548196792604,0.8792974252846338,asr,E:\m-hvc\datasets\old-dataset\frames_unique\non_hate_video_55,auto: model_prob>=0.900; teacher_agrees; teacher_confidence>=0.550,test,strong_agree,True
non_hate_video_331,0,1,suspected_false_negative_label,0.9688295722007751,0.9688295722007751,0.9805129766464232,0.8418651571876051,asr,E:\m-hvc\datasets\old-dataset\frames_unique\non_hate_video_331,auto: model_prob>=0.900; teacher_agrees; teacher_confidence>=0.550,train,strong_agree,True
BV19J411G7i2,1,0,suspected_false_positive_label,0.0312169324606657,0.9687830675393343,,,missing,E:\m-hvc\datasets\old-dataset\frames_unique\BV19J411G7i2,auto: no_usable_teacher; model_prob<=0.050,train,unavailable,True
R_hate_video_136,1,0,suspected_false_positive_label,0.0312975421547889,0.9687024578452111,0.0214310940355062,0.977900505065918,human,E:\m-hvc\datasets\old-dataset\frames_unique\R_hate_video_136,auto: model_prob<=0.100; teacher_agrees; teacher_confidence>=0.550,train,strong_agree,True
R_non_hate_video_037,0,1,suspected_false_negative_label,0.9686235189437866,0.9686235189437866,0.6013411283493042,0.5345335602760315,human,E:\m-hvc\datasets\old-dataset\frames_unique\R_non_hate_video_037,auto: no_usable_teacher; model_prob>=0.950,train,unavailable,True
non_hate_video_337,0,1,suspected_false_negative_label,0.968501627445221,0.968501627445221,0.9969869256019592,0.645983801940378,asr,E:\m-hvc\datasets\old-dataset\frames_unique\non_hate_video_337,auto: model_prob>=0.900; teacher_agrees; teacher_confidence>=0.550,train,strong_agree,True
BV1Xc411U7pj,0,1,suspected_false_negative_label,0.9684370756149292,0.9684370756149292,0.6356599926948547,0.4574909426197909,asr,E:\m-hvc\datasets\old-dataset\frames_unique\BV1Xc411U7pj,auto: no_usable_teacher; model_prob>=0.950,val,unavailable,True
non_hate_video_315,0,1,suspected_false_negative_label,0.968030333518982,0.968030333518982,0.9999233484268188,0.7816438708480666,asr,E:\m-hvc\datasets\old-dataset\frames_unique\non_hate_video_315,auto: model_prob>=0.900; teacher_agrees; teacher_confidence>=0.550,train,strong_agree,True
BV1VG4y177A5,0,1,suspected_false_negative_label,0.967920422554016,0.967920422554016,0.4203451573848724,0.4127877384517191,asr,E:\m-hvc\datasets\old-dataset\frames_unique\BV1VG4y177A5,auto: no_usable_teacher; model_prob>=0.950,test,unavailable,True
video_167,1,0,suspected_false_positive_label,0.0334133841097354,0.9665866158902646,0.0901320725679397,0.8999353647232056,human,E:\m-hvc\datasets\old-dataset\frames_unique\video_167,auto: model_prob<=0.100; teacher_agrees; teacher_confidence>=0.550,val,strong_agree,True
BV1Fs4y1i7wM,0,1,suspected_false_negative_label,0.9656431674957277,0.9656431674957277,0.2205916196107864,0.6705231079556965,asr,E:\m-hvc\datasets\old-dataset\frames_unique\BV1Fs4y1i7wM,review: model_prob>=0.900; teacher_not_strongly_agreeing,val,disagree_or_weak,False
video_85,0,1,suspected_false_negative_label,0.9653924703598022,0.9653924703598022,,,missing,E:\m-hvc\datasets\old-dataset\frames_unique\video_85,auto: no_usable_teacher; model_prob>=0.950,train,unavailable,True
video_179,1,0,suspected_false_positive_label,0.0350203439593315,0.9649796560406685,0.897549569606781,0.7729173898696899,human,E:\m-hvc\datasets\old-dataset\frames_unique\video_179,review: model_prob<=0.100; teacher_not_strongly_agreeing,val,disagree_or_weak,False
video_87,0,1,suspected_false_negative_label,0.9645431041717528,0.9645431041717528,,,missing,E:\m-hvc\datasets\old-dataset\frames_unique\video_87,auto: no_usable_teacher; model_prob>=0.950,test,unavailable,True
S_hate_video_226,1,0,suspected_false_positive_label,0.0355481095612049,0.9644518904387951,,,missing,E:\m-hvc\datasets\old-dataset\frames_unique\S_hate_video_226,auto: no_usable_teacher; model_prob<=0.050,val,unavailable,True
non_hate_video_542,0,1,suspected_false_negative_label,0.9637292623519896,0.9637292623519896,0.9999061822891236,0.8297769400824575,asr,E:\m-hvc\datasets\old-dataset\frames_unique\non_hate_video_542,auto: model_prob>=0.900; teacher_agrees; teacher_confidence>=0.550,test,strong_agree,True
S_hate_video_227,1,0,suspected_false_positive_label,0.0363595001399517,0.9636404998600483,0.8721758127212524,0.8600282669067383,human,E:\m-hvc\datasets\old-dataset\frames_unique\S_hate_video_227,review: model_prob<=0.100; teacher_not_strongly_agreeing,val,disagree_or_weak,False
R_non_hate_video_064,0,1,suspected_false_negative_label,0.9636179208755492,0.9636179208755492,0.9345011115074158,0.8946492671966553,human,E:\m-hvc\datasets\old-dataset\frames_unique\R_non_hate_video_064,auto: model_prob>=0.900; teacher_agrees; teacher_confidence>=0.550,val,strong_agree,True
BV1rV4y167VC,1,0,suspected_false_positive_label,0.0367868393659591,0.9632131606340409,,,missing,E:\m-hvc\datasets\old-dataset\frames_unique\BV1rV4y167VC,auto: no_usable_teacher; model_prob<=0.050,train,unavailable,True
hate_video_321,1,0,suspected_false_positive_label,0.0379710122942924,0.9620289877057076,0.0394965969026088,0.7387485933525201,asr,E:\m-hvc\datasets\old-dataset\frames_unique\hate_video_321,auto: model_prob<=0.100; teacher_agrees; teacher_confidence>=0.550,train,strong_agree,True
non_hate_video_505,0,1,suspected_false_negative_label,0.9619439244270324,0.9619439244270324,,,missing,E:\m-hvc\datasets\old-dataset\frames_unique\non_hate_video_505,auto: no_usable_teacher; model_prob>=0.950,val,unavailable,True
BV1tP4y1b7NN,0,1,suspected_false_negative_label,0.9618794322013856,0.9618794322013856,0.0572960339486599,0.8718658646931787,asr,E:\m-hvc\datasets\old-dataset\frames_unique\BV1tP4y1b7NN,review: model_prob>=0.900; teacher_not_strongly_agreeing,val,disagree_or_weak,False
BV1Vy4y1p7x2,1,0,suspected_false_positive_label,0.0381224378943443,0.9618775621056557,0.0380222536623477,0.5572090404107669,asr,E:\m-hvc\datasets\old-dataset\frames_unique\BV1Vy4y1p7x2,auto: model_prob<=0.100; teacher_agrees; teacher_confidence>=0.550,val,strong_agree,True
S_non_hate_videos_164,0,1,suspected_false_negative_label,0.961089551448822,0.961089551448822,0.9984671473503112,0.910984218120575,human,E:\m-hvc\datasets\old-dataset\frames_unique\S_non_hate_videos_164,auto: model_prob>=0.900; teacher_agrees; teacher_confidence>=0.550,train,strong_agree,True
R_hate_video_017,0,1,suspected_false_negative_label,0.9607971906661988,0.9607971906661988,0.984343647956848,0.2572201659797271,asr,E:\m-hvc\datasets\old-dataset\frames_unique\R_hate_video_017,auto: no_usable_teacher; model_prob>=0.950,test,unavailable,True
BV1gT4y1Y7WY,1,0,suspected_false_positive_label,0.0395034030079841,0.960496596992016,0.9632361531257628,0.4213833571500579,asr,E:\m-hvc\datasets\old-dataset\frames_unique\BV1gT4y1Y7WY,auto: no_usable_teacher; model_prob<=0.050,val,unavailable,True
S_hate_video_2,1,0,suspected_false_positive_label,0.0398879237473011,0.9601120762526989,,,missing,E:\m-hvc\datasets\old-dataset\frames_unique\S_hate_video_2,auto: no_usable_teacher; model_prob<=0.050,val,unavailable,True
R_non_hate_video_061,0,1,suspected_false_negative_label,0.9599834680557252,0.9599834680557252,0.0743137225508689,0.9313120245933532,human,E:\m-hvc\datasets\old-dataset\frames_unique\R_non_hate_video_061,review: model_prob>=0.900; teacher_not_strongly_agreeing,train,disagree_or_weak,False
non_hate_video_363,0,1,suspected_false_negative_label,0.9592108726501464,0.9592108726501464,0.9984703660011292,0.7341515887832712,asr,E:\m-hvc\datasets\old-dataset\frames_unique\non_hate_video_363,auto: model_prob>=0.900; teacher_agrees; teacher_confidence>=0.550,test,strong_agree,True
BV1dw411f76v,1,0,suspected_false_positive_label,0.0410191304981708,0.9589808695018291,0.8397327065467834,0.6369815450795788,asr,E:\m-hvc\datasets\old-dataset\frames_unique\BV1dw411f76v,review: model_prob<=0.100; teacher_not_strongly_agreeing,train,disagree_or_weak,False
BV1ie41157AN,1,0,suspected_false_positive_label,0.041142851114273,0.958857148885727,0.0005144993192516,0.1601717828590795,asr,E:\m-hvc\datasets\old-dataset\frames_unique\BV1ie41157AN,auto: no_usable_teacher; model_prob<=0.050,train,unavailable,True
BV1rG411L7n6,1,0,suspected_false_positive_label,0.0416960343718528,0.9583039656281472,0.9131619334220886,0.7160588430048345,asr,E:\m-hvc\datasets\old-dataset\frames_unique\BV1rG411L7n6,review: model_prob<=0.100; teacher_not_strongly_agreeing,val,disagree_or_weak,False
R_hate_video_106,1,0,suspected_false_positive_label,0.042255762964487,0.957744237035513,,,missing,E:\m-hvc\datasets\old-dataset\frames_unique\R_hate_video_106,auto: no_usable_teacher; model_prob<=0.050,val,unavailable,True
non_hate_video_35,0,1,suspected_false_negative_label,0.9572986364364624,0.9572986364364624,0.9998857975006104,0.6985331717876196,asr,E:\m-hvc\datasets\old-dataset\frames_unique\non_hate_video_35,auto: model_prob>=0.900; teacher_agrees; teacher_confidence>=0.550,val,strong_agree,True
BV1uk4y1D7JG,1,0,suspected_false_positive_label,0.0431406982243061,0.9568593017756939,0.5376850366592407,0.1556680135122054,asr,E:\m-hvc\datasets\old-dataset\frames_unique\BV1uk4y1D7JG,auto: no_usable_teacher; model_prob<=0.050,test,unavailable,True
BV19J411G7MT,1,0,suspected_false_positive_label,0.0431699864566326,0.9568300135433674,,,missing,E:\m-hvc\datasets\old-dataset\frames_unique\BV19J411G7MT,auto: no_usable_teacher; model_prob<=0.050,test,unavailable,True
BV19e411q7UE,0,1,suspected_false_negative_label,0.956780970096588,0.956780970096588,,,missing,E:\m-hvc\datasets\old-dataset\frames_unique\BV19e411q7UE,auto: no_usable_teacher; model_prob>=0.950,train,unavailable,True
R_hate_video_217,1,0,suspected_false_positive_label,0.0432842224836349,0.956715777516365,0.7600904703140259,0.7556625008583069,human,E:\m-hvc\datasets\old-dataset\frames_unique\R_hate_video_217,review: model_prob<=0.100; teacher_not_strongly_agreeing,test,disagree_or_weak,False
R_hate_video_192,1,0,suspected_false_positive_label,0.0433546043932437,0.9566453956067563,0.9197575449943542,0.8946037292480469,human,E:\m-hvc\datasets\old-dataset\frames_unique\R_hate_video_192,review: model_prob<=0.100; teacher_not_strongly_agreeing,val,disagree_or_weak,False
hate_video_272,1,0,suspected_false_positive_label,0.0456674098968505,0.9543325901031495,0.0971144959330558,0.8069173867545463,asr,E:\m-hvc\datasets\old-dataset\frames_unique\hate_video_272,auto: model_prob<=0.100; teacher_agrees; teacher_confidence>=0.550,train,strong_agree,True
R_non_hate_video_060,0,1,suspected_false_negative_label,0.954172134399414,0.954172134399414,0.9997838139533995,0.3739685453680134,asr,E:\m-hvc\datasets\old-dataset\frames_unique\R_non_hate_video_060,auto: no_usable_teacher; model_prob>=0.950,train,unavailable,True
video_252,1,0,suspected_false_positive_label,0.046330738812685,0.953669261187315,,,missing,E:\m-hvc\datasets\old-dataset\frames_unique\video_252,auto: no_usable_teacher; model_prob<=0.050,train,unavailable,True
non_hate_video_555,0,1,suspected_false_negative_label,0.953217089176178,0.953217089176178,0.999852180480957,0.7204614391170594,asr,E:\m-hvc\datasets\old-dataset\frames_unique\non_hate_video_555,auto: model_prob>=0.900; teacher_agrees; teacher_confidence>=0.550,train,strong_agree,True
S_non_hate_videos_9,0,1,suspected_false_negative_label,0.953212320804596,0.953212320804596,0.0003315509820822,0.9996851086616516,human,E:\m-hvc\datasets\old-dataset\frames_unique\S_non_hate_videos_9,review: model_prob>=0.900; teacher_not_strongly_agreeing,val,disagree_or_weak,False
video_202,1,0,suspected_false_positive_label,0.0468284487724304,0.9531715512275696,0.1341377049684524,0.8596779704093933,human,E:\m-hvc\datasets\old-dataset\frames_unique\video_202,auto: model_prob<=0.100; teacher_agrees; teacher_confidence>=0.550,test,strong_agree,True
non_hate_video_14,0,1,suspected_false_negative_label,0.953072726726532,0.953072726726532,0.993630826473236,0.5621604392708214,asr,E:\m-hvc\datasets\old-dataset\frames_unique\non_hate_video_14,auto: model_prob>=0.900; teacher_agrees; teacher_confidence>=0.550,val,strong_agree,True
R_non_hate_video_099,0,1,suspected_false_negative_label,0.952097237110138,0.952097237110138,0.1127882003784179,0.8831537365913391,human,E:\m-hvc\datasets\old-dataset\frames_unique\R_non_hate_video_099,review: model_prob>=0.900; teacher_not_strongly_agreeing,test,disagree_or_weak,False
BV1Ns411f7oq,0,1,suspected_false_negative_label,0.9519240856170654,0.9519240856170654,,,missing,E:\m-hvc\datasets\old-dataset\frames_unique\BV1Ns411f7oq,auto: no_usable_teacher; model_prob>=0.950,val,unavailable,True
S_non_hate_videos_56,0,1,suspected_false_negative_label,0.9512943625450134,0.9512943625450134,0.9978489875793456,0.9368272423744202,human,E:\m-hvc\datasets\old-dataset\frames_unique\S_non_hate_videos_56,auto: model_prob>=0.900; teacher_agrees; teacher_confidence>=0.550,test,strong_agree,True
R_non_hate_video_072,0,1,suspected_false_negative_label,0.9511733651161194,0.9511733651161194,0.995442032814026,0.9747141599655152,human,E:\m-hvc\datasets\old-dataset\frames_unique\R_non_hate_video_072,auto: model_prob>=0.900; teacher_agrees; teacher_confidence>=0.550,val,strong_agree,True
S_non_hate_videos_68,0,1,suspected_false_negative_label,0.9511115550994872,0.9511115550994872,0.0083542568609118,0.9909683465957642,human,E:\m-hvc\datasets\old-dataset\frames_unique\S_non_hate_videos_68,review: model_prob>=0.900; teacher_not_strongly_agreeing,val,disagree_or_weak,False
S_non_hate_videos_59,0,1,suspected_false_negative_label,0.9510406851768494,0.9510406851768494,0.0142457904294133,0.9864196181297302,human,E:\m-hvc\datasets\old-dataset\frames_unique\S_non_hate_videos_59,review: model_prob>=0.900; teacher_not_strongly_agreeing,test,disagree_or_weak,False
BV1Yt411T7Fr,1,0,suspected_false_positive_label,0.0491327382624149,0.9508672617375851,0.0021445478778332,0.82145134186402,asr,E:\m-hvc\datasets\old-dataset\frames_unique\BV1Yt411T7Fr,auto: model_prob<=0.100; teacher_agrees; teacher_confidence>=0.550,train,strong_agree,True
non_hate_video_297,0,1,suspected_false_negative_label,0.9492306113243104,0.9492306113243104,,,missing,E:\m-hvc\datasets\old-dataset\frames_unique\non_hate_video_297,review: no_usable_teacher; not_extreme_model_probability; model_prob>=0.320,test,unavailable,False
hate_video_371,1,0,suspected_false_positive_label,0.0509368553757667,0.9490631446242332,0.9167962670326232,0.8218404567883083,asr,E:\m-hvc\datasets\old-dataset\frames_unique\hate_video_371,review: model_prob<=0.100; teacher_not_strongly_agreeing,val,disagree_or_weak,False
BV1Sk4y1U7qt,0,1,suspected_false_negative_label,0.948496162891388,0.948496162891388,0.2486585080623626,0.6402202257461295,asr,E:\m-hvc\datasets\old-dataset\frames_unique\BV1Sk4y1U7qt,review: model_prob>=0.900; teacher_not_strongly_agreeing,test,disagree_or_weak,False
video_130,1,0,suspected_false_positive_label,0.0526311248540878,0.9473688751459122,,,missing,E:\m-hvc\datasets\old-dataset\frames_unique\video_130,review: no_usable_teacher; not_extreme_model_probability; model_prob<0.320,test,unavailable,False
non_hate_video_290,0,1,suspected_false_negative_label,0.9458305239677428,0.9458305239677428,0.999940037727356,0.7696833936784288,asr,E:\m-hvc\datasets\old-dataset\frames_unique\non_hate_video_290,auto: model_prob>=0.900; teacher_agrees; teacher_confidence>=0.550,test,strong_agree,True
video_171,0,1,suspected_false_negative_label,0.9458208680152892,0.9458208680152892,0.3183120489120483,0.6734771132469177,human,E:\m-hvc\datasets\old-dataset\frames_unique\video_171,review: model_prob>=0.900; teacher_not_strongly_agreeing,test,disagree_or_weak,False
BV1TX4y1c7KX,0,1,suspected_false_negative_label,0.9449047446250916,0.9449047446250916,,,missing,E:\m-hvc\datasets\old-dataset\frames_unique\BV1TX4y1c7KX,review: no_usable_teacher; not_extreme_model_probability; model_prob>=0.320,train,unavailable,False
BV1Ha411H75C,0,1,suspected_false_negative_label,0.9437291026115416,0.9437291026115416,0.0234657619148492,0.7374903047611719,asr,E:\m-hvc\datasets\old-dataset\frames_unique\BV1Ha411H75C,review: model_prob>=0.900; teacher_not_strongly_agreeing,val,disagree_or_weak,False
non_hate_video_36,0,1,suspected_false_negative_label,0.9435312747955322,0.9435312747955322,0.9997854828834534,0.5950783375005437,asr,E:\m-hvc\datasets\old-dataset\frames_unique\non_hate_video_36,auto: model_prob>=0.900; teacher_agrees; teacher_confidence>=0.550,test,strong_agree,True
R_non_hate_video_033,0,1,suspected_false_negative_label,0.9434584379196168,0.9434584379196168,0.0003502347099129,0.4947062880274228,asr,E:\m-hvc\datasets\old-dataset\frames_unique\R_non_hate_video_033,review: no_usable_teacher; not_extreme_model_probability; model_prob>=0.320,val,unavailable,False
BV1Qx411V7tT,0,1,suspected_false_negative_label,0.9432739615440368,0.9432739615440368,,,missing,E:\m-hvc\datasets\old-dataset\frames_unique\BV1Qx411V7tT,review: no_usable_teacher; not_extreme_model_probability; model_prob>=0.320,train,unavailable,False
non_hate_video_145,0,1,suspected_false_negative_label,0.9428660869598388,0.9428660869598388,0.9585659503936768,0.3920380891819728,asr,E:\m-hvc\datasets\old-dataset\frames_unique\non_hate_video_145,review: no_usable_teacher; not_extreme_model_probability; model_prob>=0.320,val,unavailable,False
non_hate_video_461,0,1,suspected_false_negative_label,0.9425613880157472,0.9425613880157472,0.9997417330741882,0.897423939493481,asr,E:\m-hvc\datasets\old-dataset\frames_unique\non_hate_video_461,auto: model_prob>=0.900; teacher_agrees; teacher_confidence>=0.550,test,strong_agree,True
non_hate_video_474,0,1,suspected_false_negative_label,0.9421437978744508,0.9421437978744508,0.99992036819458,0.6500422678717935,asr,E:\m-hvc\datasets\old-dataset\frames_unique\non_hate_video_474,auto: model_prob>=0.900; teacher_agrees; teacher_confidence>=0.550,test,strong_agree,True
video_277,1,0,suspected_false_positive_label,0.0580267570912838,0.9419732429087162,0.0006608041003346,0.9994146227836608,human,E:\m-hvc\datasets\old-dataset\frames_unique\video_277,auto: model_prob<=0.100; teacher_agrees; teacher_confidence>=0.550,val,strong_agree,True
non_hate_video_328,0,1,suspected_false_negative_label,0.9416267275810242,0.9416267275810242,0.0007076824549585,0.7757770563779164,asr,E:\m-hvc\datasets\old-dataset\frames_unique\non_hate_video_328,review: model_prob>=0.900; teacher_not_strongly_agreeing,val,disagree_or_weak,False
S_non_hate_videos_52,0,1,suspected_false_negative_label,0.9379376769065856,0.9379376769065856,0.9978881478309632,0.994637370109558,human,E:\m-hvc\datasets\old-dataset\frames_unique\S_non_hate_videos_52,auto: model_prob>=0.900; teacher_agrees; teacher_confidence>=0.550,test,strong_agree,True
hate_video_289,1,0,suspected_false_positive_label,0.0628733858466148,0.9371266141533852,0.893822968006134,0.614205725443967,asr,E:\m-hvc\datasets\old-dataset\frames_unique\hate_video_289,review: model_prob<=0.100; teacher_not_strongly_agreeing,train,disagree_or_weak,False
non_hate_video_21,0,1,suspected_false_negative_label,0.9348430037498474,0.9348430037498474,0.9998879432678224,0.6977137691697762,asr,E:\m-hvc\datasets\old-dataset\frames_unique\non_hate_video_21,auto: model_prob>=0.900; teacher_agrees; teacher_confidence>=0.550,train,strong_agree,True
S_non_hate_videos_57,0,1,suspected_false_negative_label,0.9343037605285645,0.9343037605285645,0.0217333901673555,0.9783031940460204,human,E:\m-hvc\datasets\old-dataset\frames_unique\S_non_hate_videos_57,review: model_prob>=0.900; teacher_not_strongly_agreeing,test,disagree_or_weak,False
R_non_hate_video_035,0,1,suspected_false_negative_label,0.9340999722480774,0.9340999722480774,0.9982117414474488,0.9953941106796264,human,E:\m-hvc\datasets\old-dataset\frames_unique\R_non_hate_video_035,auto: model_prob>=0.900; teacher_agrees; teacher_confidence>=0.550,test,strong_agree,True
BV1tr4y1Q79T,1,0,suspected_false_positive_label,0.0662518218159675,0.9337481781840324,0.054019134491682,0.6436689209517812,asr,E:\m-hvc\datasets\old-dataset\frames_unique\BV1tr4y1Q79T,auto: model_prob<=0.100; teacher_agrees; teacher_confidence>=0.550,train,strong_agree,True
BV1bh4y1173w,0,1,suspected_false_negative_label,0.9328466653823853,0.9328466653823853,0.0009531321120448,0.8240233637478815,asr,E:\m-hvc\datasets\old-dataset\frames_unique\BV1bh4y1173w,review: model_prob>=0.900; teacher_not_strongly_agreeing,val,disagree_or_weak,False
R_non_hate_video_014,0,1,suspected_false_negative_label,0.9326355457305908,0.9326355457305908,0.9999345541000366,0.9991326332092284,human,E:\m-hvc\datasets\old-dataset\frames_unique\R_non_hate_video_014,auto: model_prob>=0.900; teacher_agrees; teacher_confidence>=0.550,test,strong_agree,True
BV1Rs411u7EH,0,1,suspected_false_negative_label,0.9325990080833436,0.9325990080833436,0.0024641670752316,0.5976781067204282,asr,E:\m-hvc\datasets\old-dataset\frames_unique\BV1Rs411u7EH,review: model_prob>=0.900; teacher_not_strongly_agreeing,train,disagree_or_weak,False
non_hate_video_259,0,1,suspected_false_negative_label,0.9320524334907532,0.9320524334907532,0.3911210596561432,0.4166630070318396,asr,E:\m-hvc\datasets\old-dataset\frames_unique\non_hate_video_259,review: no_usable_teacher; not_extreme_model_probability; model_prob>=0.320,val,unavailable,False
non_hate_video_473,0,1,suspected_false_negative_label,0.9318749904632568,0.9318749904632568,0.9999160766601562,0.7150098883624594,asr,E:\m-hvc\datasets\old-dataset\frames_unique\non_hate_video_473,auto: model_prob>=0.900; teacher_agrees; teacher_confidence>=0.550,val,strong_agree,True
hate_video_425,1,0,suspected_false_positive_label,0.0694598406553268,0.9305401593446732,0.9911327958106996,0.7057420797267505,asr,E:\m-hvc\datasets\old-dataset\frames_unique\hate_video_425,review: model_prob<=0.100; teacher_not_strongly_agreeing,val,disagree_or_weak,False
non_hate_video_285,0,1,suspected_false_negative_label,0.9302737712860109,0.9302737712860109,0.9999150037765504,0.8440367444766882,asr,E:\m-hvc\datasets\old-dataset\frames_unique\non_hate_video_285,auto: model_prob>=0.900; teacher_agrees; teacher_confidence>=0.550,train,strong_agree,True
hate_video_82,1,0,suspected_false_positive_label,0.0703970342874527,0.9296029657125473,0.9998251795768738,0.8847246537033292,asr,E:\m-hvc\datasets\old-dataset\frames_unique\hate_video_82,review: model_prob<=0.100; teacher_not_strongly_agreeing,test,disagree_or_weak,False
BV193411W7MX,0,1,suspected_false_negative_label,0.929338812828064,0.929338812828064,0.0943816676735878,0.0211670020240501,asr,E:\m-hvc\datasets\old-dataset\frames_unique\BV193411W7MX,review: no_usable_teacher; not_extreme_model_probability; model_prob>=0.320,test,unavailable,False
BV1RY411A7ZQ,1,0,suspected_false_positive_label,0.0710285753011703,0.9289714246988297,0.9253499507904052,0.3403763812405528,asr,E:\m-hvc\datasets\old-dataset\frames_unique\BV1RY411A7ZQ,review: no_usable_teacher; not_extreme_model_probability; model_prob<0.320,train,unavailable,False
BV1vQ4y1J7ZL,1,0,suspected_false_positive_label,0.0714967623353004,0.9285032376646996,,,missing,E:\m-hvc\datasets\old-dataset\frames_unique\BV1vQ4y1J7ZL,review: no_usable_teacher; not_extreme_model_probability; model_prob<0.320,test,unavailable,False
BV1424y1S7KV,0,1,suspected_false_negative_label,0.9279685020446776,0.9279685020446776,,,missing,E:\m-hvc\datasets\old-dataset\frames_unique\BV1424y1S7KV,review: no_usable_teacher; not_extreme_model_probability; model_prob>=0.320,val,unavailable,False
non_hate_video_495,0,1,suspected_false_negative_label,0.9273530840873718,0.9273530840873718,0.0004754514666274,0.5301695022669854,asr,E:\m-hvc\datasets\old-dataset\frames_unique\non_hate_video_495,review: no_usable_teacher; not_extreme_model_probability; model_prob>=0.320,val,unavailable,False
non_hate_video_82,0,1,suspected_false_negative_label,0.9272498488426208,0.9272498488426208,0.0005553910159505,0.6332888667781125,asr,E:\m-hvc\datasets\old-dataset\frames_unique\non_hate_video_82,review: model_prob>=0.900; teacher_not_strongly_agreeing,val,disagree_or_weak,False
BV1Hd4y1k7RJ,0,1,suspected_false_negative_label,0.9265572428703308,0.9265572428703308,0.260505735874176,0.5457681205747742,asr,E:\m-hvc\datasets\old-dataset\frames_unique\BV1Hd4y1k7RJ,review: no_usable_teacher; not_extreme_model_probability; model_prob>=0.320,val,unavailable,False
BV1kT411t7ax,1,0,suspected_false_positive_label,0.0735966265201568,0.9264033734798431,,,missing,E:\m-hvc\datasets\old-dataset\frames_unique\BV1kT411t7ax,review: no_usable_teacher; not_extreme_model_probability; model_prob<0.320,train,unavailable,False
R_hate_video_082,1,0,suspected_false_positive_label,0.0735996961593627,0.9264003038406373,0.0005119852721691,0.4403474862071225,asr,E:\m-hvc\datasets\old-dataset\frames_unique\R_hate_video_082,review: no_usable_teacher; not_extreme_model_probability; model_prob<0.320,train,unavailable,False
non_hate_video_227,0,1,suspected_false_negative_label,0.9262629747390748,0.9262629747390748,0.166418969631195,0.7629084420600935,asr,E:\m-hvc\datasets\old-dataset\frames_unique\non_hate_video_227,review: model_prob>=0.900; teacher_not_strongly_agreeing,train,disagree_or_weak,False
S_non_hate_videos_264,0,1,suspected_false_negative_label,0.9259687066078186,0.9259687066078186,0.0063611981458961,0.993929386138916,human,E:\m-hvc\datasets\old-dataset\frames_unique\S_non_hate_videos_264,review: model_prob>=0.900; teacher_not_strongly_agreeing,val,disagree_or_weak,False
hate_video_291,1,0,suspected_false_positive_label,0.076048620045185,0.923951379954815,0.9998596906661988,0.8138475224844481,asr,E:\m-hvc\datasets\old-dataset\frames_unique\hate_video_291,review: model_prob<=0.100; teacher_not_strongly_agreeing,train,disagree_or_weak,False
video_122,1,0,suspected_false_positive_label,0.0763748437166214,0.9236251562833786,0.9997794032096864,0.9987711906433104,human,E:\m-hvc\datasets\old-dataset\frames_unique\video_122,review: model_prob<=0.100; teacher_not_strongly_agreeing,test,disagree_or_weak,False
non_hate_video_163,0,1,suspected_false_negative_label,0.9234512448310852,0.9234512448310852,0.9998576641082764,0.7412923350465727,asr,E:\m-hvc\datasets\old-dataset\frames_unique\non_hate_video_163,auto: model_prob>=0.900; teacher_agrees; teacher_confidence>=0.550,test,strong_agree,True
R_hate_video_228,1,0,suspected_false_positive_label,0.0774462148547172,0.9225537851452827,0.7913031578063965,0.5957199335098267,human,E:\m-hvc\datasets\old-dataset\frames_unique\R_hate_video_228,review: model_prob<=0.100; teacher_not_strongly_agreeing,test,disagree_or_weak,False
BV1vM411p7jy,1,0,suspected_false_positive_label,0.0775903165340423,0.9224096834659576,0.0799072012305259,0.6993272987059411,asr,E:\m-hvc\datasets\old-dataset\frames_unique\BV1vM411p7jy,auto: model_prob<=0.100; teacher_agrees; teacher_confidence>=0.550,train,strong_agree,True
S_non_hate_videos_67,0,1,suspected_false_negative_label,0.921845316886902,0.921845316886902,0.5201836824417114,0.5177381634712219,human,E:\m-hvc\datasets\old-dataset\frames_unique\S_non_hate_videos_67,review: no_usable_teacher; not_extreme_model_probability; model_prob>=0.320,val,unavailable,False
BV1f4411F7FC,1,0,suspected_false_positive_label,0.0782450214028358,0.9217549785971642,0.0390519425272941,0.6577406010842144,asr,E:\m-hvc\datasets\old-dataset\frames_unique\BV1f4411F7FC,auto: model_prob<=0.100; teacher_agrees; teacher_confidence>=0.550,val,strong_agree,True
non_hate_video_203,0,1,suspected_false_negative_label,0.9213408827781676,0.9213408827781676,0.999934196472168,0.6028765499764097,asr,E:\m-hvc\datasets\old-dataset\frames_unique\non_hate_video_203,auto: model_prob>=0.900; teacher_agrees; teacher_confidence>=0.550,val,strong_agree,True
R_hate_video_115,1,0,suspected_false_positive_label,0.0787133052945137,0.9212866947054863,0.0878180190920829,0.9123858213424684,human,E:\m-hvc\datasets\old-dataset\frames_unique\R_hate_video_115,auto: model_prob<=0.100; teacher_agrees; teacher_confidence>=0.550,train,strong_agree,True
BV1cc411C7b4,1,0,suspected_false_positive_label,0.0794027969241142,0.9205972030758858,,,missing,E:\m-hvc\datasets\old-dataset\frames_unique\BV1cc411C7b4,review: no_usable_teacher; not_extreme_model_probability; model_prob<0.320,val,unavailable,False
non_hate_video_624,0,1,suspected_false_negative_label,0.9205321669578552,0.9205321669578552,,,missing,E:\m-hvc\datasets\old-dataset\frames_unique\non_hate_video_624,review: no_usable_teacher; not_extreme_model_probability; model_prob>=0.320,train,unavailable,False
non_hate_video_204,0,1,suspected_false_negative_label,0.9203687310218812,0.9203687310218812,,,missing,E:\m-hvc\datasets\old-dataset\frames_unique\non_hate_video_204,review: no_usable_teacher; not_extreme_model_probability; model_prob>=0.320,test,unavailable,False
non_hate_video_635,0,1,suspected_false_negative_label,0.9191322922706604,0.9191322922706604,0.8168528079986572,0.695394828657623,asr,E:\m-hvc\datasets\old-dataset\frames_unique\non_hate_video_635,auto: model_prob>=0.900; teacher_agrees; teacher_confidence>=0.550,train,strong_agree,True
video_279,1,0,suspected_false_positive_label,0.0811745002865791,0.9188254997134209,0.9991405010223388,0.955706000328064,human,E:\m-hvc\datasets\old-dataset\frames_unique\video_279,review: model_prob<=0.100; teacher_not_strongly_agreeing,test,disagree_or_weak,False
hate_video_16,1,0,suspected_false_positive_label,0.0817862600088119,0.918213739991188,0.9917839765548706,0.8110733546971424,asr,E:\m-hvc\datasets\old-dataset\frames_unique\hate_video_16,review: model_prob<=0.100; teacher_not_strongly_agreeing,test,disagree_or_weak,False
non_hate_video_459,0,1,suspected_false_negative_label,0.917863130569458,0.917863130569458,0.000372115348,0.7558778883556342,asr,E:\m-hvc\datasets\old-dataset\frames_unique\non_hate_video_459,review: model_prob>=0.900; teacher_not_strongly_agreeing,test,disagree_or_weak,False
non_hate_video_312,0,1,suspected_false_negative_label,0.9169359803199768,0.9169359803199768,0.9999223947525024,0.8917142395256682,asr,E:\m-hvc\datasets\old-dataset\frames_unique\non_hate_video_312,auto: model_prob>=0.900; teacher_agrees; teacher_confidence>=0.550,test,strong_agree,True
BV1Hg41147vd,1,0,suspected_false_positive_label,0.0832849293947219,0.9167150706052781,0.0163493733853101,0.865644849552559,asr,E:\m-hvc\datasets\old-dataset\frames_unique\BV1Hg41147vd,auto: model_prob<=0.100; teacher_agrees; teacher_confidence>=0.550,train,strong_agree,True
non_hate_video_435,0,1,suspected_false_negative_label,0.9163274765014648,0.9163274765014648,0.9985357522964478,0.8483697615854314,asr,E:\m-hvc\datasets\old-dataset\frames_unique\non_hate_video_435,auto: model_prob>=0.900; teacher_agrees; teacher_confidence>=0.550,train,strong_agree,True
non_hate_video_492,0,1,suspected_false_negative_label,0.916158139705658,0.916158139705658,0.9989044666290284,0.6879484667529916,asr,E:\m-hvc\datasets\old-dataset\frames_unique\non_hate_video_492,auto: model_prob>=0.900; teacher_agrees; teacher_confidence>=0.550,val,strong_agree,True
video_88,0,1,suspected_false_negative_label,0.9159317016601562,0.9159317016601562,0.0003428976633585,0.9996825456619264,human,E:\m-hvc\datasets\old-dataset\frames_unique\video_88,review: model_prob>=0.900; teacher_not_strongly_agreeing,train,disagree_or_weak,False
video_153,1,0,suspected_false_positive_label,0.0849191695451736,0.9150808304548264,0.5104857683181763,0.4893767535686493,human,E:\m-hvc\datasets\old-dataset\frames_unique\video_153,review: no_usable_teacher; not_extreme_model_probability; model_prob<0.320,test,unavailable,False
hate_video_15,1,0,suspected_false_positive_label,0.0870028808712959,0.9129971191287041,0.9998406171798706,0.6595667856590676,asr,E:\m-hvc\datasets\old-dataset\frames_unique\hate_video_15,review: model_prob<=0.100; teacher_not_strongly_agreeing,val,disagree_or_weak,False
R_non_hate_video_230,0,1,suspected_false_negative_label,0.912385106086731,0.912385106086731,,,missing,E:\m-hvc\datasets\old-dataset\frames_unique\R_non_hate_video_230,review: no_usable_teacher; not_extreme_model_probability; model_prob>=0.320,val,unavailable,False
video_170,0,1,suspected_false_negative_label,0.9121091961860656,0.9121091961860656,0.0168216489255428,0.9834328889846802,human,E:\m-hvc\datasets\old-dataset\frames_unique\video_170,review: model_prob>=0.900; teacher_not_strongly_agreeing,val,disagree_or_weak,False
hate_video_90,1,0,suspected_false_positive_label,0.0881245508790016,0.9118754491209984,0.9998571872711182,0.84231644649647,asr,E:\m-hvc\datasets\old-dataset\frames_unique\hate_video_90,review: model_prob<=0.100; teacher_not_strongly_agreeing,train,disagree_or_weak,False
BV1kT411m7Lm,1,0,suspected_false_positive_label,0.0889811292290687,0.9110188707709312,0.3553945124149322,0.6066171571567089,asr,E:\m-hvc\datasets\old-dataset\frames_unique\BV1kT411m7Lm,review: model_prob<=0.100; teacher_not_strongly_agreeing,train,disagree_or_weak,False
BV1iQ4y197ww,1,0,suspected_false_positive_label,0.0892373546957969,0.9107626453042031,0.0662284567952156,0.6206022650093771,asr,E:\m-hvc\datasets\old-dataset\frames_unique\BV1iQ4y197ww,auto: model_prob<=0.100; teacher_agrees; teacher_confidence>=0.550,train,strong_agree,True
BV11T411x7HG,1,0,suspected_false_positive_label,0.0905939787626266,0.9094060212373734,0.1202542558312416,0.6941287982328539,asr,E:\m-hvc\datasets\old-dataset\frames_unique\BV11T411x7HG,auto: model_prob<=0.100; teacher_agrees; teacher_confidence>=0.550,train,strong_agree,True
BV1aP4y1E7PF,1,0,suspected_false_positive_label,0.0916495844721794,0.9083504155278206,0.0100546143949031,0.8418977569137872,asr,E:\m-hvc\datasets\old-dataset\frames_unique\BV1aP4y1E7PF,auto: model_prob<=0.100; teacher_agrees; teacher_confidence>=0.550,train,strong_agree,True
BV18i4y1b7k3,1,0,suspected_false_positive_label,0.0942554473876953,0.9057445526123047,0.2874153256416321,0.6334254063815642,asr,E:\m-hvc\datasets\old-dataset\frames_unique\BV18i4y1b7k3,review: model_prob<=0.100; teacher_not_strongly_agreeing,val,disagree_or_weak,False
hate_video_265,1,0,suspected_false_positive_label,0.0946028158068656,0.9053971841931344,0.9999206066131592,0.6891956153880047,asr,E:\m-hvc\datasets\old-dataset\frames_unique\hate_video_265,review: model_prob<=0.100; teacher_not_strongly_agreeing,train,disagree_or_weak,False
BV1te411D7zR,0,1,suspected_false_negative_label,0.9045106172561646,0.9045106172561646,0.004262569360435,0.1071160957594252,asr,E:\m-hvc\datasets\old-dataset\frames_unique\BV1te411D7zR,review: no_usable_teacher; not_extreme_model_probability; model_prob>=0.320,test,unavailable,False
BV1qe411r7Mg,1,0,suspected_false_positive_label,0.0970295891165733,0.9029704108834267,0.1071541905403137,0.7946417554832316,asr,E:\m-hvc\datasets\old-dataset\frames_unique\BV1qe411r7Mg,auto: model_prob<=0.100; teacher_agrees; teacher_confidence>=0.550,train,strong_agree,True
hate_video_310,1,0,suspected_false_positive_label,0.0972106382250785,0.9027893617749215,0.999904990196228,0.7545603156591842,asr,E:\m-hvc\datasets\old-dataset\frames_unique\hate_video_310,review: model_prob<=0.100; teacher_not_strongly_agreeing,train,disagree_or_weak,False
S_non_hate_videos_51,0,1,suspected_false_negative_label,0.902468204498291,0.902468204498291,0.9951632022857666,0.958381712436676,human,E:\m-hvc\datasets\old-dataset\frames_unique\S_non_hate_videos_51,auto: model_prob>=0.900; teacher_agrees; teacher_confidence>=0.550,train,strong_agree,True
BV1VX4y1q7Mc,1,0,suspected_false_positive_label,0.0985207855701446,0.9014792144298553,0.0454408340156078,0.8648140715108824,asr,E:\m-hvc\datasets\old-dataset\frames_unique\BV1VX4y1q7Mc,auto: model_prob<=0.100; teacher_agrees; teacher_confidence>=0.550,train,strong_agree,True
hate_video_150,1,0,suspected_false_positive_label,0.098779410123825,0.901220589876175,,,missing,E:\m-hvc\datasets\old-dataset\frames_unique\hate_video_150,review: no_usable_teacher; not_extreme_model_probability; model_prob<0.320,train,unavailable,False
BV1Dm4y1J7Pj,1,0,suspected_false_positive_label,0.0996321365237236,0.9003678634762764,,,missing,E:\m-hvc\datasets\old-dataset\frames_unique\BV1Dm4y1J7Pj,review: no_usable_teacher; not_extreme_model_probability; model_prob<0.320,train,unavailable,False
non_hate_video_130,0,1,suspected_false_negative_label,0.8994556665420532,0.8994556665420532,0.9793763160705566,0.7237575603519047,asr,E:\m-hvc\datasets\old-dataset\frames_unique\non_hate_video_130,review: model_disagrees_with_label_but_not_auto_threshold,val,strong_agree,False
BV1hL4y1j7pp,1,0,suspected_false_positive_label,0.1010187789797782,0.8989812210202218,,,missing,E:\m-hvc\datasets\old-dataset\frames_unique\BV1hL4y1j7pp,review: no_usable_teacher; not_extreme_model_probability; model_prob<0.320,train,unavailable,False
hate_video_135,1,0,suspected_false_positive_label,0.1029217615723609,0.8970782384276391,0.999940037727356,0.7138727981177004,asr,E:\m-hvc\datasets\old-dataset\frames_unique\hate_video_135,review: model_disagrees_with_label_but_not_auto_threshold,val,disagree_or_weak,False
hate_video_124,1,0,suspected_false_positive_label,0.1029235646128654,0.8970764353871346,0.999918818473816,0.6827452666155671,asr,E:\m-hvc\datasets\old-dataset\frames_unique\hate_video_124,review: model_disagrees_with_label_but_not_auto_threshold,val,disagree_or_weak,False
non_hate_video_171,0,1,suspected_false_negative_label,0.8949903845787048,0.8949903845787048,0.9999401569366456,0.7318204212170554,asr,E:\m-hvc\datasets\old-dataset\frames_unique\non_hate_video_171,review: model_disagrees_with_label_but_not_auto_threshold,val,strong_agree,False
non_hate_video_454,0,1,suspected_false_negative_label,0.894847571849823,0.894847571849823,0.9999376535415648,0.593988048747783,asr,E:\m-hvc\datasets\old-dataset\frames_unique\non_hate_video_454,review: model_disagrees_with_label_but_not_auto_threshold,train,strong_agree,False
video_41,1,0,suspected_false_positive_label,0.1053357049822807,0.8946642950177193,0.0002948516921605,0.2530489978705294,asr,E:\m-hvc\datasets\old-dataset\frames_unique\video_41,review: no_usable_teacher; not_extreme_model_probability; model_prob<0.320,train,unavailable,False
hate_video_180,1,0,suspected_false_positive_label,0.1061109080910682,0.8938890919089318,0.3629769086837768,0.5226949704865153,asr,E:\m-hvc\datasets\old-dataset\frames_unique\hate_video_180,review: no_usable_teacher; not_extreme_model_probability; model_prob<0.320,val,unavailable,False
video_39,1,0,suspected_false_positive_label,0.1061112731695175,0.8938887268304825,,,missing,E:\m-hvc\datasets\old-dataset\frames_unique\video_39,review: no_usable_teacher; not_extreme_model_probability; model_prob<0.320,train,unavailable,False
hate_video_375,1,0,suspected_false_positive_label,0.1062612980604171,0.8937387019395829,0.9999504089355468,0.851138280304433,asr,E:\m-hvc\datasets\old-dataset\frames_unique\hate_video_375,review: model_disagrees_with_label_but_not_auto_threshold,test,disagree_or_weak,False
non_hate_video_90,0,1,suspected_false_negative_label,0.8933929800987244,0.8933929800987244,0.9999222755432128,0.905145453003348,asr,E:\m-hvc\datasets\old-dataset\frames_unique\non_hate_video_90,review: model_disagrees_with_label_but_not_auto_threshold,train,strong_agree,False
hate_video_166,1,0,suspected_false_positive_label,0.1068031042814254,0.8931968957185746,0.9999047517776488,0.6813675443913381,asr,E:\m-hvc\datasets\old-dataset\frames_unique\hate_video_166,review: model_disagrees_with_label_but_not_auto_threshold,train,disagree_or_weak,False
non_hate_video_623,0,1,suspected_false_negative_label,0.892058253288269,0.892058253288269,0.985260248184204,0.6991269785062467,asr,E:\m-hvc\datasets\old-dataset\frames_unique\non_hate_video_623,review: model_disagrees_with_label_but_not_auto_threshold,val,strong_agree,False
non_hate_video_200,0,1,suspected_false_negative_label,0.8903111815452576,0.8903111815452576,0.9999314546585084,0.8283627733480016,asr,E:\m-hvc\datasets\old-dataset\frames_unique\non_hate_video_200,review: model_disagrees_with_label_but_not_auto_threshold,test,strong_agree,False
R_hate_video_223,1,0,suspected_false_positive_label,0.109987549483776,0.890012450516224,0.0006742078694514,0.9993897080421448,human,E:\m-hvc\datasets\old-dataset\frames_unique\R_hate_video_223,review: model_disagrees_with_label_but_not_auto_threshold,train,strong_agree,False
hate_video_382,1,0,suspected_false_positive_label,0.1112662851810455,0.8887337148189545,0.9997846484184264,0.8461475582471082,asr,E:\m-hvc\datasets\old-dataset\frames_unique\hate_video_382,review: model_disagrees_with_label_but_not_auto_threshold,test,disagree_or_weak,False
hate_video_374,1,0,suspected_false_positive_label,0.1115853041410446,0.8884146958589554,0.9995492100715636,0.7459401352231887,asr,E:\m-hvc\datasets\old-dataset\frames_unique\hate_video_374,review: model_disagrees_with_label_but_not_auto_threshold,test,disagree_or_weak,False
BV1aM4y1x7RU,0,1,suspected_false_negative_label,0.8871938586235046,0.8871938586235046,,,missing,E:\m-hvc\datasets\old-dataset\frames_unique\BV1aM4y1x7RU,review: no_usable_teacher; not_extreme_model_probability; model_prob>=0.320,train,unavailable,False
video_49,1,0,suspected_false_positive_label,0.1154537200927734,0.8845462799072266,,,missing,E:\m-hvc\datasets\old-dataset\frames_unique\video_49,review: no_usable_teacher; not_extreme_model_probability; model_prob<0.320,test,unavailable,False
BV1kQ4y1k72V,1,0,suspected_false_positive_label,0.116231694817543,0.883768305182457,0.0058142314665019,0.7157471422349343,asr,E:\m-hvc\datasets\old-dataset\frames_unique\BV1kQ4y1k72V,review: model_disagrees_with_label_but_not_auto_threshold,train,strong_agree,False
video_52,1,0,suspected_false_positive_label,0.1169550567865371,0.8830449432134629,0.8451233506202698,0.7205385565757751,human,E:\m-hvc\datasets\old-dataset\frames_unique\video_52,review: model_disagrees_with_label_but_not_auto_threshold,test,disagree_or_weak,False
non_hate_video_380,0,1,suspected_false_negative_label,0.8826401233673096,0.8826401233673096,0.9381567239761353,0.7424783287794732,asr,E:\m-hvc\datasets\old-dataset\frames_unique\non_hate_video_380,review: model_disagrees_with_label_but_not_auto_threshold,val,strong_agree,False
BV1wj411h7ZN,1,0,suspected_false_positive_label,0.1184474155306816,0.8815525844693184,0.057871114462614,0.5605292166593783,asr,E:\m-hvc\datasets\old-dataset\frames_unique\BV1wj411h7ZN,review: model_disagrees_with_label_but_not_auto_threshold,test,strong_agree,False
hate_video_158,1,0,suspected_false_positive_label,0.1193521544337272,0.8806478455662728,0.9999332427978516,0.6779807892550688,asr,E:\m-hvc\datasets\old-dataset\frames_unique\hate_video_158,review: model_disagrees_with_label_but_not_auto_threshold,test,disagree_or_weak,False
hate_video_83,1,0,suspected_false_positive_label,0.1195884570479393,0.8804115429520607,0.9999083280563354,0.7677809476555009,asr,E:\m-hvc\datasets\old-dataset\frames_unique\hate_video_83,review: model_disagrees_with_label_but_not_auto_threshold,test,disagree_or_weak,False
non_hate_video_464,0,1,suspected_false_negative_label,0.8797563910484314,0.8797563910484314,,,missing,E:\m-hvc\datasets\old-dataset\frames_unique\non_hate_video_464,review: no_usable_teacher; not_extreme_model_probability; model_prob>=0.320,train,unavailable,False
non_hate_video_447,0,1,suspected_false_negative_label,0.8796537518501282,0.8796537518501282,0.9821683168411256,0.8460282361729908,asr,E:\m-hvc\datasets\old-dataset\frames_unique\non_hate_video_447,review: model_disagrees_with_label_but_not_auto_threshold,val,strong_agree,False
hate_video_351,1,0,suspected_false_positive_label,0.1229850426316261,0.8770149573683739,0.999579131603241,0.7485071961877994,asr,E:\m-hvc\datasets\old-dataset\frames_unique\hate_video_351,review: model_disagrees_with_label_but_not_auto_threshold,test,disagree_or_weak,False
non_hate_video_616,0,1,suspected_false_negative_label,0.8757787942886353,0.8757787942886353,,,missing,E:\m-hvc\datasets\old-dataset\frames_unique\non_hate_video_616,review: no_usable_teacher; not_extreme_model_probability; model_prob>=0.320,val,unavailable,False
hate_video_392,1,0,suspected_false_positive_label,0.1279665380716323,0.8720334619283677,0.9999372959136964,0.7337902523741394,asr,E:\m-hvc\datasets\old-dataset\frames_unique\hate_video_392,review: model_disagrees_with_label_but_not_auto_threshold,test,disagree_or_weak,False
BV1Rq4y157fL,1,0,suspected_false_positive_label,0.1286150962114334,0.8713849037885666,0.0064781559631228,0.7263709878688898,asr,E:\m-hvc\datasets\old-dataset\frames_unique\BV1Rq4y157fL,review: model_disagrees_with_label_but_not_auto_threshold,train,strong_agree,False
non_hate_video_185,0,1,suspected_false_negative_label,0.8709611296653748,0.8709611296653748,0.9980947375297546,0.7600631901067179,asr,E:\m-hvc\datasets\old-dataset\frames_unique\non_hate_video_185,review: model_disagrees_with_label_but_not_auto_threshold,train,strong_agree,False
BV1r64y1H78r,0,1,suspected_false_negative_label,0.86924147605896,0.86924147605896,0.2746331989765167,0.6026694350987967,asr,E:\m-hvc\datasets\old-dataset\frames_unique\BV1r64y1H78r,review: model_disagrees_with_label_but_not_auto_threshold,val,disagree_or_weak,False
BV1LJ411y7QX,1,0,suspected_false_positive_label,0.1312511712312698,0.8687488287687302,0.0475599579513073,0.6471571435031442,asr,E:\m-hvc\datasets\old-dataset\frames_unique\BV1LJ411y7QX,review: model_disagrees_with_label_but_not_auto_threshold,train,strong_agree,False
hate_video_304,1,0,suspected_false_positive_label,0.1317647397518158,0.8682352602481842,0.9986135959625244,0.841412906111671,asr,E:\m-hvc\datasets\old-dataset\frames_unique\hate_video_304,review: model_disagrees_with_label_but_not_auto_threshold,test,disagree_or_weak,False
BV15V4y1k7tZ,1,0,suspected_false_positive_label,0.1317981779575348,0.8682018220424652,0.0193405877798795,0.7448574138321656,asr,E:\m-hvc\datasets\old-dataset\frames_unique\BV15V4y1k7tZ,review: model_disagrees_with_label_but_not_auto_threshold,train,strong_agree,False
non_hate_video_584,0,1,suspected_false_negative_label,0.8657469153404236,0.8657469153404236,0.999936819076538,0.6647376021373536,asr,E:\m-hvc\datasets\old-dataset\frames_unique\non_hate_video_584,review: model_disagrees_with_label_but_not_auto_threshold,val,strong_agree,False
non_hate_video_565,0,1,suspected_false_negative_label,0.8654838800430298,0.8654838800430298,0.9999107122421264,0.8382679979676677,asr,E:\m-hvc\datasets\old-dataset\frames_unique\non_hate_video_565,review: model_disagrees_with_label_but_not_auto_threshold,val,strong_agree,False
video_637,0,1,suspected_false_negative_label,0.8643999099731445,0.8643999099731445,0.001610092120245,0.9985612034797668,human,E:\m-hvc\datasets\old-dataset\frames_unique\video_637,review: model_disagrees_with_label_but_not_auto_threshold,val,disagree_or_weak,False
R_non_hate_video_062,0,1,suspected_false_negative_label,0.8577146530151367,0.8577146530151367,0.999796450138092,0.9977224469184875,human,E:\m-hvc\datasets\old-dataset\frames_unique\R_non_hate_video_062,review: model_disagrees_with_label_but_not_auto_threshold,train,strong_agree,False
R_non_hate_video_231,0,1,suspected_false_negative_label,0.8571629524230957,0.8571629524230957,0.0007656165398657,0.9992809295654296,human,E:\m-hvc\datasets\old-dataset\frames_unique\R_non_hate_video_231,review: model_disagrees_with_label_but_not_auto_threshold,test,disagree_or_weak,False
non_hate_video_574,0,1,suspected_false_negative_label,0.8567354679107666,0.8567354679107666,0.9998600482940674,0.7195136070972193,asr,E:\m-hvc\datasets\old-dataset\frames_unique\non_hate_video_574,review: model_disagrees_with_label_but_not_auto_threshold,train,strong_agree,False
BV1jT4y1j7P6,1,0,suspected_false_positive_label,0.1435329020023346,0.8564670979976654,,,missing,E:\m-hvc\datasets\old-dataset\frames_unique\BV1jT4y1j7P6,review: no_usable_teacher; not_extreme_model_probability; model_prob<0.320,test,unavailable,False
non_hate_video_232,0,1,suspected_false_negative_label,0.8559617400169373,0.8559617400169373,0.9998120665550232,0.4555298059991118,asr,E:\m-hvc\datasets\old-dataset\frames_unique\non_hate_video_232,review: no_usable_teacher; not_extreme_model_probability; model_prob>=0.320,train,unavailable,False
hate_video_367,1,0,suspected_false_positive_label,0.1494693756103515,0.8505306243896484,0.9999549388885498,0.5718216788772235,asr,E:\m-hvc\datasets\old-dataset\frames_unique\hate_video_367,review: model_disagrees_with_label_but_not_auto_threshold,val,disagree_or_weak,False
BV1rq4y177j1,0,1,suspected_false_negative_label,0.8502092361450195,0.8502092361450195,0.4406414330005646,0.476255141527781,asr,E:\m-hvc\datasets\old-dataset\frames_unique\BV1rq4y177j1,review: no_usable_teacher; not_extreme_model_probability; model_prob>=0.320,val,unavailable,False
BV1SM41117HN,1,0,suspected_false_positive_label,0.1501640081405639,0.849835991859436,0.1463027447462082,0.3942493889317788,asr,E:\m-hvc\datasets\old-dataset\frames_unique\BV1SM41117HN,review: no_usable_teacher; not_extreme_model_probability; model_prob<0.320,train,unavailable,False
BV1gC4y1R7KF,1,0,suspected_false_positive_label,0.1506993621587753,0.8493006378412247,,,missing,E:\m-hvc\datasets\old-dataset\frames_unique\BV1gC4y1R7KF,review: no_usable_teacher; not_extreme_model_probability; model_prob<0.320,test,unavailable,False
hate_video_26,1,0,suspected_false_positive_label,0.1542757749557495,0.8457242250442505,0.9999431371688844,0.4862783714170232,asr,E:\m-hvc\datasets\old-dataset\frames_unique\hate_video_26,review: no_usable_teacher; not_extreme_model_probability; model_prob<0.320,val,unavailable,False
R_hate_video_008,0,1,suspected_false_negative_label,0.844360888004303,0.844360888004303,0.6472566723823547,0.3674391713374583,asr,E:\m-hvc\datasets\old-dataset\frames_unique\R_hate_video_008,review: no_usable_teacher; not_extreme_model_probability; model_prob>=0.320,train,unavailable,False
video_127,1,0,suspected_false_positive_label,0.1560322344303131,0.8439677655696869,0.9279821515083312,0.7199119329452515,human,E:\m-hvc\datasets\old-dataset\frames_unique\video_127,review: model_disagrees_with_label_but_not_auto_threshold,test,disagree_or_weak,False
video_90,1,0,suspected_false_positive_label,0.1578985154628753,0.8421014845371246,0.0003789804177358,0.3666045514884994,asr,E:\m-hvc\datasets\old-dataset\frames_unique\video_90,review: no_usable_teacher; not_extreme_model_probability; model_prob<0.320,train,unavailable,False
BV1nf4y1q7NV,0,1,suspected_false_negative_label,0.841223955154419,0.841223955154419,,,missing,E:\m-hvc\datasets\old-dataset\frames_unique\BV1nf4y1q7NV,review: no_usable_teacher; not_extreme_model_probability; model_prob>=0.320,test,unavailable,False
non_hate_video_334,0,1,suspected_false_negative_label,0.8403121829032898,0.8403121829032898,0.9977940320968628,0.7074686872599122,asr,E:\m-hvc\datasets\old-dataset\frames_unique\non_hate_video_334,review: model_disagrees_with_label_but_not_auto_threshold,train,strong_agree,False
R_non_hate_video_043,0,1,suspected_false_negative_label,0.8396252989768982,0.8396252989768982,0.991628885269165,0.9897836446762084,human,E:\m-hvc\datasets\old-dataset\frames_unique\R_non_hate_video_043,review: model_disagrees_with_label_but_not_auto_threshold,train,strong_agree,False
BV1AT411t7wB,1,0,suspected_false_positive_label,0.1666652411222458,0.8333347588777542,0.0190927907824516,0.6692356075003943,asr,E:\m-hvc\datasets\old-dataset\frames_unique\BV1AT411t7wB,review: model_disagrees_with_label_but_not_auto_threshold,train,strong_agree,False
hate_video_109,1,0,suspected_false_positive_label,0.1674694567918777,0.8325305432081223,0.0004754514666274,0.3710830780093233,asr,E:\m-hvc\datasets\old-dataset\frames_unique\hate_video_109,review: no_usable_teacher; not_extreme_model_probability; model_prob<0.320,train,unavailable,False
BV1iP411B7fA,0,1,suspected_false_negative_label,0.832388699054718,0.832388699054718,0.5969371795654297,0.4775187530395604,asr,E:\m-hvc\datasets\old-dataset\frames_unique\BV1iP411B7fA,review: no_usable_teacher; not_extreme_model_probability; model_prob>=0.320,train,unavailable,False
S_hate_video_206,1,0,suspected_false_positive_label,0.1685730814933776,0.8314269185066224,0.0004235100932419,0.6654424749097445,asr,E:\m-hvc\datasets\old-dataset\frames_unique\S_hate_video_206,review: model_disagrees_with_label_but_not_auto_threshold,train,strong_agree,False
hate_video_414,1,0,suspected_false_positive_label,0.1695606559514999,0.8304393440485001,0.0004614611098077,0.4693086322150645,asr,E:\m-hvc\datasets\old-dataset\frames_unique\hate_video_414,review: no_usable_teacher; not_extreme_model_probability; model_prob<0.320,test,unavailable,False
non_hate_video_11,0,1,suspected_false_negative_label,0.8264868855476379,0.8264868855476379,0.99991774559021,0.6539037554725854,asr,E:\m-hvc\datasets\old-dataset\frames_unique\non_hate_video_11,review: model_disagrees_with_label_but_not_auto_threshold,train,strong_agree,False
non_hate_video_269,0,1,suspected_false_negative_label,0.825883686542511,0.825883686542511,0.9997634291648864,0.4587176110510515,asr,E:\m-hvc\datasets\old-dataset\frames_unique\non_hate_video_269,review: no_usable_teacher; not_extreme_model_probability; model_prob>=0.320,test,unavailable,False
non_hate_video_523,0,1,suspected_false_negative_label,0.8242335319519043,0.8242335319519043,,,missing,E:\m-hvc\datasets\old-dataset\frames_unique\non_hate_video_523,review: no_usable_teacher; not_extreme_model_probability; model_prob>=0.320,train,unavailable,False
R_hate_video_085,1,0,suspected_false_positive_label,0.1817495971918106,0.8182504028081894,0.9690810441970824,0.4784413188772359,asr,E:\m-hvc\datasets\old-dataset\frames_unique\R_hate_video_085,review: no_usable_teacher; not_extreme_model_probability; model_prob<0.320,test,unavailable,False
hate_video_127,1,0,suspected_false_positive_label,0.1845285296440124,0.8154714703559875,0.0004708558553829,0.5679474828948433,asr,E:\m-hvc\datasets\old-dataset\frames_unique\hate_video_127,review: model_disagrees_with_label_but_not_auto_threshold,train,strong_agree,False
non_hate_video_282,0,1,suspected_false_negative_label,0.8148771524429321,0.8148771524429321,0.0640809908509254,0.7661412990436575,asr,E:\m-hvc\datasets\old-dataset\frames_unique\non_hate_video_282,review: model_disagrees_with_label_but_not_auto_threshold,test,disagree_or_weak,False
S_non_hate_videos_93,0,1,suspected_false_negative_label,0.8133058547973633,0.8133058547973633,0.0011693487176671,0.9989290237426758,human,E:\m-hvc\datasets\old-dataset\frames_unique\S_non_hate_videos_93,review: model_disagrees_with_label_but_not_auto_threshold,test,disagree_or_weak,False
BV1e24y1T7Z2,1,0,suspected_false_positive_label,0.1879221498966217,0.8120778501033783,0.0037332025822252,0.8635921596338516,asr,E:\m-hvc\datasets\old-dataset\frames_unique\BV1e24y1T7Z2,review: model_disagrees_with_label_but_not_auto_threshold,train,strong_agree,False
non_hate_video_192,0,1,suspected_false_negative_label,0.8109362125396729,0.8109362125396729,0.9994714856147766,0.752547005744503,asr,E:\m-hvc\datasets\old-dataset\frames_unique\non_hate_video_192,review: model_disagrees_with_label_but_not_auto_threshold,val,strong_agree,False
non_hate_video_483,0,1,suspected_false_negative_label,0.8107725381851196,0.8107725381851196,0.0014655970735475,0.4295191718320616,asr,E:\m-hvc\datasets\old-dataset\frames_unique\non_hate_video_483,review: no_usable_teacher; not_extreme_model_probability; model_prob>=0.320,test,unavailable,False
hate_video_273,1,0,suspected_false_positive_label,0.1894883066415786,0.8105116933584214,0.0357002541422843,0.7077820333475577,asr,E:\m-hvc\datasets\old-dataset\frames_unique\hate_video_273,review: model_disagrees_with_label_but_not_auto_threshold,val,strong_agree,False
BV18u411p74B,1,0,suspected_false_positive_label,0.1922137141227722,0.8077862858772278,0.1208895593881607,0.586219262694467,asr,E:\m-hvc\datasets\old-dataset\frames_unique\BV18u411p74B,review: model_disagrees_with_label_but_not_auto_threshold,test,strong_agree,False
BV13i4y1U7Ac,0,1,suspected_false_negative_label,0.806879460811615,0.806879460811615,0.6857818961143494,0.6031967744285914,asr,E:\m-hvc\datasets\old-dataset\frames_unique\BV13i4y1U7Ac,review: model_disagrees_with_label_but_not_auto_threshold,val,disagree_or_weak,False
BV13Q4y1y7UW,0,1,suspected_false_negative_label,0.8067050576210022,0.8067050576210022,0.0500112809240818,0.7848645440950814,asr,E:\m-hvc\datasets\old-dataset\frames_unique\BV13Q4y1y7UW,review: model_disagrees_with_label_but_not_auto_threshold,train,disagree_or_weak,False
BV1G24y187Fh,0,1,suspected_false_negative_label,0.8046668767929077,0.8046668767929077,0.3916287422180176,0.5194485728489158,asr,E:\m-hvc\datasets\old-dataset\frames_unique\BV1G24y187Fh,review: no_usable_teacher; not_extreme_model_probability; model_prob>=0.320,train,unavailable,False
non_hate_video_633,0,1,suspected_false_negative_label,0.8043214678764343,0.8043214678764343,0.0009533695993013,0.7914576431198803,asr,E:\m-hvc\datasets\old-dataset\frames_unique\non_hate_video_633,review: model_disagrees_with_label_but_not_auto_threshold,test,disagree_or_weak,False
R_hate_video_151,1,0,suspected_false_positive_label,0.1968893706798553,0.8031106293201447,0.0039336336776614,0.4064906099404688,asr,E:\m-hvc\datasets\old-dataset\frames_unique\R_hate_video_151,review: no_usable_teacher; not_extreme_model_probability; model_prob<0.320,train,unavailable,False
BV1wJ411U73M,0,1,suspected_false_negative_label,0.7992242574691772,0.7992242574691772,0.0103466119617223,0.288511921795319,asr,E:\m-hvc\datasets\old-dataset\frames_unique\BV1wJ411U73M,review: no_usable_teacher; not_extreme_model_probability; model_prob>=0.320,test,unavailable,False
hate_video_94,1,0,suspected_false_positive_label,0.2016195654869079,0.798380434513092,0.9998499155044556,0.5335783019497242,asr,E:\m-hvc\datasets\old-dataset\frames_unique\hate_video_94,review: no_usable_teacher; not_extreme_model_probability; model_prob<0.320,test,unavailable,False
BV117421N7HM,1,0,suspected_false_positive_label,0.2033935636281967,0.7966064363718033,,,missing,E:\m-hvc\datasets\old-dataset\frames_unique\BV117421N7HM,review: no_usable_teacher; not_extreme_model_probability; model_prob<0.320,train,unavailable,False
non_hate_video_108,0,1,suspected_false_negative_label,0.7945517301559448,0.7945517301559448,0.9984295964241028,0.8034577586179722,asr,E:\m-hvc\datasets\old-dataset\frames_unique\non_hate_video_108,review: model_disagrees_with_label_but_not_auto_threshold,test,strong_agree,False
non_hate_video_593,0,1,suspected_false_negative_label,0.7927024364471436,0.7927024364471436,,,missing,E:\m-hvc\datasets\old-dataset\frames_unique\non_hate_video_593,review: no_usable_teacher; not_extreme_model_probability; model_prob>=0.320,train,unavailable,False
BV1GB4y16758,1,0,suspected_false_positive_label,0.2100469022989273,0.7899530977010727,0.000511662045028,0.427858220098157,asr,E:\m-hvc\datasets\old-dataset\frames_unique\BV1GB4y16758,review: no_usable_teacher; not_extreme_model_probability; model_prob<0.320,train,unavailable,False
BV1Md4y1f7dn,1,0,suspected_false_positive_label,0.2118868678808212,0.7881131321191788,0.0095892651006579,0.8691659252665924,asr,E:\m-hvc\datasets\old-dataset\frames_unique\BV1Md4y1f7dn,review: model_disagrees_with_label_but_not_auto_threshold,train,strong_agree,False
BV1He411k7EL,1,0,suspected_false_positive_label,0.2131924480199813,0.7868075519800187,0.0268365647643804,0.740917937921105,asr,E:\m-hvc\datasets\old-dataset\frames_unique\BV1He411k7EL,review: model_disagrees_with_label_but_not_auto_threshold,train,strong_agree,False
non_hate_video_221,0,1,suspected_false_negative_label,0.786771297454834,0.786771297454834,0.0005516210221685,0.5077774995300363,asr,E:\m-hvc\datasets\old-dataset\frames_unique\non_hate_video_221,review: no_usable_teacher; not_extreme_model_probability; model_prob>=0.320,train,unavailable,False
hate_video_11,1,0,suspected_false_positive_label,0.2135264277458191,0.7864735722541809,0.9998929500579834,0.503566797389742,asr,E:\m-hvc\datasets\old-dataset\frames_unique\hate_video_11,review: no_usable_teacher; not_extreme_model_probability; model_prob<0.320,test,unavailable,False
R_non_hate_video_017,0,1,suspected_false_negative_label,0.7847957015037537,0.7847957015037537,0.0004765240882989,0.9995656609535216,human,E:\m-hvc\datasets\old-dataset\frames_unique\R_non_hate_video_017,review: model_disagrees_with_label_but_not_auto_threshold,train,disagree_or_weak,False
non_hate_video_485,0,1,suspected_false_negative_label,0.7833589315414429,0.7833589315414429,0.9999340772628784,0.4145937607848111,asr,E:\m-hvc\datasets\old-dataset\frames_unique\non_hate_video_485,review: no_usable_teacher; not_extreme_model_probability; model_prob>=0.320,test,unavailable,False
hate_video_297,1,0,suspected_false_positive_label,0.218778908252716,0.7812210917472839,0.0006250392762012,0.3856922305778005,asr,E:\m-hvc\datasets\old-dataset\frames_unique\hate_video_297,review: no_usable_teacher; not_extreme_model_probability; model_prob<0.320,train,unavailable,False
video_46,1,0,suspected_false_positive_label,0.2197565883398056,0.7802434116601944,0.0070306882262229,0.9932053089141846,human,E:\m-hvc\datasets\old-dataset\frames_unique\video_46,review: model_disagrees_with_label_but_not_auto_threshold,train,strong_agree,False
hate_video_266,1,0,suspected_false_positive_label,0.2198726534843444,0.7801273465156556,0.9999206066131592,0.614007942950291,asr,E:\m-hvc\datasets\old-dataset\frames_unique\hate_video_266,review: model_disagrees_with_label_but_not_auto_threshold,test,disagree_or_weak,False
video_280,0,1,suspected_false_negative_label,0.7794055342674255,0.7794055342674255,0.999958038330078,0.92231422662735,human,E:\m-hvc\datasets\old-dataset\frames_unique\video_280,review: model_disagrees_with_label_but_not_auto_threshold,train,strong_agree,False
BV1p14y1D7da,1,0,suspected_false_positive_label,0.2214901447296142,0.7785098552703857,0.0011744832154363,0.370856460518882,asr,E:\m-hvc\datasets\old-dataset\frames_unique\BV1p14y1D7da,review: no_usable_teacher; not_extreme_model_probability; model_prob<0.320,train,unavailable,False
non_hate_video_199,0,1,suspected_false_negative_label,0.7770436406135559,0.7770436406135559,0.9986705780029296,0.5990414213232451,asr,E:\m-hvc\datasets\old-dataset\frames_unique\non_hate_video_199,review: model_disagrees_with_label_but_not_auto_threshold,val,strong_agree,False
BV158411i7rQ,1,0,suspected_false_positive_label,0.2254964262247085,0.7745035737752914,0.2894302606582641,0.5799337755500037,asr,E:\m-hvc\datasets\old-dataset\frames_unique\BV158411i7rQ,review: model_disagrees_with_label_but_not_auto_threshold,train,disagree_or_weak,False
BV16p4y1H7rh,1,0,suspected_false_positive_label,0.2296124696731567,0.7703875303268433,0.0043210489675402,0.7998102920774166,asr,E:\m-hvc\datasets\old-dataset\frames_unique\BV16p4y1H7rh,review: model_disagrees_with_label_but_not_auto_threshold,train,strong_agree,False
non_hate_video_528,0,1,suspected_false_negative_label,0.770331621170044,0.770331621170044,0.9918515086174012,0.8298270241088095,asr,E:\m-hvc\datasets\old-dataset\frames_unique\non_hate_video_528,review: model_disagrees_with_label_but_not_auto_threshold,test,strong_agree,False
non_hate_video_465,0,1,suspected_false_negative_label,0.7679517269134521,0.7679517269134521,0.9999011754989624,0.881492524014842,asr,E:\m-hvc\datasets\old-dataset\frames_unique\non_hate_video_465,review: model_disagrees_with_label_but_not_auto_threshold,train,strong_agree,False
hate_video_218,1,0,suspected_false_positive_label,0.2324147820472717,0.7675852179527283,0.9999406337738036,0.8303995654364713,asr,E:\m-hvc\datasets\old-dataset\frames_unique\hate_video_218,review: model_disagrees_with_label_but_not_auto_threshold,test,disagree_or_weak,False
non_hate_video_558,0,1,suspected_false_negative_label,0.7663568258285522,0.7663568258285522,0.9996224641799928,0.7412211098145828,asr,E:\m-hvc\datasets\old-dataset\frames_unique\non_hate_video_558,review: model_disagrees_with_label_but_not_auto_threshold,train,strong_agree,False
non_hate_video_10,0,1,suspected_false_negative_label,0.7658437490463257,0.7658437490463257,0.999716341495514,0.5939886672416959,asr,E:\m-hvc\datasets\old-dataset\frames_unique\non_hate_video_10,review: model_disagrees_with_label_but_not_auto_threshold,test,strong_agree,False
non_hate_video_567,0,1,suspected_false_negative_label,0.7657021284103394,0.7657021284103394,0.9998931884765624,0.9009922463821456,asr,E:\m-hvc\datasets\old-dataset\frames_unique\non_hate_video_567,review: model_disagrees_with_label_but_not_auto_threshold,train,strong_agree,False
hate_video_176,1,0,suspected_false_positive_label,0.2442437410354614,0.7557562589645386,0.9996007084846495,0.6565992298946801,asr,E:\m-hvc\datasets\old-dataset\frames_unique\hate_video_176,review: model_disagrees_with_label_but_not_auto_threshold,val,disagree_or_weak,False
non_hate_video_239,0,1,suspected_false_negative_label,0.7506257891654968,0.7506257891654968,0.9997119307518004,0.8718440464867923,asr,E:\m-hvc\datasets\old-dataset\frames_unique\non_hate_video_239,review: model_disagrees_with_label_but_not_auto_threshold,test,strong_agree,False
non_hate_video_166,0,1,suspected_false_negative_label,0.7491888403892517,0.7491888403892517,0.9999369382858276,0.7004973372039394,asr,E:\m-hvc\datasets\old-dataset\frames_unique\non_hate_video_166,review: model_disagrees_with_label_but_not_auto_threshold,train,strong_agree,False
BV16g411H7Mr,1,0,suspected_false_positive_label,0.2513311505317688,0.7486688494682312,0.0109314071014523,0.3266044863801324,asr,E:\m-hvc\datasets\old-dataset\frames_unique\BV16g411H7Mr,review: no_usable_teacher; not_extreme_model_probability; model_prob<0.320,val,unavailable,False
non_hate_video_136,0,1,suspected_false_negative_label,0.7476267218589783,0.7476267218589783,0.9998713731765748,0.6766932048453527,asr,E:\m-hvc\datasets\old-dataset\frames_unique\non_hate_video_136,review: model_disagrees_with_label_but_not_auto_threshold,test,strong_agree,False
non_hate_video_17,0,1,suspected_false_negative_label,0.7449820637702942,0.7449820637702942,0.9999430179595948,0.3885795868151532,asr,E:\m-hvc\datasets\old-dataset\frames_unique\non_hate_video_17,review: no_usable_teacher; not_extreme_model_probability; model_prob>=0.320,val,unavailable,False
BV17K4y1r7Dt,1,0,suspected_false_positive_label,0.2551519870758056,0.7448480129241943,0.0003406562900636,0.3953802400648994,asr,E:\m-hvc\datasets\old-dataset\frames_unique\BV17K4y1r7Dt,review: no_usable_teacher; not_extreme_model_probability; model_prob<0.320,train,unavailable,False
non_hate_video_5,0,1,suspected_false_negative_label,0.7422357797622681,0.7422357797622681,0.999794065952301,0.698291401039419,asr,E:\m-hvc\datasets\old-dataset\frames_unique\non_hate_video_5,review: model_disagrees_with_label_but_not_auto_threshold,train,strong_agree,False
BV1w64y11788,1,0,suspected_false_positive_label,0.2588953375816345,0.7411046624183655,0.034751359373331,0.8228456810736063,asr,E:\m-hvc\datasets\old-dataset\frames_unique\BV1w64y11788,review: model_disagrees_with_label_but_not_auto_threshold,train,strong_agree,False
R_non_hate_video_047,0,1,suspected_false_negative_label,0.7393491268157959,0.7393491268157959,0.0018504179315641,0.9983686208724976,human,E:\m-hvc\datasets\old-dataset\frames_unique\R_non_hate_video_047,review: model_disagrees_with_label_but_not_auto_threshold,train,disagree_or_weak,False
non_hate_video_551,0,1,suspected_false_negative_label,0.7368921637535095,0.7368921637535095,0.5016832947731018,0.4355171643222625,asr,E:\m-hvc\datasets\old-dataset\frames_unique\non_hate_video_551,review: no_usable_teacher; not_extreme_model_probability; model_prob>=0.320,train,unavailable,False
hate_video_153,1,0,suspected_false_positive_label,0.2653096318244934,0.7346903681755066,0.0006250392762012,0.3868238451136579,asr,E:\m-hvc\datasets\old-dataset\frames_unique\hate_video_153,review: no_usable_teacher; not_extreme_model_probability; model_prob<0.320,test,unavailable,False
BV1oS4y1c7v3,1,0,suspected_false_positive_label,0.2658239603042602,0.7341760396957397,0.0178540311753749,0.9123998789104866,asr,E:\m-hvc\datasets\old-dataset\frames_unique\BV1oS4y1c7v3,review: model_disagrees_with_label_but_not_auto_threshold,train,strong_agree,False
BV144421w742,0,1,suspected_false_negative_label,0.7311576008796692,0.7311576008796692,0.0017841374501585,0.8578907240774377,asr,E:\m-hvc\datasets\old-dataset\frames_unique\BV144421w742,review: model_disagrees_with_label_but_not_auto_threshold,train,disagree_or_weak,False
BV1hu4y1f7Ni,1,0,suspected_false_positive_label,0.2707136869430542,0.7292863130569458,0.3867201507091522,0.46247951147853,asr,E:\m-hvc\datasets\old-dataset\frames_unique\BV1hu4y1f7Ni,review: no_usable_teacher; not_extreme_model_probability; model_prob<0.320,train,unavailable,False
BV1LW4y1J7eY,1,0,suspected_false_positive_label,0.2725223302841186,0.7274776697158813,0.0072468598373234,0.5157196758999798,asr,E:\m-hvc\datasets\old-dataset\frames_unique\BV1LW4y1J7eY,review: no_usable_teacher; not_extreme_model_probability; model_prob<0.320,train,unavailable,False
non_hate_video_111,0,1,suspected_false_negative_label,0.7241389155387878,0.7241389155387878,0.9999451637268066,0.6809259767471053,asr,E:\m-hvc\datasets\old-dataset\frames_unique\non_hate_video_111,review: model_disagrees_with_label_but_not_auto_threshold,train,strong_agree,False
BV1y8411o7Gc,1,0,suspected_false_positive_label,0.2781637609004974,0.7218362390995026,0.1154141873121261,0.3976000688183276,asr,E:\m-hvc\datasets\old-dataset\frames_unique\BV1y8411o7Gc,review: no_usable_teacher; not_extreme_model_probability; model_prob<0.320,train,unavailable,False
hate_video_159,1,0,suspected_false_positive_label,0.27980837225914,0.72019162774086,0.9999312162399292,0.6221096489155455,asr,E:\m-hvc\datasets\old-dataset\frames_unique\hate_video_159,review: model_disagrees_with_label_but_not_auto_threshold,train,disagree_or_weak,False
S_hate_video_1,1,0,suspected_false_positive_label,0.2842711508274078,0.7157288491725922,0.0304495561867952,0.9701125621795654,human,E:\m-hvc\datasets\old-dataset\frames_unique\S_hate_video_1,review: model_disagrees_with_label_but_not_auto_threshold,train,strong_agree,False
R_hate_video_247,1,0,suspected_false_positive_label,0.2887947261333465,0.7112052738666534,,,missing,E:\m-hvc\datasets\old-dataset\frames_unique\R_hate_video_247,review: no_usable_teacher; not_extreme_model_probability; model_prob<0.320,train,unavailable,False
non_hate_video_179,0,1,suspected_false_negative_label,0.7097788453102112,0.7097788453102112,0.9999053478240968,0.6837874360116456,asr,E:\m-hvc\datasets\old-dataset\frames_unique\non_hate_video_179,review: model_disagrees_with_label_but_not_auto_threshold,train,strong_agree,False
non_hate_video_286,0,1,suspected_false_negative_label,0.7072649598121643,0.7072649598121643,0.999881625175476,0.6043659268032902,asr,E:\m-hvc\datasets\old-dataset\frames_unique\non_hate_video_286,review: model_disagrees_with_label_but_not_auto_threshold,train,strong_agree,False
hate_video_27,1,0,suspected_false_positive_label,0.2942564189434051,0.7057435810565948,0.9999210834503174,0.7717266131574806,asr,E:\m-hvc\datasets\old-dataset\frames_unique\hate_video_27,review: model_disagrees_with_label_but_not_auto_threshold,test,disagree_or_weak,False
BV165411474t,0,1,suspected_false_negative_label,0.7026907205581665,0.7026907205581665,0.0013539418578147,0.7422480774546333,asr,E:\m-hvc\datasets\old-dataset\frames_unique\BV165411474t,review: model_disagrees_with_label_but_not_auto_threshold,val,disagree_or_weak,False
BV1ja4y1k7Y6,1,0,suspected_false_positive_label,0.2985677421092987,0.7014322578907013,0.0136197842657566,0.8283617815809043,asr,E:\m-hvc\datasets\old-dataset\frames_unique\BV1ja4y1k7Y6,review: model_disagrees_with_label_but_not_auto_threshold,train,strong_agree,False
hate_video_18,1,0,suspected_false_positive_label,0.3042611479759216,0.6957388520240784,0.999930739402771,0.6422642252305396,asr,E:\m-hvc\datasets\old-dataset\frames_unique\hate_video_18,review: model_disagrees_with_label_but_not_auto_threshold,train,disagree_or_weak,False
hate_video_69,1,0,suspected_false_positive_label,0.3071204125881195,0.6928795874118805,0.000673929345794,0.7170122787184686,asr,E:\m-hvc\datasets\old-dataset\frames_unique\hate_video_69,review: model_disagrees_with_label_but_not_auto_threshold,train,strong_agree,False
non_hate_video_338,0,1,suspected_false_negative_label,0.6923702955245972,0.6923702955245972,0.0004754514666274,0.3211456431954632,asr,E:\m-hvc\datasets\old-dataset\frames_unique\non_hate_video_338,review: no_usable_teacher; not_extreme_model_probability; model_prob>=0.320,train,unavailable,False
non_hate_video_241,0,1,suspected_false_negative_label,0.6908309459686279,0.6908309459686279,0.999879002571106,0.7893586332305843,asr,E:\m-hvc\datasets\old-dataset\frames_unique\non_hate_video_241,review: model_disagrees_with_label_but_not_auto_threshold,val,strong_agree,False
non_hate_video_19,0,1,suspected_false_negative_label,0.6881847977638245,0.6881847977638245,0.9997263550758362,0.5437878257626614,asr,E:\m-hvc\datasets\old-dataset\frames_unique\non_hate_video_19,review: no_usable_teacher; not_extreme_model_probability; model_prob>=0.320,test,unavailable,False
non_hate_video_25,0,1,suspected_false_negative_label,0.6863052248954773,0.6863052248954773,0.9998914003372192,0.6230474744028993,asr,E:\m-hvc\datasets\old-dataset\frames_unique\non_hate_video_25,review: model_disagrees_with_label_but_not_auto_threshold,train,strong_agree,False
hate_video_347,1,0,suspected_false_positive_label,0.3178273141384125,0.6821726858615875,0.999675154685974,0.8208808033352248,asr,E:\m-hvc\datasets\old-dataset\frames_unique\hate_video_347,review: model_disagrees_with_label_but_not_auto_threshold,train,disagree_or_weak,False
BV1Fw411c7mX,0,1,suspected_false_negative_label,0.6769514679908752,0.6769514679908752,0.040497850626707,0.3206881637630713,asr,E:\m-hvc\datasets\old-dataset\frames_unique\BV1Fw411c7mX,review: no_usable_teacher; not_extreme_model_probability; model_prob>=0.320,test,unavailable,False
non_hate_video_339,0,1,suspected_false_negative_label,0.6748210191726685,0.6748210191726685,0.9222428798675536,0.6546775956598957,asr,E:\m-hvc\datasets\old-dataset\frames_unique\non_hate_video_339,review: model_disagrees_with_label_but_not_auto_threshold,train,strong_agree,False
BV1CN4y1f7gx,0,1,suspected_false_negative_label,0.6636765003204346,0.6636765003204346,0.6806626915931702,0.3481078446846149,asr,E:\m-hvc\datasets\old-dataset\frames_unique\BV1CN4y1f7gx,review: no_usable_teacher; not_extreme_model_probability; model_prob>=0.320,test,unavailable,False
non_hate_video_140,0,1,suspected_false_negative_label,0.6561377048492432,0.6561377048492432,,,missing,E:\m-hvc\datasets\old-dataset\frames_unique\non_hate_video_140,review: no_usable_teacher; not_extreme_model_probability; model_prob>=0.320,train,unavailable,False
non_hate_video_470,0,1,suspected_false_negative_label,0.6561377048492432,0.6561377048492432,,,missing,E:\m-hvc\datasets\old-dataset\frames_unique\non_hate_video_470,review: no_usable_teacher; not_extreme_model_probability; model_prob>=0.320,val,unavailable,False
non_hate_video_32,0,1,suspected_false_negative_label,0.6544294357299805,0.6544294357299805,0.9998987913131714,0.8071493802553324,asr,E:\m-hvc\datasets\old-dataset\frames_unique\non_hate_video_32,review: model_disagrees_with_label_but_not_auto_threshold,train,strong_agree,False
BV1gV4y1t7zi,0,1,suspected_false_negative_label,0.6533045172691345,0.6533045172691345,,,missing,E:\m-hvc\datasets\old-dataset\frames_unique\BV1gV4y1t7zi,review: no_usable_teacher; not_extreme_model_probability; model_prob>=0.320,train,unavailable,False
S_non_hate_videos_60,0,1,suspected_false_negative_label,0.6524742245674133,0.6524742245674133,0.9796959161758424,0.7294815182685852,human,E:\m-hvc\datasets\old-dataset\frames_unique\S_non_hate_videos_60,review: model_disagrees_with_label_but_not_auto_threshold,train,strong_agree,False
non_hate_video_40,0,1,suspected_false_negative_label,0.6493703722953796,0.6493703722953796,0.000994770321995,0.6852888284440579,asr,E:\m-hvc\datasets\old-dataset\frames_unique\non_hate_video_40,review: model_disagrees_with_label_but_not_auto_threshold,train,disagree_or_weak,False
non_hate_video_503,0,1,suspected_false_negative_label,0.6441549062728882,0.6441549062728882,0.9999351501464844,0.7524046645864761,asr,E:\m-hvc\datasets\old-dataset\frames_unique\non_hate_video_503,review: model_disagrees_with_label_but_not_auto_threshold,train,strong_agree,False
non_hate_video_554,0,1,suspected_false_negative_label,0.6430661678314209,0.6430661678314209,0.9998801946640016,0.8654402170968257,asr,E:\m-hvc\datasets\old-dataset\frames_unique\non_hate_video_554,review: model_disagrees_with_label_but_not_auto_threshold,test,strong_agree,False
BV1Tz4y1c7Vg,0,1,suspected_false_negative_label,0.6402543783187866,0.6402543783187866,0.0033485561143606,0.3868448974593524,asr,E:\m-hvc\datasets\old-dataset\frames_unique\BV1Tz4y1c7Vg,review: no_usable_teacher; not_extreme_model_probability; model_prob>=0.320,val,unavailable,False
BV1KU4y117ZF,0,1,suspected_false_negative_label,0.6278808116912842,0.6278808116912842,0.0035861302167177,0.7907413353702277,asr,E:\m-hvc\datasets\old-dataset\frames_unique\BV1KU4y117ZF,review: model_disagrees_with_label_but_not_auto_threshold,train,disagree_or_weak,False
video_162,0,1,suspected_false_negative_label,0.6277665495872498,0.6277665495872498,0.9903179407119752,0.467372595525123,asr,E:\m-hvc\datasets\old-dataset\frames_unique\video_162,review: no_usable_teacher; not_extreme_model_probability; model_prob>=0.320,val,unavailable,False
video_164,0,1,suspected_false_negative_label,0.6066012382507324,0.6066012382507324,0.3404725193977356,0.6283348202705383,human,E:\m-hvc\datasets\old-dataset\frames_unique\video_164,review: model_disagrees_with_label_but_not_auto_threshold,test,disagree_or_weak,False
BV1w24y1n7qB,0,1,suspected_false_negative_label,0.6024386286735535,0.6024386286735535,0.0052632908336818,0.6737779165283061,asr,E:\m-hvc\datasets\old-dataset\frames_unique\BV1w24y1n7qB,review: model_disagrees_with_label_but_not_auto_threshold,train,disagree_or_weak,False
BV1Gj411s7Cb,0,1,suspected_false_negative_label,0.6002256870269775,0.6002256870269775,0.5025519728660583,0.4440786990017051,asr,E:\m-hvc\datasets\old-dataset\frames_unique\BV1Gj411s7Cb,review: no_usable_teacher; not_extreme_model_probability; model_prob>=0.320,train,unavailable,False
non_hate_video_366,0,1,suspected_false_negative_label,0.5940092206001282,0.5940092206001282,0.9999113082885742,0.7632335834462047,asr,E:\m-hvc\datasets\old-dataset\frames_unique\non_hate_video_366,review: model_disagrees_with_label_but_not_auto_threshold,train,strong_agree,False
non_hate_video_300,0,1,suspected_false_negative_label,0.5894239544868469,0.5894239544868469,0.9999308586120604,0.797506886244507,asr,E:\m-hvc\datasets\old-dataset\frames_unique\non_hate_video_300,review: model_disagrees_with_label_but_not_auto_threshold,test,strong_agree,False
non_hate_video_652,0,1,suspected_false_negative_label,0.5885937809944153,0.5885937809944153,0.9998985528945924,0.9141785057514072,asr,E:\m-hvc\datasets\old-dataset\frames_unique\non_hate_video_652,review: model_disagrees_with_label_but_not_auto_threshold,train,strong_agree,False
non_hate_video_398,0,1,suspected_false_negative_label,0.5861488580703735,0.5861488580703735,,,missing,E:\m-hvc\datasets\old-dataset\frames_unique\non_hate_video_398,review: no_usable_teacher; not_extreme_model_probability; model_prob>=0.320,val,unavailable,False
non_hate_video_482,0,1,suspected_false_negative_label,0.5851995348930359,0.5851995348930359,,,missing,E:\m-hvc\datasets\old-dataset\frames_unique\non_hate_video_482,review: no_usable_teacher; not_extreme_model_probability; model_prob>=0.320,train,unavailable,False
non_hate_video_650,0,1,suspected_false_negative_label,0.584791898727417,0.584791898727417,0.9994187355041504,0.7294938648391668,asr,E:\m-hvc\datasets\old-dataset\frames_unique\non_hate_video_650,review: model_disagrees_with_label_but_not_auto_threshold,train,strong_agree,False
non_hate_video_46,0,1,suspected_false_negative_label,0.5731121897697449,0.5731121897697449,0.9999359846115112,0.4829669145472209,asr,E:\m-hvc\datasets\old-dataset\frames_unique\non_hate_video_46,review: no_usable_teacher; not_extreme_model_probability; model_prob>=0.320,train,unavailable,False
R_non_hate_video_052,0,1,suspected_false_negative_label,0.572142481803894,0.572142481803894,0.5629420876502991,0.5013390779495239,human,E:\m-hvc\datasets\old-dataset\frames_unique\R_non_hate_video_052,review: no_usable_teacher; not_extreme_model_probability; model_prob>=0.320,val,unavailable,False
S_non_hate_videos_143,0,1,suspected_false_negative_label,0.5658556222915649,0.5658556222915649,0.9958472847938538,0.3274112847009586,asr,E:\m-hvc\datasets\old-dataset\frames_unique\S_non_hate_videos_143,review: no_usable_teacher; not_extreme_model_probability; model_prob>=0.320,train,unavailable,False
non_hate_video_597,0,1,suspected_false_negative_label,0.5633381009101868,0.5633381009101868,0.9998997449874878,0.8511056184260265,asr,E:\m-hvc\datasets\old-dataset\frames_unique\non_hate_video_597,review: model_disagrees_with_label_but_not_auto_threshold,train,strong_agree,False
BV1ia4y1M7dJ,0,1,suspected_false_negative_label,0.5609396696090698,0.5609396696090698,0.2890162169933319,0.3510827746872111,asr,E:\m-hvc\datasets\old-dataset\frames_unique\BV1ia4y1M7dJ,review: no_usable_teacher; not_extreme_model_probability; model_prob>=0.320,train,unavailable,False
R_non_hate_video_042,0,1,suspected_false_negative_label,0.5530166029930115,0.5530166029930115,0.9992870688438416,0.9980626106262208,human,E:\m-hvc\datasets\old-dataset\frames_unique\R_non_hate_video_042,review: model_disagrees_with_label_but_not_auto_threshold,train,strong_agree,False
R_non_hate_video_041,0,1,suspected_false_negative_label,0.5456403493881226,0.5456403493881226,0.0008601929876022,0.314513724942859,asr,E:\m-hvc\datasets\old-dataset\frames_unique\R_non_hate_video_041,review: no_usable_teacher; not_extreme_model_probability; model_prob>=0.320,test,unavailable,False
S_non_hate_videos_55,0,1,suspected_false_negative_label,0.5268585681915283,0.5268585681915283,0.0086332010105252,0.9915063977241516,human,E:\m-hvc\datasets\old-dataset\frames_unique\S_non_hate_videos_55,review: model_disagrees_with_label_but_not_auto_threshold,train,disagree_or_weak,False
S_non_hate_videos_72,0,1,suspected_false_negative_label,0.5232086181640625,0.5232086181640625,0.9998382329940796,0.9983993768692015,human,E:\m-hvc\datasets\old-dataset\frames_unique\S_non_hate_videos_72,review: model_disagrees_with_label_but_not_auto_threshold,test,strong_agree,False
S_non_hate_videos_70,0,1,suspected_false_negative_label,0.5193079710006714,0.5193079710006714,0.920356512069702,0.8368777632713318,human,E:\m-hvc\datasets\old-dataset\frames_unique\S_non_hate_videos_70,review: model_disagrees_with_label_but_not_auto_threshold,train,strong_agree,False
S_non_hate_videos_137,0,1,suspected_false_negative_label,0.5065853595733643,0.5065853595733643,0.9955493211746216,0.9951735138893129,human,E:\m-hvc\datasets\old-dataset\frames_unique\S_non_hate_videos_137,review: model_disagrees_with_label_but_not_auto_threshold,train,strong_agree,False
non_hate_video_101,0,1,suspected_false_negative_label,0.5034929513931274,0.5034929513931274,0.6108539700508118,0.483110295933397,asr,E:\m-hvc\datasets\old-dataset\frames_unique\non_hate_video_101,review: no_usable_teacher; not_extreme_model_probability; model_prob>=0.320,train,unavailable,False
non_hate_video_288,0,1,suspected_false_negative_label,0.5031816363334656,0.5031816363334656,0.9998654127120972,0.4426173629458395,asr,E:\m-hvc\datasets\old-dataset\frames_unique\non_hate_video_288,review: no_usable_teacher; not_extreme_model_probability; model_prob>=0.320,train,unavailable,False
non_hate_video_247,0,1,suspected_false_negative_label,0.5024651885032654,0.5024651885032654,0.9999163150787354,0.7356100130427379,asr,E:\m-hvc\datasets\old-dataset\frames_unique\non_hate_video_247,review: model_disagrees_with_label_but_not_auto_threshold,train,strong_agree,False
S_non_hate_videos_36,0,1,suspected_false_negative_label,0.4952500164508819,0.4952500164508819,0.0004566810384858,0.9995723962783812,human,E:\m-hvc\datasets\old-dataset\frames_unique\S_non_hate_videos_36,review: model_disagrees_with_label_but_not_auto_threshold,train,disagree_or_weak,False
non_hate_video_210,0,1,suspected_false_negative_label,0.4686710834503174,0.4686710834503174,0.9997244477272034,0.6111680259179135,asr,E:\m-hvc\datasets\old-dataset\frames_unique\non_hate_video_210,review: model_disagrees_with_label_but_not_auto_threshold,val,strong_agree,False
BV1H94y1C7U7,0,1,suspected_false_negative_label,0.4610504508018493,0.4610504508018493,,,missing,E:\m-hvc\datasets\old-dataset\frames_unique\BV1H94y1C7U7,review: no_usable_teacher; not_extreme_model_probability; model_prob>=0.320,val,unavailable,False
non_hate_video_58,0,1,suspected_false_negative_label,0.4605034291744232,0.4605034291744232,0.9999406337738036,0.8465661576067431,asr,E:\m-hvc\datasets\old-dataset\frames_unique\non_hate_video_58,review: model_disagrees_with_label_but_not_auto_threshold,train,strong_agree,False
non_hate_video_501,0,1,suspected_false_negative_label,0.4588561952114105,0.4588561952114105,0.291808009147644,0.608437724912555,asr,E:\m-hvc\datasets\old-dataset\frames_unique\non_hate_video_501,review: model_disagrees_with_label_but_not_auto_threshold,train,disagree_or_weak,False
non_hate_video_34,0,1,suspected_false_negative_label,0.4582001864910126,0.4582001864910126,0.9998739957809448,0.4878277271732235,asr,E:\m-hvc\datasets\old-dataset\frames_unique\non_hate_video_34,review: no_usable_teacher; not_extreme_model_probability; model_prob>=0.320,train,unavailable,False
non_hate_video_602,0,1,suspected_false_negative_label,0.4577206671237945,0.4577206671237945,0.9996933937072754,0.8395459174869859,asr,E:\m-hvc\datasets\old-dataset\frames_unique\non_hate_video_602,review: model_disagrees_with_label_but_not_auto_threshold,val,strong_agree,False
non_hate_video_606,0,1,suspected_false_negative_label,0.4568971693515777,0.4568971693515777,0.9998459815979004,0.8787074327496662,asr,E:\m-hvc\datasets\old-dataset\frames_unique\non_hate_video_606,review: model_disagrees_with_label_but_not_auto_threshold,train,strong_agree,False
S_non_hate_videos_272,0,1,suspected_false_negative_label,0.4465521872043609,0.4465521872043609,0.000655559473671,0.999398708343506,human,E:\m-hvc\datasets\old-dataset\frames_unique\S_non_hate_videos_272,review: model_disagrees_with_label_but_not_auto_threshold,test,disagree_or_weak,False
non_hate_video_205,0,1,suspected_false_negative_label,0.4453531205654144,0.4453531205654144,0.9997209906578064,0.6469036158997938,asr,E:\m-hvc\datasets\old-dataset\frames_unique\non_hate_video_205,review: model_disagrees_with_label_but_not_auto_threshold,train,strong_agree,False
R_non_hate_video_311,0,1,suspected_false_negative_label,0.4399530589580536,0.4399530589580536,0.9999099969863892,0.9993361830711364,human,E:\m-hvc\datasets\old-dataset\frames_unique\R_non_hate_video_311,review: model_disagrees_with_label_but_not_auto_threshold,train,strong_agree,False
non_hate_video_68,0,1,suspected_false_negative_label,0.4377133250236511,0.4377133250236511,0.9889147877693176,0.7028936137387105,asr,E:\m-hvc\datasets\old-dataset\frames_unique\non_hate_video_68,review: model_disagrees_with_label_but_not_auto_threshold,train,strong_agree,False
non_hate_video_579,0,1,suspected_false_negative_label,0.4375154376029968,0.4375154376029968,0.9995655417442322,0.6615947594119315,asr,E:\m-hvc\datasets\old-dataset\frames_unique\non_hate_video_579,review: model_disagrees_with_label_but_not_auto_threshold,train,strong_agree,False
non_hate_video_52,0,1,suspected_false_negative_label,0.4369313418865204,0.4369313418865204,0.999970555305481,0.5706694519398076,asr,E:\m-hvc\datasets\old-dataset\frames_unique\non_hate_video_52,review: model_disagrees_with_label_but_not_auto_threshold,train,strong_agree,False
non_hate_video_268,0,1,suspected_false_negative_label,0.4352376163005829,0.4352376163005829,0.9999030828475952,0.6593552013375158,asr,E:\m-hvc\datasets\old-dataset\frames_unique\non_hate_video_268,review: model_disagrees_with_label_but_not_auto_threshold,train,strong_agree,False
non_hate_video_206,0,1,suspected_false_negative_label,0.4302076995372772,0.4302076995372772,0.999016046524048,0.8117694176912916,asr,E:\m-hvc\datasets\old-dataset\frames_unique\non_hate_video_206,review: model_disagrees_with_label_but_not_auto_threshold,train,strong_agree,False
S_non_hate_videos_186,0,1,suspected_false_negative_label,0.4280012845993042,0.4280012845993042,0.9999184608459472,0.3263119504659301,asr,E:\m-hvc\datasets\old-dataset\frames_unique\S_non_hate_videos_186,review: no_usable_teacher; not_extreme_model_probability; model_prob>=0.320,train,unavailable,False
BV1iD4y1B7Sw,0,1,suspected_false_negative_label,0.4245485365390777,0.4245485365390777,0.9998611211776732,0.3968051291595876,asr,E:\m-hvc\datasets\old-dataset\frames_unique\BV1iD4y1B7Sw,review: no_usable_teacher; not_extreme_model_probability; model_prob>=0.320,train,unavailable,False
non_hate_video_446,0,1,suspected_false_negative_label,0.4242432713508606,0.4242432713508606,0.9998562335968018,0.6829988073829762,asr,E:\m-hvc\datasets\old-dataset\frames_unique\non_hate_video_446,review: model_disagrees_with_label_but_not_auto_threshold,train,strong_agree,False
video_641,0,1,suspected_false_negative_label,0.4210033416748047,0.4210033416748047,0.000430788466474,0.9995931386947632,human,E:\m-hvc\datasets\old-dataset\frames_unique\video_641,review: model_disagrees_with_label_but_not_auto_threshold,test,disagree_or_weak,False
non_hate_video_38,0,1,suspected_false_negative_label,0.4202492237091064,0.4202492237091064,0.8314951658248901,0.2857695695980364,asr,E:\m-hvc\datasets\old-dataset\frames_unique\non_hate_video_38,review: no_usable_teacher; not_extreme_model_probability; model_prob>=0.320,train,unavailable,False
non_hate_video_231,0,1,suspected_false_negative_label,0.4157178699970245,0.4157178699970245,0.9997941851615906,0.7935613932463019,asr,E:\m-hvc\datasets\old-dataset\frames_unique\non_hate_video_231,review: model_disagrees_with_label_but_not_auto_threshold,val,strong_agree,False
non_hate_video_477,0,1,suspected_false_negative_label,0.412181943655014,0.412181943655014,0.9999055862426758,0.784850817871771,asr,E:\m-hvc\datasets\old-dataset\frames_unique\non_hate_video_477,review: model_disagrees_with_label_but_not_auto_threshold,train,strong_agree,False
non_hate_video_246,0,1,suspected_false_negative_label,0.4107886254787445,0.4107886254787445,0.9999276399612428,0.7912833186533738,asr,E:\m-hvc\datasets\old-dataset\frames_unique\non_hate_video_246,review: model_disagrees_with_label_but_not_auto_threshold,test,strong_agree,False
BV1Dg4y1r7vg,0,1,suspected_false_negative_label,0.4067405164241791,0.4067405164241791,0.147611454129219,0.6280835052240883,asr,E:\m-hvc\datasets\old-dataset\frames_unique\BV1Dg4y1r7vg,review: model_disagrees_with_label_but_not_auto_threshold,test,disagree_or_weak,False
BV1Km4y1u7ri,0,1,suspected_false_negative_label,0.4035585522651672,0.4035585522651672,0.0149958254769444,0.8275970331581394,asr,E:\m-hvc\datasets\old-dataset\frames_unique\BV1Km4y1u7ri,review: model_disagrees_with_label_but_not_auto_threshold,train,disagree_or_weak,False
BV1o54y157yg,0,1,suspected_false_negative_label,0.3995133340358734,0.3995133340358734,0.3802784979343414,0.5174912310172034,asr,E:\m-hvc\datasets\old-dataset\frames_unique\BV1o54y157yg,review: no_usable_teacher; not_extreme_model_probability; model_prob>=0.320,train,unavailable,False
S_non_hate_videos_263,0,1,suspected_false_negative_label,0.3985292911529541,0.3985292911529541,0.999853491783142,0.5085646650869187,asr,E:\m-hvc\datasets\old-dataset\frames_unique\S_non_hate_videos_263,review: no_usable_teacher; not_extreme_model_probability; model_prob>=0.320,train,unavailable,False
non_hate_video_224,0,1,suspected_false_negative_label,0.3961654305458069,0.3961654305458069,0.999498724937439,0.6271759518240339,asr,E:\m-hvc\datasets\old-dataset\frames_unique\non_hate_video_224,review: model_disagrees_with_label_but_not_auto_threshold,train,strong_agree,False
non_hate_video_158,0,1,suspected_false_negative_label,0.3927273750305176,0.3927273750305176,0.9999399185180664,0.8497932345910936,asr,E:\m-hvc\datasets\old-dataset\frames_unique\non_hate_video_158,review: model_disagrees_with_label_but_not_auto_threshold,train,strong_agree,False
R_non_hate_video_186,0,1,suspected_false_negative_label,0.3922476470470428,0.3922476470470428,0.9996960163116456,0.9992530941963196,human,E:\m-hvc\datasets\old-dataset\frames_unique\R_non_hate_video_186,review: model_disagrees_with_label_but_not_auto_threshold,train,strong_agree,False
BV1ok4y1N7tr,0,1,suspected_false_negative_label,0.3916499018669128,0.3916499018669128,0.0017098025418817,0.5811412551469721,asr,E:\m-hvc\datasets\old-dataset\frames_unique\BV1ok4y1N7tr,review: model_disagrees_with_label_but_not_auto_threshold,val,disagree_or_weak,False
non_hate_video_308,0,1,suspected_false_negative_label,0.3899743854999542,0.3899743854999542,0.1437911093235016,0.6531058354844963,asr,E:\m-hvc\datasets\old-dataset\frames_unique\non_hate_video_308,review: model_disagrees_with_label_but_not_auto_threshold,test,disagree_or_weak,False
non_hate_video_570,0,1,suspected_false_negative_label,0.375348687171936,0.375348687171936,0.9998990297317504,0.8278235404163187,asr,E:\m-hvc\datasets\old-dataset\frames_unique\non_hate_video_570,review: model_disagrees_with_label_but_not_auto_threshold,train,strong_agree,False
non_hate_video_397,0,1,suspected_false_negative_label,0.3734296262264251,0.3734296262264251,0.9707706570625304,0.6038811664053093,asr,E:\m-hvc\datasets\old-dataset\frames_unique\non_hate_video_397,review: model_disagrees_with_label_but_not_auto_threshold,train,strong_agree,False
non_hate_video_107,0,1,suspected_false_negative_label,0.3725918233394623,0.3725918233394623,0.995586633682251,0.8844822950125999,asr,E:\m-hvc\datasets\old-dataset\frames_unique\non_hate_video_107,review: model_disagrees_with_label_but_not_auto_threshold,train,strong_agree,False
non_hate_video_44,0,1,suspected_false_negative_label,0.3669914603233337,0.3669914603233337,0.9999450445175172,0.6504372877502788,asr,E:\m-hvc\datasets\old-dataset\frames_unique\non_hate_video_44,review: model_disagrees_with_label_but_not_auto_threshold,train,strong_agree,False
non_hate_video_375,0,1,suspected_false_negative_label,0.3661421537399292,0.3661421537399292,0.9998981952667236,0.7366039406093113,asr,E:\m-hvc\datasets\old-dataset\frames_unique\non_hate_video_375,review: model_disagrees_with_label_but_not_auto_threshold,train,strong_agree,False
BV1X5411s76j,0,1,suspected_false_negative_label,0.3649806082248688,0.3649806082248688,0.2371125668287277,0.6804843800366747,asr,E:\m-hvc\datasets\old-dataset\frames_unique\BV1X5411s76j,review: model_disagrees_with_label_but_not_auto_threshold,train,disagree_or_weak,False
non_hate_video_456,0,1,suspected_false_negative_label,0.3598077893257141,0.3598077893257141,0.9999288320541382,0.5254847515616251,asr,E:\m-hvc\datasets\old-dataset\frames_unique\non_hate_video_456,review: no_usable_teacher; not_extreme_model_probability; model_prob>=0.320,train,unavailable,False
non_hate_video_128,0,1,suspected_false_negative_label,0.357130229473114,0.357130229473114,0.9999381303787231,0.6863107272610622,asr,E:\m-hvc\datasets\old-dataset\frames_unique\non_hate_video_128,review: model_disagrees_with_label_but_not_auto_threshold,train,strong_agree,False
R_non_hate_video_018,0,1,suspected_false_negative_label,0.3517567217350006,0.3517567217350006,0.0005431760218925,0.9994786977767944,human,E:\m-hvc\datasets\old-dataset\frames_unique\R_non_hate_video_018,review: model_disagrees_with_label_but_not_auto_threshold,val,disagree_or_weak,False
R_non_hate_video_065,0,1,suspected_false_negative_label,0.343617171049118,0.343617171049118,0.0004466515674721,0.9995990991592408,human,E:\m-hvc\datasets\old-dataset\frames_unique\R_non_hate_video_065,review: model_disagrees_with_label_but_not_auto_threshold,test,disagree_or_weak,False
BV1ko4y187wP,0,1,suspected_false_negative_label,0.3434648513793945,0.3434648513793945,0.9246127009391784,0.6565674113381353,asr,E:\m-hvc\datasets\old-dataset\frames_unique\BV1ko4y187wP,review: model_disagrees_with_label_but_not_auto_threshold,train,strong_agree,False
non_hate_video_343,0,1,suspected_false_negative_label,0.3428502678871155,0.3428502678871155,0.9999475479125975,0.6146522541700834,asr,E:\m-hvc\datasets\old-dataset\frames_unique\non_hate_video_343,review: model_disagrees_with_label_but_not_auto_threshold,train,strong_agree,False
non_hate_video_569,0,1,suspected_false_negative_label,0.3414536118507385,0.3414536118507385,0.9980440139770508,0.8438238739187778,asr,E:\m-hvc\datasets\old-dataset\frames_unique\non_hate_video_569,review: model_disagrees_with_label_but_not_auto_threshold,train,strong_agree,False
non_hate_video_244,0,1,suspected_false_negative_label,0.3394441902637481,0.3394441902637481,,,missing,E:\m-hvc\datasets\old-dataset\frames_unique\non_hate_video_244,review: no_usable_teacher; not_extreme_model_probability; model_prob>=0.320,train,unavailable,False
non_hate_video_598,0,1,suspected_false_negative_label,0.3390116989612579,0.3390116989612579,,,missing,E:\m-hvc\datasets\old-dataset\frames_unique\non_hate_video_598,review: no_usable_teacher; not_extreme_model_probability; model_prob>=0.320,train,unavailable,False
non_hate_video_640,0,1,suspected_false_negative_label,0.3382249474525451,0.3382249474525451,0.9998995065689088,0.8372007312838273,asr,E:\m-hvc\datasets\old-dataset\frames_unique\non_hate_video_640,review: model_disagrees_with_label_but_not_auto_threshold,train,strong_agree,False
non_hate_video_424,0,1,suspected_false_negative_label,0.3329707086086273,0.3329707086086273,0.9998778104782104,0.6457793063270244,asr,E:\m-hvc\datasets\old-dataset\frames_unique\non_hate_video_424,review: model_disagrees_with_label_but_not_auto_threshold,train,strong_agree,False
non_hate_video_592,0,1,suspected_false_negative_label,0.3322472870349884,0.3322472870349884,0.9999264478683472,0.7270756400411147,asr,E:\m-hvc\datasets\old-dataset\frames_unique\non_hate_video_592,review: model_disagrees_with_label_but_not_auto_threshold,train,strong_agree,False
BV1uU4y1P7D3,0,1,suspected_false_negative_label,0.3313901722431183,0.3313901722431183,0.048847809433937,0.6256624971742263,asr,E:\m-hvc\datasets\old-dataset\frames_unique\BV1uU4y1P7D3,review: model_disagrees_with_label_but_not_auto_threshold,train,disagree_or_weak,False
BV13K4y1B7rQ,0,1,suspected_false_negative_label,0.3290668129920959,0.3290668129920959,0.1110906526446342,0.6781217941658068,asr,E:\m-hvc\datasets\old-dataset\frames_unique\BV13K4y1B7rQ,review: model_disagrees_with_label_but_not_auto_threshold,train,disagree_or_weak,False
non_hate_video_37,0,1,suspected_false_negative_label,0.3264045417308807,0.3264045417308807,0.9999394416809082,0.5763868378189849,asr,E:\m-hvc\datasets\old-dataset\frames_unique\non_hate_video_37,review: model_disagrees_with_label_but_not_auto_threshold,train,strong_agree,False
non_hate_video_72,0,1,suspected_false_negative_label,0.3257038593292236,0.3257038593292236,0.9999244213104248,0.6857277992332963,asr,E:\m-hvc\datasets\old-dataset\frames_unique\non_hate_video_72,review: model_disagrees_with_label_but_not_auto_threshold,test,strong_agree,False
non_hate_video_275,0,1,suspected_false_negative_label,0.3256894052028656,0.3256894052028656,0.9998942613601683,0.8163201686461623,asr,E:\m-hvc\datasets\old-dataset\frames_unique\non_hate_video_275,review: model_disagrees_with_label_but_not_auto_threshold,train,strong_agree,False
non_hate_video_490,0,1,suspected_false_negative_label,0.323954701423645,0.323954701423645,0.9998743534088136,0.3350647801175005,asr,E:\m-hvc\datasets\old-dataset\frames_unique\non_hate_video_490,review: no_usable_teacher; not_extreme_model_probability; model_prob>=0.320,train,unavailable,False
non_hate_video_507,0,1,suspected_false_negative_label,0.3237507045269012,0.3237507045269012,0.9998767375946044,0.517179938068986,asr,E:\m-hvc\datasets\old-dataset\frames_unique\non_hate_video_507,review: no_usable_teacher; not_extreme_model_probability; model_prob>=0.320,train,unavailable,False
non_hate_video_575,0,1,suspected_false_negative_label,0.3219337165355682,0.3219337165355682,0.9998750686645508,0.6563318364859438,asr,E:\m-hvc\datasets\old-dataset\frames_unique\non_hate_video_575,review: model_disagrees_with_label_but_not_auto_threshold,train,strong_agree,False
non_hate_video_434,0,1,suspected_false_negative_label,0.321537435054779,0.321537435054779,0.9999161958694458,0.738622628488365,asr,E:\m-hvc\datasets\old-dataset\frames_unique\non_hate_video_434,review: model_disagrees_with_label_but_not_auto_threshold,train,strong_agree,False
non_hate_video_186,0,1,suspected_false_negative_label,0.320684939622879,0.320684939622879,0.9998685121536256,0.7506894410346636,asr,E:\m-hvc\datasets\old-dataset\frames_unique\non_hate_video_186,review: model_disagrees_with_label_but_not_auto_threshold,train,strong_agree,False
non_hate_video_472,0,1,suspected_false_negative_label,0.3204951882362366,0.3204951882362366,0.9997137188911438,0.6973689304534546,asr,E:\m-hvc\datasets\old-dataset\frames_unique\non_hate_video_472,review: model_disagrees_with_label_but_not_auto_threshold,train,strong_agree,False
